,Year,Month,Day,Hour,Temp,DP,RH,Wind Speed,Visibility,Rain,Pressure,Hour_int,Minute,Datetime
0,2024,1,1,0000,27,27,100.0,2,8000.0,NO,1011,0,0,2024-01-01 00:00:00
1,2024,1,1,0030,28,27,94.3,2,8000.0,NO,1011,0,30,2024-01-01 00:30:00
2,2024,1,1,0100,28,26,88.9,2,8000.0,YES,1011,1,0,2024-01-01 01:00:00
3,2024,1,1,0200,27,26,94.3,0,8000.0,YES,1010,2,0,2024-01-01 02:00:00
4,2024,1,1,0300,26,25,94.2,0,8000.0,NO,1010,3,0,2024-01-01 03:00:00
5,2024,1,1,0400,26,26,100.0,0,8000.0,NO,1011,4,0,2024-01-01 04:00:00
6,2024,1,1,0500,26,26,100.0,2,4000.0,NO,1011,5,0,2024-01-01 05:00:00
7,2024,1,1,0530,26,26,100.0,2,4000.0,NO,1011,5,30,2024-01-01 05:30:00
8,2024,1,1,0600,26,26,100.0,0,4000.0,NO,1012,6,0,2024-01-01 06:00:00
9,2024,1,1,0630,26,26,100.0,0,3500.0,NO,1012,6,30,2024-01-01 06:30:00
10,2024,1,1,0700,28,27,94.3,2,3500.0,NO,1012,7,0,2024-01-01 07:00:00
11,2024,1,1,0800,29,26,83.9,3,4500.0,NO,1013,8,0,2024-01-01 08:00:00
12,2024,1,1,0900,30,27,84.0,4,4800.0,NO,1013,9,0,2024-01-01 09:00:00
13,2024,1,1,0930,31,27,79.3,4,6000.0,NO,1012,9,30,2024-01-01 09:30:00
14,2024,1,1,1000,32,27,74.9,3,7000.0,NO,1012,10,0,2024-01-01 10:00:00
15,2024,1,1,1100,34,26,63.1,2,8000.0,NO,1011,11,0,2024-01-01 11:00:00
16,2024,1,1,1200,32,27,74.9,2,9999.0,NO,1010,12,0,2024-01-01 12:00:00
17,2024,1,1,1230,33,26,66.8,2,9999.0,NO,1010,12,30,2024-01-01 12:30:00
18,2024,1,1,1300,35,26,59.7,2,9999.0,NO,1009,13,0,2024-01-01 13:00:00
19,2024,1,1,1330,33,27,70.8,4,9999.0,NO,1009,13,30,2024-01-01 13:30:00
20,2024,1,1,1400,34,27,66.9,4,9999.0,NO,1009,14,0,2024-01-01 14:00:00
21,2024,1,1,1430,34,27,66.9,4,9999.0,NO,1009,14,30,2024-01-01 14:30:00
22,2024,1,1,1500,33,26,66.8,4,9999.0,NO,1009,15,0,2024-01-01 15:00:00
23,2024,1,1,1530,32,27,74.9,4,9999.0,NO,1009,15,30,2024-01-01 15:30:00
24,2024,1,1,1600,31,27,79.3,3,9999.0,NO,1009,16,0,2024-01-01 16:00:00
25,2024,1,1,1630,30,27,84.0,2,9999.0,NO,1009,16,30,2024-01-01 16:30:00
26,2024,1,1,1700,30,27,84.0,2,9999.0,NO,1009,17,0,2024-01-01 17:00:00
27,2024,1,1,1800,29,27,89.0,2,9999.0,NO,1010,18,0,2024-01-01 18:00:00
28,2024,1,1,1900,28,26,88.9,0,9999.0,NO,1011,19,0,2024-01-01 19:00:00
29,2024,1,2,0130,26,26,100.0,1,9999.0,NO,1011,1,30,2024-01-02 01:30:00
30,2024,1,2,0200,26,26,100.0,2,9999.0,NO,1011,2,0,2024-01-02 02:00:00
31,2024,1,2,0230,26,26,100.0,1,9999.0,NO,1011,2,30,2024-01-02 02:30:00
32,2024,1,2,0500,27,26,94.3,3,8000.0,NO,1012,5,0,2024-01-02 05:00:00
33,2024,1,2,0600,26,26,100.0,0,3500.0,NO,1012,6,0,2024-01-02 06:00:00
34,2024,1,2,0700,27,26,94.3,1,3500.0,NO,1013,7,0,2024-01-02 07:00:00
35,2024,1,2,0800,30,26,79.2,3,4000.0,NO,1014,8,0,2024-01-02 08:00:00
36,2024,1,2,0900,31,26,74.8,1,4000.0,NO,1013,9,0,2024-01-02 09:00:00
37,2024,1,2,1000,32,26,70.6,3,4000.0,NO,1013,10,0,2024-01-02 10:00:00
38,2024,1,2,1100,32,26,70.6,2,4000.0,NO,1012,11,0,2024-01-02 11:00:00
39,2024,1,2,1200,33,27,70.8,3,4000.0,NO,1011,12,0,2024-01-02 12:00:00
40,2024,1,2,1300,34,26,63.1,4,4000.0,NO,1011,13,0,2024-01-02 13:00:00
41,2024,1,2,1400,33,26,66.8,5,4500.0,NO,1010,14,0,2024-01-02 14:00:00
42,2024,1,2,1430,32,26,70.6,5,4500.0,NO,1010,14,30,2024-01-02 14:30:00
43,2024,1,2,1500,31,27,79.3,4,6000.0,NO,1009,15,0,2024-01-02 15:00:00
44,2024,1,2,1600,30,26,79.2,3,6000.0,NO,1009,16,0,2024-01-02 16:00:00
45,2024,1,2,1630,30,26,79.2,2,7000.0,NO,1009,16,30,2024-01-02 16:30:00
46,2024,1,2,1700,29,26,83.9,3,7000.0,NO,1010,17,0,2024-01-02 17:00:00
47,2024,1,2,1730,29,26,83.9,2,7000.0,NO,1010,17,30,2024-01-02 17:30:00
48,2024,1,2,1800,29,26,83.9,2,7000.0,NO,1011,18,0,2024-01-02 18:00:00
49,2024,1,2,1900,28,26,88.9,1,6000.0,NO,1012,19,0,2024-01-02 19:00:00
50,2024,1,2,1930,28,26,88.9,0,6000.0,NO,1012,19,30,2024-01-02 19:30:00
51,2024,1,2,2000,27,26,94.3,1,6000.0,NO,1012,20,0,2024-01-02 20:00:00
52,2024,1,2,2100,27,26,94.3,2,6000.0,NO,1013,21,0,2024-01-02 21:00:00
53,2024,1,3,0000,26,26,100.0,2,6000.0,NO,1012,0,0,2024-01-03 00:00:00
54,2024,1,3,0100,26,26,100.0,2,9999.0,NO,1012,1,0,2024-01-03 01:00:00
55,2024,1,3,0200,26,26,100.0,2,9999.0,NO,1012,2,0,2024-01-03 02:00:00
56,2024,1,3,0230,26,25,94.2,2,9999.0,NO,1011,2,30,2024-01-03 02:30:00
57,2024,1,3,0300,26,26,100.0,3,9999.0,NO,1011,3,0,2024-01-03 03:00:00
58,2024,1,3,0330,26,25,94.2,1,9999.0,NO,1012,3,30,2024-01-03 03:30:00
59,2024,1,3,0400,26,26,100.0,1,9999.0,NO,1012,4,0,2024-01-03 04:00:00
60,2024,1,3,0430,26,26,100.0,1,9999.0,NO,1012,4,30,2024-01-03 04:30:00
61,2024,1,3,0500,26,26,100.0,1,9999.0,NO,1012,5,0,2024-01-03 05:00:00
62,2024,1,3,0530,26,26,100.0,1,6000.0,NO,1013,5,30,2024-01-03 05:30:00
63,2024,1,3,0600,26,26,100.0,2,6000.0,NO,1013,6,0,2024-01-03 06:00:00
64,2024,1,3,0630,26,26,100.0,0,6000.0,NO,1013,6,30,2024-01-03 06:30:00
65,2024,1,3,0700,27,26,94.3,2,7000.0,NO,1013,7,0,2024-01-03 07:00:00
66,2024,1,3,0730,28,26,88.9,2,8000.0,NO,1014,7,30,2024-01-03 07:30:00
67,2024,1,3,0800,29,26,83.9,2,8000.0,NO,1013,8,0,2024-01-03 08:00:00
68,2024,1,3,0830,29,26,83.9,3,9999.0,NO,1013,8,30,2024-01-03 08:30:00
69,2024,1,3,0900,30,26,79.2,3,9999.0,NO,1013,9,0,2024-01-03 09:00:00
70,2024,1,3,0930,31,26,74.8,3,9999.0,NO,1013,9,30,2024-01-03 09:30:00
71,2024,1,3,1000,32,25,66.6,4,9999.0,NO,1013,10,0,2024-01-03 10:00:00
72,2024,1,3,1030,32,26,70.6,4,9999.0,NO,1013,10,30,2024-01-03 10:30:00
73,2024,1,3,1100,32,26,70.6,4,9999.0,NO,1012,11,0,2024-01-03 11:00:00
74,2024,1,3,1130,32,26,70.6,4,9999.0,NO,1012,11,30,2024-01-03 11:30:00
75,2024,1,3,1200,33,26,66.8,4,9999.0,NO,1011,12,0,2024-01-03 12:00:00
76,2024,1,3,1230,33,26,66.8,4,9999.0,NO,1011,12,30,2024-01-03 12:30:00
77,2024,1,3,1300,33,25,62.9,4,9999.0,NO,1010,13,0,2024-01-03 13:00:00
78,2024,1,3,1600,31,25,70.4,4,,NO,1010,16,0,2024-01-03 16:00:00
79,2024,1,3,1630,31,25,70.4,3,,NO,1010,16,30,2024-01-03 16:30:00
80,2024,1,3,1700,30,25,74.6,3,,NO,1010,17,0,2024-01-03 17:00:00
81,2024,1,3,1730,29,25,79.0,2,9999.0,NO,1010,17,30,2024-01-03 17:30:00
82,2024,1,3,1800,29,25,79.0,3,9999.0,NO,1011,18,0,2024-01-03 18:00:00
83,2024,1,3,1830,28,25,83.8,1,9999.0,NO,1011,18,30,2024-01-03 18:30:00
84,2024,1,3,1900,27,25,88.8,0,9999.0,NO,1012,19,0,2024-01-03 19:00:00
85,2024,1,4,0000,26,26,100.0,2,9999.0,NO,1012,0,0,2024-01-04 00:00:00
86,2024,1,4,0100,26,26,100.0,1,7000.0,NO,1012,1,0,2024-01-04 01:00:00
87,2024,1,4,0200,26,26,100.0,1,9999.0,NO,1011,2,0,2024-01-04 02:00:00
88,2024,1,4,0300,27,26,94.3,2,9999.0,NO,1011,3,0,2024-01-04 03:00:00
89,2024,1,4,0330,27,26,94.3,2,8000.0,NO,1012,3,30,2024-01-04 03:30:00
90,2024,1,4,0400,26,25,94.2,2,8000.0,NO,1012,4,0,2024-01-04 04:00:00
91,2024,1,4,0430,26,25,94.2,1,8000.0,NO,1012,4,30,2024-01-04 04:30:00
92,2024,1,4,0500,25,24,94.2,0,8000.0,NO,1012,5,0,2024-01-04 05:00:00
93,2024,1,4,0530,25,24,94.2,2,2000.0,NO,1012,5,30,2024-01-04 05:30:00
94,2024,1,4,0600,25,25,100.0,0,2500.0,NO,1012,6,0,2024-01-04 06:00:00
95,2024,1,4,0630,26,25,94.2,0,2500.0,NO,1013,6,30,2024-01-04 06:30:00
96,2024,1,4,0700,28,26,88.9,2,2500.0,NO,1013,7,0,2024-01-04 07:00:00
97,2024,1,4,0730,28,26,88.9,1,2500.0,NO,1014,7,30,2024-01-04 07:30:00
98,2024,1,4,0800,29,26,83.9,2,4000.0,NO,1014,8,0,2024-01-04 08:00:00
99,2024,1,4,0830,30,26,79.2,1,4000.0,NO,1014,8,30,2024-01-04 08:30:00
100,2024,1,4,0900,31,26,74.8,2,4000.0,NO,1014,9,0,2024-01-04 09:00:00
101,2024,1,4,0930,31,25,70.4,2,4000.0,NO,1014,9,30,2024-01-04 09:30:00
102,2024,1,4,1000,32,25,66.6,2,4000.0,NO,1013,10,0,2024-01-04 10:00:00
103,2024,1,4,1100,34,25,59.5,3,6000.0,NO,1012,11,0,2024-01-04 11:00:00
104,2024,1,4,1200,34,25,59.5,4,6000.0,NO,1011,12,0,2024-01-04 12:00:00
105,2024,1,4,1230,34,26,63.1,4,6000.0,NO,1011,12,30,2024-01-04 12:30:00
106,2024,1,4,1300,33,26,66.8,4,6000.0,NO,1010,13,0,2024-01-04 13:00:00
107,2024,1,4,1330,33,26,66.8,5,6000.0,NO,1010,13,30,2024-01-04 13:30:00
108,2024,1,4,1400,32,26,70.6,5,6000.0,NO,1010,14,0,2024-01-04 14:00:00
109,2024,1,4,1430,31,26,74.8,4,6000.0,NO,1010,14,30,2024-01-04 14:30:00
110,2024,1,4,1500,31,26,74.8,4,6000.0,NO,1009,15,0,2024-01-04 15:00:00
111,2024,1,4,1530,31,26,74.8,3,6000.0,NO,1009,15,30,2024-01-04 15:30:00
112,2024,1,4,1600,31,26,74.8,4,6000.0,NO,1009,16,0,2024-01-04 16:00:00
113,2024,1,4,1630,30,26,79.2,3,6000.0,NO,1009,16,30,2024-01-04 16:30:00
114,2024,1,4,1730,29,26,83.9,2,6000.0,NO,1010,17,30,2024-01-04 17:30:00
115,2024,1,4,1800,29,26,83.9,2,6000.0,NO,1010,18,0,2024-01-04 18:00:00
116,2024,1,4,1830,28,26,88.9,2,6000.0,NO,1011,18,30,2024-01-04 18:30:00
117,2024,1,4,1900,28,26,88.9,1,8000.0,NO,1011,19,0,2024-01-04 19:00:00
118,2024,1,4,1930,27,26,94.3,0,9999.0,NO,1012,19,30,2024-01-04 19:30:00
119,2024,1,4,2000,27,26,94.3,0,9999.0,NO,1012,20,0,2024-01-04 20:00:00
120,2024,1,4,2030,26,26,100.0,0,9999.0,NO,1012,20,30,2024-01-04 20:30:00
121,2024,1,4,2100,26,26,100.0,0,9999.0,NO,1012,21,0,2024-01-04 21:00:00
122,2024,1,5,0000,26,26,100.0,2,7000.0,NO,1012,0,0,2024-01-05 00:00:00
123,2024,1,5,0030,26,26,100.0,0,6000.0,NO,1011,0,30,2024-01-05 00:30:00
124,2024,1,5,0100,26,26,100.0,3,6000.0,NO,1011,1,0,2024-01-05 01:00:00
125,2024,1,5,0130,26,26,100.0,1,6000.0,NO,1011,1,30,2024-01-05 01:30:00
126,2024,1,5,0200,26,26,100.0,2,6000.0,NO,1011,2,0,2024-01-05 02:00:00
127,2024,1,5,0300,25,25,100.0,2,6000.0,NO,1011,3,0,2024-01-05 03:00:00
128,2024,1,5,0330,26,25,94.2,0,6000.0,NO,1011,3,30,2024-01-05 03:30:00
129,2024,1,5,0400,26,26,100.0,1,6000.0,NO,1012,4,0,2024-01-05 04:00:00
130,2024,1,5,0430,26,26,100.0,0,6000.0,NO,1012,4,30,2024-01-05 04:30:00
131,2024,1,5,0500,26,26,100.0,0,6000.0,NO,1012,5,0,2024-01-05 05:00:00
132,2024,1,5,0530,26,26,100.0,2,4000.0,YES,1012,5,30,2024-01-05 05:30:00
133,2024,1,5,0600,26,26,100.0,0,6000.0,YES,1013,6,0,2024-01-05 06:00:00
134,2024,1,5,0630,27,26,94.3,0,5000.0,YES,1013,6,30,2024-01-05 06:30:00
135,2024,1,5,0700,27,26,94.3,2,5000.0,NO,1014,7,0,2024-01-05 07:00:00
136,2024,1,5,0730,28,26,88.9,2,5000.0,NO,1014,7,30,2024-01-05 07:30:00
137,2024,1,5,0800,29,26,83.9,4,5000.0,NO,1014,8,0,2024-01-05 08:00:00
138,2024,1,5,0900,29,26,83.9,2,9999.0,NO,1014,9,0,2024-01-05 09:00:00
139,2024,1,5,1000,31,26,74.8,3,9999.0,NO,1013,10,0,2024-01-05 10:00:00
140,2024,1,5,1030,32,25,66.6,2,9999.0,NO,1013,10,30,2024-01-05 10:30:00
141,2024,1,5,1100,33,26,66.8,2,9999.0,NO,1012,11,0,2024-01-05 11:00:00
142,2024,1,5,1200,34,26,63.1,3,9999.0,NO,1011,12,0,2024-01-05 12:00:00
143,2024,1,5,1300,33,25,62.9,4,9999.0,NO,1010,13,0,2024-01-05 13:00:00
144,2024,1,5,1330,33,25,62.9,3,9999.0,NO,1010,13,30,2024-01-05 13:30:00
145,2024,1,5,1400,33,26,66.8,4,9999.0,NO,1009,14,0,2024-01-05 14:00:00
146,2024,1,5,1430,33,26,66.8,3,9999.0,NO,1009,14,30,2024-01-05 14:30:00
147,2024,1,5,1500,33,26,66.8,3,9999.0,NO,1009,15,0,2024-01-05 15:00:00
148,2024,1,5,1530,30,25,74.6,4,9999.0,NO,1009,15,30,2024-01-05 15:30:00
149,2024,1,5,1600,30,25,74.6,3,9999.0,NO,1009,16,0,2024-01-05 16:00:00
150,2024,1,5,1630,30,25,74.6,2,9999.0,NO,1009,16,30,2024-01-05 16:30:00
151,2024,1,5,1700,30,25,74.6,3,9999.0,NO,1010,17,0,2024-01-05 17:00:00
152,2024,1,5,1730,29,25,79.0,2,9999.0,NO,1010,17,30,2024-01-05 17:30:00
153,2024,1,5,1800,28,25,83.8,1,9999.0,NO,1010,18,0,2024-01-05 18:00:00
154,2024,1,5,1830,27,25,88.8,0,9999.0,NO,1011,18,30,2024-01-05 18:30:00
155,2024,1,5,1900,26,25,94.2,0,9999.0,NO,1011,19,0,2024-01-05 19:00:00
156,2024,1,5,1930,26,25,94.2,0,9999.0,NO,1011,19,30,2024-01-05 19:30:00
157,2024,1,5,2030,26,25,94.2,0,9999.0,NO,1012,20,30,2024-01-05 20:30:00
158,2024,1,5,2100,26,25,94.2,1,9999.0,NO,1012,21,0,2024-01-05 21:00:00
159,2024,1,5,2130,26,25,94.2,1,9999.0,NO,1012,21,30,2024-01-05 21:30:00
160,2024,1,5,2230,26,25,94.2,0,9999.0,NO,1012,22,30,2024-01-05 22:30:00
161,2024,1,5,2300,26,25,94.2,1,9999.0,NO,1012,23,0,2024-01-05 23:00:00
162,2024,1,6,0000,25,25,100.0,0,9999.0,NO,1011,0,0,2024-01-06 00:00:00
163,2024,1,6,0030,25,25,100.0,1,9999.0,NO,1011,0,30,2024-01-06 00:30:00
164,2024,1,6,0100,25,25,100.0,1,9999.0,NO,1011,1,0,2024-01-06 01:00:00
165,2024,1,6,0130,26,25,94.2,1,9999.0,NO,1011,1,30,2024-01-06 01:30:00
166,2024,1,6,0200,26,25,94.2,1,9999.0,NO,1011,2,0,2024-01-06 02:00:00
167,2024,1,6,0230,26,25,94.2,2,9999.0,NO,1011,2,30,2024-01-06 02:30:00
168,2024,1,6,0300,26,25,94.2,2,9999.0,NO,1011,3,0,2024-01-06 03:00:00
169,2024,1,6,0330,26,25,94.2,2,9999.0,NO,1011,3,30,2024-01-06 03:30:00
170,2024,1,6,0400,26,25,94.2,1,9999.0,NO,1011,4,0,2024-01-06 04:00:00
171,2024,1,6,0430,26,25,94.2,2,9999.0,NO,1011,4,30,2024-01-06 04:30:00
172,2024,1,6,0500,25,25,100.0,0,9999.0,NO,1012,5,0,2024-01-06 05:00:00
173,2024,1,6,0530,25,25,100.0,1,3200.0,NO,1012,5,30,2024-01-06 05:30:00
174,2024,1,6,0600,25,25,100.0,2,2000.0,NO,1013,6,0,2024-01-06 06:00:00
175,2024,1,6,0630,26,26,100.0,0,2000.0,NO,1013,6,30,2024-01-06 06:30:00
176,2024,1,6,0700,27,26,94.3,2,2000.0,NO,1014,7,0,2024-01-06 07:00:00
177,2024,1,6,0730,29,26,83.9,1,2500.0,NO,1014,7,30,2024-01-06 07:30:00
178,2024,1,6,0800,29,26,83.9,3,6000.0,NO,1014,8,0,2024-01-06 08:00:00
179,2024,1,6,0830,31,26,74.8,3,6000.0,NO,1013,8,30,2024-01-06 08:30:00
180,2024,1,6,0900,31,26,74.8,3,6000.0,NO,1013,9,0,2024-01-06 09:00:00
181,2024,1,6,1000,32,26,70.6,2,6000.0,NO,1013,10,0,2024-01-06 10:00:00
182,2024,1,6,1100,34,26,63.1,3,9999.0,NO,1012,11,0,2024-01-06 11:00:00
183,2024,1,6,1130,33,26,66.8,3,9999.0,NO,1012,11,30,2024-01-06 11:30:00
184,2024,1,6,1200,34,25,59.5,4,9999.0,NO,1011,12,0,2024-01-06 12:00:00
185,2024,1,6,1400,34,26,63.1,5,9999.0,NO,1010,14,0,2024-01-06 14:00:00
186,2024,1,6,1730,29,26,83.9,3,9999.0,NO,1010,17,30,2024-01-06 17:30:00
187,2024,1,6,1800,29,26,83.9,2,9999.0,NO,1010,18,0,2024-01-06 18:00:00
188,2024,1,6,1830,28,26,88.9,2,9999.0,NO,1011,18,30,2024-01-06 18:30:00
189,2024,1,6,1900,28,26,88.9,0,9999.0,NO,1011,19,0,2024-01-06 19:00:00
190,2024,1,6,1930,27,26,94.3,0,9999.0,NO,1012,19,30,2024-01-06 19:30:00
191,2024,1,6,2130,26,25,94.2,2,9999.0,NO,1012,21,30,2024-01-06 21:30:00
192,2024,1,6,2200,26,25,94.2,0,9999.0,NO,1012,22,0,2024-01-06 22:00:00
193,2024,1,6,2230,26,25,94.2,0,9999.0,NO,1012,22,30,2024-01-06 22:30:00
194,2024,1,6,2330,26,25,94.2,2,9999.0,NO,1012,23,30,2024-01-06 23:30:00
195,2024,1,7,0000,26,25,94.2,2,9999.0,NO,1012,0,0,2024-01-07 00:00:00
196,2024,1,7,0100,25,25,100.0,0,9999.0,NO,1011,1,0,2024-01-07 01:00:00
197,2024,1,7,0130,26,25,94.2,1,9999.0,NO,1010,1,30,2024-01-07 01:30:00
198,2024,1,7,0200,26,25,94.2,1,9999.0,NO,1010,2,0,2024-01-07 02:00:00
199,2024,1,7,0230,26,25,94.2,2,7000.0,NO,1010,2,30,2024-01-07 02:30:00
200,2024,1,7,0300,26,25,94.2,0,7000.0,NO,1010,3,0,2024-01-07 03:00:00
201,2024,1,7,0330,25,25,100.0,0,7000.0,NO,1011,3,30,2024-01-07 03:30:00
202,2024,1,7,0400,26,25,94.2,0,7000.0,NO,1011,4,0,2024-01-07 04:00:00
203,2024,1,7,0500,25,25,100.0,0,7000.0,NO,1011,5,0,2024-01-07 05:00:00
204,2024,1,7,0600,25,25,100.0,2,3500.0,NO,1012,6,0,2024-01-07 06:00:00
205,2024,1,7,0700,27,26,94.3,1,4000.0,NO,1013,7,0,2024-01-07 07:00:00
206,2024,1,7,0800,29,26,83.9,2,6000.0,NO,1013,8,0,2024-01-07 08:00:00
207,2024,1,7,0830,30,26,79.2,2,7000.0,NO,1013,8,30,2024-01-07 08:30:00
208,2024,1,7,0900,31,26,74.8,0,8000.0,NO,1012,9,0,2024-01-07 09:00:00
209,2024,1,7,1000,32,25,66.6,2,8000.0,NO,1012,10,0,2024-01-07 10:00:00
210,2024,1,7,1030,32,25,66.6,3,8000.0,NO,1011,10,30,2024-01-07 10:30:00
211,2024,1,7,1100,32,26,70.6,3,9999.0,NO,1011,11,0,2024-01-07 11:00:00
212,2024,1,7,1130,34,26,63.1,2,9999.0,NO,1010,11,30,2024-01-07 11:30:00
213,2024,1,7,1200,33,25,62.9,3,9999.0,NO,1010,12,0,2024-01-07 12:00:00
214,2024,1,7,1230,34,26,63.1,3,9999.0,NO,1009,12,30,2024-01-07 12:30:00
215,2024,1,7,1300,34,25,59.5,3,9999.0,NO,1009,13,0,2024-01-07 13:00:00
216,2024,1,7,1330,34,26,63.1,4,9999.0,NO,1009,13,30,2024-01-07 13:30:00
217,2024,1,7,1400,34,26,63.1,4,9999.0,NO,1008,14,0,2024-01-07 14:00:00
218,2024,1,7,1430,33,26,66.8,4,9999.0,NO,1008,14,30,2024-01-07 14:30:00
219,2024,1,7,1530,32,26,70.6,4,9999.0,NO,1008,15,30,2024-01-07 15:30:00
220,2024,1,7,1600,31,26,74.8,4,9999.0,NO,1008,16,0,2024-01-07 16:00:00
221,2024,1,7,1630,31,26,74.8,3,9999.0,NO,1008,16,30,2024-01-07 16:30:00
222,2024,1,7,1700,30,26,79.2,3,9999.0,NO,1009,17,0,2024-01-07 17:00:00
223,2024,1,7,1900,27,26,94.3,1,9999.0,NO,1010,19,0,2024-01-07 19:00:00
224,2024,1,7,1930,27,26,94.3,1,9999.0,NO,1011,19,30,2024-01-07 19:30:00
225,2024,1,7,2000,27,26,94.3,0,9999.0,NO,1011,20,0,2024-01-07 20:00:00
226,2024,1,7,2030,27,26,94.3,0,9999.0,NO,1011,20,30,2024-01-07 20:30:00
227,2024,1,7,2100,26,26,100.0,0,9999.0,NO,1011,21,0,2024-01-07 21:00:00
228,2024,1,7,2130,26,25,94.2,0,9999.0,NO,1011,21,30,2024-01-07 21:30:00
229,2024,1,7,2200,26,26,100.0,0,9999.0,NO,1011,22,0,2024-01-07 22:00:00
230,2024,1,7,2230,26,25,94.2,1,9999.0,NO,1011,22,30,2024-01-07 22:30:00
231,2024,1,7,2330,26,26,100.0,0,8000.0,NO,1010,23,30,2024-01-07 23:30:00
232,2024,1,8,0000,26,25,94.2,2,8000.0,NO,1010,0,0,2024-01-08 00:00:00
233,2024,1,8,0100,26,26,100.0,1,7000.0,NO,1010,1,0,2024-01-08 01:00:00
234,2024,1,8,0130,26,26,100.0,0,7000.0,NO,1010,1,30,2024-01-08 01:30:00
235,2024,1,8,0200,26,26,100.0,0,7000.0,NO,1010,2,0,2024-01-08 02:00:00
236,2024,1,8,0300,26,25,94.2,1,8000.0,NO,1010,3,0,2024-01-08 03:00:00
237,2024,1,8,0400,25,25,100.0,1,8000.0,NO,1010,4,0,2024-01-08 04:00:00
238,2024,1,8,0500,25,25,100.0,0,8000.0,NO,1010,5,0,2024-01-08 05:00:00
239,2024,1,8,0530,25,25,100.0,0,3500.0,NO,1010,5,30,2024-01-08 05:30:00
240,2024,1,8,0600,25,25,100.0,2,2000.0,NO,1011,6,0,2024-01-08 06:00:00
241,2024,1,8,0630,26,26,100.0,2,1800.0,NO,1012,6,30,2024-01-08 06:30:00
242,2024,1,8,0700,27,26,94.3,2,1600.0,NO,1012,7,0,2024-01-08 07:00:00
243,2024,1,8,0730,28,26,88.9,3,2000.0,NO,1012,7,30,2024-01-08 07:30:00
244,2024,1,8,0800,29,26,83.9,2,2500.0,NO,1012,8,0,2024-01-08 08:00:00
245,2024,1,8,0900,30,26,79.2,3,4000.0,NO,1012,9,0,2024-01-08 09:00:00
246,2024,1,8,0930,30,26,79.2,4,6000.0,NO,1012,9,30,2024-01-08 09:30:00
247,2024,1,8,1000,32,26,70.6,3,6000.0,NO,1012,10,0,2024-01-08 10:00:00
248,2024,1,8,1030,30,26,79.2,3,6000.0,NO,1012,10,30,2024-01-08 10:30:00
249,2024,1,8,1100,33,26,66.8,3,6000.0,NO,1011,11,0,2024-01-08 11:00:00
250,2024,1,8,1130,34,26,63.1,3,6000.0,NO,1010,11,30,2024-01-08 11:30:00
251,2024,1,8,1200,33,26,66.8,4,6000.0,NO,1010,12,0,2024-01-08 12:00:00
252,2024,1,8,1300,34,25,59.5,4,6000.0,NO,1008,13,0,2024-01-08 13:00:00
253,2024,1,8,1330,34,25,59.5,4,8000.0,NO,1008,13,30,2024-01-08 13:30:00
254,2024,1,8,1400,34,25,59.5,4,8000.0,NO,1008,14,0,2024-01-08 14:00:00
255,2024,1,8,1430,34,25,59.5,4,9999.0,NO,1008,14,30,2024-01-08 14:30:00
256,2024,1,8,1700,30,26,79.2,3,9999.0,NO,1008,17,0,2024-01-08 17:00:00
257,2024,1,8,1730,30,26,79.2,2,9999.0,NO,1008,17,30,2024-01-08 17:30:00
258,2024,1,8,1800,29,26,83.9,3,9999.0,NO,1009,18,0,2024-01-08 18:00:00
259,2024,1,8,1830,29,26,83.9,2,9999.0,NO,1009,18,30,2024-01-08 18:30:00
260,2024,1,8,1900,28,26,88.9,2,9999.0,NO,1010,19,0,2024-01-08 19:00:00
261,2024,1,8,1930,28,26,88.9,2,9999.0,NO,1010,19,30,2024-01-08 19:30:00
262,2024,1,8,2000,28,26,88.9,1,9999.0,NO,1011,20,0,2024-01-08 20:00:00
263,2024,1,8,2030,28,26,88.9,1,9999.0,NO,1011,20,30,2024-01-08 20:30:00
264,2024,1,8,2200,27,26,94.3,1,9999.0,NO,1011,22,0,2024-01-08 22:00:00
265,2024,1,8,2230,26,26,100.0,1,9999.0,NO,1011,22,30,2024-01-08 22:30:00
266,2024,1,8,2330,26,26,100.0,1,9999.0,NO,1011,23,30,2024-01-08 23:30:00
267,2024,1,9,0000,26,26,100.0,2,9999.0,NO,1010,0,0,2024-01-09 00:00:00
268,2024,1,9,0030,26,26,100.0,2,9999.0,NO,1010,0,30,2024-01-09 00:30:00
269,2024,1,9,0100,26,26,100.0,2,9999.0,NO,1010,1,0,2024-01-09 01:00:00
270,2024,1,9,0130,26,25,94.2,1,9999.0,NO,1009,1,30,2024-01-09 01:30:00
271,2024,1,9,0200,26,26,100.0,0,9999.0,NO,1009,2,0,2024-01-09 02:00:00
272,2024,1,9,0300,26,25,94.2,2,9999.0,NO,1009,3,0,2024-01-09 03:00:00
273,2024,1,9,0330,26,25,94.2,2,9999.0,NO,1009,3,30,2024-01-09 03:30:00
274,2024,1,9,0400,25,25,100.0,0,9999.0,NO,1010,4,0,2024-01-09 04:00:00
275,2024,1,9,0430,25,25,100.0,0,9999.0,NO,1010,4,30,2024-01-09 04:30:00
276,2024,1,9,0500,25,25,100.0,0,6000.0,NO,1010,5,0,2024-01-09 05:00:00
277,2024,1,9,0600,25,25,100.0,0,1800.0,NO,1011,6,0,2024-01-09 06:00:00
278,2024,1,9,0700,27,26,94.3,2,2000.0,NO,1011,7,0,2024-01-09 07:00:00
279,2024,1,9,0730,28,26,88.9,2,2500.0,NO,1012,7,30,2024-01-09 07:30:00
280,2024,1,9,0800,29,26,83.9,4,4000.0,NO,1012,8,0,2024-01-09 08:00:00
281,2024,1,9,0830,30,26,79.2,3,6000.0,NO,1012,8,30,2024-01-09 08:30:00
282,2024,1,9,0900,32,26,70.6,3,6000.0,NO,1012,9,0,2024-01-09 09:00:00
283,2024,1,9,0930,32,26,70.6,3,6000.0,NO,1012,9,30,2024-01-09 09:30:00
284,2024,1,9,1000,32,26,70.6,4,8000.0,NO,1011,10,0,2024-01-09 10:00:00
285,2024,1,9,1100,34,26,63.1,3,9999.0,NO,1011,11,0,2024-01-09 11:00:00
286,2024,1,9,1130,34,26,63.1,3,9999.0,NO,1010,11,30,2024-01-09 11:30:00
287,2024,1,9,1200,34,26,63.1,4,9999.0,NO,1009,12,0,2024-01-09 12:00:00
288,2024,1,9,1300,35,26,59.7,4,9999.0,NO,1008,13,0,2024-01-09 13:00:00
289,2024,1,9,1400,34,26,63.1,4,9999.0,NO,1008,14,0,2024-01-09 14:00:00
290,2024,1,9,1500,34,26,63.1,4,9999.0,NO,1008,15,0,2024-01-09 15:00:00
291,2024,1,10,0900,30,26,79.2,3,6000.0,NO,1012,9,0,2024-01-10 09:00:00
292,2024,1,10,0930,31,26,74.8,4,8000.0,NO,1012,9,30,2024-01-10 09:30:00
293,2024,1,10,1000,32,26,70.6,4,8000.0,NO,1012,10,0,2024-01-10 10:00:00
294,2024,1,10,1030,32,26,70.6,4,8000.0,NO,1012,10,30,2024-01-10 10:30:00
295,2024,1,10,1100,32,26,70.6,4,8000.0,NO,1012,11,0,2024-01-10 11:00:00
296,2024,1,10,1130,33,26,66.8,4,9999.0,NO,1012,11,30,2024-01-10 11:30:00
297,2024,1,10,1200,33,26,66.8,5,9999.0,NO,1011,12,0,2024-01-10 12:00:00
298,2024,1,10,1230,33,27,70.8,5,9999.0,NO,1011,12,30,2024-01-10 12:30:00
299,2024,1,10,1300,32,26,70.6,4,9999.0,NO,1010,13,0,2024-01-10 13:00:00
300,2024,1,10,1330,33,26,66.8,4,9999.0,NO,1010,13,30,2024-01-10 13:30:00
301,2024,1,10,1400,33,26,66.8,5,9999.0,NO,1010,14,0,2024-01-10 14:00:00
302,2024,1,10,1430,31,26,74.8,5,9999.0,NO,1009,14,30,2024-01-10 14:30:00
303,2024,1,10,1500,30,26,79.2,5,9999.0,NO,1009,15,0,2024-01-10 15:00:00
304,2024,1,10,1530,31,26,74.8,4,9999.0,NO,1009,15,30,2024-01-10 15:30:00
305,2024,1,10,1600,31,26,74.8,4,9999.0,NO,1009,16,0,2024-01-10 16:00:00
306,2024,1,10,1700,29,26,83.9,4,9999.0,NO,1009,17,0,2024-01-10 17:00:00
307,2024,1,10,1730,29,26,83.9,4,9999.0,NO,1010,17,30,2024-01-10 17:30:00
308,2024,1,10,1800,28,26,88.9,2,9999.0,NO,1010,18,0,2024-01-10 18:00:00
309,2024,1,10,1830,28,26,88.9,2,9999.0,NO,1010,18,30,2024-01-10 18:30:00
310,2024,1,10,1900,28,26,88.9,2,9999.0,NO,1010,19,0,2024-01-10 19:00:00
311,2024,1,10,2100,26,25,94.2,2,9999.0,NO,1011,21,0,2024-01-10 21:00:00
312,2024,1,10,2130,26,26,100.0,1,9999.0,NO,1011,21,30,2024-01-10 21:30:00
313,2024,1,10,2230,26,25,94.2,2,9999.0,NO,1011,22,30,2024-01-10 22:30:00
314,2024,1,10,2300,26,25,94.2,2,9999.0,NO,1011,23,0,2024-01-10 23:00:00
315,2024,1,10,2330,26,25,94.2,2,9999.0,NO,1011,23,30,2024-01-10 23:30:00
316,2024,1,11,0000,25,25,100.0,2,9999.0,NO,1011,0,0,2024-01-11 00:00:00
317,2024,1,11,0030,25,24,94.2,2,9999.0,NO,1010,0,30,2024-01-11 00:30:00
318,2024,1,11,0100,25,25,100.0,2,9999.0,NO,1010,1,0,2024-01-11 01:00:00
319,2024,1,11,0200,25,25,100.0,2,9999.0,NO,1010,2,0,2024-01-11 02:00:00
320,2024,1,11,0230,24,24,100.0,0,9999.0,NO,1010,2,30,2024-01-11 02:30:00
321,2024,1,11,0300,25,24,94.2,0,9999.0,NO,1010,3,0,2024-01-11 03:00:00
322,2024,1,11,0400,25,25,100.0,2,9999.0,NO,1011,4,0,2024-01-11 04:00:00
323,2024,1,11,0430,25,25,100.0,3,9999.0,NO,1011,4,30,2024-01-11 04:30:00
324,2024,1,11,0500,25,24,94.2,2,9999.0,NO,1011,5,0,2024-01-11 05:00:00
325,2024,1,11,0600,25,24,94.2,1,6000.0,NO,1012,6,0,2024-01-11 06:00:00
326,2024,1,11,0700,27,24,83.7,3,6000.0,NO,1013,7,0,2024-01-11 07:00:00
327,2024,1,11,0800,29,25,79.0,4,6000.0,NO,1013,8,0,2024-01-11 08:00:00
328,2024,1,11,0900,29,25,79.0,4,8000.0,NO,1013,9,0,2024-01-11 09:00:00
329,2024,1,11,1000,30,26,79.2,4,9999.0,NO,1012,10,0,2024-01-11 10:00:00
330,2024,1,11,1030,31,25,70.4,4,9999.0,NO,1012,10,30,2024-01-11 10:30:00
331,2024,1,11,1100,33,25,62.9,2,9999.0,NO,1011,11,0,2024-01-11 11:00:00
332,2024,1,11,1200,33,25,62.9,4,9999.0,NO,1010,12,0,2024-01-11 12:00:00
333,2024,1,11,1300,33,25,62.9,3,9999.0,NO,1009,13,0,2024-01-11 13:00:00
334,2024,1,11,1330,33,25,62.9,5,9999.0,NO,1009,13,30,2024-01-11 13:30:00
335,2024,1,11,1400,33,26,66.8,4,9999.0,NO,1008,14,0,2024-01-11 14:00:00
336,2024,1,11,1500,33,26,66.8,4,9999.0,NO,1008,15,0,2024-01-11 15:00:00
337,2024,1,11,1530,33,26,66.8,3,9999.0,NO,1008,15,30,2024-01-11 15:30:00
338,2024,1,11,1600,31,26,74.8,3,9999.0,NO,1009,16,0,2024-01-11 16:00:00
339,2024,1,11,1630,30,25,74.6,3,9999.0,NO,1009,16,30,2024-01-11 16:30:00
340,2024,1,11,1700,30,26,79.2,3,9999.0,NO,1009,17,0,2024-01-11 17:00:00
341,2024,1,11,1730,29,26,83.9,3,9999.0,NO,1009,17,30,2024-01-11 17:30:00
342,2024,1,11,1800,28,26,88.9,2,9999.0,NO,1009,18,0,2024-01-11 18:00:00
343,2024,1,11,2030,27,26,94.3,1,9999.0,NO,1011,20,30,2024-01-11 20:30:00
344,2024,1,11,2100,26,26,100.0,0,9999.0,NO,1011,21,0,2024-01-11 21:00:00
345,2024,1,12,0630,26,25,94.2,1,2500.0,NO,1011,6,30,2024-01-12 06:30:00
346,2024,1,12,0700,26,26,100.0,2,2500.0,NO,1011,7,0,2024-01-12 07:00:00
347,2024,1,12,0800,28,25,83.8,4,4000.0,NO,1012,8,0,2024-01-12 08:00:00
348,2024,1,12,0830,29,25,79.0,3,4000.0,NO,1012,8,30,2024-01-12 08:30:00
349,2024,1,12,0900,30,26,79.2,3,6000.0,NO,1012,9,0,2024-01-12 09:00:00
350,2024,1,12,0930,30,26,79.2,3,6000.0,NO,1011,9,30,2024-01-12 09:30:00
351,2024,1,12,1000,31,26,74.8,3,6000.0,NO,1011,10,0,2024-01-12 10:00:00
352,2024,1,12,1030,32,26,70.6,3,6000.0,NO,1011,10,30,2024-01-12 10:30:00
353,2024,1,12,1100,32,25,66.6,3,6000.0,NO,1010,11,0,2024-01-12 11:00:00
354,2024,1,12,1130,33,26,66.8,3,6000.0,NO,1010,11,30,2024-01-12 11:30:00
355,2024,1,12,1200,33,26,66.8,4,6000.0,NO,1010,12,0,2024-01-12 12:00:00
356,2024,1,12,1230,32,26,70.6,4,8000.0,NO,1009,12,30,2024-01-12 12:30:00
357,2024,1,12,1430,33,26,66.8,5,9999.0,NO,1008,14,30,2024-01-12 14:30:00
358,2024,1,12,1500,32,26,70.6,5,9999.0,NO,1008,15,0,2024-01-12 15:00:00
359,2024,1,12,1530,32,26,70.6,4,9999.0,NO,1008,15,30,2024-01-12 15:30:00
360,2024,1,12,1630,31,26,74.8,3,9999.0,NO,1008,16,30,2024-01-12 16:30:00
361,2024,1,12,1930,28,26,88.9,1,9999.0,NO,1010,19,30,2024-01-12 19:30:00
362,2024,1,12,2030,26,26,100.0,0,9999.0,NO,1010,20,30,2024-01-12 20:30:00
363,2024,1,12,2100,26,26,100.0,0,9999.0,NO,1011,21,0,2024-01-12 21:00:00
364,2024,1,12,2130,26,26,100.0,1,9999.0,NO,1011,21,30,2024-01-12 21:30:00
365,2024,1,12,2200,26,26,100.0,0,9999.0,NO,1011,22,0,2024-01-12 22:00:00
366,2024,1,12,2230,26,26,100.0,0,9999.0,NO,1010,22,30,2024-01-12 22:30:00
367,2024,1,12,2300,26,25,94.2,0,9999.0,NO,1010,23,0,2024-01-12 23:00:00
368,2024,1,12,2330,26,26,100.0,0,9999.0,NO,1010,23,30,2024-01-12 23:30:00
369,2024,1,13,0000,26,26,100.0,0,9999.0,NO,1010,0,0,2024-01-13 00:00:00
370,2024,1,13,0100,26,26,100.0,0,9999.0,NO,1010,1,0,2024-01-13 01:00:00
371,2024,1,13,0130,26,26,100.0,2,9999.0,YES,1010,1,30,2024-01-13 01:30:00
372,2024,1,13,0200,26,26,100.0,0,9999.0,NO,1010,2,0,2024-01-13 02:00:00
373,2024,1,13,0230,26,26,100.0,0,9999.0,NO,1010,2,30,2024-01-13 02:30:00
374,2024,1,13,0300,26,25,94.2,2,6000.0,NO,1010,3,0,2024-01-13 03:00:00
375,2024,1,13,0400,25,24,94.2,1,6000.0,NO,1010,4,0,2024-01-13 04:00:00
376,2024,1,13,0430,25,24,94.2,0,6000.0,NO,1010,4,30,2024-01-13 04:30:00
377,2024,1,13,0500,24,24,100.0,0,6000.0,NO,1010,5,0,2024-01-13 05:00:00
378,2024,1,13,0530,24,24,100.0,2,3000.0,NO,1011,5,30,2024-01-13 05:30:00
379,2024,1,13,0600,25,24,94.2,1,1800.0,NO,1011,6,0,2024-01-13 06:00:00
380,2024,1,13,0630,26,26,100.0,1,1800.0,NO,1012,6,30,2024-01-13 06:30:00
381,2024,1,13,0700,27,26,94.3,1,1800.0,NO,1012,7,0,2024-01-13 07:00:00
382,2024,1,13,0730,28,26,88.9,0,2000.0,NO,1013,7,30,2024-01-13 07:30:00
383,2024,1,13,0800,28,26,88.9,1,2000.0,NO,1013,8,0,2024-01-13 08:00:00
384,2024,1,13,0830,30,26,79.2,3,2000.0,NO,1013,8,30,2024-01-13 08:30:00
385,2024,1,13,0900,29,26,83.9,3,2800.0,NO,1013,9,0,2024-01-13 09:00:00
386,2024,1,13,0930,29,26,83.9,3,4000.0,NO,1013,9,30,2024-01-13 09:30:00
387,2024,1,13,1000,31,26,74.8,3,4500.0,NO,1013,10,0,2024-01-13 10:00:00
388,2024,1,13,1030,31,25,70.4,2,4500.0,NO,1012,10,30,2024-01-13 10:30:00
389,2024,1,13,1100,32,25,66.6,4,4800.0,NO,1012,11,0,2024-01-13 11:00:00
390,2024,1,13,1130,33,25,62.9,4,6000.0,NO,1011,11,30,2024-01-13 11:30:00
391,2024,1,13,1200,34,25,59.5,3,6000.0,NO,1011,12,0,2024-01-13 12:00:00
392,2024,1,13,1230,33,25,62.9,3,7000.0,NO,1010,12,30,2024-01-13 12:30:00
393,2024,1,13,1300,34,25,59.5,4,8000.0,NO,1010,13,0,2024-01-13 13:00:00
394,2024,1,13,1400,33,25,62.9,4,9999.0,NO,1009,14,0,2024-01-13 14:00:00
395,2024,1,13,1430,33,26,66.8,4,9999.0,NO,1009,14,30,2024-01-13 14:30:00
396,2024,1,13,1500,32,25,66.6,4,9999.0,NO,1009,15,0,2024-01-13 15:00:00
397,2024,1,13,1530,32,26,70.6,4,9999.0,NO,1009,15,30,2024-01-13 15:30:00
398,2024,1,13,1600,31,25,70.4,4,9999.0,NO,1009,16,0,2024-01-13 16:00:00
399,2024,1,13,1630,30,26,79.2,3,9999.0,NO,1009,16,30,2024-01-13 16:30:00
400,2024,1,13,1700,30,26,79.2,2,9999.0,NO,1009,17,0,2024-01-13 17:00:00
401,2024,1,13,1730,30,26,79.2,2,9999.0,NO,1010,17,30,2024-01-13 17:30:00
402,2024,1,13,1800,28,26,88.9,0,9999.0,NO,1010,18,0,2024-01-13 18:00:00
403,2024,1,13,1830,28,26,88.9,1,9999.0,NO,1010,18,30,2024-01-13 18:30:00
404,2024,1,13,1900,27,26,94.3,1,9999.0,NO,1011,19,0,2024-01-13 19:00:00
405,2024,1,13,2000,26,26,100.0,0,9999.0,NO,1012,20,0,2024-01-13 20:00:00
406,2024,1,13,2030,26,26,100.0,0,9999.0,NO,1012,20,30,2024-01-13 20:30:00
407,2024,1,13,2100,26,25,94.2,0,9999.0,NO,1012,21,0,2024-01-13 21:00:00
408,2024,1,13,2130,26,26,100.0,0,9999.0,NO,1012,21,30,2024-01-13 21:30:00
409,2024,1,13,2200,26,25,94.2,2,9999.0,NO,1012,22,0,2024-01-13 22:00:00
410,2024,1,13,2230,26,25,94.2,2,8000.0,NO,1012,22,30,2024-01-13 22:30:00
411,2024,1,14,0000,25,25,100.0,1,8000.0,NO,1011,0,0,2024-01-14 00:00:00
412,2024,1,14,0030,25,25,100.0,2,8000.0,NO,1010,0,30,2024-01-14 00:30:00
413,2024,1,14,0100,25,25,100.0,2,8000.0,NO,1010,1,0,2024-01-14 01:00:00
414,2024,1,14,0130,25,25,100.0,2,8000.0,NO,1010,1,30,2024-01-14 01:30:00
415,2024,1,14,0200,26,25,94.2,2,8000.0,NO,1010,2,0,2024-01-14 02:00:00
416,2024,1,14,0230,26,25,94.2,2,8000.0,NO,1010,2,30,2024-01-14 02:30:00
417,2024,1,14,0300,26,25,94.2,1,8000.0,NO,1010,3,0,2024-01-14 03:00:00
418,2024,1,14,0330,25,25,100.0,0,8000.0,NO,1010,3,30,2024-01-14 03:30:00
419,2024,1,14,0400,25,25,100.0,3,8000.0,NO,1010,4,0,2024-01-14 04:00:00
420,2024,1,14,0500,25,24,94.2,1,8000.0,NO,1011,5,0,2024-01-14 05:00:00
421,2024,1,14,0530,24,24,100.0,0,2500.0,NO,1011,5,30,2024-01-14 05:30:00
422,2024,1,14,0600,25,25,100.0,0,2500.0,NO,1011,6,0,2024-01-14 06:00:00
423,2024,1,14,0630,26,25,94.2,2,2000.0,NO,1012,6,30,2024-01-14 06:30:00
424,2024,1,14,0700,26,25,94.2,0,1600.0,NO,1013,7,0,2024-01-14 07:00:00
425,2024,1,14,0800,29,26,83.9,2,2000.0,NO,1013,8,0,2024-01-14 08:00:00
426,2024,1,14,0830,30,25,74.6,2,6000.0,NO,1013,8,30,2024-01-14 08:30:00
427,2024,1,14,0900,30,26,79.2,2,8000.0,NO,1013,9,0,2024-01-14 09:00:00
428,2024,1,14,0930,31,26,74.8,2,8000.0,NO,1013,9,30,2024-01-14 09:30:00
429,2024,1,14,1000,32,25,66.6,3,7000.0,NO,1013,10,0,2024-01-14 10:00:00
430,2024,1,14,1030,32,25,66.6,4,7000.0,NO,1013,10,30,2024-01-14 10:30:00
431,2024,1,14,1100,33,25,62.9,3,7000.0,NO,1012,11,0,2024-01-14 11:00:00
432,2024,1,14,1130,33,26,66.8,3,8000.0,NO,1012,11,30,2024-01-14 11:30:00
433,2024,1,14,1200,33,25,62.9,4,8000.0,NO,1011,12,0,2024-01-14 12:00:00
434,2024,1,14,1230,33,25,62.9,4,8000.0,NO,1011,12,30,2024-01-14 12:30:00
435,2024,1,14,1300,33,24,59.2,4,8000.0,NO,1010,13,0,2024-01-14 13:00:00
436,2024,1,14,1330,33,23,55.8,4,8000.0,NO,1010,13,30,2024-01-14 13:30:00
437,2024,1,14,1400,33,24,59.2,4,9000.0,NO,1009,14,0,2024-01-14 14:00:00
438,2024,1,14,1430,33,24,59.2,3,9000.0,NO,1009,14,30,2024-01-14 14:30:00
439,2024,1,14,1500,33,24,59.2,3,9000.0,NO,1009,15,0,2024-01-14 15:00:00
440,2024,1,14,1530,32,25,66.6,4,9000.0,NO,1009,15,30,2024-01-14 15:30:00
441,2024,1,14,1700,30,25,74.6,3,9000.0,NO,1010,17,0,2024-01-14 17:00:00
442,2024,1,14,1730,29,25,79.0,0,9000.0,NO,1010,17,30,2024-01-14 17:30:00
443,2024,1,14,1800,28,25,83.8,0,9000.0,NO,1011,18,0,2024-01-14 18:00:00
444,2024,1,14,1830,27,25,88.8,0,9000.0,NO,1011,18,30,2024-01-14 18:30:00
445,2024,1,14,1900,26,25,94.2,0,9000.0,NO,1012,19,0,2024-01-14 19:00:00
446,2024,1,14,1930,26,25,94.2,0,9999.0,NO,1012,19,30,2024-01-14 19:30:00
447,2024,1,14,2000,26,25,94.2,0,9999.0,NO,1012,20,0,2024-01-14 20:00:00
448,2024,1,14,2030,26,25,94.2,0,9999.0,NO,1013,20,30,2024-01-14 20:30:00
449,2024,1,14,2100,26,25,94.2,0,9999.0,NO,1013,21,0,2024-01-14 21:00:00
450,2024,1,14,2200,26,25,94.2,0,9999.0,NO,1013,22,0,2024-01-14 22:00:00
451,2024,1,14,2300,26,25,94.2,1,9999.0,NO,1012,23,0,2024-01-14 23:00:00
452,2024,1,15,0000,25,25,100.0,0,9999.0,NO,1012,0,0,2024-01-15 00:00:00
453,2024,1,15,0030,25,25,100.0,2,9999.0,NO,1012,0,30,2024-01-15 00:30:00
454,2024,1,15,0100,25,25,100.0,2,9999.0,NO,1012,1,0,2024-01-15 01:00:00
455,2024,1,15,0130,25,25,100.0,1,8000.0,NO,1011,1,30,2024-01-15 01:30:00
456,2024,1,15,0200,25,25,100.0,1,8000.0,NO,1011,2,0,2024-01-15 02:00:00
457,2024,1,15,0300,25,25,100.0,2,6000.0,NO,1011,3,0,2024-01-15 03:00:00
458,2024,1,15,0330,25,25,100.0,1,6000.0,NO,1011,3,30,2024-01-15 03:30:00
459,2024,1,15,0400,25,25,100.0,2,6000.0,NO,1012,4,0,2024-01-15 04:00:00
460,2024,1,15,0430,25,25,100.0,2,6000.0,NO,1012,4,30,2024-01-15 04:30:00
461,2024,1,15,0500,25,24,94.2,1,2000.0,NO,1012,5,0,2024-01-15 05:00:00
462,2024,1,15,0530,25,24,94.2,1,1600.0,NO,1012,5,30,2024-01-15 05:30:00
463,2024,1,15,0600,24,24,100.0,1,1600.0,NO,1013,6,0,2024-01-15 06:00:00
464,2024,1,15,0630,25,25,100.0,2,1600.0,NO,1013,6,30,2024-01-15 06:30:00
465,2024,1,15,0700,26,25,94.2,3,2000.0,NO,1014,7,0,2024-01-15 07:00:00
466,2024,1,15,0800,29,25,79.0,4,2500.0,NO,1014,8,0,2024-01-15 08:00:00
467,2024,1,15,0900,30,25,74.6,1,8000.0,NO,1014,9,0,2024-01-15 09:00:00
468,2024,1,15,0930,31,25,70.4,3,8000.0,NO,1014,9,30,2024-01-15 09:30:00
469,2024,1,15,1000,32,25,66.6,3,8000.0,NO,1014,10,0,2024-01-15 10:00:00
470,2024,1,15,1100,32,25,66.6,2,8000.0,NO,1013,11,0,2024-01-15 11:00:00
471,2024,1,15,1200,33,25,62.9,3,8000.0,NO,1012,12,0,2024-01-15 12:00:00
472,2024,1,15,1300,34,25,59.5,3,8000.0,NO,1011,13,0,2024-01-15 13:00:00
473,2024,1,15,1330,34,24,56.0,3,8000.0,NO,1011,13,30,2024-01-15 13:30:00
474,2024,1,15,1400,34,24,56.0,3,8000.0,NO,1010,14,0,2024-01-15 14:00:00
475,2024,1,15,1600,32,25,66.6,3,8000.0,NO,1010,16,0,2024-01-15 16:00:00
476,2024,1,15,1700,30,25,74.6,2,8000.0,NO,1010,17,0,2024-01-15 17:00:00
477,2024,1,15,1900,26,24,88.7,0,8000.0,NO,1012,19,0,2024-01-15 19:00:00
478,2024,1,15,1930,26,25,94.2,0,8000.0,NO,1012,19,30,2024-01-15 19:30:00
479,2024,1,15,2000,26,25,94.2,0,8000.0,NO,1013,20,0,2024-01-15 20:00:00
480,2024,1,15,2030,25,25,100.0,0,9999.0,NO,1013,20,30,2024-01-15 20:30:00
481,2024,1,15,2100,25,25,100.0,0,9999.0,NO,1013,21,0,2024-01-15 21:00:00
482,2024,1,15,2130,25,25,100.0,0,9999.0,NO,1013,21,30,2024-01-15 21:30:00
483,2024,1,15,2200,25,25,100.0,0,9999.0,NO,1013,22,0,2024-01-15 22:00:00
484,2024,1,15,2230,25,25,100.0,0,9999.0,NO,1013,22,30,2024-01-15 22:30:00
485,2024,1,15,2300,25,25,100.0,0,9999.0,NO,1013,23,0,2024-01-15 23:00:00
486,2024,1,15,2330,25,25,100.0,2,9999.0,NO,1013,23,30,2024-01-15 23:30:00
487,2024,1,16,0000,25,25,100.0,2,9999.0,NO,1013,0,0,2024-01-16 00:00:00
488,2024,1,16,0100,25,25,100.0,1,8000.0,NO,1013,1,0,2024-01-16 01:00:00
489,2024,1,16,0200,26,25,94.2,3,8000.0,NO,1012,2,0,2024-01-16 02:00:00
490,2024,1,16,0230,26,25,94.2,1,8000.0,NO,1012,2,30,2024-01-16 02:30:00
491,2024,1,16,0300,26,25,94.2,2,8000.0,NO,1012,3,0,2024-01-16 03:00:00
492,2024,1,16,0330,26,25,94.2,2,8000.0,NO,1012,3,30,2024-01-16 03:30:00
493,2024,1,16,0400,25,24,94.2,2,6000.0,NO,1012,4,0,2024-01-16 04:00:00
494,2024,1,16,0430,25,24,94.2,2,6000.0,NO,1012,4,30,2024-01-16 04:30:00
495,2024,1,16,0500,25,24,94.2,1,3000.0,NO,1013,5,0,2024-01-16 05:00:00
496,2024,1,16,0530,25,25,100.0,0,1600.0,NO,1013,5,30,2024-01-16 05:30:00
497,2024,1,16,0600,25,24,94.2,0,1600.0,NO,1013,6,0,2024-01-16 06:00:00
498,2024,1,16,0630,25,25,100.0,0,1200.0,NO,1014,6,30,2024-01-16 06:30:00
499,2024,1,16,0700,26,25,94.2,2,1400.0,NO,1014,7,0,2024-01-16 07:00:00
500,2024,1,16,0800,29,25,79.0,3,2000.0,NO,1015,8,0,2024-01-16 08:00:00
501,2024,1,16,0900,31,25,70.4,2,4000.0,NO,1014,9,0,2024-01-16 09:00:00
502,2024,1,16,0930,32,25,66.6,3,4000.0,NO,1014,9,30,2024-01-16 09:30:00
503,2024,1,16,1000,32,25,66.6,2,4000.0,NO,1014,10,0,2024-01-16 10:00:00
504,2024,1,16,1030,33,25,62.9,2,4000.0,NO,1014,10,30,2024-01-16 10:30:00
505,2024,1,16,1100,33,25,62.9,3,6000.0,NO,1013,11,0,2024-01-16 11:00:00
506,2024,1,16,1130,34,25,59.5,3,6000.0,NO,1013,11,30,2024-01-16 11:30:00
507,2024,1,16,1200,34,25,59.5,4,6000.0,NO,1012,12,0,2024-01-16 12:00:00
508,2024,1,16,1730,29,26,83.9,3,6000.0,NO,1011,17,30,2024-01-16 17:30:00
509,2024,1,16,1800,29,26,83.9,2,6000.0,NO,1011,18,0,2024-01-16 18:00:00
510,2024,1,16,1830,28,26,88.9,1,9999.0,NO,1012,18,30,2024-01-16 18:30:00
511,2024,1,16,1900,28,26,88.9,0,9999.0,NO,1012,19,0,2024-01-16 19:00:00
512,2024,1,16,1930,27,26,94.3,0,9999.0,NO,1013,19,30,2024-01-16 19:30:00
513,2024,1,16,2000,26,25,94.2,0,9999.0,NO,1013,20,0,2024-01-16 20:00:00
514,2024,1,16,2030,26,25,94.2,0,9999.0,NO,1013,20,30,2024-01-16 20:30:00
515,2024,1,16,2200,26,25,94.2,0,9999.0,NO,1014,22,0,2024-01-16 22:00:00
516,2024,1,16,2230,26,25,94.2,1,9999.0,NO,1014,22,30,2024-01-16 22:30:00
517,2024,1,16,2300,26,26,100.0,0,9999.0,NO,1013,23,0,2024-01-16 23:00:00
518,2024,1,16,2330,26,26,100.0,0,8000.0,NO,1013,23,30,2024-01-16 23:30:00
519,2024,1,17,0000,26,26,100.0,1,7000.0,NO,1013,0,0,2024-01-17 00:00:00
520,2024,1,17,0030,26,26,100.0,3,6000.0,NO,1013,0,30,2024-01-17 00:30:00
521,2024,1,17,0100,27,26,94.3,2,6000.0,NO,1013,1,0,2024-01-17 01:00:00
522,2024,1,17,0130,27,26,94.3,2,6000.0,NO,1012,1,30,2024-01-17 01:30:00
523,2024,1,17,0200,27,25,88.8,2,6000.0,NO,1012,2,0,2024-01-17 02:00:00
524,2024,1,17,0300,26,25,94.2,0,6000.0,NO,1012,3,0,2024-01-17 03:00:00
525,2024,1,17,0400,25,25,100.0,1,6000.0,NO,1012,4,0,2024-01-17 04:00:00
526,2024,1,17,0430,26,25,94.2,2,6000.0,NO,1013,4,30,2024-01-17 04:30:00
527,2024,1,17,0500,25,25,100.0,2,3000.0,NO,1013,5,0,2024-01-17 05:00:00
528,2024,1,17,0600,25,25,100.0,2,1600.0,NO,1014,6,0,2024-01-17 06:00:00
529,2024,1,17,0630,26,25,94.2,2,1600.0,NO,1014,6,30,2024-01-17 06:30:00
530,2024,1,17,0700,27,26,94.3,1,1600.0,NO,1014,7,0,2024-01-17 07:00:00
531,2024,1,17,0800,27,26,94.3,2,2500.0,NO,1015,8,0,2024-01-17 08:00:00
532,2024,1,17,0830,29,26,83.9,3,4000.0,NO,1015,8,30,2024-01-17 08:30:00
533,2024,1,17,0900,30,26,79.2,2,4000.0,NO,1015,9,0,2024-01-17 09:00:00
534,2024,1,17,0930,31,26,74.8,3,4500.0,NO,1015,9,30,2024-01-17 09:30:00
535,2024,1,17,1000,31,25,70.4,2,4500.0,NO,1014,10,0,2024-01-17 10:00:00
536,2024,1,17,1030,32,26,70.6,2,4500.0,NO,1014,10,30,2024-01-17 10:30:00
537,2024,1,17,1100,33,26,66.8,2,6000.0,NO,1014,11,0,2024-01-17 11:00:00
538,2024,1,17,1130,33,25,62.9,2,6000.0,NO,1013,11,30,2024-01-17 11:30:00
539,2024,1,17,1200,33,25,62.9,3,6000.0,NO,1012,12,0,2024-01-17 12:00:00
540,2024,1,17,1230,33,25,62.9,3,7000.0,NO,1012,12,30,2024-01-17 12:30:00
541,2024,1,17,1300,33,26,66.8,4,7000.0,NO,1011,13,0,2024-01-17 13:00:00
542,2024,1,17,1400,33,25,62.9,4,7000.0,NO,1011,14,0,2024-01-17 14:00:00
543,2024,1,17,1430,33,25,62.9,4,7000.0,NO,1011,14,30,2024-01-17 14:30:00
544,2024,1,17,1500,32,25,66.6,4,7000.0,NO,1011,15,0,2024-01-17 15:00:00
545,2024,1,17,1530,32,25,66.6,4,8000.0,NO,1011,15,30,2024-01-17 15:30:00
546,2024,1,17,1600,31,25,70.4,4,8000.0,NO,1011,16,0,2024-01-17 16:00:00
547,2024,1,17,1630,31,25,70.4,2,8000.0,NO,1011,16,30,2024-01-17 16:30:00
548,2024,1,17,1700,30,25,74.6,2,7000.0,NO,1011,17,0,2024-01-17 17:00:00
549,2024,1,17,1730,29,25,79.0,2,7000.0,NO,1011,17,30,2024-01-17 17:30:00
550,2024,1,17,1900,27,25,88.8,0,7000.0,NO,1013,19,0,2024-01-17 19:00:00
551,2024,1,17,1930,26,25,94.2,0,7000.0,NO,1013,19,30,2024-01-17 19:30:00
552,2024,1,17,2000,26,25,94.2,0,8000.0,NO,1014,20,0,2024-01-17 20:00:00
553,2024,1,18,0030,25,23,88.7,0,8000.0,NO,1013,0,30,2024-01-18 00:30:00
554,2024,1,18,0100,25,23,88.7,0,9999.0,NO,1012,1,0,2024-01-18 01:00:00
555,2024,1,18,0200,25,23,88.7,0,9999.0,NO,1012,2,0,2024-01-18 02:00:00
556,2024,1,18,0230,24,23,94.1,2,9999.0,NO,1011,2,30,2024-01-18 02:30:00
557,2024,1,18,0300,24,24,100.0,0,9999.0,NO,1011,3,0,2024-01-18 03:00:00
558,2024,1,18,0330,24,24,100.0,0,9999.0,NO,1011,3,30,2024-01-18 03:30:00
559,2024,1,19,0900,30,26,79.2,2,4000.0,NO,1013,9,0,2024-01-19 09:00:00
560,2024,1,19,0930,31,26,74.8,0,4000.0,NO,1013,9,30,2024-01-19 09:30:00
561,2024,1,19,1000,31,26,74.8,0,4000.0,NO,1013,10,0,2024-01-19 10:00:00
562,2024,1,19,1100,32,25,66.6,2,4000.0,NO,1012,11,0,2024-01-19 11:00:00
563,2024,1,19,1130,33,26,66.8,2,4000.0,NO,1011,11,30,2024-01-19 11:30:00
564,2024,1,19,1200,33,25,62.9,3,4000.0,NO,1010,12,0,2024-01-19 12:00:00
565,2024,1,19,1230,34,26,63.1,3,4000.0,NO,1010,12,30,2024-01-19 12:30:00
566,2024,1,19,1300,34,26,63.1,4,4000.0,NO,1009,13,0,2024-01-19 13:00:00
567,2024,1,19,1330,34,26,63.1,3,6000.0,NO,1009,13,30,2024-01-19 13:30:00
568,2024,1,19,1400,33,25,62.9,3,6000.0,NO,1009,14,0,2024-01-19 14:00:00
569,2024,1,19,1430,33,26,66.8,4,6000.0,NO,1009,14,30,2024-01-19 14:30:00
570,2024,1,19,1500,33,26,66.8,3,6000.0,NO,1009,15,0,2024-01-19 15:00:00
571,2024,1,21,0900,30,25,74.6,2,2800.0,NO,1014,9,0,2024-01-21 09:00:00
572,2024,1,21,1030,33,25,62.9,2,4500.0,NO,1013,10,30,2024-01-21 10:30:00
573,2024,1,21,1100,32,25,66.6,2,4500.0,NO,1013,11,0,2024-01-21 11:00:00
574,2024,1,21,1130,33,26,66.8,3,4500.0,NO,1012,11,30,2024-01-21 11:30:00
575,2024,1,21,1200,34,25,59.5,3,4500.0,NO,1012,12,0,2024-01-21 12:00:00
576,2024,1,21,1230,34,25,59.5,3,4500.0,NO,1011,12,30,2024-01-21 12:30:00
577,2024,1,21,1300,34,24,56.0,4,4800.0,NO,1010,13,0,2024-01-21 13:00:00
578,2024,1,21,1330,34,24,56.0,5,6000.0,NO,1010,13,30,2024-01-21 13:30:00
579,2024,1,21,1500,34,24,56.0,4,9999.0,NO,1009,15,0,2024-01-21 15:00:00
580,2024,1,21,1530,33,24,59.2,4,9999.0,NO,1009,15,30,2024-01-21 15:30:00
581,2024,1,21,1600,32,25,66.6,3,9999.0,NO,1009,16,0,2024-01-21 16:00:00
582,2024,1,21,1630,32,25,66.6,2,9999.0,NO,1009,16,30,2024-01-21 16:30:00
583,2024,1,21,1700,31,25,70.4,2,9999.0,NO,1009,17,0,2024-01-21 17:00:00
584,2024,1,21,1730,30,25,74.6,1,9999.0,NO,1009,17,30,2024-01-21 17:30:00
585,2024,1,21,1800,29,25,79.0,1,9999.0,NO,1010,18,0,2024-01-21 18:00:00
586,2024,1,21,1830,28,25,83.8,0,,NO,1010,18,30,2024-01-21 18:30:00
587,2024,1,21,1930,27,26,94.3,0,,NO,1011,19,30,2024-01-21 19:30:00
588,2024,1,21,2000,27,25,88.8,0,,NO,1011,20,0,2024-01-21 20:00:00
589,2024,1,21,2030,26,25,94.2,1,,NO,1012,20,30,2024-01-21 20:30:00
590,2024,1,21,2100,26,25,94.2,0,,NO,1012,21,0,2024-01-21 21:00:00
591,2024,1,21,2130,26,25,94.2,0,9999.0,NO,1012,21,30,2024-01-21 21:30:00
592,2024,1,21,2200,26,25,94.2,0,9999.0,NO,1012,22,0,2024-01-21 22:00:00
593,2024,1,22,0000,26,25,94.2,2,9999.0,NO,1012,0,0,2024-01-22 00:00:00
594,2024,1,22,0030,26,26,100.0,0,,NO,1011,0,30,2024-01-22 00:30:00
595,2024,1,22,0100,26,26,100.0,2,8000.0,NO,1011,1,0,2024-01-22 01:00:00
596,2024,1,22,0130,26,26,100.0,2,8000.0,NO,1011,1,30,2024-01-22 01:30:00
597,2024,1,22,0200,26,26,100.0,2,8000.0,NO,1011,2,0,2024-01-22 02:00:00
598,2024,1,22,0300,26,26,100.0,0,7000.0,NO,1011,3,0,2024-01-22 03:00:00
599,2024,1,22,0330,26,25,94.2,0,9999.0,NO,1011,3,30,2024-01-22 03:30:00
600,2024,1,22,0400,26,25,94.2,1,9999.0,NO,1011,4,0,2024-01-22 04:00:00
601,2024,1,22,0430,26,25,94.2,1,9999.0,NO,1011,4,30,2024-01-22 04:30:00
602,2024,1,22,0500,26,25,94.2,1,5000.0,NO,1011,5,0,2024-01-22 05:00:00
603,2024,1,22,0530,25,25,100.0,0,2000.0,NO,1012,5,30,2024-01-22 05:30:00
604,2024,1,22,0600,25,25,100.0,0,2000.0,NO,1013,6,0,2024-01-22 06:00:00
605,2024,1,22,0630,26,25,94.2,4,2000.0,NO,1013,6,30,2024-01-22 06:30:00
606,2024,1,22,0700,27,26,94.3,0,2000.0,NO,1014,7,0,2024-01-22 07:00:00
607,2024,1,22,0730,28,25,83.8,4,2500.0,NO,1014,7,30,2024-01-22 07:30:00
608,2024,1,22,0800,29,25,79.0,4,2500.0,NO,1014,8,0,2024-01-22 08:00:00
609,2024,1,22,0900,31,25,70.4,2,4500.0,NO,1015,9,0,2024-01-22 09:00:00
610,2024,1,22,0930,31,25,70.4,1,4500.0,NO,1014,9,30,2024-01-22 09:30:00
611,2024,1,22,1000,30,26,79.2,3,4500.0,NO,1014,10,0,2024-01-22 10:00:00
612,2024,1,22,1100,31,26,74.8,2,4500.0,NO,1013,11,0,2024-01-22 11:00:00
613,2024,1,22,1130,31,26,74.8,2,4500.0,NO,1013,11,30,2024-01-22 11:30:00
614,2024,1,22,1200,31,26,74.8,2,4500.0,NO,1013,12,0,2024-01-22 12:00:00
615,2024,1,22,1300,33,26,66.8,2,4500.0,NO,1011,13,0,2024-01-22 13:00:00
616,2024,1,22,1400,31,26,74.8,4,6000.0,NO,1011,14,0,2024-01-22 14:00:00
617,2024,1,22,1430,31,26,74.8,3,6000.0,NO,1011,14,30,2024-01-22 14:30:00
618,2024,1,22,1500,31,26,74.8,4,8000.0,NO,1010,15,0,2024-01-22 15:00:00
619,2024,1,22,1530,30,26,79.2,3,8000.0,NO,1011,15,30,2024-01-22 15:30:00
620,2024,1,22,1600,30,26,79.2,2,8000.0,NO,1010,16,0,2024-01-22 16:00:00
621,2024,1,22,1630,30,26,79.2,3,8000.0,NO,1010,16,30,2024-01-22 16:30:00
622,2024,1,22,1700,30,26,79.2,3,8000.0,NO,1010,17,0,2024-01-22 17:00:00
623,2024,1,22,1730,30,26,79.2,2,8000.0,NO,1011,17,30,2024-01-22 17:30:00
624,2024,1,22,1800,28,25,83.8,2,8000.0,NO,1011,18,0,2024-01-22 18:00:00
625,2024,1,22,1830,28,25,83.8,2,8000.0,NO,1012,18,30,2024-01-22 18:30:00
626,2024,1,22,1900,27,25,88.8,2,8000.0,NO,1012,19,0,2024-01-22 19:00:00
627,2024,1,22,1930,27,25,88.8,3,8000.0,NO,1013,19,30,2024-01-22 19:30:00
628,2024,1,22,2000,27,25,88.8,3,9999.0,NO,1013,20,0,2024-01-22 20:00:00
629,2024,1,22,2100,27,25,88.8,2,9999.0,NO,1014,21,0,2024-01-22 21:00:00
630,2024,1,22,2130,26,25,94.2,2,9999.0,NO,1014,21,30,2024-01-22 21:30:00
631,2024,1,22,2200,26,25,94.2,2,9999.0,NO,1013,22,0,2024-01-22 22:00:00
632,2024,1,22,2230,26,25,94.2,2,9999.0,NO,1013,22,30,2024-01-22 22:30:00
633,2024,1,22,2300,26,25,94.2,0,9999.0,NO,1013,23,0,2024-01-22 23:00:00
634,2024,1,22,2330,25,24,94.2,0,9999.0,NO,1013,23,30,2024-01-22 23:30:00
635,2024,1,23,0000,25,25,100.0,2,9999.0,NO,1013,0,0,2024-01-23 00:00:00
636,2024,1,23,0030,25,25,100.0,2,9999.0,NO,1013,0,30,2024-01-23 00:30:00
637,2024,1,23,0130,25,24,94.2,0,9999.0,NO,1012,1,30,2024-01-23 01:30:00
638,2024,1,23,0200,25,24,94.2,0,9999.0,NO,1012,2,0,2024-01-23 02:00:00
639,2024,1,23,0300,25,24,94.2,0,9999.0,NO,1012,3,0,2024-01-23 03:00:00
640,2024,1,23,0330,25,25,100.0,1,8000.0,NO,1013,3,30,2024-01-23 03:30:00
641,2024,1,23,0400,25,24,94.2,2,8000.0,NO,1013,4,0,2024-01-23 04:00:00
642,2024,1,23,0430,25,24,94.2,2,6000.0,NO,1013,4,30,2024-01-23 04:30:00
643,2024,1,23,0500,25,24,94.2,0,6000.0,NO,1013,5,0,2024-01-23 05:00:00
644,2024,1,23,0530,25,24,94.2,0,2000.0,NO,1013,5,30,2024-01-23 05:30:00
645,2024,1,23,0600,25,24,94.2,0,2000.0,NO,1013,6,0,2024-01-23 06:00:00
646,2024,1,23,0630,25,24,94.2,1,4000.0,NO,1014,6,30,2024-01-23 06:30:00
647,2024,1,23,0700,27,25,88.8,3,4000.0,NO,1014,7,0,2024-01-23 07:00:00
648,2024,1,23,0800,28,25,83.8,3,6000.0,NO,1015,8,0,2024-01-23 08:00:00
649,2024,1,23,0900,29,25,79.0,3,8000.0,NO,1015,9,0,2024-01-23 09:00:00
650,2024,1,23,0930,30,25,74.6,2,8000.0,NO,1015,9,30,2024-01-23 09:30:00
651,2024,1,23,1000,29,25,79.0,3,8000.0,NO,1015,10,0,2024-01-23 10:00:00
652,2024,1,23,1030,32,25,66.6,3,8000.0,NO,1015,10,30,2024-01-23 10:30:00
653,2024,1,23,1100,31,26,74.8,3,8000.0,NO,1014,11,0,2024-01-23 11:00:00
654,2024,1,23,1130,32,26,70.6,4,8000.0,NO,1014,11,30,2024-01-23 11:30:00
655,2024,1,23,1200,32,26,70.6,4,9999.0,NO,1013,12,0,2024-01-23 12:00:00
656,2024,1,23,1230,33,26,66.8,3,9999.0,NO,1013,12,30,2024-01-23 12:30:00
657,2024,1,23,1530,31,25,70.4,4,9999.0,NO,1011,15,30,2024-01-23 15:30:00
658,2024,1,23,1600,30,26,79.2,3,9999.0,NO,1011,16,0,2024-01-23 16:00:00
659,2024,1,23,1630,30,26,79.2,2,9999.0,NO,1011,16,30,2024-01-23 16:30:00
660,2024,1,23,1700,30,26,79.2,3,9999.0,NO,1012,17,0,2024-01-23 17:00:00
661,2024,1,23,1730,29,26,83.9,2,9999.0,NO,1012,17,30,2024-01-23 17:30:00
662,2024,1,23,1800,28,26,88.9,0,9999.0,NO,1012,18,0,2024-01-23 18:00:00
663,2024,1,23,1830,28,25,83.8,1,9999.0,NO,1012,18,30,2024-01-23 18:30:00
664,2024,1,23,1900,27,25,88.8,0,9999.0,NO,1013,19,0,2024-01-23 19:00:00
665,2024,1,23,1930,27,25,88.8,0,9999.0,NO,1013,19,30,2024-01-23 19:30:00
666,2024,1,23,2100,26,25,94.2,1,9999.0,NO,1014,21,0,2024-01-23 21:00:00
667,2024,1,23,2200,26,25,94.2,0,9999.0,NO,1014,22,0,2024-01-23 22:00:00
668,2024,1,24,0000,26,25,94.2,0,9999.0,NO,1013,0,0,2024-01-24 00:00:00
669,2024,1,24,0030,26,25,94.2,0,9999.0,NO,1013,0,30,2024-01-24 00:30:00
670,2024,1,24,0100,26,25,94.2,1,9999.0,NO,1013,1,0,2024-01-24 01:00:00
671,2024,1,24,0130,26,25,94.2,1,9999.0,NO,1013,1,30,2024-01-24 01:30:00
672,2024,1,24,0200,26,25,94.2,2,9999.0,NO,1012,2,0,2024-01-24 02:00:00
673,2024,1,24,0230,25,25,100.0,0,9999.0,NO,1012,2,30,2024-01-24 02:30:00
674,2024,1,24,0300,25,25,100.0,2,9999.0,NO,1012,3,0,2024-01-24 03:00:00
675,2024,1,24,0330,25,24,94.2,0,9999.0,NO,1012,3,30,2024-01-24 03:30:00
676,2024,1,24,0400,25,24,94.2,1,9999.0,NO,1013,4,0,2024-01-24 04:00:00
677,2024,1,24,0430,24,24,100.0,1,9999.0,NO,1013,4,30,2024-01-24 04:30:00
678,2024,1,24,0500,24,24,100.0,0,8000.0,NO,1013,5,0,2024-01-24 05:00:00
679,2024,1,24,0530,24,24,100.0,0,4000.0,NO,1013,5,30,2024-01-24 05:30:00
680,2024,1,24,0600,24,24,100.0,0,2500.0,NO,1013,6,0,2024-01-24 06:00:00
681,2024,1,24,0630,25,25,100.0,0,1800.0,NO,1014,6,30,2024-01-24 06:30:00
682,2024,1,24,0700,26,26,100.0,2,1800.0,NO,1014,7,0,2024-01-24 07:00:00
683,2024,1,24,0800,28,26,88.9,3,2500.0,NO,1015,8,0,2024-01-24 08:00:00
684,2024,1,24,0900,31,25,70.4,3,7000.0,NO,1014,9,0,2024-01-24 09:00:00
685,2024,1,24,0930,31,25,70.4,2,7000.0,NO,1014,9,30,2024-01-24 09:30:00
686,2024,1,24,1000,31,26,74.8,1,7000.0,NO,1014,10,0,2024-01-24 10:00:00
687,2024,1,24,1030,32,26,70.6,1,8000.0,NO,1013,10,30,2024-01-24 10:30:00
688,2024,1,24,1100,32,25,66.6,2,8000.0,NO,1013,11,0,2024-01-24 11:00:00
689,2024,1,24,1130,32,26,70.6,3,8000.0,NO,1012,11,30,2024-01-24 11:30:00
690,2024,1,24,1200,33,25,62.9,4,8000.0,NO,1012,12,0,2024-01-24 12:00:00
691,2024,1,24,1230,33,25,62.9,3,8000.0,NO,1011,12,30,2024-01-24 12:30:00
692,2024,1,24,1300,34,25,59.5,3,8000.0,NO,1011,13,0,2024-01-24 13:00:00
693,2024,1,24,1330,33,24,59.2,5,9000.0,NO,1010,13,30,2024-01-24 13:30:00
694,2024,1,24,1400,33,25,62.9,5,9999.0,NO,1010,14,0,2024-01-24 14:00:00
695,2024,1,24,1430,33,25,62.9,4,9999.0,NO,1010,14,30,2024-01-24 14:30:00
696,2024,1,24,1500,32,25,66.6,4,9999.0,NO,1010,15,0,2024-01-24 15:00:00
697,2024,1,24,1600,31,25,70.4,3,9999.0,NO,1010,16,0,2024-01-24 16:00:00
698,2024,1,24,1630,30,25,74.6,4,9999.0,NO,1011,16,30,2024-01-24 16:30:00
699,2024,1,24,1700,30,25,74.6,3,9999.0,NO,1011,17,0,2024-01-24 17:00:00
700,2024,1,24,1730,29,25,79.0,1,9999.0,NO,1011,17,30,2024-01-24 17:30:00
701,2024,1,24,1930,27,26,94.3,0,9999.0,NO,1013,19,30,2024-01-24 19:30:00
702,2024,1,24,2000,26,26,100.0,1,9999.0,NO,1013,20,0,2024-01-24 20:00:00
703,2024,1,24,2030,26,25,94.2,0,9999.0,NO,1013,20,30,2024-01-24 20:30:00
704,2024,1,24,2100,26,25,94.2,1,9999.0,NO,1013,21,0,2024-01-24 21:00:00
705,2024,1,24,2200,26,26,100.0,2,9999.0,NO,1013,22,0,2024-01-24 22:00:00
706,2024,1,24,2230,26,26,100.0,1,9999.0,NO,1013,22,30,2024-01-24 22:30:00
707,2024,1,25,0000,25,25,100.0,1,9999.0,NO,1013,0,0,2024-01-25 00:00:00
708,2024,1,25,0100,25,25,100.0,2,9999.0,NO,1012,1,0,2024-01-25 01:00:00
709,2024,1,25,0200,25,25,100.0,0,9999.0,NO,1012,2,0,2024-01-25 02:00:00
710,2024,1,25,0300,25,25,100.0,0,9999.0,NO,1012,3,0,2024-01-25 03:00:00
711,2024,1,25,0330,25,25,100.0,0,9999.0,NO,1013,3,30,2024-01-25 03:30:00
712,2024,1,25,0400,25,25,100.0,0,9999.0,NO,1013,4,0,2024-01-25 04:00:00
713,2024,1,25,0430,25,25,100.0,0,8000.0,NO,1013,4,30,2024-01-25 04:30:00
714,2024,1,25,0500,25,25,100.0,1,9999.0,NO,1013,5,0,2024-01-25 05:00:00
715,2024,1,25,0530,25,25,100.0,1,2500.0,NO,1013,5,30,2024-01-25 05:30:00
716,2024,1,25,0600,25,25,100.0,0,2000.0,NO,1013,6,0,2024-01-25 06:00:00
717,2024,1,25,0630,26,26,100.0,2,2000.0,NO,1014,6,30,2024-01-25 06:30:00
718,2024,1,25,0700,26,26,100.0,2,2000.0,NO,1014,7,0,2024-01-25 07:00:00
719,2024,1,25,0730,28,26,88.9,2,2500.0,NO,1014,7,30,2024-01-25 07:30:00
720,2024,1,25,0800,29,26,83.9,1,2500.0,NO,1014,8,0,2024-01-25 08:00:00
721,2024,1,25,0830,30,26,79.2,2,3500.0,NO,1014,8,30,2024-01-25 08:30:00
722,2024,1,25,0900,30,26,79.2,2,4000.0,NO,1014,9,0,2024-01-25 09:00:00
723,2024,1,25,1000,30,26,79.2,2,6000.0,NO,1014,10,0,2024-01-25 10:00:00
724,2024,1,25,1030,32,26,70.6,3,6000.0,NO,1013,10,30,2024-01-25 10:30:00
725,2024,1,25,1100,31,25,70.4,3,6000.0,NO,1013,11,0,2024-01-25 11:00:00
726,2024,1,25,1130,33,26,66.8,2,6000.0,NO,1012,11,30,2024-01-25 11:30:00
727,2024,1,25,1200,33,26,66.8,3,6000.0,NO,1011,12,0,2024-01-25 12:00:00
728,2024,1,25,1230,33,25,62.9,4,6000.0,NO,1011,12,30,2024-01-25 12:30:00
729,2024,1,25,1300,34,25,59.5,4,8000.0,NO,1010,13,0,2024-01-25 13:00:00
730,2024,1,25,1330,34,25,59.5,4,8000.0,NO,1010,13,30,2024-01-25 13:30:00
731,2024,1,25,1400,34,25,59.5,3,8000.0,NO,1009,14,0,2024-01-25 14:00:00
732,2024,1,25,1630,31,25,70.4,3,,NO,1009,16,30,2024-01-25 16:30:00
733,2024,1,26,0030,25,25,100.0,0,8000.0,NO,1012,0,30,2024-01-26 00:30:00
734,2024,1,26,0100,25,25,100.0,0,8000.0,NO,1011,1,0,2024-01-26 01:00:00
735,2024,1,26,0200,25,25,100.0,1,8000.0,NO,1011,2,0,2024-01-26 02:00:00
736,2024,1,26,0230,25,25,100.0,2,6000.0,NO,1011,2,30,2024-01-26 02:30:00
737,2024,1,26,0300,25,25,100.0,1,6000.0,NO,1011,3,0,2024-01-26 03:00:00
738,2024,1,26,0330,26,25,94.2,2,6000.0,NO,1011,3,30,2024-01-26 03:30:00
739,2024,1,26,0400,25,25,100.0,2,6000.0,NO,1011,4,0,2024-01-26 04:00:00
740,2024,1,26,0430,25,25,100.0,1,3500.0,NO,1012,4,30,2024-01-26 04:30:00
741,2024,1,26,0500,25,25,100.0,2,4500.0,NO,1012,5,0,2024-01-26 05:00:00
742,2024,1,26,0600,25,25,100.0,2,1800.0,NO,1013,6,0,2024-01-26 06:00:00
743,2024,1,26,0630,25,25,100.0,0,1800.0,NO,1013,6,30,2024-01-26 06:30:00
744,2024,1,26,0700,26,26,100.0,2,1800.0,NO,1013,7,0,2024-01-26 07:00:00
745,2024,1,26,0800,29,26,83.9,2,2000.0,NO,1014,8,0,2024-01-26 08:00:00
746,2024,1,26,0900,31,26,74.8,3,4000.0,NO,1014,9,0,2024-01-26 09:00:00
747,2024,1,26,0930,31,25,70.4,3,4500.0,NO,1014,9,30,2024-01-26 09:30:00
748,2024,1,26,1000,33,26,66.8,3,6000.0,NO,1013,10,0,2024-01-26 10:00:00
749,2024,1,26,1030,31,25,70.4,3,6000.0,NO,1013,10,30,2024-01-26 10:30:00
750,2024,1,26,1100,33,25,62.9,2,8000.0,NO,1013,11,0,2024-01-26 11:00:00
751,2024,1,26,1130,34,24,56.0,2,8000.0,NO,1012,11,30,2024-01-26 11:30:00
752,2024,1,26,1200,34,25,59.5,2,8000.0,NO,1011,12,0,2024-01-26 12:00:00
753,2024,1,26,1230,33,24,59.2,2,8000.0,NO,1011,12,30,2024-01-26 12:30:00
754,2024,1,26,1300,34,25,59.5,0,8000.0,NO,1010,13,0,2024-01-26 13:00:00
755,2024,1,26,1330,35,25,56.2,3,8000.0,NO,1010,13,30,2024-01-26 13:30:00
756,2024,1,27,0630,26,25,94.2,2,2000.0,NO,1012,6,30,2024-01-27 06:30:00
757,2024,1,27,0700,26,26,100.0,0,2000.0,NO,1012,7,0,2024-01-27 07:00:00
758,2024,1,27,0730,28,24,78.9,3,2000.0,NO,1013,7,30,2024-01-27 07:30:00
759,2024,1,27,0800,30,24,70.3,3,2500.0,NO,1013,8,0,2024-01-27 08:00:00
760,2024,1,27,0830,31,24,66.4,4,2800.0,NO,1013,8,30,2024-01-27 08:30:00
761,2024,1,27,0900,32,24,62.7,4,2800.0,NO,1013,9,0,2024-01-27 09:00:00
762,2024,1,27,1000,33,24,59.2,4,2800.0,NO,1012,10,0,2024-01-27 10:00:00
763,2024,1,27,1030,34,23,52.7,4,2800.0,NO,1012,10,30,2024-01-27 10:30:00
764,2024,1,27,1100,35,23,49.9,3,2800.0,NO,1011,11,0,2024-01-27 11:00:00
765,2024,1,27,1200,34,24,56.0,4,2800.0,NO,1011,12,0,2024-01-27 12:00:00
766,2024,1,27,1230,34,24,56.0,4,2800.0,NO,1011,12,30,2024-01-27 12:30:00
767,2024,1,27,1300,35,23,49.9,6,4000.0,NO,1009,13,0,2024-01-27 13:00:00
768,2024,1,27,1330,35,23,49.9,3,4000.0,NO,1008,13,30,2024-01-27 13:30:00
769,2024,1,27,1600,35,24,53.0,2,4500.0,NO,1008,16,0,2024-01-27 16:00:00
770,2024,1,27,1700,32,25,66.6,2,4500.0,NO,1008,17,0,2024-01-27 17:00:00
771,2024,1,27,1730,30,26,79.2,2,4500.0,NO,1008,17,30,2024-01-27 17:30:00
772,2024,1,27,1800,29,26,83.9,0,4500.0,NO,1009,18,0,2024-01-27 18:00:00
773,2024,1,27,1830,29,26,83.9,0,6000.0,NO,1009,18,30,2024-01-27 18:30:00
774,2024,1,27,1930,28,26,88.9,0,6000.0,NO,1010,19,30,2024-01-27 19:30:00
775,2024,1,27,2000,27,26,94.3,0,6000.0,NO,1010,20,0,2024-01-27 20:00:00
776,2024,1,27,2030,27,26,94.3,0,6000.0,NO,1011,20,30,2024-01-27 20:30:00
777,2024,1,27,2100,27,26,94.3,0,7000.0,NO,1011,21,0,2024-01-27 21:00:00
778,2024,1,27,2130,26,26,100.0,0,7000.0,NO,1011,21,30,2024-01-27 21:30:00
779,2024,1,27,2200,26,26,100.0,2,7000.0,NO,1011,22,0,2024-01-27 22:00:00
780,2024,1,27,2230,26,26,100.0,2,7000.0,NO,1011,22,30,2024-01-27 22:30:00
781,2024,1,27,2300,26,25,94.2,1,7000.0,NO,1011,23,0,2024-01-27 23:00:00
782,2024,1,27,2330,26,25,94.2,0,7000.0,NO,1011,23,30,2024-01-27 23:30:00
783,2024,1,28,0000,26,25,94.2,0,7000.0,NO,1011,0,0,2024-01-28 00:00:00
784,2024,1,28,0030,26,26,100.0,2,7000.0,NO,1011,0,30,2024-01-28 00:30:00
785,2024,1,28,0100,26,25,94.2,3,6000.0,NO,1011,1,0,2024-01-28 01:00:00
786,2024,1,28,0200,25,25,100.0,2,6000.0,NO,1010,2,0,2024-01-28 02:00:00
787,2024,1,28,0230,25,25,100.0,2,6000.0,NO,1010,2,30,2024-01-28 02:30:00
788,2024,1,28,0300,25,25,100.0,0,6000.0,NO,1010,3,0,2024-01-28 03:00:00
789,2024,1,28,0330,25,25,100.0,0,6000.0,NO,1010,3,30,2024-01-28 03:30:00
790,2024,1,28,0400,25,25,100.0,0,6000.0,NO,1010,4,0,2024-01-28 04:00:00
791,2024,1,28,0430,25,24,94.2,0,3500.0,NO,1010,4,30,2024-01-28 04:30:00
792,2024,1,28,0500,25,25,100.0,0,3500.0,NO,1011,5,0,2024-01-28 05:00:00
793,2024,1,28,0600,25,25,100.0,0,2000.0,NO,1011,6,0,2024-01-28 06:00:00
794,2024,1,28,0630,25,24,94.2,3,2000.0,NO,1012,6,30,2024-01-28 06:30:00
795,2024,1,28,0700,26,24,88.7,3,2000.0,NO,1012,7,0,2024-01-28 07:00:00
796,2024,1,28,0730,26,24,88.7,2,2000.0,NO,1012,7,30,2024-01-28 07:30:00
797,2024,1,28,0800,29,24,74.4,3,2200.0,NO,1012,8,0,2024-01-28 08:00:00
798,2024,1,28,0900,31,25,70.4,4,3500.0,NO,1012,9,0,2024-01-28 09:00:00
799,2024,1,28,1000,33,24,59.2,3,3500.0,NO,1012,10,0,2024-01-28 10:00:00
800,2024,1,28,1030,34,25,59.5,3,4000.0,NO,1011,10,30,2024-01-28 10:30:00
801,2024,1,28,1100,33,25,62.9,0,4000.0,NO,1011,11,0,2024-01-28 11:00:00
802,2024,1,28,1130,33,26,66.8,2,4000.0,NO,1011,11,30,2024-01-28 11:30:00
803,2024,1,28,1200,34,25,59.5,3,4000.0,NO,1010,12,0,2024-01-28 12:00:00
804,2024,1,28,1230,35,25,56.2,3,3500.0,NO,1009,12,30,2024-01-28 12:30:00
805,2024,1,28,1300,33,25,62.9,2,3500.0,NO,1009,13,0,2024-01-28 13:00:00
806,2024,1,28,1330,34,26,63.1,3,3500.0,NO,1009,13,30,2024-01-28 13:30:00
807,2024,1,28,1400,35,26,59.7,3,3500.0,NO,1008,14,0,2024-01-28 14:00:00
808,2024,1,28,1430,35,26,59.7,3,4000.0,NO,1008,14,30,2024-01-28 14:30:00
809,2024,1,28,1500,34,26,63.1,3,4000.0,NO,1007,15,0,2024-01-28 15:00:00
810,2024,1,28,1530,34,25,59.5,2,4500.0,NO,1008,15,30,2024-01-28 15:30:00
811,2024,1,28,1600,33,25,62.9,3,4500.0,NO,1008,16,0,2024-01-28 16:00:00
812,2024,1,28,1630,32,25,66.6,3,4500.0,NO,1008,16,30,2024-01-28 16:30:00
813,2024,1,28,1700,31,26,74.8,3,4500.0,NO,1009,17,0,2024-01-28 17:00:00
814,2024,1,28,1730,30,26,79.2,2,4000.0,NO,1009,17,30,2024-01-28 17:30:00
815,2024,1,28,1800,30,26,79.2,1,4000.0,NO,1009,18,0,2024-01-28 18:00:00
816,2024,1,28,1930,28,26,88.9,0,6000.0,NO,1011,19,30,2024-01-28 19:30:00
817,2024,1,28,2100,27,26,94.3,0,6000.0,NO,1012,21,0,2024-01-28 21:00:00
818,2024,1,28,2130,26,25,94.2,0,6000.0,NO,1012,21,30,2024-01-28 21:30:00
819,2024,1,28,2300,26,26,100.0,0,6000.0,NO,1012,23,0,2024-01-28 23:00:00
820,2024,1,28,2330,26,26,100.0,0,6000.0,NO,1012,23,30,2024-01-28 23:30:00
821,2024,1,29,0000,26,25,94.2,0,6000.0,NO,1011,0,0,2024-01-29 00:00:00
822,2024,1,29,0100,26,25,94.2,2,6000.0,NO,1011,1,0,2024-01-29 01:00:00
823,2024,1,29,0130,26,26,100.0,0,6000.0,NO,1011,1,30,2024-01-29 01:30:00
824,2024,1,29,0200,26,25,94.2,0,6000.0,NO,1011,2,0,2024-01-29 02:00:00
825,2024,1,29,0230,26,25,94.2,1,4000.0,NO,1011,2,30,2024-01-29 02:30:00
826,2024,1,29,0300,26,25,94.2,1,4000.0,NO,1011,3,0,2024-01-29 03:00:00
827,2024,1,29,0400,25,25,100.0,0,4000.0,NO,1011,4,0,2024-01-29 04:00:00
828,2024,1,29,0430,25,25,100.0,0,3500.0,NO,1011,4,30,2024-01-29 04:30:00
829,2024,1,29,0500,25,25,100.0,0,3500.0,NO,1011,5,0,2024-01-29 05:00:00
830,2024,1,29,0600,25,25,100.0,0,1600.0,NO,1012,6,0,2024-01-29 06:00:00
831,2024,1,29,0630,26,25,94.2,1,1600.0,NO,1012,6,30,2024-01-29 06:30:00
832,2024,1,29,0700,26,26,100.0,0,1800.0,NO,1013,7,0,2024-01-29 07:00:00
833,2024,1,29,0730,28,26,88.9,1,1800.0,NO,1013,7,30,2024-01-29 07:30:00
834,2024,1,29,0800,29,26,83.9,2,1800.0,NO,1013,8,0,2024-01-29 08:00:00
835,2024,1,29,0830,30,26,79.2,2,2000.0,NO,1013,8,30,2024-01-29 08:30:00
836,2024,1,29,0900,31,26,74.8,2,2500.0,NO,1013,9,0,2024-01-29 09:00:00
837,2024,1,29,1000,32,26,70.6,1,3500.0,NO,1013,10,0,2024-01-29 10:00:00
838,2024,1,29,1030,32,26,70.6,2,3500.0,NO,1012,10,30,2024-01-29 10:30:00
839,2024,1,29,1100,33,24,59.2,3,4000.0,NO,1011,11,0,2024-01-29 11:00:00
840,2024,1,29,1130,34,24,56.0,3,4000.0,NO,1011,11,30,2024-01-29 11:30:00
841,2024,1,29,1200,34,25,59.5,3,4000.0,NO,1010,12,0,2024-01-29 12:00:00
842,2024,1,29,1230,34,25,59.5,4,4000.0,NO,1010,12,30,2024-01-29 12:30:00
843,2024,1,29,1300,34,25,59.5,4,4000.0,NO,1010,13,0,2024-01-29 13:00:00
844,2024,1,29,1330,34,23,52.7,4,4000.0,NO,1010,13,30,2024-01-29 13:30:00
845,2024,1,29,1430,34,24,56.0,3,4000.0,NO,1009,14,30,2024-01-29 14:30:00
846,2024,1,29,1500,34,24,56.0,3,4000.0,NO,1009,15,0,2024-01-29 15:00:00
847,2024,1,29,1530,33,24,59.2,3,4000.0,NO,1008,15,30,2024-01-29 15:30:00
848,2024,1,29,1600,33,25,62.9,3,4000.0,NO,1008,16,0,2024-01-29 16:00:00
849,2024,1,29,1800,29,25,79.0,1,4000.0,NO,1009,18,0,2024-01-29 18:00:00
850,2024,1,29,1900,28,26,88.9,0,4000.0,NO,1010,19,0,2024-01-29 19:00:00
851,2024,1,29,1930,28,26,88.9,0,4000.0,NO,1011,19,30,2024-01-29 19:30:00
852,2024,1,29,2000,28,26,88.9,0,4000.0,NO,1011,20,0,2024-01-29 20:00:00
853,2024,1,29,2030,28,26,88.9,1,6000.0,NO,1012,20,30,2024-01-29 20:30:00
854,2024,1,29,2100,28,27,94.3,1,6000.0,NO,1012,21,0,2024-01-29 21:00:00
855,2024,1,29,2230,27,26,94.3,0,6000.0,NO,1012,22,30,2024-01-29 22:30:00
856,2024,1,29,2300,27,26,94.3,0,6000.0,NO,1012,23,0,2024-01-29 23:00:00
857,2024,1,29,2330,27,26,94.3,0,6000.0,NO,1012,23,30,2024-01-29 23:30:00
858,2024,1,30,0000,27,26,94.3,2,6000.0,NO,1012,0,0,2024-01-30 00:00:00
859,2024,1,30,0030,27,26,94.3,1,6000.0,NO,1011,0,30,2024-01-30 00:30:00
860,2024,1,30,0100,26,26,100.0,0,6000.0,NO,1011,1,0,2024-01-30 01:00:00
861,2024,1,30,0130,26,25,94.2,0,6000.0,NO,1011,1,30,2024-01-30 01:30:00
862,2024,1,30,0200,26,25,94.2,0,6000.0,NO,1011,2,0,2024-01-30 02:00:00
863,2024,1,30,0300,26,25,94.2,1,6000.0,NO,1011,3,0,2024-01-30 03:00:00
864,2024,1,30,0400,26,25,94.2,0,5000.0,NO,1011,4,0,2024-01-30 04:00:00
865,2024,1,30,0430,26,25,94.2,1,5000.0,NO,1011,4,30,2024-01-30 04:30:00
866,2024,1,30,0500,26,25,94.2,0,5000.0,NO,1011,5,0,2024-01-30 05:00:00
867,2024,1,30,0600,25,25,100.0,0,1600.0,NO,1012,6,0,2024-01-30 06:00:00
868,2024,1,30,0700,27,26,94.3,2,1800.0,NO,1012,7,0,2024-01-30 07:00:00
869,2024,1,30,0730,28,25,83.8,2,1800.0,NO,1012,7,30,2024-01-30 07:30:00
870,2024,1,30,0800,30,24,70.3,4,1800.0,NO,1012,8,0,2024-01-30 08:00:00
871,2024,1,30,0900,32,25,66.6,3,2000.0,NO,1012,9,0,2024-01-30 09:00:00
872,2024,1,30,1000,32,25,66.6,3,2000.0,NO,1012,10,0,2024-01-30 10:00:00
873,2024,1,30,1100,33,24,59.2,3,2000.0,NO,1011,11,0,2024-01-30 11:00:00
874,2024,1,30,1200,34,25,59.5,3,2000.0,NO,1011,12,0,2024-01-30 12:00:00
875,2024,1,30,1230,34,24,56.0,4,2000.0,NO,1010,12,30,2024-01-30 12:30:00
876,2024,1,30,1300,34,26,63.1,4,2000.0,NO,1010,13,0,2024-01-30 13:00:00
877,2024,1,30,1330,34,24,56.0,4,2000.0,NO,1009,13,30,2024-01-30 13:30:00
878,2024,1,30,1400,33,25,62.9,4,2000.0,NO,1009,14,0,2024-01-30 14:00:00
879,2024,1,30,1500,33,26,66.8,4,2200.0,NO,1008,15,0,2024-01-30 15:00:00
880,2024,1,30,1600,32,26,70.6,3,2200.0,NO,1008,16,0,2024-01-30 16:00:00
881,2024,1,30,1800,29,26,83.9,1,3500.0,NO,1009,18,0,2024-01-30 18:00:00
882,2024,1,30,1830,29,26,83.9,1,6000.0,NO,1009,18,30,2024-01-30 18:30:00
883,2024,1,30,1900,29,26,83.9,1,6000.0,NO,1010,19,0,2024-01-30 19:00:00
884,2024,1,30,1930,28,26,88.9,0,6000.0,NO,1011,19,30,2024-01-30 19:30:00
885,2024,1,30,2230,27,27,100.0,0,6000.0,NO,1011,22,30,2024-01-30 22:30:00
886,2024,1,30,2300,27,27,100.0,0,6000.0,NO,1011,23,0,2024-01-30 23:00:00
887,2024,1,30,2330,27,27,100.0,0,6000.0,NO,1011,23,30,2024-01-30 23:30:00
888,2024,1,31,0000,27,27,100.0,0,4000.0,NO,1011,0,0,2024-01-31 00:00:00
889,2024,1,31,0030,27,27,100.0,0,4000.0,NO,1011,0,30,2024-01-31 00:30:00
890,2024,1,31,0100,27,27,100.0,0,4000.0,NO,1011,1,0,2024-01-31 01:00:00
891,2024,1,31,0200,27,27,100.0,0,6000.0,NO,1010,2,0,2024-01-31 02:00:00
892,2024,1,31,0230,27,27,100.0,0,6000.0,NO,1010,2,30,2024-01-31 02:30:00
893,2024,1,31,0300,27,27,100.0,2,6000.0,NO,1010,3,0,2024-01-31 03:00:00
894,2024,1,31,0330,27,27,100.0,2,6000.0,NO,1010,3,30,2024-01-31 03:30:00
895,2024,1,31,0400,27,27,100.0,0,6000.0,NO,1011,4,0,2024-01-31 04:00:00
896,2024,1,31,0430,27,27,100.0,0,6000.0,NO,1011,4,30,2024-01-31 04:30:00
897,2024,1,31,0500,27,27,100.0,0,6000.0,NO,1011,5,0,2024-01-31 05:00:00
898,2024,1,31,0530,27,27,100.0,0,2500.0,NO,1011,5,30,2024-01-31 05:30:00
899,2024,1,31,0600,27,26,94.3,2,2000.0,NO,1012,6,0,2024-01-31 06:00:00
900,2024,1,31,0630,28,27,94.3,2,2000.0,NO,1012,6,30,2024-01-31 06:30:00
901,2024,1,31,0730,29,27,89.0,3,2000.0,NO,1013,7,30,2024-01-31 07:30:00
902,2024,1,31,0800,30,26,79.2,2,2000.0,NO,1013,8,0,2024-01-31 08:00:00
903,2024,1,31,0830,30,26,79.2,3,2500.0,NO,1013,8,30,2024-01-31 08:30:00
904,2024,1,31,0900,30,26,79.2,4,2500.0,NO,1013,9,0,2024-01-31 09:00:00
905,2024,1,31,1000,34,26,63.1,2,2500.0,NO,1012,10,0,2024-01-31 10:00:00
906,2024,1,31,1030,33,26,66.8,2,2500.0,NO,1012,10,30,2024-01-31 10:30:00
907,2024,1,31,1200,33,26,66.8,2,2500.0,NO,1011,12,0,2024-01-31 12:00:00
908,2024,1,31,1300,34,26,63.1,4,2500.0,NO,1010,13,0,2024-01-31 13:00:00
909,2024,1,31,1330,34,26,63.1,4,3500.0,NO,1010,13,30,2024-01-31 13:30:00
910,2024,1,31,1400,34,26,63.1,4,3500.0,NO,1009,14,0,2024-01-31 14:00:00
911,2024,1,31,1430,34,27,66.9,4,4000.0,NO,1009,14,30,2024-01-31 14:30:00
912,2024,1,31,1500,33,27,70.8,4,4000.0,NO,1009,15,0,2024-01-31 15:00:00
913,2024,1,31,1630,31,27,79.3,3,4000.0,NO,1009,16,30,2024-01-31 16:30:00
914,2024,1,31,1700,31,27,79.3,3,4000.0,NO,1009,17,0,2024-01-31 17:00:00
915,2024,1,31,1730,30,27,84.0,3,4000.0,NO,1009,17,30,2024-01-31 17:30:00
916,2024,1,31,1800,30,27,84.0,3,4000.0,NO,1010,18,0,2024-01-31 18:00:00
917,2024,1,31,1830,29,27,89.0,2,4500.0,NO,1011,18,30,2024-01-31 18:30:00
918,2024,1,31,1900,29,27,89.0,2,4500.0,NO,1011,19,0,2024-01-31 19:00:00
919,2024,1,31,1930,29,27,89.0,2,4500.0,NO,1012,19,30,2024-01-31 19:30:00
920,2024,1,31,2000,29,27,89.0,2,4500.0,NO,1012,20,0,2024-01-31 20:00:00
921,2024,1,31,2230,28,27,94.3,2,7000.0,NO,1013,22,30,2024-01-31 22:30:00
922,2024,1,31,2300,28,27,94.3,2,7000.0,NO,1013,23,0,2024-01-31 23:00:00
923,2024,2,1,0000,27,27,100.0,2,7000.0,NO,1013,0,0,2024-02-01 00:00:00
924,2024,2,1,0100,27,27,100.0,1,7000.0,NO,1012,1,0,2024-02-01 01:00:00
925,2024,2,1,0200,27,26,94.3,0,7000.0,NO,1012,2,0,2024-02-01 02:00:00
926,2024,2,1,0230,27,27,100.0,3,7000.0,NO,1012,2,30,2024-02-01 02:30:00
927,2024,2,1,0300,27,27,100.0,2,7000.0,NO,1012,3,0,2024-02-01 03:00:00
928,2024,2,1,0400,27,26,94.3,2,7000.0,NO,1012,4,0,2024-02-01 04:00:00
929,2024,2,1,0500,27,26,94.3,2,6000.0,NO,1013,5,0,2024-02-01 05:00:00
930,2024,2,1,0600,27,26,94.3,0,3500.0,NO,1013,6,0,2024-02-01 06:00:00
931,2024,2,1,0630,27,26,94.3,2,3500.0,NO,1013,6,30,2024-02-01 06:30:00
932,2024,2,1,0700,28,27,94.3,2,3500.0,NO,1014,7,0,2024-02-01 07:00:00
933,2024,2,1,0730,28,27,94.3,2,3500.0,NO,1014,7,30,2024-02-01 07:30:00
934,2024,2,1,0800,28,27,94.3,3,4000.0,NO,1015,8,0,2024-02-01 08:00:00
935,2024,2,1,0830,29,27,89.0,3,6000.0,NO,1015,8,30,2024-02-01 08:30:00
936,2024,2,1,0900,30,27,84.0,3,6000.0,NO,1015,9,0,2024-02-01 09:00:00
937,2024,2,1,0930,30,27,84.0,2,6000.0,YES,1015,9,30,2024-02-01 09:30:00
938,2024,2,1,1000,30,26,79.2,3,6000.0,YES,1015,10,0,2024-02-01 10:00:00
939,2024,2,1,1030,31,26,74.8,2,6000.0,NO,1014,10,30,2024-02-01 10:30:00
940,2024,2,1,1100,31,26,74.8,2,6000.0,NO,1014,11,0,2024-02-01 11:00:00
941,2024,2,1,1200,33,26,66.8,3,4000.0,NO,1013,12,0,2024-02-01 12:00:00
942,2024,2,1,1230,34,26,63.1,2,4000.0,NO,1012,12,30,2024-02-01 12:30:00
943,2024,2,1,1300,35,26,59.7,3,4000.0,NO,1011,13,0,2024-02-01 13:00:00
944,2024,2,1,1330,33,26,66.8,3,4000.0,NO,1011,13,30,2024-02-01 13:30:00
945,2024,2,1,1500,31,26,74.8,3,7000.0,NO,1010,15,0,2024-02-01 15:00:00
946,2024,2,1,1600,31,26,74.8,3,7000.0,NO,1010,16,0,2024-02-01 16:00:00
947,2024,2,1,1630,31,27,79.3,2,7000.0,NO,1010,16,30,2024-02-01 16:30:00
948,2024,2,1,1700,30,27,84.0,1,7000.0,NO,1010,17,0,2024-02-01 17:00:00
949,2024,2,1,1730,30,27,84.0,0,7000.0,NO,1010,17,30,2024-02-01 17:30:00
950,2024,2,1,1800,29,27,89.0,0,7000.0,NO,1010,18,0,2024-02-01 18:00:00
951,2024,2,1,1830,29,27,89.0,1,7000.0,NO,1011,18,30,2024-02-01 18:30:00
952,2024,2,1,1900,28,27,94.3,0,7000.0,NO,1011,19,0,2024-02-01 19:00:00
953,2024,2,1,1930,28,26,88.9,0,7000.0,NO,1012,19,30,2024-02-01 19:30:00
954,2024,2,1,2000,27,27,100.0,0,8000.0,NO,1012,20,0,2024-02-01 20:00:00
955,2024,2,1,2030,27,26,94.3,0,8000.0,NO,1012,20,30,2024-02-01 20:30:00
956,2024,2,1,2100,27,26,94.3,0,8000.0,NO,1013,21,0,2024-02-01 21:00:00
957,2024,2,1,2130,27,26,94.3,0,8000.0,NO,1013,21,30,2024-02-01 21:30:00
958,2024,2,1,2200,27,27,100.0,0,8000.0,NO,1013,22,0,2024-02-01 22:00:00
959,2024,2,1,2230,27,26,94.3,0,8000.0,NO,1013,22,30,2024-02-01 22:30:00
960,2024,2,1,2300,27,26,94.3,0,8000.0,NO,1013,23,0,2024-02-01 23:00:00
961,2024,2,2,0000,27,26,94.3,0,8000.0,NO,1012,0,0,2024-02-02 00:00:00
962,2024,2,2,0030,26,26,100.0,2,8000.0,NO,1012,0,30,2024-02-02 00:30:00
963,2024,2,2,0100,27,26,94.3,4,8000.0,NO,1012,1,0,2024-02-02 01:00:00
964,2024,2,2,0130,27,26,94.3,2,8000.0,NO,1012,1,30,2024-02-02 01:30:00
965,2024,2,2,0200,27,26,94.3,2,8000.0,NO,1012,2,0,2024-02-02 02:00:00
966,2024,2,2,0300,26,26,100.0,1,8000.0,NO,1012,3,0,2024-02-02 03:00:00
967,2024,2,2,0330,26,26,100.0,1,8000.0,NO,1012,3,30,2024-02-02 03:30:00
968,2024,2,2,0400,26,26,100.0,0,8000.0,NO,1012,4,0,2024-02-02 04:00:00
969,2024,2,2,0430,26,26,100.0,0,7000.0,NO,1012,4,30,2024-02-02 04:30:00
970,2024,2,2,0500,26,26,100.0,1,7000.0,NO,1012,5,0,2024-02-02 05:00:00
971,2024,2,2,0600,26,26,100.0,0,1800.0,NO,1012,6,0,2024-02-02 06:00:00
972,2024,2,2,0700,27,27,100.0,2,1800.0,NO,1013,7,0,2024-02-02 07:00:00
973,2024,2,2,0730,28,27,94.3,3,2000.0,NO,1013,7,30,2024-02-02 07:30:00
974,2024,2,2,0800,30,26,79.2,3,2000.0,NO,1014,8,0,2024-02-02 08:00:00
975,2024,2,2,0830,30,26,79.2,3,2500.0,NO,1013,8,30,2024-02-02 08:30:00
976,2024,2,2,0900,31,26,74.8,2,2500.0,NO,1013,9,0,2024-02-02 09:00:00
977,2024,2,2,0930,32,26,70.6,4,2500.0,NO,1013,9,30,2024-02-02 09:30:00
978,2024,2,2,1000,33,25,62.9,4,2500.0,NO,1013,10,0,2024-02-02 10:00:00
979,2024,2,2,1030,34,25,59.5,2,2800.0,NO,1012,10,30,2024-02-02 10:30:00
980,2024,2,2,1100,34,25,59.5,2,2800.0,NO,1012,11,0,2024-02-02 11:00:00
981,2024,2,2,1130,35,25,56.2,3,3500.0,NO,1011,11,30,2024-02-02 11:30:00
982,2024,2,2,1200,34,25,59.5,4,3500.0,NO,1011,12,0,2024-02-02 12:00:00
983,2024,2,2,1230,35,24,53.0,2,3500.0,NO,1010,12,30,2024-02-02 12:30:00
984,2024,2,2,1300,35,25,56.2,4,3500.0,NO,1009,13,0,2024-02-02 13:00:00
985,2024,2,2,1500,35,26,59.7,3,4000.0,NO,1007,15,0,2024-02-02 15:00:00
986,2024,2,2,1530,34,27,66.9,4,4000.0,NO,1007,15,30,2024-02-02 15:30:00
987,2024,2,2,1600,33,27,70.8,3,4500.0,NO,1007,16,0,2024-02-02 16:00:00
988,2024,2,2,1700,31,26,74.8,3,4500.0,NO,1007,17,0,2024-02-02 17:00:00
989,2024,2,2,1730,30,26,79.2,2,4500.0,NO,1007,17,30,2024-02-02 17:30:00
990,2024,2,2,1800,30,26,79.2,1,6000.0,NO,1008,18,0,2024-02-02 18:00:00
991,2024,2,2,1930,28,25,83.8,0,8000.0,NO,1009,19,30,2024-02-02 19:30:00
992,2024,2,2,2030,27,25,88.8,2,8000.0,NO,1010,20,30,2024-02-02 20:30:00
993,2024,2,2,2130,28,25,83.8,0,8000.0,NO,1011,21,30,2024-02-02 21:30:00
994,2024,2,2,2200,27,26,94.3,0,8000.0,NO,1011,22,0,2024-02-02 22:00:00
995,2024,2,2,2300,26,25,94.2,0,8000.0,NO,1010,23,0,2024-02-02 23:00:00
996,2024,2,2,2330,26,26,100.0,0,8000.0,NO,1010,23,30,2024-02-02 23:30:00
997,2024,2,3,0000,26,26,100.0,0,8000.0,NO,1010,0,0,2024-02-03 00:00:00
998,2024,2,3,0100,27,26,94.3,0,8000.0,NO,1010,1,0,2024-02-03 01:00:00
999,2024,2,3,0130,27,26,94.3,0,9999.0,NO,1010,1,30,2024-02-03 01:30:00
1000,2024,2,3,0200,27,26,94.3,1,9999.0,NO,1009,2,0,2024-02-03 02:00:00
1001,2024,2,3,0230,27,26,94.3,2,9999.0,NO,1009,2,30,2024-02-03 02:30:00
1002,2024,2,3,0300,26,26,100.0,2,9999.0,NO,1009,3,0,2024-02-03 03:00:00
1003,2024,2,3,0330,26,26,100.0,2,9999.0,NO,1009,3,30,2024-02-03 03:30:00
1004,2024,2,3,0400,26,26,100.0,2,9999.0,NO,1009,4,0,2024-02-03 04:00:00
1005,2024,2,3,0500,26,26,100.0,2,3200.0,NO,1009,5,0,2024-02-03 05:00:00
1006,2024,2,3,0530,26,26,100.0,1,2000.0,NO,1010,5,30,2024-02-03 05:30:00
1007,2024,2,3,0600,27,26,94.3,2,2000.0,NO,1010,6,0,2024-02-03 06:00:00
1008,2024,2,3,0630,27,26,94.3,2,2000.0,NO,1010,6,30,2024-02-03 06:30:00
1009,2024,2,3,0700,28,27,94.3,3,1800.0,NO,1011,7,0,2024-02-03 07:00:00
1010,2024,2,3,0730,29,27,89.0,3,2000.0,NO,1011,7,30,2024-02-03 07:30:00
1011,2024,2,3,0800,30,27,84.0,4,2500.0,NO,1011,8,0,2024-02-03 08:00:00
1012,2024,2,3,0900,32,26,70.6,4,4500.0,NO,1011,9,0,2024-02-03 09:00:00
1013,2024,2,3,1000,33,25,62.9,4,4500.0,NO,1011,10,0,2024-02-03 10:00:00
1014,2024,2,3,1030,34,23,52.7,4,4500.0,NO,1010,10,30,2024-02-03 10:30:00
1015,2024,2,3,1100,35,23,49.9,4,4500.0,NO,1010,11,0,2024-02-03 11:00:00
1016,2024,2,3,1130,35,23,49.9,3,4500.0,NO,1009,11,30,2024-02-03 11:30:00
1017,2024,2,3,1200,35,23,49.9,4,4500.0,NO,1009,12,0,2024-02-03 12:00:00
1018,2024,2,3,1230,36,23,47.2,3,4500.0,NO,1008,12,30,2024-02-03 12:30:00
1019,2024,2,3,1300,36,23,47.2,2,4500.0,NO,1008,13,0,2024-02-03 13:00:00
1020,2024,2,3,1330,35,25,56.2,4,4500.0,NO,1007,13,30,2024-02-03 13:30:00
1021,2024,2,3,1400,35,25,56.2,4,4500.0,NO,1007,14,0,2024-02-03 14:00:00
1022,2024,2,3,1430,35,25,56.2,4,4500.0,NO,1007,14,30,2024-02-03 14:30:00
1023,2024,2,3,1500,34,26,63.1,4,6000.0,NO,1007,15,0,2024-02-03 15:00:00
1024,2024,2,3,1530,32,26,70.6,5,6000.0,NO,1007,15,30,2024-02-03 15:30:00
1025,2024,2,3,1600,32,27,74.9,4,6000.0,NO,1007,16,0,2024-02-03 16:00:00
1026,2024,2,3,2000,28,26,88.9,1,8000.0,NO,1010,20,0,2024-02-03 20:00:00
1027,2024,2,3,2100,27,26,94.3,0,8000.0,NO,1011,21,0,2024-02-03 21:00:00
1028,2024,2,3,2130,27,26,94.3,1,8000.0,NO,1011,21,30,2024-02-03 21:30:00
1029,2024,2,3,2230,27,26,94.3,0,8000.0,NO,1011,22,30,2024-02-03 22:30:00
1030,2024,2,3,2300,27,26,94.3,2,8000.0,NO,1011,23,0,2024-02-03 23:00:00
1031,2024,2,3,2330,27,26,94.3,2,8000.0,NO,1011,23,30,2024-02-03 23:30:00
1032,2024,2,4,0000,27,26,94.3,2,8000.0,NO,1011,0,0,2024-02-04 00:00:00
1033,2024,2,4,0100,27,26,94.3,2,8000.0,NO,1010,1,0,2024-02-04 01:00:00
1034,2024,2,4,0200,27,26,94.3,3,7000.0,NO,1010,2,0,2024-02-04 02:00:00
1035,2024,2,4,0230,27,26,94.3,1,7000.0,NO,1010,2,30,2024-02-04 02:30:00
1036,2024,2,4,0300,27,26,94.3,2,7000.0,NO,1010,3,0,2024-02-04 03:00:00
1037,2024,2,4,0330,27,26,94.3,2,7000.0,NO,1010,3,30,2024-02-04 03:30:00
1038,2024,2,4,0400,27,26,94.3,0,7000.0,NO,1010,4,0,2024-02-04 04:00:00
1039,2024,2,4,0430,26,26,100.0,3,7000.0,NO,1011,4,30,2024-02-04 04:30:00
1040,2024,2,4,0500,27,26,94.3,2,7000.0,NO,1011,5,0,2024-02-04 05:00:00
1041,2024,2,4,0530,27,26,94.3,3,6000.0,NO,1011,5,30,2024-02-04 05:30:00
1042,2024,2,4,0600,26,26,100.0,2,3500.0,NO,1011,6,0,2024-02-04 06:00:00
1043,2024,2,4,0700,27,26,94.3,2,4000.0,NO,1012,7,0,2024-02-04 07:00:00
1044,2024,2,4,0800,29,26,83.9,3,6000.0,NO,1013,8,0,2024-02-04 08:00:00
1045,2024,2,4,0830,30,26,79.2,3,6000.0,NO,1013,8,30,2024-02-04 08:30:00
1046,2024,2,4,0900,31,26,74.8,3,6000.0,NO,1012,9,0,2024-02-04 09:00:00
1047,2024,2,4,0930,31,26,74.8,3,6000.0,NO,1012,9,30,2024-02-04 09:30:00
1048,2024,2,4,1000,33,26,66.8,3,6000.0,NO,1012,10,0,2024-02-04 10:00:00
1049,2024,2,4,1030,31,26,74.8,2,6000.0,NO,1011,10,30,2024-02-04 10:30:00
1050,2024,2,4,1100,32,26,70.6,2,6000.0,NO,1011,11,0,2024-02-04 11:00:00
1051,2024,2,4,1130,33,26,66.8,2,6000.0,NO,1010,11,30,2024-02-04 11:30:00
1052,2024,2,4,1200,34,26,63.1,2,6000.0,NO,1010,12,0,2024-02-04 12:00:00
1053,2024,2,4,1230,34,26,63.1,3,6000.0,NO,1009,12,30,2024-02-04 12:30:00
1054,2024,2,4,1300,34,26,63.1,2,6000.0,NO,1009,13,0,2024-02-04 13:00:00
1055,2024,2,4,1600,32,26,70.6,4,6000.0,NO,1007,16,0,2024-02-04 16:00:00
1056,2024,2,4,1630,31,26,74.8,3,6000.0,NO,1007,16,30,2024-02-04 16:30:00
1057,2024,2,4,1700,31,27,79.3,3,6000.0,NO,1008,17,0,2024-02-04 17:00:00
1058,2024,2,4,1800,30,27,84.0,2,6000.0,NO,1009,18,0,2024-02-04 18:00:00
1059,2024,2,4,1830,29,27,89.0,1,6000.0,NO,1009,18,30,2024-02-04 18:30:00
1060,2024,2,4,1900,29,26,83.9,0,6000.0,NO,1010,19,0,2024-02-04 19:00:00
1061,2024,2,4,2000,29,26,83.9,1,6000.0,NO,1011,20,0,2024-02-04 20:00:00
1062,2024,2,4,2030,29,26,83.9,0,6000.0,NO,1011,20,30,2024-02-04 20:30:00
1063,2024,2,4,2130,28,26,88.9,0,6000.0,NO,1012,21,30,2024-02-04 21:30:00
1064,2024,2,4,2200,27,26,94.3,0,6000.0,NO,1012,22,0,2024-02-04 22:00:00
1065,2024,2,4,2230,27,26,94.3,0,6000.0,NO,1012,22,30,2024-02-04 22:30:00
1066,2024,2,4,2300,27,26,94.3,1,6000.0,NO,1013,23,0,2024-02-04 23:00:00
1067,2024,2,4,2330,27,26,94.3,0,6000.0,NO,1012,23,30,2024-02-04 23:30:00
1068,2024,2,5,0000,27,26,94.3,0,6000.0,NO,1012,0,0,2024-02-05 00:00:00
1069,2024,2,5,0100,27,26,94.3,0,6000.0,NO,1012,1,0,2024-02-05 01:00:00
1070,2024,2,5,0130,27,26,94.3,0,6000.0,NO,1012,1,30,2024-02-05 01:30:00
1071,2024,2,5,0200,27,26,94.3,1,6000.0,NO,1012,2,0,2024-02-05 02:00:00
1072,2024,2,5,0230,27,26,94.3,2,6000.0,NO,1011,2,30,2024-02-05 02:30:00
1073,2024,2,5,0300,27,25,88.8,2,6000.0,NO,1011,3,0,2024-02-05 03:00:00
1074,2024,2,5,0330,26,25,94.2,0,6000.0,NO,1011,3,30,2024-02-05 03:30:00
1075,2024,2,5,0400,26,25,94.2,0,6000.0,NO,1012,4,0,2024-02-05 04:00:00
1076,2024,2,5,0430,26,25,94.2,1,6000.0,NO,1012,4,30,2024-02-05 04:30:00
1077,2024,2,5,0500,26,25,94.2,0,6000.0,NO,1012,5,0,2024-02-05 05:00:00
1078,2024,2,5,0600,26,24,88.7,2,1800.0,NO,1013,6,0,2024-02-05 06:00:00
1079,2024,2,5,0700,26,24,88.7,1,1800.0,NO,1014,7,0,2024-02-05 07:00:00
1080,2024,2,5,0730,27,25,88.8,1,1800.0,NO,1014,7,30,2024-02-05 07:30:00
1081,2024,2,5,0800,29,23,70.1,2,1800.0,NO,1014,8,0,2024-02-05 08:00:00
1082,2024,2,5,0830,31,23,62.5,4,1800.0,NO,1014,8,30,2024-02-05 08:30:00
1083,2024,2,5,0900,32,23,59.0,4,1800.0,NO,1015,9,0,2024-02-05 09:00:00
1084,2024,2,5,1000,33,23,55.8,4,1800.0,NO,1014,10,0,2024-02-05 10:00:00
1085,2024,2,5,1030,34,24,56.0,4,1800.0,NO,1014,10,30,2024-02-05 10:30:00
1086,2024,2,5,1100,33,24,59.2,3,1800.0,NO,1013,11,0,2024-02-05 11:00:00
1087,2024,2,5,1130,34,25,59.5,3,1800.0,NO,1013,11,30,2024-02-05 11:30:00
1088,2024,2,5,1200,34,25,59.5,3,1800.0,NO,1013,12,0,2024-02-05 12:00:00
1089,2024,2,5,1300,34,25,59.5,3,1800.0,NO,1011,13,0,2024-02-05 13:00:00
1090,2024,2,5,1330,34,24,56.0,3,2000.0,NO,1010,13,30,2024-02-05 13:30:00
1091,2024,2,5,1400,34,24,56.0,3,2000.0,NO,1010,14,0,2024-02-05 14:00:00
1092,2024,2,5,1430,34,24,56.0,3,2000.0,NO,1010,14,30,2024-02-05 14:30:00
1093,2024,2,5,1500,34,25,59.5,3,2000.0,NO,1009,15,0,2024-02-05 15:00:00
1094,2024,2,5,1530,33,25,62.9,3,2500.0,NO,1009,15,30,2024-02-05 15:30:00
1095,2024,2,5,1600,32,26,70.6,3,2500.0,NO,1009,16,0,2024-02-05 16:00:00
1096,2024,2,5,1630,31,26,74.8,4,2500.0,NO,1010,16,30,2024-02-05 16:30:00
1097,2024,2,5,1700,31,25,70.4,3,2500.0,NO,1010,17,0,2024-02-05 17:00:00
1098,2024,2,5,1900,29,26,83.9,3,4000.0,NO,1013,19,0,2024-02-05 19:00:00
1099,2024,2,5,1930,29,26,83.9,0,6000.0,NO,1013,19,30,2024-02-05 19:30:00
1100,2024,2,5,2100,28,26,88.9,0,6000.0,NO,1014,21,0,2024-02-05 21:00:00
1101,2024,2,5,2130,28,27,94.3,1,6000.0,NO,1014,21,30,2024-02-05 21:30:00
1102,2024,2,5,2200,28,26,88.9,0,6000.0,NO,1014,22,0,2024-02-05 22:00:00
1103,2024,2,5,2330,27,25,88.8,0,6000.0,NO,1013,23,30,2024-02-05 23:30:00
1104,2024,2,6,0000,26,25,94.2,0,6000.0,NO,1013,0,0,2024-02-06 00:00:00
1105,2024,2,6,0100,26,25,94.2,0,6000.0,NO,1012,1,0,2024-02-06 01:00:00
1106,2024,2,6,0130,26,25,94.2,0,6000.0,NO,1012,1,30,2024-02-06 01:30:00
1107,2024,2,6,0200,26,25,94.2,0,6000.0,NO,1012,2,0,2024-02-06 02:00:00
1108,2024,2,6,0230,26,25,94.2,0,6000.0,NO,1012,2,30,2024-02-06 02:30:00
1109,2024,2,6,0300,26,25,94.2,0,6000.0,NO,1012,3,0,2024-02-06 03:00:00
1110,2024,2,6,0330,26,25,94.2,0,6000.0,NO,1012,3,30,2024-02-06 03:30:00
1111,2024,2,6,0400,26,24,88.7,3,6000.0,NO,1012,4,0,2024-02-06 04:00:00
1112,2024,2,6,0500,26,24,88.7,3,6000.0,NO,1012,5,0,2024-02-06 05:00:00
1113,2024,2,6,0600,27,24,83.7,3,1800.0,NO,1013,6,0,2024-02-06 06:00:00
1114,2024,2,6,0630,28,24,78.9,1,1800.0,NO,1014,6,30,2024-02-06 06:30:00
1115,2024,2,6,0700,29,24,74.4,2,1800.0,NO,1014,7,0,2024-02-06 07:00:00
1116,2024,2,6,0730,30,24,70.3,3,2000.0,NO,1014,7,30,2024-02-06 07:30:00
1117,2024,2,6,0800,31,24,66.4,4,2000.0,NO,1015,8,0,2024-02-06 08:00:00
1118,2024,2,6,0900,33,24,59.2,2,2200.0,NO,1015,9,0,2024-02-06 09:00:00
1119,2024,2,6,0930,33,25,62.9,2,2500.0,NO,1014,9,30,2024-02-06 09:30:00
1120,2024,2,6,1000,33,24,59.2,3,2500.0,NO,1014,10,0,2024-02-06 10:00:00
1121,2024,2,6,1100,34,24,56.0,2,2500.0,NO,1013,11,0,2024-02-06 11:00:00
1122,2024,2,6,1130,33,24,59.2,2,2500.0,NO,1012,11,30,2024-02-06 11:30:00
1123,2024,2,6,1200,35,25,56.2,3,3500.0,NO,1011,12,0,2024-02-06 12:00:00
1124,2024,2,6,1230,35,25,56.2,3,3500.0,NO,1011,12,30,2024-02-06 12:30:00
1125,2024,2,6,1300,35,26,59.7,3,3500.0,NO,1010,13,0,2024-02-06 13:00:00
1126,2024,2,6,1330,36,25,53.2,3,3500.0,NO,1010,13,30,2024-02-06 13:30:00
1127,2024,2,6,1400,36,25,53.2,4,4000.0,NO,1009,14,0,2024-02-06 14:00:00
1128,2024,2,6,1430,35,26,59.7,4,4000.0,NO,1009,14,30,2024-02-06 14:30:00
1129,2024,2,6,1500,33,25,62.9,4,4000.0,NO,1009,15,0,2024-02-06 15:00:00
1130,2024,2,6,1530,33,26,66.8,4,4000.0,NO,1008,15,30,2024-02-06 15:30:00
1131,2024,2,6,1600,32,26,70.6,4,4500.0,NO,1008,16,0,2024-02-06 16:00:00
1132,2024,2,6,1630,32,26,70.6,3,4500.0,NO,1009,16,30,2024-02-06 16:30:00
1133,2024,2,6,1700,31,26,74.8,3,6000.0,NO,1009,17,0,2024-02-06 17:00:00
1134,2024,2,6,1730,30,26,79.2,2,6000.0,NO,1010,17,30,2024-02-06 17:30:00
1135,2024,2,6,1800,30,26,79.2,2,6000.0,NO,1010,18,0,2024-02-06 18:00:00
1136,2024,2,6,1830,29,26,83.9,1,6000.0,NO,1011,18,30,2024-02-06 18:30:00
1137,2024,2,6,1900,29,26,83.9,1,6000.0,NO,1011,19,0,2024-02-06 19:00:00
1138,2024,2,6,2030,28,26,88.9,0,8000.0,NO,1012,20,30,2024-02-06 20:30:00
1139,2024,2,6,2100,28,26,88.9,0,8000.0,NO,1013,21,0,2024-02-06 21:00:00
1140,2024,2,6,2130,27,26,94.3,0,9999.0,NO,1013,21,30,2024-02-06 21:30:00
1141,2024,2,6,2200,27,26,94.3,0,9999.0,NO,1013,22,0,2024-02-06 22:00:00
1142,2024,2,6,2300,28,26,88.9,2,9999.0,NO,1013,23,0,2024-02-06 23:00:00
1143,2024,2,7,0000,28,26,88.9,2,9999.0,NO,1013,0,0,2024-02-07 00:00:00
1144,2024,2,7,0100,27,26,94.3,0,8000.0,NO,1012,1,0,2024-02-07 01:00:00
1145,2024,2,7,0130,26,26,100.0,0,8000.0,NO,1012,1,30,2024-02-07 01:30:00
1146,2024,2,7,0200,26,26,100.0,0,8000.0,NO,1012,2,0,2024-02-07 02:00:00
1147,2024,2,7,0230,26,26,100.0,0,7000.0,NO,1012,2,30,2024-02-07 02:30:00
1148,2024,2,7,0300,26,26,100.0,0,7000.0,NO,1011,3,0,2024-02-07 03:00:00
1149,2024,2,7,0330,26,26,100.0,0,2000.0,NO,1012,3,30,2024-02-07 03:30:00
1150,2024,2,7,0400,26,26,100.0,0,2000.0,NO,1012,4,0,2024-02-07 04:00:00
1151,2024,2,7,0430,27,26,94.3,2,2000.0,NO,1012,4,30,2024-02-07 04:30:00
1152,2024,2,7,0500,27,26,94.3,2,2500.0,NO,1012,5,0,2024-02-07 05:00:00
1153,2024,2,7,0530,27,26,94.3,3,1400.0,NO,1013,5,30,2024-02-07 05:30:00
1154,2024,2,7,0600,27,26,94.3,3,1400.0,NO,1013,6,0,2024-02-07 06:00:00
1155,2024,2,7,0630,28,26,88.9,4,1400.0,NO,1013,6,30,2024-02-07 06:30:00
1156,2024,2,7,0700,28,26,88.9,4,1400.0,NO,1014,7,0,2024-02-07 07:00:00
1157,2024,2,7,0800,30,26,79.2,4,2000.0,NO,1014,8,0,2024-02-07 08:00:00
1158,2024,2,7,0900,32,26,70.6,3,3500.0,NO,1014,9,0,2024-02-07 09:00:00
1159,2024,2,7,0930,32,26,70.6,3,3500.0,NO,1014,9,30,2024-02-07 09:30:00
1160,2024,2,7,1000,33,25,62.9,3,3500.0,NO,1013,10,0,2024-02-07 10:00:00
1161,2024,2,7,1030,34,25,59.5,4,3500.0,NO,1013,10,30,2024-02-07 10:30:00
1162,2024,2,7,1100,34,25,59.5,3,3500.0,NO,1012,11,0,2024-02-07 11:00:00
1163,2024,2,7,1200,35,25,56.2,3,4000.0,NO,1011,12,0,2024-02-07 12:00:00
1164,2024,2,7,1300,34,26,63.1,3,4000.0,NO,1010,13,0,2024-02-07 13:00:00
1165,2024,2,7,1330,34,26,63.1,3,4000.0,NO,1009,13,30,2024-02-07 13:30:00
1166,2024,2,7,1400,35,26,59.7,3,4000.0,NO,1008,14,0,2024-02-07 14:00:00
1167,2024,2,7,1430,34,26,63.1,4,4000.0,NO,1008,14,30,2024-02-07 14:30:00
1168,2024,2,7,1530,33,26,66.8,4,6000.0,NO,1008,15,30,2024-02-07 15:30:00
1169,2024,2,7,1600,32,27,74.9,4,6000.0,NO,1008,16,0,2024-02-07 16:00:00
1170,2024,2,7,1630,32,27,74.9,4,6000.0,NO,1008,16,30,2024-02-07 16:30:00
1171,2024,2,7,1700,31,26,74.8,3,6000.0,NO,1008,17,0,2024-02-07 17:00:00
1172,2024,2,7,2000,29,26,83.9,1,6000.0,NO,1011,20,0,2024-02-07 20:00:00
1173,2024,2,7,2100,28,26,88.9,0,7000.0,NO,1012,21,0,2024-02-07 21:00:00
1174,2024,2,7,2130,28,26,88.9,0,7000.0,NO,1012,21,30,2024-02-07 21:30:00
1175,2024,2,7,2200,27,26,94.3,0,7000.0,NO,1012,22,0,2024-02-07 22:00:00
1176,2024,2,7,2230,27,26,94.3,0,7000.0,NO,1012,22,30,2024-02-07 22:30:00
1177,2024,2,8,0000,28,26,88.9,0,7000.0,NO,1012,0,0,2024-02-08 00:00:00
1178,2024,2,8,0030,27,26,94.3,0,7000.0,NO,1012,0,30,2024-02-08 00:30:00
1179,2024,2,8,0100,27,26,94.3,0,7000.0,NO,1011,1,0,2024-02-08 01:00:00
1180,2024,2,8,0200,27,26,94.3,1,7000.0,NO,1011,2,0,2024-02-08 02:00:00
1181,2024,2,8,0230,26,25,94.2,1,7000.0,NO,1011,2,30,2024-02-08 02:30:00
1182,2024,2,8,0300,26,25,94.2,0,7000.0,NO,1011,3,0,2024-02-08 03:00:00
1183,2024,2,8,0330,26,26,100.0,0,7000.0,NO,1011,3,30,2024-02-08 03:30:00
1184,2024,2,8,0400,26,26,100.0,0,7000.0,NO,1011,4,0,2024-02-08 04:00:00
1185,2024,2,8,0500,26,26,100.0,0,6000.0,NO,1012,5,0,2024-02-08 05:00:00
1186,2024,2,8,0600,26,26,100.0,2,1600.0,NO,1012,6,0,2024-02-08 06:00:00
1187,2024,2,8,0630,27,26,94.3,3,1600.0,NO,1013,6,30,2024-02-08 06:30:00
1188,2024,2,8,0700,27,26,94.3,1,1600.0,NO,1013,7,0,2024-02-08 07:00:00
1189,2024,2,8,0730,29,26,83.9,2,1600.0,NO,1013,7,30,2024-02-08 07:30:00
1190,2024,2,8,0800,30,26,79.2,3,1800.0,NO,1014,8,0,2024-02-08 08:00:00
1191,2024,2,8,0830,31,26,74.8,2,2000.0,NO,1014,8,30,2024-02-08 08:30:00
1192,2024,2,8,0900,32,26,70.6,2,2000.0,NO,1014,9,0,2024-02-08 09:00:00
1193,2024,2,8,0930,32,24,62.7,2,2000.0,NO,1014,9,30,2024-02-08 09:30:00
1194,2024,2,8,1000,33,24,59.2,2,2000.0,NO,1013,10,0,2024-02-08 10:00:00
1195,2024,2,8,1030,34,24,56.0,3,2500.0,NO,1013,10,30,2024-02-08 10:30:00
1196,2024,2,8,1100,34,24,56.0,3,2500.0,NO,1012,11,0,2024-02-08 11:00:00
1197,2024,2,8,1130,35,25,56.2,3,2500.0,NO,1011,11,30,2024-02-08 11:30:00
1198,2024,2,8,1200,34,23,52.7,5,2500.0,NO,1011,12,0,2024-02-08 12:00:00
1199,2024,2,8,1300,34,24,56.0,5,2500.0,NO,1010,13,0,2024-02-08 13:00:00
1200,2024,2,8,1330,34,25,59.5,4,2500.0,NO,1009,13,30,2024-02-08 13:30:00
1201,2024,2,8,1430,34,25,59.5,4,4000.0,NO,1008,14,30,2024-02-08 14:30:00
1202,2024,2,8,1500,33,26,66.8,4,4000.0,NO,1008,15,0,2024-02-08 15:00:00
1203,2024,2,8,1630,32,27,74.9,3,4000.0,NO,1008,16,30,2024-02-08 16:30:00
1204,2024,2,8,1700,31,27,79.3,2,,NO,1008,17,0,2024-02-08 17:00:00
1205,2024,2,8,1800,30,26,79.2,2,6000.0,NO,1009,18,0,2024-02-08 18:00:00
1206,2024,2,8,1830,29,26,83.9,2,6000.0,NO,1010,18,30,2024-02-08 18:30:00
1207,2024,2,8,1900,29,26,83.9,2,7000.0,NO,1010,19,0,2024-02-08 19:00:00
1208,2024,2,8,1930,29,27,89.0,1,7000.0,NO,1011,19,30,2024-02-08 19:30:00
1209,2024,2,8,2000,29,26,83.9,1,7000.0,NO,1011,20,0,2024-02-08 20:00:00
1210,2024,2,8,2200,28,27,94.3,0,7000.0,NO,1012,22,0,2024-02-08 22:00:00
1211,2024,2,8,2230,28,27,94.3,0,7000.0,NO,1012,22,30,2024-02-08 22:30:00
1212,2024,2,8,2300,28,27,94.3,0,7000.0,NO,1012,23,0,2024-02-08 23:00:00
1213,2024,2,9,0000,27,27,100.0,0,8000.0,NO,1012,0,0,2024-02-09 00:00:00
1214,2024,2,9,0030,28,27,94.3,0,8000.0,NO,1011,0,30,2024-02-09 00:30:00
1215,2024,2,9,0100,28,27,94.3,0,8000.0,NO,1011,1,0,2024-02-09 01:00:00
1216,2024,2,9,0130,27,27,100.0,0,6000.0,NO,1011,1,30,2024-02-09 01:30:00
1217,2024,2,9,0200,27,27,100.0,1,6000.0,NO,1011,2,0,2024-02-09 02:00:00
1218,2024,2,9,0230,27,27,100.0,0,6000.0,NO,1011,2,30,2024-02-09 02:30:00
1219,2024,2,9,0300,27,26,94.3,2,6000.0,NO,1011,3,0,2024-02-09 03:00:00
1220,2024,2,9,0330,27,26,94.3,2,6000.0,NO,1011,3,30,2024-02-09 03:30:00
1221,2024,2,9,0400,27,26,94.3,1,6000.0,NO,1011,4,0,2024-02-09 04:00:00
1222,2024,2,9,0430,26,26,100.0,2,6000.0,NO,1011,4,30,2024-02-09 04:30:00
1223,2024,2,9,0500,26,26,100.0,2,6000.0,NO,1011,5,0,2024-02-09 05:00:00
1224,2024,2,9,0600,26,26,100.0,1,1600.0,NO,1012,6,0,2024-02-09 06:00:00
1225,2024,2,9,0630,27,26,94.3,1,1600.0,NO,1012,6,30,2024-02-09 06:30:00
1226,2024,2,9,0700,28,27,94.3,2,1600.0,NO,1013,7,0,2024-02-09 07:00:00
1227,2024,2,9,0730,28,26,88.9,1,1600.0,NO,1013,7,30,2024-02-09 07:30:00
1228,2024,2,9,0800,30,25,74.6,2,2000.0,NO,1013,8,0,2024-02-09 08:00:00
1229,2024,2,9,0830,31,26,74.8,2,2500.0,NO,1014,8,30,2024-02-09 08:30:00
1230,2024,2,9,0900,32,26,70.6,2,2500.0,NO,1013,9,0,2024-02-09 09:00:00
1231,2024,2,9,0930,32,25,66.6,2,2500.0,NO,1013,9,30,2024-02-09 09:30:00
1232,2024,2,9,1000,33,25,62.9,2,2500.0,NO,1013,10,0,2024-02-09 10:00:00
1233,2024,2,9,1030,33,25,62.9,3,2500.0,NO,1013,10,30,2024-02-09 10:30:00
1234,2024,2,9,1100,34,25,59.5,2,2500.0,NO,1012,11,0,2024-02-09 11:00:00
1235,2024,2,9,1130,34,25,59.5,2,2500.0,NO,1012,11,30,2024-02-09 11:30:00
1236,2024,2,9,1200,34,26,63.1,3,2500.0,NO,1011,12,0,2024-02-09 12:00:00
1237,2024,2,9,1300,34,26,63.1,4,2800.0,NO,1010,13,0,2024-02-09 13:00:00
1238,2024,2,9,1330,34,26,63.1,4,4000.0,NO,1010,13,30,2024-02-09 13:30:00
1239,2024,2,9,1400,34,26,63.1,4,4500.0,NO,1009,14,0,2024-02-09 14:00:00
1240,2024,2,9,1430,33,26,66.8,4,4500.0,NO,1009,14,30,2024-02-09 14:30:00
1241,2024,2,9,1500,33,27,70.8,4,6000.0,NO,1009,15,0,2024-02-09 15:00:00
1242,2024,2,9,1630,31,27,79.3,3,6000.0,NO,1009,16,30,2024-02-09 16:30:00
1243,2024,2,9,1700,31,27,79.3,3,6000.0,NO,1009,17,0,2024-02-09 17:00:00
1244,2024,2,9,1730,30,27,84.0,2,6000.0,NO,1010,17,30,2024-02-09 17:30:00
1245,2024,2,9,1800,30,27,84.0,2,7000.0,NO,1010,18,0,2024-02-09 18:00:00
1246,2024,2,9,1830,29,26,83.9,0,6000.0,NO,1010,18,30,2024-02-09 18:30:00
1247,2024,2,9,1900,29,27,89.0,0,6000.0,NO,1010,19,0,2024-02-09 19:00:00
1248,2024,2,9,2000,28,27,94.3,0,6000.0,NO,1011,20,0,2024-02-09 20:00:00
1249,2024,2,9,2030,28,27,94.3,0,6000.0,NO,1012,20,30,2024-02-09 20:30:00
1250,2024,2,9,2100,29,27,89.0,2,6000.0,NO,1012,21,0,2024-02-09 21:00:00
1251,2024,2,9,2200,28,27,94.3,0,6000.0,NO,1012,22,0,2024-02-09 22:00:00
1252,2024,2,9,2230,28,27,94.3,0,6000.0,NO,1012,22,30,2024-02-09 22:30:00
1253,2024,2,10,0000,28,27,94.3,0,6000.0,YES,1012,0,0,2024-02-10 00:00:00
1254,2024,2,10,0100,28,27,94.3,1,9999.0,NO,1011,1,0,2024-02-10 01:00:00
1255,2024,2,10,0130,28,27,94.3,2,9999.0,NO,1011,1,30,2024-02-10 01:30:00
1256,2024,2,10,0200,28,27,94.3,2,9999.0,NO,1011,2,0,2024-02-10 02:00:00
1257,2024,2,10,0300,27,27,100.0,2,9999.0,NO,1011,3,0,2024-02-10 03:00:00
1258,2024,2,10,0400,27,27,100.0,1,9999.0,NO,1011,4,0,2024-02-10 04:00:00
1259,2024,2,10,0500,27,27,100.0,1,9999.0,NO,1011,5,0,2024-02-10 05:00:00
1260,2024,2,10,0530,27,26,94.3,2,6000.0,NO,1011,5,30,2024-02-10 05:30:00
1261,2024,2,10,0600,27,27,100.0,3,2500.0,NO,1012,6,0,2024-02-10 06:00:00
1262,2024,2,10,0630,27,27,100.0,3,2200.0,NO,1012,6,30,2024-02-10 06:30:00
1263,2024,2,10,0700,28,27,94.3,4,2500.0,NO,1013,7,0,2024-02-10 07:00:00
1264,2024,2,10,0730,28,27,94.3,4,3500.0,NO,1013,7,30,2024-02-10 07:30:00
1265,2024,2,10,0800,28,27,94.3,4,3500.0,NO,1014,8,0,2024-02-10 08:00:00
1266,2024,2,10,0830,28,27,94.3,4,4000.0,NO,1014,8,30,2024-02-10 08:30:00
1267,2024,2,10,0900,30,27,84.0,2,4500.0,NO,1013,9,0,2024-02-10 09:00:00
1268,2024,2,10,1000,31,27,79.3,2,6000.0,NO,1013,10,0,2024-02-10 10:00:00
1269,2024,2,10,1030,32,26,70.6,2,6000.0,NO,1012,10,30,2024-02-10 10:30:00
1270,2024,2,10,1100,33,26,66.8,3,6000.0,NO,1012,11,0,2024-02-10 11:00:00
1271,2024,2,10,1200,34,26,63.1,3,7000.0,NO,1011,12,0,2024-02-10 12:00:00
1272,2024,2,10,1230,34,26,63.1,4,8000.0,NO,1010,12,30,2024-02-10 12:30:00
1273,2024,2,10,1300,34,27,66.9,4,8000.0,NO,1009,13,0,2024-02-10 13:00:00
1274,2024,2,10,1330,33,26,66.8,4,8000.0,NO,1009,13,30,2024-02-10 13:30:00
1275,2024,2,10,1400,32,26,70.6,4,8000.0,NO,1009,14,0,2024-02-10 14:00:00
1276,2024,2,10,1430,32,26,70.6,3,8000.0,NO,1008,14,30,2024-02-10 14:30:00
1277,2024,2,10,1500,32,26,70.6,4,8000.0,NO,1008,15,0,2024-02-10 15:00:00
1278,2024,2,10,1530,32,26,70.6,4,8000.0,NO,1008,15,30,2024-02-10 15:30:00
1279,2024,2,10,1600,31,26,74.8,3,8000.0,NO,1009,16,0,2024-02-10 16:00:00
1280,2024,2,10,1630,30,26,79.2,3,8000.0,NO,1009,16,30,2024-02-10 16:30:00
1281,2024,2,10,1700,30,26,79.2,2,7000.0,NO,1009,17,0,2024-02-10 17:00:00
1282,2024,2,10,1730,30,26,79.2,2,7000.0,NO,1009,17,30,2024-02-10 17:30:00
1283,2024,2,10,1800,29,26,83.9,2,7000.0,NO,1009,18,0,2024-02-10 18:00:00
1284,2024,2,10,1900,29,26,83.9,2,8000.0,NO,1010,19,0,2024-02-10 19:00:00
1285,2024,2,10,1930,29,26,83.9,2,9999.0,NO,1011,19,30,2024-02-10 19:30:00
1286,2024,2,10,2000,29,26,83.9,1,9999.0,NO,1011,20,0,2024-02-10 20:00:00
1287,2024,2,10,2030,29,26,83.9,0,9999.0,NO,1011,20,30,2024-02-10 20:30:00
1288,2024,2,10,2100,29,27,89.0,1,9999.0,NO,1012,21,0,2024-02-10 21:00:00
1289,2024,2,10,2130,28,27,94.3,0,9999.0,NO,1012,21,30,2024-02-10 21:30:00
1290,2024,2,10,2200,28,26,88.9,1,9999.0,NO,1012,22,0,2024-02-10 22:00:00
1291,2024,2,10,2330,27,26,94.3,1,9999.0,NO,1012,23,30,2024-02-10 23:30:00
1292,2024,2,11,0000,27,26,94.3,1,9999.0,NO,1011,0,0,2024-02-11 00:00:00
1293,2024,2,11,0030,27,26,94.3,2,9999.0,NO,1011,0,30,2024-02-11 00:30:00
1294,2024,2,11,0100,27,26,94.3,2,7000.0,NO,1011,1,0,2024-02-11 01:00:00
1295,2024,2,11,0130,27,26,94.3,1,7000.0,NO,1010,1,30,2024-02-11 01:30:00
1296,2024,2,11,0200,27,26,94.3,0,7000.0,NO,1010,2,0,2024-02-11 02:00:00
1297,2024,2,11,0230,27,26,94.3,0,6000.0,NO,1010,2,30,2024-02-11 02:30:00
1298,2024,2,11,0300,27,26,94.3,1,6000.0,NO,1010,3,0,2024-02-11 03:00:00
1299,2024,2,11,0330,27,26,94.3,0,6000.0,NO,1010,3,30,2024-02-11 03:30:00
1300,2024,2,11,0400,27,26,94.3,0,6000.0,NO,1010,4,0,2024-02-11 04:00:00
1301,2024,2,11,0430,26,26,100.0,1,2500.0,NO,1011,4,30,2024-02-11 04:30:00
1302,2024,2,11,0500,27,26,94.3,1,2800.0,NO,1011,5,0,2024-02-11 05:00:00
1303,2024,2,11,0530,27,26,94.3,1,4000.0,NO,1011,5,30,2024-02-11 05:30:00
1304,2024,2,11,0600,27,26,94.3,0,3500.0,NO,1011,6,0,2024-02-11 06:00:00
1305,2024,2,11,0630,27,26,94.3,1,3500.0,NO,1011,6,30,2024-02-11 06:30:00
1306,2024,2,11,0700,28,26,88.9,2,2500.0,NO,1012,7,0,2024-02-11 07:00:00
1307,2024,2,11,0730,29,26,83.9,3,2500.0,NO,1012,7,30,2024-02-11 07:30:00
1308,2024,2,11,0800,30,26,79.2,2,2500.0,NO,1012,8,0,2024-02-11 08:00:00
1309,2024,2,11,0830,31,26,74.8,2,4000.0,NO,1012,8,30,2024-02-11 08:30:00
1310,2024,2,11,0900,31,27,79.3,2,4000.0,NO,1012,9,0,2024-02-11 09:00:00
1311,2024,2,11,1000,32,26,70.6,2,6000.0,NO,1012,10,0,2024-02-11 10:00:00
1312,2024,2,11,1030,33,26,66.8,2,7000.0,NO,1012,10,30,2024-02-11 10:30:00
1313,2024,2,11,1100,34,26,63.1,2,7000.0,NO,1011,11,0,2024-02-11 11:00:00
1314,2024,2,11,1200,34,27,66.9,3,7000.0,NO,1010,12,0,2024-02-11 12:00:00
1315,2024,2,11,1330,35,26,59.7,4,7000.0,NO,1008,13,30,2024-02-11 13:30:00
1316,2024,2,11,1400,34,26,63.1,4,7000.0,NO,1008,14,0,2024-02-11 14:00:00
1317,2024,2,11,1430,34,27,66.9,4,8000.0,NO,1008,14,30,2024-02-11 14:30:00
1318,2024,2,11,1500,34,27,66.9,4,8000.0,NO,1007,15,0,2024-02-11 15:00:00
1319,2024,2,11,1530,33,27,70.8,4,8000.0,NO,1007,15,30,2024-02-11 15:30:00
1320,2024,2,11,1600,33,27,70.8,4,8000.0,NO,1008,16,0,2024-02-11 16:00:00
1321,2024,2,11,1630,32,27,74.9,3,8000.0,NO,1008,16,30,2024-02-11 16:30:00
1322,2024,2,11,1700,31,27,79.3,3,8000.0,NO,1008,17,0,2024-02-11 17:00:00
1323,2024,2,11,1730,31,27,79.3,3,8000.0,NO,1008,17,30,2024-02-11 17:30:00
1324,2024,2,11,1800,30,27,84.0,2,8000.0,NO,1009,18,0,2024-02-11 18:00:00
1325,2024,2,11,1830,30,27,84.0,2,,NO,1009,18,30,2024-02-11 18:30:00
1326,2024,2,11,1900,29,27,89.0,2,,NO,1009,19,0,2024-02-11 19:00:00
1327,2024,2,11,1930,29,27,89.0,2,,NO,1010,19,30,2024-02-11 19:30:00
1328,2024,2,11,2000,29,27,89.0,1,,NO,1010,20,0,2024-02-11 20:00:00
1329,2024,2,11,2030,28,27,94.3,0,,NO,1010,20,30,2024-02-11 20:30:00
1330,2024,2,11,2100,28,27,94.3,0,8000.0,NO,1011,21,0,2024-02-11 21:00:00
1331,2024,2,11,2130,28,27,94.3,0,8000.0,NO,1011,21,30,2024-02-11 21:30:00
1332,2024,2,11,2200,28,27,94.3,0,8000.0,NO,1011,22,0,2024-02-11 22:00:00
1333,2024,2,11,2300,28,27,94.3,0,8000.0,NO,1011,23,0,2024-02-11 23:00:00
1334,2024,2,11,2330,28,27,94.3,1,8000.0,NO,1011,23,30,2024-02-11 23:30:00
1335,2024,2,12,0000,28,27,94.3,0,8000.0,NO,1010,0,0,2024-02-12 00:00:00
1336,2024,2,12,0030,27,27,100.0,0,9999.0,NO,1010,0,30,2024-02-12 00:30:00
1337,2024,2,12,0100,28,27,94.3,1,9999.0,NO,1009,1,0,2024-02-12 01:00:00
1338,2024,2,12,0200,28,27,94.3,1,9999.0,NO,1009,2,0,2024-02-12 02:00:00
1339,2024,2,12,0300,27,27,100.0,2,8000.0,NO,1009,3,0,2024-02-12 03:00:00
1340,2024,2,12,0400,27,27,100.0,2,7000.0,NO,1010,4,0,2024-02-12 04:00:00
1341,2024,2,12,0500,27,27,100.0,0,6000.0,NO,1010,5,0,2024-02-12 05:00:00
1342,2024,2,12,0600,27,27,100.0,0,2500.0,NO,1010,6,0,2024-02-12 06:00:00
1343,2024,2,12,0700,28,27,94.3,0,1600.0,NO,1011,7,0,2024-02-12 07:00:00
1344,2024,2,12,0800,31,27,79.3,3,2000.0,NO,1012,8,0,2024-02-12 08:00:00
1345,2024,2,12,0830,32,27,74.9,4,4000.0,NO,1012,8,30,2024-02-12 08:30:00
1346,2024,2,12,0900,32,27,74.9,2,4000.0,NO,1012,9,0,2024-02-12 09:00:00
1347,2024,2,12,1000,33,27,70.8,3,6000.0,NO,1012,10,0,2024-02-12 10:00:00
1348,2024,2,12,1030,33,27,70.8,2,6000.0,NO,1011,10,30,2024-02-12 10:30:00
1349,2024,2,12,1100,33,26,66.8,4,6000.0,NO,1011,11,0,2024-02-12 11:00:00
1350,2024,2,12,1130,35,27,63.3,3,6000.0,NO,1010,11,30,2024-02-12 11:30:00
1351,2024,2,12,1200,36,27,59.9,3,6000.0,NO,1009,12,0,2024-02-12 12:00:00
1352,2024,2,12,1230,36,27,59.9,3,6000.0,NO,1009,12,30,2024-02-12 12:30:00
1353,2024,2,12,1300,35,27,63.3,4,8000.0,NO,1008,13,0,2024-02-12 13:00:00
1354,2024,2,12,1400,36,28,63.5,4,8000.0,NO,1007,14,0,2024-02-12 14:00:00
1355,2024,2,12,1530,33,27,70.8,4,8000.0,NO,1007,15,30,2024-02-12 15:30:00
1356,2024,2,12,1600,33,27,70.8,6,,NO,1007,16,0,2024-02-12 16:00:00
1357,2024,2,12,1630,32,27,74.9,4,,NO,1007,16,30,2024-02-12 16:30:00
1358,2024,2,12,1700,31,27,79.3,4,,NO,1007,17,0,2024-02-12 17:00:00
1359,2024,2,12,1730,31,27,79.3,4,,NO,1007,17,30,2024-02-12 17:30:00
1360,2024,2,12,2030,30,27,84.0,1,,NO,1010,20,30,2024-02-12 20:30:00
1361,2024,2,12,2100,29,27,89.0,0,9999.0,NO,1010,21,0,2024-02-12 21:00:00
1362,2024,2,12,2300,28,27,94.3,3,9999.0,NO,1010,23,0,2024-02-12 23:00:00
1363,2024,2,12,2330,28,27,94.3,2,9999.0,NO,1010,23,30,2024-02-12 23:30:00
1364,2024,2,13,0000,28,27,94.3,2,9999.0,NO,1010,0,0,2024-02-13 00:00:00
1365,2024,2,13,0030,28,27,94.3,2,9999.0,NO,1010,0,30,2024-02-13 00:30:00
1366,2024,2,13,0100,28,27,94.3,3,9999.0,NO,1010,1,0,2024-02-13 01:00:00
1367,2024,2,13,0200,28,27,94.3,2,,NO,1010,2,0,2024-02-13 02:00:00
1368,2024,2,13,0300,27,27,100.0,0,9999.0,NO,1010,3,0,2024-02-13 03:00:00
1369,2024,2,13,0330,27,27,100.0,2,9999.0,NO,1010,3,30,2024-02-13 03:30:00
1370,2024,2,13,0400,27,27,100.0,0,6000.0,NO,1010,4,0,2024-02-13 04:00:00
1371,2024,2,13,0430,27,27,100.0,0,6000.0,NO,1010,4,30,2024-02-13 04:30:00
1372,2024,2,13,0500,28,27,94.3,2,6000.0,NO,1010,5,0,2024-02-13 05:00:00
1373,2024,2,13,0600,28,27,94.3,0,1600.0,NO,1010,6,0,2024-02-13 06:00:00
1374,2024,2,13,0630,28,27,94.3,0,1800.0,NO,1011,6,30,2024-02-13 06:30:00
1375,2024,2,13,0700,28,28,100.0,0,2000.0,NO,1011,7,0,2024-02-13 07:00:00
1376,2024,2,13,0730,29,28,94.4,0,2000.0,NO,1012,7,30,2024-02-13 07:30:00
1377,2024,2,13,0800,30,27,84.0,0,2500.0,NO,1012,8,0,2024-02-13 08:00:00
1378,2024,2,13,0900,33,28,75.1,3,2500.0,NO,1012,9,0,2024-02-13 09:00:00
1379,2024,2,13,0930,32,27,74.9,2,3500.0,NO,1012,9,30,2024-02-13 09:30:00
1380,2024,2,13,1000,32,28,79.4,2,4000.0,NO,1011,10,0,2024-02-13 10:00:00
1381,2024,2,13,1100,34,28,71.0,3,6000.0,NO,1011,11,0,2024-02-13 11:00:00
1382,2024,2,13,1130,34,27,66.9,4,8000.0,NO,1010,11,30,2024-02-13 11:30:00
1383,2024,2,13,1200,34,27,66.9,4,8000.0,NO,1010,12,0,2024-02-13 12:00:00
1384,2024,2,13,1300,34,28,71.0,5,8000.0,NO,1009,13,0,2024-02-13 13:00:00
1385,2024,2,13,1330,34,28,71.0,4,8000.0,NO,1009,13,30,2024-02-13 13:30:00
1386,2024,2,13,1400,33,27,70.8,4,8000.0,NO,1009,14,0,2024-02-13 14:00:00
1387,2024,2,13,1430,33,27,70.8,4,8000.0,NO,1008,14,30,2024-02-13 14:30:00
1388,2024,2,13,1530,32,27,74.9,4,8000.0,NO,1008,15,30,2024-02-13 15:30:00
1389,2024,2,13,1700,31,27,79.3,3,8000.0,NO,1008,17,0,2024-02-13 17:00:00
1390,2024,2,13,1730,30,27,84.0,4,8000.0,NO,1009,17,30,2024-02-13 17:30:00
1391,2024,2,13,1800,30,27,84.0,2,9999.0,NO,1009,18,0,2024-02-13 18:00:00
1392,2024,2,13,1830,29,27,89.0,2,9999.0,NO,1009,18,30,2024-02-13 18:30:00
1393,2024,2,13,1900,29,27,89.0,2,9999.0,NO,1010,19,0,2024-02-13 19:00:00
1394,2024,2,13,1930,29,27,89.0,2,9999.0,NO,1010,19,30,2024-02-13 19:30:00
1395,2024,2,13,2000,29,27,89.0,1,,NO,1010,20,0,2024-02-13 20:00:00
1396,2024,2,13,2030,28,27,94.3,2,,NO,1011,20,30,2024-02-13 20:30:00
1397,2024,2,13,2200,28,27,94.3,2,9999.0,NO,1011,22,0,2024-02-13 22:00:00
1398,2024,2,13,2230,28,27,94.3,2,9999.0,NO,1011,22,30,2024-02-13 22:30:00
1399,2024,2,13,2300,28,27,94.3,1,9999.0,NO,1011,23,0,2024-02-13 23:00:00
1400,2024,2,13,2330,28,27,94.3,1,9999.0,NO,1010,23,30,2024-02-13 23:30:00
1401,2024,2,14,0000,28,27,94.3,2,9999.0,NO,1011,0,0,2024-02-14 00:00:00
1402,2024,2,14,0030,28,27,94.3,2,9999.0,NO,1011,0,30,2024-02-14 00:30:00
1403,2024,2,14,0100,28,27,94.3,2,9999.0,NO,1010,1,0,2024-02-14 01:00:00
1404,2024,2,14,0130,28,27,94.3,2,9999.0,NO,1010,1,30,2024-02-14 01:30:00
1405,2024,2,14,0200,28,27,94.3,1,9999.0,NO,1010,2,0,2024-02-14 02:00:00
1406,2024,2,14,0230,28,27,94.3,2,9999.0,NO,1010,2,30,2024-02-14 02:30:00
1407,2024,2,14,0300,28,27,94.3,3,9999.0,NO,1010,3,0,2024-02-14 03:00:00
1408,2024,2,14,0330,28,27,94.3,3,9999.0,NO,1010,3,30,2024-02-14 03:30:00
1409,2024,2,14,0400,28,27,94.3,3,6000.0,NO,1010,4,0,2024-02-14 04:00:00
1410,2024,2,14,0500,27,27,100.0,0,6000.0,NO,1011,5,0,2024-02-14 05:00:00
1411,2024,2,14,0530,27,26,94.3,0,2500.0,NO,1011,5,30,2024-02-14 05:30:00
1412,2024,2,14,0600,26,26,100.0,1,2000.0,NO,1012,6,0,2024-02-14 06:00:00
1413,2024,2,14,0630,27,27,100.0,2,2000.0,NO,1012,6,30,2024-02-14 06:30:00
1414,2024,2,14,0700,28,27,94.3,1,2000.0,NO,1013,7,0,2024-02-14 07:00:00
1415,2024,2,14,0730,29,27,89.0,2,2500.0,NO,1013,7,30,2024-02-14 07:30:00
1416,2024,2,14,0800,31,27,79.3,0,4000.0,NO,1013,8,0,2024-02-14 08:00:00
1417,2024,2,14,0900,32,27,74.9,3,6000.0,NO,1013,9,0,2024-02-14 09:00:00
1418,2024,2,14,0930,32,27,74.9,2,6000.0,NO,1013,9,30,2024-02-14 09:30:00
1419,2024,2,14,1000,33,26,66.8,3,6000.0,NO,1012,10,0,2024-02-14 10:00:00
1420,2024,2,14,1030,34,27,66.9,3,8000.0,NO,1012,10,30,2024-02-14 10:30:00
1421,2024,2,14,1100,35,28,67.1,4,8000.0,NO,1011,11,0,2024-02-14 11:00:00
1422,2024,2,14,1130,34,27,66.9,5,8000.0,NO,1011,11,30,2024-02-14 11:30:00
1423,2024,2,14,1200,35,27,63.3,4,8000.0,NO,1010,12,0,2024-02-14 12:00:00
1424,2024,2,14,1230,34,26,63.1,4,8000.0,NO,1010,12,30,2024-02-14 12:30:00
1425,2024,2,14,1300,35,26,59.7,5,8000.0,NO,1009,13,0,2024-02-14 13:00:00
1426,2024,2,14,1330,35,26,59.7,4,8000.0,NO,1009,13,30,2024-02-14 13:30:00
1427,2024,2,14,1400,34,27,66.9,5,8000.0,NO,1008,14,0,2024-02-14 14:00:00
1428,2024,2,14,1430,34,27,66.9,5,8000.0,NO,1008,14,30,2024-02-14 14:30:00
1429,2024,2,14,1530,32,27,74.9,5,9999.0,NO,1008,15,30,2024-02-14 15:30:00
1430,2024,2,14,1700,31,27,79.3,3,9999.0,NO,1008,17,0,2024-02-14 17:00:00
1431,2024,2,14,1730,31,27,79.3,3,9999.0,NO,1009,17,30,2024-02-14 17:30:00
1432,2024,2,14,1830,30,26,79.2,3,9999.0,NO,1010,18,30,2024-02-14 18:30:00
1433,2024,2,14,1900,30,27,84.0,3,9999.0,NO,1010,19,0,2024-02-14 19:00:00
1434,2024,2,14,2000,29,26,83.9,1,9999.0,NO,1011,20,0,2024-02-14 20:00:00
1435,2024,2,14,2030,29,27,89.0,1,9999.0,NO,1011,20,30,2024-02-14 20:30:00
1436,2024,2,14,2100,29,27,89.0,1,9999.0,NO,1011,21,0,2024-02-14 21:00:00
1437,2024,2,14,2130,28,27,94.3,1,9999.0,NO,1011,21,30,2024-02-14 21:30:00
1438,2024,2,14,2200,28,27,94.3,0,9999.0,NO,1011,22,0,2024-02-14 22:00:00
1439,2024,2,14,2230,28,27,94.3,0,9999.0,NO,1011,22,30,2024-02-14 22:30:00
1440,2024,2,14,2300,27,27,100.0,0,9999.0,NO,1011,23,0,2024-02-14 23:00:00
1441,2024,2,14,2330,27,27,100.0,2,9999.0,NO,1011,23,30,2024-02-14 23:30:00
1442,2024,2,15,0000,28,27,94.3,2,9999.0,NO,1011,0,0,2024-02-15 00:00:00
1443,2024,2,15,0100,28,27,94.3,2,9999.0,NO,1010,1,0,2024-02-15 01:00:00
1444,2024,2,15,0130,28,27,94.3,2,9999.0,NO,1010,1,30,2024-02-15 01:30:00
1445,2024,2,15,0200,27,26,94.3,2,9999.0,NO,1010,2,0,2024-02-15 02:00:00
1446,2024,2,15,0300,27,27,100.0,3,9999.0,NO,1010,3,0,2024-02-15 03:00:00
1447,2024,2,15,0400,28,27,94.3,3,9999.0,NO,1010,4,0,2024-02-15 04:00:00
1448,2024,2,15,0430,28,27,94.3,3,9999.0,NO,1010,4,30,2024-02-15 04:30:00
1449,2024,2,15,0500,27,26,94.3,1,9999.0,NO,1011,5,0,2024-02-15 05:00:00
1450,2024,2,15,0530,26,26,100.0,0,2500.0,NO,1011,5,30,2024-02-15 05:30:00
1451,2024,2,15,0600,26,26,100.0,0,2000.0,NO,1011,6,0,2024-02-15 06:00:00
1452,2024,2,15,0700,28,27,94.3,1,1600.0,NO,1012,7,0,2024-02-15 07:00:00
1453,2024,2,15,0730,30,27,84.0,1,1600.0,NO,1012,7,30,2024-02-15 07:30:00
1454,2024,2,15,0800,30,27,84.0,2,2500.0,NO,1012,8,0,2024-02-15 08:00:00
1455,2024,2,15,0900,32,27,74.9,4,8000.0,NO,1012,9,0,2024-02-15 09:00:00
1456,2024,2,15,1000,34,27,66.9,4,8000.0,NO,1012,10,0,2024-02-15 10:00:00
1457,2024,2,15,1030,34,26,63.1,3,8000.0,NO,1011,10,30,2024-02-15 10:30:00
1458,2024,2,15,1100,35,27,63.3,3,8000.0,NO,1011,11,0,2024-02-15 11:00:00
1459,2024,2,15,1200,36,25,53.2,3,8000.0,NO,1010,12,0,2024-02-15 12:00:00
1460,2024,2,15,1230,36,27,59.9,4,8000.0,NO,1009,12,30,2024-02-15 12:30:00
1461,2024,2,15,1300,34,26,63.1,4,8000.0,NO,1009,13,0,2024-02-15 13:00:00
1462,2024,2,15,1330,34,27,66.9,5,8000.0,NO,1008,13,30,2024-02-15 13:30:00
1463,2024,2,15,1400,34,27,66.9,5,8000.0,NO,1008,14,0,2024-02-15 14:00:00
1464,2024,2,15,1430,33,27,70.8,5,8000.0,NO,1008,14,30,2024-02-15 14:30:00
1465,2024,2,15,1500,32,27,74.9,5,8000.0,NO,1007,15,0,2024-02-15 15:00:00
1466,2024,2,15,1530,32,27,74.9,3,9999.0,NO,1007,15,30,2024-02-15 15:30:00
1467,2024,2,15,1630,31,26,74.8,4,9999.0,NO,1007,16,30,2024-02-15 16:30:00
1468,2024,2,15,1700,31,26,74.8,3,9999.0,NO,1008,17,0,2024-02-15 17:00:00
1469,2024,2,15,1830,29,26,83.9,0,9999.0,NO,1009,18,30,2024-02-15 18:30:00
1470,2024,2,15,1900,28,26,88.9,0,9999.0,NO,1009,19,0,2024-02-15 19:00:00
1471,2024,2,15,1930,28,26,88.9,0,9999.0,NO,1010,19,30,2024-02-15 19:30:00
1472,2024,2,15,2000,27,26,94.3,2,9999.0,NO,1010,20,0,2024-02-15 20:00:00
1473,2024,2,15,2030,27,26,94.3,1,9999.0,NO,1010,20,30,2024-02-15 20:30:00
1474,2024,2,15,2100,27,26,94.3,0,9999.0,NO,1011,21,0,2024-02-15 21:00:00
1475,2024,2,15,2230,27,27,100.0,0,9999.0,NO,1011,22,30,2024-02-15 22:30:00
1476,2024,2,15,2300,27,27,100.0,0,9999.0,NO,1011,23,0,2024-02-15 23:00:00
1477,2024,2,15,2330,27,27,100.0,2,9999.0,NO,1011,23,30,2024-02-15 23:30:00
1478,2024,2,16,0000,28,27,94.3,1,9999.0,NO,1011,0,0,2024-02-16 00:00:00
1479,2024,2,16,0100,28,27,94.3,0,9999.0,NO,1010,1,0,2024-02-16 01:00:00
1480,2024,2,16,0200,27,26,94.3,2,9999.0,NO,1010,2,0,2024-02-16 02:00:00
1481,2024,2,16,0230,27,26,94.3,0,9999.0,NO,1009,2,30,2024-02-16 02:30:00
1482,2024,2,16,0300,27,26,94.3,0,9999.0,NO,1009,3,0,2024-02-16 03:00:00
1483,2024,2,16,0330,26,26,100.0,1,9999.0,NO,1009,3,30,2024-02-16 03:30:00
1484,2024,2,16,0400,26,26,100.0,1,9999.0,NO,1010,4,0,2024-02-16 04:00:00
1485,2024,2,16,0430,26,26,100.0,0,9999.0,NO,1010,4,30,2024-02-16 04:30:00
1486,2024,2,16,0500,26,26,100.0,2,9999.0,NO,1010,5,0,2024-02-16 05:00:00
1487,2024,2,16,0600,27,27,100.0,3,2000.0,NO,1011,6,0,2024-02-16 06:00:00
1488,2024,2,16,0700,28,27,94.3,3,1000.0,NO,1012,7,0,2024-02-16 07:00:00
1489,2024,2,16,0730,29,27,89.0,3,2000.0,NO,1012,7,30,2024-02-16 07:30:00
1490,2024,2,16,0800,31,27,79.3,2,2000.0,NO,1012,8,0,2024-02-16 08:00:00
1491,2024,2,16,0830,31,27,79.3,2,4000.0,NO,1012,8,30,2024-02-16 08:30:00
1492,2024,2,16,0900,32,26,70.6,2,4000.0,NO,1012,9,0,2024-02-16 09:00:00
1493,2024,2,16,1000,32,26,70.6,3,4000.0,NO,1012,10,0,2024-02-16 10:00:00
1494,2024,2,16,1030,33,27,70.8,2,4000.0,NO,1012,10,30,2024-02-16 10:30:00
1495,2024,2,16,1100,33,27,70.8,3,6000.0,NO,1011,11,0,2024-02-16 11:00:00
1496,2024,2,16,1200,34,26,63.1,4,6000.0,NO,1010,12,0,2024-02-16 12:00:00
1497,2024,2,16,1300,34,26,63.1,5,8000.0,NO,1010,13,0,2024-02-16 13:00:00
1498,2024,2,16,1330,34,26,63.1,5,8000.0,NO,1010,13,30,2024-02-16 13:30:00
1499,2024,2,16,1500,33,27,70.8,5,8000.0,NO,1008,15,0,2024-02-16 15:00:00
1500,2024,2,16,1530,31,26,74.8,4,8000.0,NO,1008,15,30,2024-02-16 15:30:00
1501,2024,2,16,1630,30,26,79.2,3,8000.0,NO,1008,16,30,2024-02-16 16:30:00
1502,2024,2,16,1700,30,26,79.2,4,8000.0,NO,1008,17,0,2024-02-16 17:00:00
1503,2024,2,16,1730,30,27,84.0,2,8000.0,NO,1009,17,30,2024-02-16 17:30:00
1504,2024,2,16,1800,29,27,89.0,3,8000.0,NO,1009,18,0,2024-02-16 18:00:00
1505,2024,2,16,1830,29,27,89.0,2,8000.0,NO,1009,18,30,2024-02-16 18:30:00
1506,2024,2,16,1900,28,27,94.3,1,9999.0,NO,1010,19,0,2024-02-16 19:00:00
1507,2024,2,16,1930,28,26,88.9,1,9999.0,NO,1010,19,30,2024-02-16 19:30:00
1508,2024,2,16,2000,28,27,94.3,0,9999.0,NO,1011,20,0,2024-02-16 20:00:00
1509,2024,2,16,2100,27,26,94.3,0,9999.0,NO,1011,21,0,2024-02-16 21:00:00
1510,2024,2,16,2130,27,26,94.3,0,9999.0,NO,1011,21,30,2024-02-16 21:30:00
1511,2024,2,16,2200,27,26,94.3,1,9999.0,NO,1011,22,0,2024-02-16 22:00:00
1512,2024,2,16,2230,27,27,100.0,3,9999.0,NO,1011,22,30,2024-02-16 22:30:00
1513,2024,2,16,2300,27,27,100.0,2,9999.0,NO,1011,23,0,2024-02-16 23:00:00
1514,2024,2,16,2330,27,27,100.0,2,9999.0,NO,1011,23,30,2024-02-16 23:30:00
1515,2024,2,17,0000,27,26,94.3,2,9999.0,NO,1011,0,0,2024-02-17 00:00:00
1516,2024,2,17,0030,27,26,94.3,2,9999.0,NO,1011,0,30,2024-02-17 00:30:00
1517,2024,2,17,0100,27,26,94.3,2,9999.0,NO,1010,1,0,2024-02-17 01:00:00
1518,2024,2,17,0130,27,26,94.3,0,6000.0,NO,1010,1,30,2024-02-17 01:30:00
1519,2024,2,17,0200,26,26,100.0,0,6000.0,NO,1010,2,0,2024-02-17 02:00:00
1520,2024,2,17,0230,26,26,100.0,2,6000.0,NO,1010,2,30,2024-02-17 02:30:00
1521,2024,2,17,0300,26,26,100.0,1,6000.0,NO,1010,3,0,2024-02-17 03:00:00
1522,2024,2,17,0400,27,26,94.3,0,6000.0,NO,1010,4,0,2024-02-17 04:00:00
1523,2024,2,17,0430,27,27,100.0,0,6000.0,NO,1010,4,30,2024-02-17 04:30:00
1524,2024,2,17,0500,27,26,94.3,2,4000.0,NO,1010,5,0,2024-02-17 05:00:00
1525,2024,2,17,0600,27,26,94.3,2,1200.0,NO,1011,6,0,2024-02-17 06:00:00
1526,2024,2,17,0700,28,27,94.3,3,1800.0,NO,1012,7,0,2024-02-17 07:00:00
1527,2024,2,17,0730,29,27,89.0,3,1800.0,NO,1012,7,30,2024-02-17 07:30:00
1528,2024,2,17,0800,29,27,89.0,3,1800.0,NO,1012,8,0,2024-02-17 08:00:00
1529,2024,2,17,0900,31,27,79.3,4,1800.0,NO,1012,9,0,2024-02-17 09:00:00
1530,2024,2,17,0930,31,26,74.8,4,4000.0,NO,1012,9,30,2024-02-17 09:30:00
1531,2024,2,17,1000,31,27,79.3,2,4500.0,NO,1012,10,0,2024-02-17 10:00:00
1532,2024,2,17,1030,33,27,70.8,3,4500.0,NO,1012,10,30,2024-02-17 10:30:00
1533,2024,2,17,1100,33,27,70.8,4,6000.0,NO,1011,11,0,2024-02-17 11:00:00
1534,2024,2,17,1430,34,26,63.1,4,8000.0,NO,1008,14,30,2024-02-17 14:30:00
1535,2024,2,17,1500,34,26,63.1,4,8000.0,NO,1008,15,0,2024-02-17 15:00:00
1536,2024,2,17,1530,33,26,66.8,5,8000.0,NO,1008,15,30,2024-02-17 15:30:00
1537,2024,2,17,1600,32,26,70.6,5,9999.0,NO,1008,16,0,2024-02-17 16:00:00
1538,2024,2,17,1630,32,27,74.9,4,9999.0,NO,1008,16,30,2024-02-17 16:30:00
1539,2024,2,17,1700,31,26,74.8,4,9999.0,NO,1009,17,0,2024-02-17 17:00:00
1540,2024,2,17,1730,30,27,84.0,4,9999.0,NO,1009,17,30,2024-02-17 17:30:00
1541,2024,2,17,1930,30,27,84.0,2,9999.0,NO,1011,19,30,2024-02-17 19:30:00
1542,2024,2,17,2000,30,27,84.0,2,9999.0,NO,1011,20,0,2024-02-17 20:00:00
1543,2024,2,17,2030,30,27,84.0,1,9999.0,NO,1012,20,30,2024-02-17 20:30:00
1544,2024,2,17,2130,30,27,84.0,2,9999.0,NO,1012,21,30,2024-02-17 21:30:00
1545,2024,2,17,2200,29,27,89.0,1,9999.0,NO,1012,22,0,2024-02-17 22:00:00
1546,2024,2,17,2230,29,27,89.0,1,9999.0,NO,1012,22,30,2024-02-17 22:30:00
1547,2024,2,17,2300,29,27,89.0,0,9999.0,NO,1012,23,0,2024-02-17 23:00:00
1548,2024,2,17,2330,29,27,89.0,0,9999.0,NO,1012,23,30,2024-02-17 23:30:00
1549,2024,2,18,0000,29,27,89.0,3,9999.0,NO,1012,0,0,2024-02-18 00:00:00
1550,2024,2,18,0030,29,27,89.0,3,9999.0,YES,1012,0,30,2024-02-18 00:30:00
1551,2024,2,18,0100,29,27,89.0,3,9999.0,YES,1011,1,0,2024-02-18 01:00:00
1552,2024,2,18,0200,26,24,88.7,4,9999.0,YES,1011,2,0,2024-02-18 02:00:00
1553,2024,2,18,0300,24,23,94.1,0,9999.0,YES,1011,3,0,2024-02-18 03:00:00
1554,2024,2,18,0400,25,24,94.2,2,9999.0,NO,1010,4,0,2024-02-18 04:00:00
1555,2024,2,18,0430,25,24,94.2,2,9999.0,NO,1010,4,30,2024-02-18 04:30:00
1556,2024,2,18,0500,25,24,94.2,0,9999.0,NO,1010,5,0,2024-02-18 05:00:00
1557,2024,2,18,1000,32,27,74.9,1,6000.0,NO,1011,10,0,2024-02-18 10:00:00
1558,2024,2,18,1030,33,27,70.8,2,6000.0,NO,1010,10,30,2024-02-18 10:30:00
1559,2024,2,18,1100,33,26,66.8,2,6000.0,NO,1010,11,0,2024-02-18 11:00:00
1560,2024,2,19,0000,27,27,100.0,0,9999.0,YES,1011,0,0,2024-02-19 00:00:00
1561,2024,2,19,0100,28,27,94.3,0,9999.0,YES,1010,1,0,2024-02-19 01:00:00
1562,2024,2,19,0200,27,27,100.0,0,9999.0,YES,1009,2,0,2024-02-19 02:00:00
1563,2024,2,19,0300,27,27,100.0,1,6000.0,YES,1009,3,0,2024-02-19 03:00:00
1564,2024,2,19,0400,27,27,100.0,1,6000.0,YES,1009,4,0,2024-02-19 04:00:00
1565,2024,2,19,0500,27,27,100.0,0,6000.0,NO,1010,5,0,2024-02-19 05:00:00
1566,2024,2,19,0600,27,27,100.0,0,1800.0,NO,1011,6,0,2024-02-19 06:00:00
1567,2024,2,19,0700,28,27,94.3,2,1800.0,NO,1011,7,0,2024-02-19 07:00:00
1568,2024,2,19,0800,29,27,89.0,4,3500.0,NO,1012,8,0,2024-02-19 08:00:00
1569,2024,2,19,0900,30,27,84.0,5,8000.0,NO,1011,9,0,2024-02-19 09:00:00
1570,2024,2,19,1000,32,27,74.9,4,8000.0,NO,1011,10,0,2024-02-19 10:00:00
1571,2024,2,19,1100,35,27,63.3,3,8000.0,NO,1010,11,0,2024-02-19 11:00:00
1572,2024,2,20,0000,28,27,94.3,0,9999.0,YES,1010,0,0,2024-02-20 00:00:00
1573,2024,2,20,0100,26,24,88.7,4,9999.0,NO,1009,1,0,2024-02-20 01:00:00
1574,2024,2,20,0200,26,23,83.6,0,9999.0,NO,1009,2,0,2024-02-20 02:00:00
1575,2024,2,20,0300,25,23,88.7,2,9999.0,NO,1009,3,0,2024-02-20 03:00:00
1576,2024,2,20,0400,25,22,83.4,2,9999.0,NO,1009,4,0,2024-02-20 04:00:00
1577,2024,2,20,0500,25,23,88.7,4,9999.0,NO,1009,5,0,2024-02-20 05:00:00
1578,2024,2,20,0600,26,23,83.6,4,8000.0,NO,1009,6,0,2024-02-20 06:00:00
1579,2024,2,20,0700,27,24,83.7,2,3000.0,NO,1010,7,0,2024-02-20 07:00:00
1580,2024,2,20,0800,29,25,79.0,2,2200.0,NO,1010,8,0,2024-02-20 08:00:00
1581,2024,2,20,0900,31,25,70.4,2,2500.0,NO,1010,9,0,2024-02-20 09:00:00
1582,2024,2,20,1000,32,25,66.6,2,2800.0,NO,1010,10,0,2024-02-20 10:00:00
1583,2024,2,20,1100,33,26,66.8,4,4000.0,NO,1009,11,0,2024-02-20 11:00:00
1584,2024,2,20,1200,33,27,70.8,3,4000.0,NO,1008,12,0,2024-02-20 12:00:00
1585,2024,2,21,0900,32,26,70.6,3,6000.0,NO,1009,9,0,2024-02-21 09:00:00
1586,2024,2,21,1000,34,26,63.1,2,7000.0,NO,1009,10,0,2024-02-21 10:00:00
1587,2024,2,21,1100,34,25,59.5,4,9999.0,NO,1007,11,0,2024-02-21 11:00:00
1588,2024,2,21,1200,35,25,56.2,4,9999.0,NO,1006,12,0,2024-02-21 12:00:00
1589,2024,2,21,1300,36,25,53.2,3,9999.0,NO,1005,13,0,2024-02-21 13:00:00
1590,2024,2,21,1400,35,26,59.7,4,9999.0,NO,1004,14,0,2024-02-21 14:00:00
1591,2024,2,21,1500,34,26,63.1,4,9999.0,NO,1004,15,0,2024-02-21 15:00:00
1592,2024,2,21,1600,33,26,66.8,4,9999.0,NO,1004,16,0,2024-02-21 16:00:00
1593,2024,2,21,1700,31,27,79.3,4,9999.0,NO,1004,17,0,2024-02-21 17:00:00
1594,2024,2,21,1900,30,27,84.0,2,9999.0,NO,1005,19,0,2024-02-21 19:00:00
1595,2024,2,21,2000,29,27,89.0,0,9999.0,NO,1006,20,0,2024-02-21 20:00:00
1596,2024,2,21,2100,29,27,89.0,1,9999.0,NO,1007,21,0,2024-02-21 21:00:00
1597,2024,2,22,0000,28,27,94.3,2,9999.0,NO,1006,0,0,2024-02-22 00:00:00
1598,2024,2,22,0100,29,27,89.0,2,9999.0,NO,1006,1,0,2024-02-22 01:00:00
1599,2024,2,22,0200,29,27,89.0,2,9999.0,NO,1006,2,0,2024-02-22 02:00:00
1600,2024,2,22,0300,27,24,83.7,4,9999.0,YES,1005,3,0,2024-02-22 03:00:00
1601,2024,2,22,0400,26,25,94.2,2,9999.0,YES,1006,4,0,2024-02-22 04:00:00
1602,2024,2,22,0500,25,25,100.0,2,9999.0,YES,1005,5,0,2024-02-22 05:00:00
1603,2024,2,22,0600,25,25,100.0,0,6000.0,YES,1007,6,0,2024-02-22 06:00:00
1604,2024,2,22,0700,25,24,94.2,0,6000.0,YES,1008,7,0,2024-02-22 07:00:00
1605,2024,2,22,0800,25,25,100.0,1,7000.0,YES,1009,8,0,2024-02-22 08:00:00
1606,2024,2,22,0900,26,25,94.2,4,6000.0,YES,1008,9,0,2024-02-22 09:00:00
1607,2024,2,22,1000,28,25,83.8,4,8000.0,NO,1008,10,0,2024-02-22 10:00:00
1608,2024,2,22,1100,28,24,78.9,4,9000.0,NO,1008,11,0,2024-02-22 11:00:00
1609,2024,2,22,1200,28,25,83.8,2,9999.0,NO,1008,12,0,2024-02-22 12:00:00
1610,2024,2,22,1300,28,25,83.8,3,9999.0,NO,1006,13,0,2024-02-22 13:00:00
1611,2024,2,22,1500,30,25,74.6,3,9999.0,NO,1006,15,0,2024-02-22 15:00:00
1612,2024,2,22,1700,29,25,79.0,3,9999.0,NO,1006,17,0,2024-02-22 17:00:00
1613,2024,2,22,1800,28,26,88.9,0,9999.0,NO,1007,18,0,2024-02-22 18:00:00
1614,2024,2,22,2300,26,26,100.0,4,9999.0,NO,1009,23,0,2024-02-22 23:00:00
1615,2024,2,23,0000,27,26,94.3,2,9999.0,NO,1009,0,0,2024-02-23 00:00:00
1616,2024,2,23,0100,26,26,100.0,1,9999.0,NO,1008,1,0,2024-02-23 01:00:00
1617,2024,2,23,0200,26,25,94.2,1,8000.0,NO,1008,2,0,2024-02-23 02:00:00
1618,2024,2,23,0300,26,25,94.2,1,6000.0,NO,1008,3,0,2024-02-23 03:00:00
1619,2024,2,23,0400,26,26,100.0,0,6000.0,NO,1008,4,0,2024-02-23 04:00:00
1620,2024,2,23,0500,26,26,100.0,0,4000.0,NO,1008,5,0,2024-02-23 05:00:00
1621,2024,2,23,0600,26,25,94.2,3,2000.0,NO,1009,6,0,2024-02-23 06:00:00
1622,2024,2,23,0700,27,26,94.3,1,2500.0,NO,1009,7,0,2024-02-23 07:00:00
1623,2024,2,23,0800,28,26,88.9,3,4000.0,NO,1010,8,0,2024-02-23 08:00:00
1624,2024,2,23,0900,31,25,70.4,2,6000.0,NO,1010,9,0,2024-02-23 09:00:00
1625,2024,2,23,1000,32,25,66.6,3,6000.0,NO,1010,10,0,2024-02-23 10:00:00
1626,2024,2,23,1100,32,26,70.6,2,7000.0,NO,1009,11,0,2024-02-23 11:00:00
1627,2024,2,23,1200,34,25,59.5,4,9999.0,NO,1007,12,0,2024-02-23 12:00:00
1628,2024,2,23,1300,34,24,56.0,4,9999.0,NO,1007,13,0,2024-02-23 13:00:00
1629,2024,2,23,1500,33,25,62.9,4,9999.0,NO,1006,15,0,2024-02-23 15:00:00
1630,2024,2,23,1600,32,25,66.6,4,9999.0,NO,1006,16,0,2024-02-23 16:00:00
1631,2024,2,23,2000,28,26,88.9,0,,NO,1009,20,0,2024-02-23 20:00:00
1632,2024,2,23,2100,27,26,94.3,0,,NO,1010,21,0,2024-02-23 21:00:00
1633,2024,2,23,2200,27,26,94.3,1,,NO,1010,22,0,2024-02-23 22:00:00
1634,2024,2,24,0000,27,27,100.0,1,9999.0,NO,1010,0,0,2024-02-24 00:00:00
1635,2024,2,24,0100,27,26,94.3,2,9999.0,NO,1010,1,0,2024-02-24 01:00:00
1636,2024,2,24,0200,27,26,94.3,4,9999.0,NO,1010,2,0,2024-02-24 02:00:00
1637,2024,2,24,0300,27,26,94.3,3,9999.0,NO,1010,3,0,2024-02-24 03:00:00
1638,2024,2,24,0400,27,26,94.3,3,9999.0,NO,1010,4,0,2024-02-24 04:00:00
1639,2024,2,24,0500,27,26,94.3,3,8000.0,NO,1010,5,0,2024-02-24 05:00:00
1640,2024,2,24,0600,28,26,88.9,2,3500.0,NO,1011,6,0,2024-02-24 06:00:00
1641,2024,2,24,0700,28,26,88.9,2,4000.0,YES,1011,7,0,2024-02-24 07:00:00
1642,2024,2,24,0800,28,25,83.8,1,4000.0,YES,1012,8,0,2024-02-24 08:00:00
1643,2024,2,24,0900,28,26,88.9,0,6000.0,YES,1012,9,0,2024-02-24 09:00:00
1644,2024,2,24,1000,29,26,83.9,1,6000.0,NO,1011,10,0,2024-02-24 10:00:00
1645,2024,2,24,1100,31,27,79.3,3,6000.0,NO,1011,11,0,2024-02-24 11:00:00
1646,2024,2,24,1200,31,26,74.8,2,6000.0,NO,1009,12,0,2024-02-24 12:00:00
1647,2024,2,24,1300,32,27,74.9,3,8000.0,NO,1008,13,0,2024-02-24 13:00:00
1648,2024,2,24,1400,34,26,63.1,3,8000.0,NO,1007,14,0,2024-02-24 14:00:00
1649,2024,2,24,1500,33,26,66.8,3,8000.0,NO,1007,15,0,2024-02-24 15:00:00
1650,2024,2,24,1600,31,26,74.8,4,8000.0,NO,1008,16,0,2024-02-24 16:00:00
1651,2024,2,24,1700,30,26,79.2,2,8000.0,NO,1009,17,0,2024-02-24 17:00:00
1652,2024,2,24,1800,29,26,83.9,1,,NO,1009,18,0,2024-02-24 18:00:00
1653,2024,2,24,1900,28,26,88.9,0,,NO,1010,19,0,2024-02-24 19:00:00
1654,2024,2,24,2000,27,25,88.8,0,,NO,1011,20,0,2024-02-24 20:00:00
1655,2024,2,24,2300,27,26,94.3,2,,NO,1012,23,0,2024-02-24 23:00:00
1656,2024,2,25,0000,27,26,94.3,3,,NO,1012,0,0,2024-02-25 00:00:00
1657,2024,2,25,0100,27,26,94.3,2,,NO,1011,1,0,2024-02-25 01:00:00
1658,2024,2,25,0200,26,26,100.0,0,,NO,1011,2,0,2024-02-25 02:00:00
1659,2024,2,25,0300,26,26,100.0,2,6000.0,NO,1010,3,0,2024-02-25 03:00:00
1660,2024,2,25,0400,26,26,100.0,2,6000.0,NO,1011,4,0,2024-02-25 04:00:00
1661,2024,2,25,0500,26,25,94.2,2,4000.0,NO,1011,5,0,2024-02-25 05:00:00
1662,2024,2,25,0600,26,26,100.0,2,1800.0,NO,1012,6,0,2024-02-25 06:00:00
1663,2024,2,25,0700,27,26,94.3,1,1600.0,NO,1013,7,0,2024-02-25 07:00:00
1664,2024,2,25,0800,28,26,88.9,2,1800.0,NO,1014,8,0,2024-02-25 08:00:00
1665,2024,2,25,0900,30,26,79.2,2,2000.0,NO,1014,9,0,2024-02-25 09:00:00
1666,2024,2,25,1000,32,26,70.6,2,4500.0,NO,1014,10,0,2024-02-25 10:00:00
1667,2024,2,25,1100,32,26,70.6,3,4500.0,NO,1013,11,0,2024-02-25 11:00:00
1668,2024,2,25,1200,33,27,70.8,3,4800.0,NO,1012,12,0,2024-02-25 12:00:00
1669,2024,2,25,1300,34,26,63.1,2,7000.0,NO,1010,13,0,2024-02-25 13:00:00
1670,2024,2,25,1400,35,25,56.2,3,7000.0,NO,1009,14,0,2024-02-25 14:00:00
1671,2024,2,25,1700,31,26,74.8,3,9999.0,NO,1009,17,0,2024-02-25 17:00:00
1672,2024,2,25,1800,30,26,79.2,2,9999.0,NO,1010,18,0,2024-02-25 18:00:00
1673,2024,2,25,1900,29,26,83.9,2,9999.0,NO,1011,19,0,2024-02-25 19:00:00
1674,2024,2,25,2000,29,27,89.0,0,,NO,1011,20,0,2024-02-25 20:00:00
1675,2024,2,25,2100,29,27,89.0,1,9999.0,NO,1012,21,0,2024-02-25 21:00:00
1676,2024,2,25,2200,28,26,88.9,1,9999.0,NO,1012,22,0,2024-02-25 22:00:00
1677,2024,2,25,2300,28,27,94.3,1,9999.0,NO,1012,23,0,2024-02-25 23:00:00
1678,2024,2,26,0000,28,27,94.3,2,9999.0,NO,1011,0,0,2024-02-26 00:00:00
1679,2024,2,26,0100,27,27,100.0,2,9999.0,NO,1011,1,0,2024-02-26 01:00:00
1680,2024,2,26,0200,27,27,100.0,3,9999.0,NO,1010,2,0,2024-02-26 02:00:00
1681,2024,2,26,0300,27,26,94.3,2,9999.0,NO,1010,3,0,2024-02-26 03:00:00
1682,2024,2,26,0400,27,26,94.3,2,9999.0,YES,1010,4,0,2024-02-26 04:00:00
1683,2024,2,26,0500,26,25,94.2,0,9999.0,YES,1011,5,0,2024-02-26 05:00:00
1684,2024,2,26,0600,25,25,100.0,2,6000.0,YES,1010,6,0,2024-02-26 06:00:00
1685,2024,2,26,0700,27,25,88.8,2,6000.0,NO,1012,7,0,2024-02-26 07:00:00
1686,2024,2,26,0800,30,25,74.6,1,7000.0,NO,1012,8,0,2024-02-26 08:00:00
1687,2024,2,26,0900,32,26,70.6,3,9000.0,NO,1012,9,0,2024-02-26 09:00:00
1688,2024,2,26,1000,31,26,74.8,2,9999.0,NO,1012,10,0,2024-02-26 10:00:00
1689,2024,2,26,1100,35,26,59.7,3,9999.0,NO,1010,11,0,2024-02-26 11:00:00
1690,2024,2,26,1200,33,26,66.8,3,8000.0,NO,1009,12,0,2024-02-26 12:00:00
1691,2024,2,26,1300,34,26,63.1,4,9999.0,NO,1008,13,0,2024-02-26 13:00:00
1692,2024,2,26,1400,35,26,59.7,4,9999.0,NO,1007,14,0,2024-02-26 14:00:00
1693,2024,2,26,1600,32,26,70.6,3,,NO,1007,16,0,2024-02-26 16:00:00
1694,2024,2,26,1700,30,26,79.2,3,9999.0,NO,1007,17,0,2024-02-26 17:00:00
1695,2024,2,26,1800,30,26,79.2,2,9999.0,NO,1008,18,0,2024-02-26 18:00:00
1696,2024,2,26,2000,29,26,83.9,2,9999.0,NO,1009,20,0,2024-02-26 20:00:00
1697,2024,2,26,2100,30,27,84.0,2,9999.0,NO,1011,21,0,2024-02-26 21:00:00
1698,2024,2,26,2300,29,27,89.0,0,9999.0,NO,1010,23,0,2024-02-26 23:00:00
1699,2024,2,27,0000,28,27,94.3,0,9999.0,NO,1010,0,0,2024-02-27 00:00:00
1700,2024,2,27,0100,28,27,94.3,4,6000.0,YES,1009,1,0,2024-02-27 01:00:00
1701,2024,2,27,0200,27,23,78.8,6,9999.0,NO,1009,2,0,2024-02-27 02:00:00
1702,2024,2,27,0300,25,24,94.2,2,9999.0,NO,1009,3,0,2024-02-27 03:00:00
1703,2024,2,27,0400,26,25,94.2,1,9999.0,YES,1009,4,0,2024-02-27 04:00:00
1704,2024,2,27,0500,26,25,94.2,0,9999.0,NO,1009,5,0,2024-02-27 05:00:00
1705,2024,2,27,0600,26,26,100.0,2,6000.0,NO,1010,6,0,2024-02-27 06:00:00
1706,2024,2,27,0700,28,25,83.8,0,6000.0,NO,1011,7,0,2024-02-27 07:00:00
1707,2024,2,27,0800,30,26,79.2,2,7000.0,NO,1011,8,0,2024-02-27 08:00:00
1708,2024,2,27,0900,32,26,70.6,1,7000.0,NO,1011,9,0,2024-02-27 09:00:00
1709,2024,2,27,1000,32,26,70.6,2,8000.0,NO,1010,10,0,2024-02-27 10:00:00
1710,2024,2,27,1100,33,26,66.8,3,9999.0,NO,1009,11,0,2024-02-27 11:00:00
1711,2024,2,27,1300,35,26,59.7,4,9999.0,NO,1007,13,0,2024-02-27 13:00:00
1712,2024,2,27,1400,34,26,63.1,5,9999.0,NO,1007,14,0,2024-02-27 14:00:00
1713,2024,2,27,1600,32,27,74.9,5,9999.0,NO,1006,16,0,2024-02-27 16:00:00
1714,2024,2,27,1700,31,26,74.8,3,9999.0,NO,1007,17,0,2024-02-27 17:00:00
1715,2024,2,27,1800,30,26,79.2,2,9999.0,NO,1007,18,0,2024-02-27 18:00:00
1716,2024,2,27,2100,28,27,94.3,0,9999.0,NO,1009,21,0,2024-02-27 21:00:00
1717,2024,2,27,2200,28,27,94.3,0,9999.0,NO,1010,22,0,2024-02-27 22:00:00
1718,2024,2,27,2300,28,27,94.3,0,9999.0,NO,1009,23,0,2024-02-27 23:00:00
1719,2024,2,28,0100,28,27,94.3,1,9999.0,NO,1008,1,0,2024-02-28 01:00:00
1720,2024,2,28,0200,27,27,100.0,0,9999.0,NO,1008,2,0,2024-02-28 02:00:00
1721,2024,2,28,0300,27,27,100.0,0,9999.0,NO,1008,3,0,2024-02-28 03:00:00
1722,2024,2,28,0400,28,27,94.3,2,9999.0,NO,1008,4,0,2024-02-28 04:00:00
1723,2024,2,28,0500,28,27,94.3,0,9999.0,NO,1009,5,0,2024-02-28 05:00:00
1724,2024,2,28,0600,27,27,100.0,0,6000.0,NO,1009,6,0,2024-02-28 06:00:00
1725,2024,2,28,0700,28,27,94.3,2,6000.0,NO,1010,7,0,2024-02-28 07:00:00
1726,2024,2,28,0800,29,28,94.4,3,6000.0,NO,1011,8,0,2024-02-28 08:00:00
1727,2024,2,28,0900,31,27,79.3,4,6000.0,NO,1010,9,0,2024-02-28 09:00:00
1728,2024,2,28,1000,33,27,70.8,3,8000.0,NO,1010,10,0,2024-02-28 10:00:00
1729,2024,2,28,1100,32,27,74.9,2,9999.0,NO,1009,11,0,2024-02-28 11:00:00
1730,2024,2,28,1200,34,27,66.9,4,9999.0,NO,1008,12,0,2024-02-28 12:00:00
1731,2024,2,28,1300,34,27,66.9,4,9999.0,NO,1007,13,0,2024-02-28 13:00:00
1732,2024,2,28,1600,30,27,84.0,2,6000.0,YES,1006,16,0,2024-02-28 16:00:00
1733,2024,2,28,1700,30,27,84.0,4,6000.0,YES,1008,17,0,2024-02-28 17:00:00
1734,2024,2,28,1800,29,27,89.0,4,6000.0,YES,1007,18,0,2024-02-28 18:00:00
1735,2024,2,28,1900,28,27,94.3,3,9999.0,NO,1007,19,0,2024-02-28 19:00:00
1736,2024,2,28,2000,28,26,88.9,3,9999.0,NO,1008,20,0,2024-02-28 20:00:00
1737,2024,2,28,2200,27,26,94.3,3,9999.0,NO,1009,22,0,2024-02-28 22:00:00
1738,2024,2,28,2300,27,26,94.3,2,9999.0,NO,1008,23,0,2024-02-28 23:00:00
1739,2024,2,29,0000,27,26,94.3,3,8000.0,NO,1008,0,0,2024-02-29 00:00:00
1740,2024,2,29,0100,27,25,88.8,4,8000.0,NO,1008,1,0,2024-02-29 01:00:00
1741,2024,2,29,0200,26,25,94.2,0,8000.0,NO,1007,2,0,2024-02-29 02:00:00
1742,2024,2,29,0300,26,25,94.2,0,6000.0,NO,1007,3,0,2024-02-29 03:00:00
1743,2024,2,29,0400,26,25,94.2,2,6000.0,NO,1007,4,0,2024-02-29 04:00:00
1744,2024,2,29,0500,27,26,94.3,2,4000.0,NO,1007,5,0,2024-02-29 05:00:00
1745,2024,2,29,0600,27,26,94.3,2,2500.0,NO,1008,6,0,2024-02-29 06:00:00
1746,2024,2,29,0700,27,26,94.3,2,2000.0,YES,1009,7,0,2024-02-29 07:00:00
1747,2024,2,29,0800,28,26,88.9,3,2000.0,YES,1010,8,0,2024-02-29 08:00:00
1748,2024,2,29,0900,28,26,88.9,2,2500.0,YES,1009,9,0,2024-02-29 09:00:00
1749,2024,2,29,1000,30,27,84.0,3,2800.0,NO,1009,10,0,2024-02-29 10:00:00
1750,2024,2,29,1100,30,27,84.0,4,4800.0,NO,1009,11,0,2024-02-29 11:00:00
1751,2024,2,29,1400,28,26,88.9,3,9999.0,YES,1007,14,0,2024-02-29 14:00:00
1752,2024,2,29,1500,29,26,83.9,4,9999.0,NO,1006,15,0,2024-02-29 15:00:00
1753,2024,2,29,1700,29,26,83.9,2,9999.0,YES,1008,17,0,2024-02-29 17:00:00
1754,2024,2,29,1800,28,25,83.8,4,9999.0,NO,1009,18,0,2024-02-29 18:00:00
1755,2024,2,29,1900,27,25,88.8,2,9999.0,NO,1009,19,0,2024-02-29 19:00:00
1756,2024,2,29,2000,27,25,88.8,5,9999.0,NO,1011,20,0,2024-02-29 20:00:00
1757,2024,2,29,2300,24,23,94.1,1,8000.0,NO,1011,23,0,2024-02-29 23:00:00
1758,2024,3,1,0000,24,23,94.1,1,9999.0,NO,1011,0,0,2024-03-01 00:00:00
1759,2024,3,1,0100,24,23,94.1,4,9999.0,NO,1010,1,0,2024-03-01 01:00:00
1760,2024,3,1,0200,24,23,94.1,3,9999.0,NO,1008,2,0,2024-03-01 02:00:00
1761,2024,3,1,0300,24,24,100.0,5,9999.0,NO,1008,3,0,2024-03-01 03:00:00
1762,2024,3,1,0400,24,23,94.1,5,9999.0,YES,1009,4,0,2024-03-01 04:00:00
1763,2024,3,1,0500,24,23,94.1,5,9999.0,NO,1009,5,0,2024-03-01 05:00:00
1764,2024,3,1,0600,24,23,94.1,5,9999.0,NO,1009,6,0,2024-03-01 06:00:00
1765,2024,3,1,0700,25,23,88.7,5,6000.0,NO,1010,7,0,2024-03-01 07:00:00
1766,2024,3,1,0800,27,24,83.7,5,6000.0,NO,1010,8,0,2024-03-01 08:00:00
1767,2024,3,1,0900,29,24,74.4,5,,NO,1010,9,0,2024-03-01 09:00:00
1768,2024,3,1,1000,31,24,66.4,5,9999.0,NO,1009,10,0,2024-03-01 10:00:00
1769,2024,3,1,1100,32,23,59.0,5,,NO,1008,11,0,2024-03-01 11:00:00
1770,2024,3,1,1200,34,23,52.7,4,,NO,1007,12,0,2024-03-01 12:00:00
1771,2024,3,1,1300,35,24,53.0,5,,NO,1006,13,0,2024-03-01 13:00:00
1772,2024,3,1,1400,35,24,53.0,3,,NO,1005,14,0,2024-03-01 14:00:00
1773,2024,3,1,2000,28,26,88.9,2,,NO,1008,20,0,2024-03-01 20:00:00
1774,2024,3,1,2100,28,26,88.9,2,,NO,1009,21,0,2024-03-01 21:00:00
1775,2024,3,1,2200,28,26,88.9,2,,NO,1010,22,0,2024-03-01 22:00:00
1776,2024,3,1,2300,27,26,94.3,0,9999.0,NO,1010,23,0,2024-03-01 23:00:00
1777,2024,3,2,0000,27,26,94.3,2,9999.0,NO,1009,0,0,2024-03-02 00:00:00
1778,2024,3,2,0100,27,26,94.3,2,9999.0,NO,1009,1,0,2024-03-02 01:00:00
1779,2024,3,2,0200,27,26,94.3,2,9999.0,NO,1009,2,0,2024-03-02 02:00:00
1780,2024,3,2,0300,27,26,94.3,2,9999.0,NO,1009,3,0,2024-03-02 03:00:00
1781,2024,3,2,0400,27,26,94.3,2,9999.0,NO,1009,4,0,2024-03-02 04:00:00
1782,2024,3,2,0500,27,26,94.3,3,6000.0,NO,1009,5,0,2024-03-02 05:00:00
1783,2024,3,2,0600,27,26,94.3,2,6000.0,NO,1010,6,0,2024-03-02 06:00:00
1784,2024,3,2,0700,28,26,88.9,4,8000.0,NO,1010,7,0,2024-03-02 07:00:00
1785,2024,3,2,0800,29,26,83.9,5,8000.0,NO,1011,8,0,2024-03-02 08:00:00
1786,2024,3,2,0900,31,27,79.3,4,8000.0,YES,1011,9,0,2024-03-02 09:00:00
1787,2024,3,2,1000,31,27,79.3,4,8000.0,YES,1011,10,0,2024-03-02 10:00:00
1788,2024,3,2,1100,24,23,94.1,7,3500.0,YES,1012,11,0,2024-03-02 11:00:00
1789,2024,3,2,1200,24,23,94.1,4,8000.0,YES,1011,12,0,2024-03-02 12:00:00
1790,2024,3,2,1500,25,23,88.7,4,8000.0,NO,1009,15,0,2024-03-02 15:00:00
1791,2024,3,2,1600,25,23,88.7,3,8000.0,NO,1009,16,0,2024-03-02 16:00:00
1792,2024,3,2,1700,25,23,88.7,3,8000.0,NO,1009,17,0,2024-03-02 17:00:00
1793,2024,3,2,1800,24,23,94.1,0,8000.0,NO,1010,18,0,2024-03-02 18:00:00
1794,2024,3,2,2000,23,23,100.0,0,8000.0,NO,1011,20,0,2024-03-02 20:00:00
1795,2024,3,2,2100,23,23,100.0,0,8000.0,NO,1012,21,0,2024-03-02 21:00:00
1796,2024,3,2,2300,24,23,94.1,0,8000.0,NO,1012,23,0,2024-03-02 23:00:00
1797,2024,3,3,0100,23,23,100.0,3,6000.0,NO,1011,1,0,2024-03-03 01:00:00
1798,2024,3,3,0200,24,23,94.1,3,6000.0,NO,1010,2,0,2024-03-03 02:00:00
1799,2024,3,3,0300,24,23,94.1,3,6000.0,NO,1010,3,0,2024-03-03 03:00:00
1800,2024,3,3,0400,24,23,94.1,3,8000.0,NO,1011,4,0,2024-03-03 04:00:00
1801,2024,3,3,0500,24,23,94.1,2,8000.0,NO,1011,5,0,2024-03-03 05:00:00
1802,2024,3,3,0600,23,23,100.0,2,2500.0,NO,1011,6,0,2024-03-03 06:00:00
1803,2024,3,3,0700,24,24,100.0,2,2500.0,NO,1012,7,0,2024-03-03 07:00:00
1804,2024,3,3,0800,26,24,88.7,4,6000.0,NO,1013,8,0,2024-03-03 08:00:00
1805,2024,3,3,0900,28,25,83.8,2,6000.0,NO,1013,9,0,2024-03-03 09:00:00
1806,2024,3,3,1000,30,25,74.6,2,8000.0,NO,1013,10,0,2024-03-03 10:00:00
1807,2024,3,3,1100,32,25,66.6,3,9999.0,NO,1012,11,0,2024-03-03 11:00:00
1808,2024,3,3,1300,34,25,59.5,3,9999.0,NO,1010,13,0,2024-03-03 13:00:00
1809,2024,3,3,1400,33,25,62.9,4,9999.0,NO,1009,14,0,2024-03-03 14:00:00
1810,2024,3,3,1500,32,26,70.6,3,9999.0,NO,1008,15,0,2024-03-03 15:00:00
1811,2024,3,3,1700,31,25,70.4,3,9999.0,NO,1009,17,0,2024-03-03 17:00:00
1812,2024,3,3,1800,29,25,79.0,2,9999.0,NO,1009,18,0,2024-03-03 18:00:00
1813,2024,3,3,1900,27,25,88.8,0,,NO,1010,19,0,2024-03-03 19:00:00
1814,2024,3,3,2100,26,25,94.2,0,,NO,1010,21,0,2024-03-03 21:00:00
1815,2024,3,3,2200,26,25,94.2,0,,NO,1010,22,0,2024-03-03 22:00:00
1816,2024,3,3,2300,26,25,94.2,1,,NO,1010,23,0,2024-03-03 23:00:00
1817,2024,3,4,0000,26,26,100.0,2,,NO,1010,0,0,2024-03-04 00:00:00
1818,2024,3,4,0100,26,25,94.2,1,,NO,1009,1,0,2024-03-04 01:00:00
1819,2024,3,4,0200,25,25,100.0,0,6000.0,NO,1009,2,0,2024-03-04 02:00:00
1820,2024,3,4,0300,25,25,100.0,0,6000.0,NO,1009,3,0,2024-03-04 03:00:00
1821,2024,3,4,0400,25,25,100.0,1,6000.0,NO,1009,4,0,2024-03-04 04:00:00
1822,2024,3,4,0500,25,25,100.0,2,6000.0,NO,1010,5,0,2024-03-04 05:00:00
1823,2024,3,4,0600,26,26,100.0,1,1800.0,NO,1010,6,0,2024-03-04 06:00:00
1824,2024,3,4,0700,27,26,94.3,2,1800.0,NO,1011,7,0,2024-03-04 07:00:00
1825,2024,3,4,0800,29,26,83.9,3,6000.0,NO,1011,8,0,2024-03-04 08:00:00
1826,2024,3,4,0900,32,27,74.9,3,8000.0,NO,1011,9,0,2024-03-04 09:00:00
1827,2024,3,4,1000,32,26,70.6,3,8000.0,NO,1011,10,0,2024-03-04 10:00:00
1828,2024,3,4,1100,33,26,66.8,3,8000.0,NO,1010,11,0,2024-03-04 11:00:00
1829,2024,3,4,1200,35,26,59.7,2,9999.0,NO,1009,12,0,2024-03-04 12:00:00
1830,2024,3,4,1300,34,26,63.1,5,9999.0,NO,1008,13,0,2024-03-04 13:00:00
1831,2024,3,4,1400,34,26,63.1,4,9999.0,NO,1007,14,0,2024-03-04 14:00:00
1832,2024,3,4,1500,34,26,63.1,4,9999.0,NO,1007,15,0,2024-03-04 15:00:00
1833,2024,3,4,1600,32,27,74.9,5,9999.0,NO,1007,16,0,2024-03-04 16:00:00
1834,2024,3,4,1700,30,26,79.2,4,9999.0,NO,1007,17,0,2024-03-04 17:00:00
1835,2024,3,4,1800,29,26,83.9,2,9999.0,NO,1008,18,0,2024-03-04 18:00:00
1836,2024,3,4,1900,29,26,83.9,0,9999.0,NO,1008,19,0,2024-03-04 19:00:00
1837,2024,3,4,2000,28,27,94.3,1,9999.0,NO,1010,20,0,2024-03-04 20:00:00
1838,2024,3,4,2300,29,27,89.0,2,9999.0,NO,1010,23,0,2024-03-04 23:00:00
1839,2024,3,5,0000,28,26,88.9,1,9999.0,NO,1009,0,0,2024-03-05 00:00:00
1840,2024,3,5,0100,28,26,88.9,3,9999.0,NO,1009,1,0,2024-03-05 01:00:00
1841,2024,3,5,0200,28,27,94.3,0,9999.0,NO,1009,2,0,2024-03-05 02:00:00
1842,2024,3,5,0300,28,26,88.9,3,9999.0,NO,1009,3,0,2024-03-05 03:00:00
1843,2024,3,5,0400,27,26,94.3,4,9999.0,YES,1009,4,0,2024-03-05 04:00:00
1844,2024,3,5,0500,26,25,94.2,4,9999.0,NO,1009,5,0,2024-03-05 05:00:00
1845,2024,3,5,0600,26,24,88.7,5,6000.0,NO,1010,6,0,2024-03-05 06:00:00
1846,2024,3,5,0700,26,25,94.2,2,8000.0,NO,1010,7,0,2024-03-05 07:00:00
1847,2024,3,5,0800,28,24,78.9,3,9999.0,NO,1011,8,0,2024-03-05 08:00:00
1848,2024,3,5,0900,31,25,70.4,2,9999.0,NO,1012,9,0,2024-03-05 09:00:00
1849,2024,3,5,1000,32,25,66.6,3,9999.0,NO,1011,10,0,2024-03-05 10:00:00
1850,2024,3,5,1100,32,26,70.6,3,9999.0,NO,1011,11,0,2024-03-05 11:00:00
1851,2024,3,5,1200,33,26,66.8,5,9999.0,NO,1010,12,0,2024-03-05 12:00:00
1852,2024,3,5,1400,33,26,66.8,4,9999.0,NO,1008,14,0,2024-03-05 14:00:00
1853,2024,3,5,1500,33,26,66.8,4,9999.0,NO,1007,15,0,2024-03-05 15:00:00
1854,2024,3,5,1800,29,26,83.9,2,9999.0,NO,1008,18,0,2024-03-05 18:00:00
1855,2024,3,5,2300,27,26,94.3,0,9999.0,NO,1011,23,0,2024-03-05 23:00:00
1856,2024,3,6,0000,27,26,94.3,2,9999.0,NO,1010,0,0,2024-03-06 00:00:00
1857,2024,3,6,0100,27,26,94.3,2,9999.0,NO,1010,1,0,2024-03-06 01:00:00
1858,2024,3,6,0200,27,26,94.3,2,9999.0,NO,1009,2,0,2024-03-06 02:00:00
1859,2024,3,6,0300,27,26,94.3,4,9999.0,NO,1009,3,0,2024-03-06 03:00:00
1860,2024,3,6,0400,27,26,94.3,0,7000.0,NO,1009,4,0,2024-03-06 04:00:00
1861,2024,3,6,0500,27,26,94.3,0,7000.0,YES,1010,5,0,2024-03-06 05:00:00
1862,2024,3,6,0600,27,26,94.3,0,6000.0,NO,1010,6,0,2024-03-06 06:00:00
1863,2024,3,6,0700,28,27,94.3,1,6000.0,NO,1010,7,0,2024-03-06 07:00:00
1864,2024,3,6,0800,30,27,84.0,4,6000.0,NO,1011,8,0,2024-03-06 08:00:00
1865,2024,3,6,0900,32,26,70.6,2,8000.0,NO,1012,9,0,2024-03-06 09:00:00
1866,2024,3,6,1000,33,26,66.8,3,9999.0,NO,1011,10,0,2024-03-06 10:00:00
1867,2024,3,6,1100,33,26,66.8,4,9999.0,NO,1011,11,0,2024-03-06 11:00:00
1868,2024,3,6,1200,33,26,66.8,4,9999.0,NO,1011,12,0,2024-03-06 12:00:00
1869,2024,3,6,1300,34,26,63.1,5,9999.0,NO,1009,13,0,2024-03-06 13:00:00
1870,2024,3,6,1400,33,27,70.8,5,9999.0,NO,1009,14,0,2024-03-06 14:00:00
1871,2024,3,6,1600,31,26,74.8,5,9999.0,YES,1008,16,0,2024-03-06 16:00:00
1872,2024,3,6,1700,30,26,79.2,5,9999.0,YES,1010,17,0,2024-03-06 17:00:00
1873,2024,3,6,2000,24,22,88.6,1,9999.0,NO,1013,20,0,2024-03-06 20:00:00
1874,2024,3,6,2100,24,23,94.1,0,9999.0,NO,1013,21,0,2024-03-06 21:00:00
1875,2024,3,6,2200,24,23,94.1,0,9999.0,NO,1012,22,0,2024-03-06 22:00:00
1876,2024,3,6,2300,24,23,94.1,5,9999.0,NO,1012,23,0,2024-03-06 23:00:00
1877,2024,3,7,0000,25,23,88.7,4,9999.0,NO,1011,0,0,2024-03-07 00:00:00
1878,2024,3,7,0100,25,23,88.7,2,9999.0,NO,1011,1,0,2024-03-07 01:00:00
1879,2024,3,7,0200,24,23,94.1,4,9999.0,NO,1011,2,0,2024-03-07 02:00:00
1880,2024,3,7,0300,24,23,94.1,2,9999.0,NO,1010,3,0,2024-03-07 03:00:00
1881,2024,3,7,0400,24,23,94.1,4,9999.0,NO,1011,4,0,2024-03-07 04:00:00
1882,2024,3,7,0500,24,23,94.1,3,8000.0,NO,1011,5,0,2024-03-07 05:00:00
1883,2024,3,7,0600,24,23,94.1,4,6000.0,NO,1011,6,0,2024-03-07 06:00:00
1884,2024,3,8,1600,33,26,66.8,2,9999.0,NO,1008,16,0,2024-03-08 16:00:00
1885,2024,3,8,1900,28,27,94.3,1,9999.0,NO,1010,19,0,2024-03-08 19:00:00
1886,2024,3,8,2000,28,25,83.8,4,9999.0,NO,1010,20,0,2024-03-08 20:00:00
1887,2024,3,8,2200,27,25,88.8,2,9999.0,NO,1012,22,0,2024-03-08 22:00:00
1888,2024,3,9,0000,27,25,88.8,1,9999.0,NO,1011,0,0,2024-03-09 00:00:00
1889,2024,3,9,0100,26,25,94.2,0,9999.0,NO,1011,1,0,2024-03-09 01:00:00
1890,2024,3,9,0200,26,25,94.2,3,9999.0,NO,1011,2,0,2024-03-09 02:00:00
1891,2024,3,9,0300,27,24,83.7,6,6000.0,YES,1010,3,0,2024-03-09 03:00:00
1892,2024,3,9,0400,26,25,94.2,3,6000.0,YES,1010,4,0,2024-03-09 04:00:00
1893,2024,3,9,0500,25,24,94.2,2,,NO,1009,5,0,2024-03-09 05:00:00
1894,2024,3,9,0600,25,24,94.2,3,4000.0,NO,1010,6,0,2024-03-09 06:00:00
1895,2024,3,9,0700,27,24,83.7,1,6000.0,NO,1012,7,0,2024-03-09 07:00:00
1896,2024,3,9,0800,30,25,74.6,2,7000.0,NO,1012,8,0,2024-03-09 08:00:00
1897,2024,3,9,0900,33,25,62.9,1,9999.0,NO,1012,9,0,2024-03-09 09:00:00
1898,2024,3,9,1000,33,25,62.9,3,9999.0,NO,1011,10,0,2024-03-09 10:00:00
1899,2024,3,9,1100,33,26,66.8,4,9999.0,NO,1011,11,0,2024-03-09 11:00:00
1900,2024,3,9,1200,33,26,66.8,3,9999.0,NO,1010,12,0,2024-03-09 12:00:00
1901,2024,3,9,1300,34,25,59.5,3,9999.0,NO,1009,13,0,2024-03-09 13:00:00
1902,2024,3,9,1400,34,26,63.1,5,9999.0,NO,1008,14,0,2024-03-09 14:00:00
1903,2024,3,9,1500,33,26,66.8,5,9999.0,NO,1008,15,0,2024-03-09 15:00:00
1904,2024,3,9,1600,32,27,74.9,4,9999.0,NO,1007,16,0,2024-03-09 16:00:00
1905,2024,3,9,2300,28,27,94.3,0,9999.0,NO,1011,23,0,2024-03-09 23:00:00
1906,2024,3,10,0000,28,27,94.3,2,9999.0,NO,1010,0,0,2024-03-10 00:00:00
1907,2024,3,10,0100,28,27,94.3,3,9999.0,NO,1010,1,0,2024-03-10 01:00:00
1908,2024,3,10,0200,28,27,94.3,0,9999.0,NO,1010,2,0,2024-03-10 02:00:00
1909,2024,3,10,0300,27,27,100.0,0,9999.0,NO,1010,3,0,2024-03-10 03:00:00
1910,2024,3,10,0400,27,27,100.0,0,9999.0,NO,1010,4,0,2024-03-10 04:00:00
1911,2024,3,10,0500,27,27,100.0,4,9999.0,NO,1009,5,0,2024-03-10 05:00:00
1912,2024,3,10,0600,27,27,100.0,2,6000.0,NO,1010,6,0,2024-03-10 06:00:00
1913,2024,3,10,0700,29,27,89.0,2,6000.0,NO,1011,7,0,2024-03-10 07:00:00
1914,2024,3,10,0800,30,26,79.2,3,7000.0,NO,1011,8,0,2024-03-10 08:00:00
1915,2024,3,10,0900,31,26,74.8,4,8000.0,NO,1011,9,0,2024-03-10 09:00:00
1916,2024,3,10,1000,34,26,63.1,2,8000.0,NO,1011,10,0,2024-03-10 10:00:00
1917,2024,3,10,1100,35,26,59.7,2,8000.0,NO,1010,11,0,2024-03-10 11:00:00
1918,2024,3,10,1300,36,26,56.5,3,9999.0,NO,1007,13,0,2024-03-10 13:00:00
1919,2024,3,10,1400,37,27,56.7,3,9999.0,NO,1007,14,0,2024-03-10 14:00:00
1920,2024,3,10,1500,35,26,59.7,4,9999.0,NO,1006,15,0,2024-03-10 15:00:00
1921,2024,3,10,1800,30,27,84.0,2,9999.0,NO,1008,18,0,2024-03-10 18:00:00
1922,2024,3,10,2100,29,25,79.0,3,9999.0,NO,1010,21,0,2024-03-10 21:00:00
1923,2024,3,10,2300,27,25,88.8,3,8000.0,NO,1010,23,0,2024-03-10 23:00:00
1924,2024,3,11,0000,27,25,88.8,0,9999.0,NO,1010,0,0,2024-03-11 00:00:00
1925,2024,3,11,0100,26,25,94.2,0,9999.0,NO,1009,1,0,2024-03-11 01:00:00
1926,2024,3,11,0200,27,25,88.8,2,9999.0,NO,1009,2,0,2024-03-11 02:00:00
1927,2024,3,11,0300,27,25,88.8,2,9999.0,NO,1009,3,0,2024-03-11 03:00:00
1928,2024,3,11,0400,27,25,88.8,0,9999.0,NO,1009,4,0,2024-03-11 04:00:00
1929,2024,3,11,0500,27,24,83.7,3,9999.0,NO,1010,5,0,2024-03-11 05:00:00
1930,2024,3,11,0600,27,24,83.7,4,8000.0,NO,1011,6,0,2024-03-11 06:00:00
1931,2024,3,11,0700,28,25,83.8,3,4000.0,NO,1012,7,0,2024-03-11 07:00:00
1932,2024,3,11,0800,30,25,74.6,2,4000.0,NO,1012,8,0,2024-03-11 08:00:00
1933,2024,3,11,0900,33,27,70.8,1,6000.0,NO,1012,9,0,2024-03-11 09:00:00
1934,2024,3,11,1000,33,27,70.8,2,8000.0,NO,1012,10,0,2024-03-11 10:00:00
1935,2024,3,11,1100,34,27,66.9,4,8000.0,NO,1012,11,0,2024-03-11 11:00:00
1936,2024,3,11,1300,35,27,63.3,5,8000.0,NO,1009,13,0,2024-03-11 13:00:00
1937,2024,3,11,1400,34,28,71.0,5,8000.0,NO,1009,14,0,2024-03-11 14:00:00
1938,2024,3,11,1500,33,27,70.8,5,9999.0,YES,1008,15,0,2024-03-11 15:00:00
1939,2024,3,11,1700,25,24,94.2,4,6000.0,YES,1008,17,0,2024-03-11 17:00:00
1940,2024,3,11,1800,25,23,88.7,3,6000.0,YES,1009,18,0,2024-03-11 18:00:00
1941,2024,3,11,1900,25,24,94.2,2,9999.0,NO,1011,19,0,2024-03-11 19:00:00
1942,2024,3,12,0000,25,24,94.2,5,6000.0,NO,1012,0,0,2024-03-12 00:00:00
1943,2024,3,12,0100,25,24,94.2,2,8000.0,NO,1011,1,0,2024-03-12 01:00:00
1944,2024,3,12,0200,25,24,94.2,2,8000.0,NO,1010,2,0,2024-03-12 02:00:00
1945,2024,3,12,0300,25,24,94.2,0,8000.0,NO,1010,3,0,2024-03-12 03:00:00
1946,2024,3,12,0400,25,24,94.2,4,8000.0,NO,1011,4,0,2024-03-12 04:00:00
1947,2024,3,12,0500,25,24,94.2,2,8000.0,NO,1011,5,0,2024-03-12 05:00:00
1948,2024,3,12,0600,25,24,94.2,3,7000.0,NO,1011,6,0,2024-03-12 06:00:00
1949,2024,3,12,0700,26,24,88.7,2,6000.0,NO,1012,7,0,2024-03-12 07:00:00
1950,2024,3,12,0800,28,24,78.9,3,7000.0,NO,1013,8,0,2024-03-12 08:00:00
1951,2024,3,12,0900,31,25,70.4,4,8000.0,NO,1013,9,0,2024-03-12 09:00:00
1952,2024,3,12,1000,31,24,66.4,3,9999.0,NO,1013,10,0,2024-03-12 10:00:00
1953,2024,3,12,1100,33,25,62.9,3,9999.0,NO,1012,11,0,2024-03-12 11:00:00
1954,2024,3,12,1200,33,26,66.8,4,9999.0,NO,1011,12,0,2024-03-12 12:00:00
1955,2024,3,12,1300,34,26,63.1,4,9999.0,NO,1010,13,0,2024-03-12 13:00:00
1956,2024,3,12,1400,34,26,63.1,5,9999.0,NO,1009,14,0,2024-03-12 14:00:00
1957,2024,3,12,1500,33,26,66.8,4,9999.0,NO,1008,15,0,2024-03-12 15:00:00
1958,2024,3,12,1600,32,26,70.6,4,9999.0,NO,1008,16,0,2024-03-12 16:00:00
1959,2024,3,12,1900,29,27,89.0,2,9999.0,NO,1010,19,0,2024-03-12 19:00:00
1960,2024,3,12,2000,29,27,89.0,0,9999.0,NO,1011,20,0,2024-03-12 20:00:00
1961,2024,3,12,2100,28,27,94.3,0,9999.0,NO,1012,21,0,2024-03-12 21:00:00
1962,2024,3,12,2200,29,27,89.0,1,9999.0,NO,1012,22,0,2024-03-12 22:00:00
1963,2024,3,12,2300,29,27,89.0,1,9999.0,NO,1012,23,0,2024-03-12 23:00:00
1964,2024,3,13,0000,28,27,94.3,0,9999.0,NO,1011,0,0,2024-03-13 00:00:00
1965,2024,3,13,0100,27,27,100.0,0,9999.0,YES,1011,1,0,2024-03-13 01:00:00
1966,2024,3,13,0200,23,22,94.1,3,,YES,1011,2,0,2024-03-13 02:00:00
1967,2024,3,13,0300,23,22,94.1,7,9999.0,YES,1011,3,0,2024-03-13 03:00:00
1968,2024,3,13,0400,23,23,100.0,2,9999.0,NO,1011,4,0,2024-03-13 04:00:00
1969,2024,3,13,0500,23,23,100.0,0,,NO,1010,5,0,2024-03-13 05:00:00
1970,2024,3,13,0600,23,23,100.0,0,6000.0,NO,1011,6,0,2024-03-13 06:00:00
1971,2024,3,13,0700,25,23,88.7,3,6000.0,NO,1012,7,0,2024-03-13 07:00:00
1972,2024,3,13,0800,28,23,74.3,4,8000.0,NO,1013,8,0,2024-03-13 08:00:00
1973,2024,3,13,0900,30,24,70.3,3,8000.0,NO,1013,9,0,2024-03-13 09:00:00
1974,2024,3,13,1000,32,24,62.7,2,8000.0,NO,1013,10,0,2024-03-13 10:00:00
1975,2024,3,13,1100,33,25,62.9,3,9999.0,NO,1012,11,0,2024-03-13 11:00:00
1976,2024,3,13,1200,34,26,63.1,3,9999.0,NO,1011,12,0,2024-03-13 12:00:00
1977,2024,3,13,1300,35,26,59.7,3,9999.0,NO,1010,13,0,2024-03-13 13:00:00
1978,2024,3,13,1400,35,25,56.2,4,9999.0,NO,1009,14,0,2024-03-13 14:00:00
1979,2024,3,13,1500,34,26,63.1,4,9999.0,NO,1007,15,0,2024-03-13 15:00:00
1980,2024,3,13,1600,31,27,79.3,3,9999.0,NO,1007,16,0,2024-03-13 16:00:00
1981,2024,3,13,1700,31,27,79.3,3,9999.0,NO,1007,17,0,2024-03-13 17:00:00
1982,2024,3,13,1800,30,26,79.2,2,9999.0,NO,1008,18,0,2024-03-13 18:00:00
1983,2024,3,13,1900,29,26,83.9,2,9999.0,NO,1009,19,0,2024-03-13 19:00:00
1984,2024,3,13,2100,27,26,94.3,1,9999.0,NO,1011,21,0,2024-03-13 21:00:00
1985,2024,3,13,2200,27,26,94.3,1,9999.0,NO,1011,22,0,2024-03-13 22:00:00
1986,2024,3,13,2300,28,27,94.3,5,9999.0,YES,1011,23,0,2024-03-13 23:00:00
1987,2024,3,14,0000,23,23,100.0,13,2200.0,YES,1011,0,0,2024-03-14 00:00:00
1988,2024,3,14,0100,23,23,100.0,3,,YES,1010,1,0,2024-03-14 01:00:00
1989,2024,3,14,0200,24,23,94.1,3,7000.0,YES,1010,2,0,2024-03-14 02:00:00
1990,2024,3,14,0300,24,23,94.1,1,8000.0,YES,1011,3,0,2024-03-14 03:00:00
1991,2024,3,14,0400,24,23,94.1,2,8000.0,YES,1012,4,0,2024-03-14 04:00:00
1992,2024,3,14,0500,24,23,94.1,2,8000.0,YES,1012,5,0,2024-03-14 05:00:00
1993,2024,3,14,0600,24,23,94.1,2,8000.0,YES,1012,6,0,2024-03-14 06:00:00
1994,2024,3,14,0700,24,23,94.1,1,8000.0,NO,1012,7,0,2024-03-14 07:00:00
1995,2024,3,14,0800,25,24,94.2,3,8000.0,NO,1014,8,0,2024-03-14 08:00:00
1996,2024,3,14,0900,25,24,94.2,3,8000.0,NO,1014,9,0,2024-03-14 09:00:00
1997,2024,3,14,1000,27,25,88.8,3,8000.0,NO,1014,10,0,2024-03-14 10:00:00
1998,2024,3,14,1100,29,24,74.4,2,8000.0,NO,1013,11,0,2024-03-14 11:00:00
1999,2024,3,14,1200,28,25,83.8,4,8000.0,NO,1012,12,0,2024-03-14 12:00:00
2000,2024,3,14,1800,26,24,88.7,0,9999.0,NO,1011,18,0,2024-03-14 18:00:00
2001,2024,3,14,1900,25,25,100.0,0,9999.0,NO,1011,19,0,2024-03-14 19:00:00
2002,2024,3,14,2000,25,25,100.0,0,9999.0,NO,1011,20,0,2024-03-14 20:00:00
2003,2024,3,14,2200,25,24,94.2,0,9999.0,NO,1012,22,0,2024-03-14 22:00:00
2004,2024,3,15,0100,24,24,100.0,1,8000.0,NO,1010,1,0,2024-03-15 01:00:00
2005,2024,3,15,0200,24,24,100.0,1,8000.0,NO,1010,2,0,2024-03-15 02:00:00
2006,2024,3,15,0300,24,24,100.0,1,7000.0,NO,1010,3,0,2024-03-15 03:00:00
2007,2024,3,15,0400,24,24,100.0,0,7000.0,NO,1010,4,0,2024-03-15 04:00:00
2008,2024,3,15,0500,24,24,100.0,2,6000.0,NO,1010,5,0,2024-03-15 05:00:00
2009,2024,3,15,0600,24,24,100.0,3,3500.0,NO,1011,6,0,2024-03-15 06:00:00
2010,2024,3,15,0700,26,25,94.2,0,2000.0,NO,1011,7,0,2024-03-15 07:00:00
2011,2024,3,15,0800,29,25,79.0,2,4000.0,NO,1012,8,0,2024-03-15 08:00:00
2012,2024,3,15,0900,31,24,66.4,4,,NO,1011,9,0,2024-03-15 09:00:00
2013,2024,3,15,1000,32,25,66.6,2,,NO,1011,10,0,2024-03-15 10:00:00
2014,2024,3,15,1100,34,25,59.5,3,,NO,1010,11,0,2024-03-15 11:00:00
2015,2024,3,15,1200,35,26,59.7,4,,NO,1009,12,0,2024-03-15 12:00:00
2016,2024,3,15,1300,35,25,56.2,4,,NO,1008,13,0,2024-03-15 13:00:00
2017,2024,3,15,1400,33,24,59.2,5,,NO,1008,14,0,2024-03-15 14:00:00
2018,2024,3,15,1500,32,25,66.6,4,,NO,1008,15,0,2024-03-15 15:00:00
2019,2024,3,15,1600,32,25,66.6,4,,NO,1008,16,0,2024-03-15 16:00:00
2020,2024,3,15,1700,30,26,79.2,4,,NO,1008,17,0,2024-03-15 17:00:00
2021,2024,3,15,2000,27,26,94.3,0,,NO,1010,20,0,2024-03-15 20:00:00
2022,2024,3,15,2100,26,26,100.0,1,,NO,1011,21,0,2024-03-15 21:00:00
2023,2024,3,15,2200,26,26,100.0,0,,NO,1011,22,0,2024-03-15 22:00:00
2024,2024,3,16,0000,26,26,100.0,2,9999.0,NO,1010,0,0,2024-03-16 00:00:00
2025,2024,3,16,0100,26,25,94.2,0,9000.0,NO,1008,1,0,2024-03-16 01:00:00
2026,2024,3,16,0200,26,25,94.2,2,6000.0,NO,1008,2,0,2024-03-16 02:00:00
2027,2024,3,16,0300,26,25,94.2,3,7000.0,NO,1008,3,0,2024-03-16 03:00:00
2028,2024,3,16,0400,26,25,94.2,2,8000.0,NO,1009,4,0,2024-03-16 04:00:00
2029,2024,3,16,0500,26,26,100.0,1,8000.0,NO,1009,5,0,2024-03-16 05:00:00
2030,2024,3,16,0600,26,26,100.0,0,6000.0,NO,1010,6,0,2024-03-16 06:00:00
2031,2024,3,16,0700,27,26,94.3,1,6000.0,NO,1011,7,0,2024-03-16 07:00:00
2032,2024,3,16,0800,31,27,79.3,3,7000.0,NO,1011,8,0,2024-03-16 08:00:00
2033,2024,3,16,0900,32,26,70.6,2,9999.0,NO,1011,9,0,2024-03-16 09:00:00
2034,2024,3,16,1000,33,25,62.9,2,9999.0,NO,1010,10,0,2024-03-16 10:00:00
2035,2024,3,16,1100,33,25,62.9,4,9999.0,NO,1010,11,0,2024-03-16 11:00:00
2036,2024,3,16,1200,35,27,63.3,4,9999.0,NO,1009,12,0,2024-03-16 12:00:00
2037,2024,3,16,1300,34,27,66.9,5,9999.0,NO,1008,13,0,2024-03-16 13:00:00
2038,2024,3,16,1400,34,26,63.1,6,9999.0,NO,1007,14,0,2024-03-16 14:00:00
2039,2024,3,16,1900,29,26,83.9,1,9999.0,NO,1008,19,0,2024-03-16 19:00:00
2040,2024,3,16,2000,28,26,88.9,0,9999.0,NO,1009,20,0,2024-03-16 20:00:00
2041,2024,3,16,2100,28,26,88.9,0,9999.0,NO,1010,21,0,2024-03-16 21:00:00
2042,2024,3,16,2200,27,26,94.3,0,9999.0,NO,1009,22,0,2024-03-16 22:00:00
2043,2024,3,17,0000,27,26,94.3,0,9999.0,NO,1009,0,0,2024-03-17 00:00:00
2044,2024,3,17,0100,27,26,94.3,2,,NO,1008,1,0,2024-03-17 01:00:00
2045,2024,3,17,0200,27,26,94.3,2,,NO,1008,2,0,2024-03-17 02:00:00
2046,2024,3,17,0300,27,27,100.0,1,9999.0,NO,1008,3,0,2024-03-17 03:00:00
2047,2024,3,17,0400,27,26,94.3,2,9999.0,NO,1008,4,0,2024-03-17 04:00:00
2048,2024,3,17,0500,27,26,94.3,3,9999.0,NO,1009,5,0,2024-03-17 05:00:00
2049,2024,3,17,0600,27,25,88.8,1,8000.0,NO,1009,6,0,2024-03-17 06:00:00
2050,2024,3,17,0700,28,25,83.8,1,8000.0,NO,1010,7,0,2024-03-17 07:00:00
2051,2024,3,17,0800,30,26,79.2,2,8000.0,NO,1010,8,0,2024-03-17 08:00:00
2052,2024,3,17,0900,32,26,70.6,2,8000.0,NO,1010,9,0,2024-03-17 09:00:00
2053,2024,3,17,1000,32,26,70.6,4,8000.0,NO,1010,10,0,2024-03-17 10:00:00
2054,2024,3,17,1100,33,27,70.8,3,9999.0,NO,1009,11,0,2024-03-17 11:00:00
2055,2024,3,17,1200,34,27,66.9,3,9999.0,NO,1008,12,0,2024-03-17 12:00:00
2056,2024,3,17,1300,35,26,59.7,3,9999.0,NO,1006,13,0,2024-03-17 13:00:00
2057,2024,3,17,1430,34,26,63.1,3,9999.0,NO,1006,14,30,2024-03-17 14:30:00
2058,2024,3,17,1500,34,26,63.1,4,9999.0,NO,1005,15,0,2024-03-17 15:00:00
2059,2024,3,17,1530,34,26,63.1,4,9999.0,NO,1005,15,30,2024-03-17 15:30:00
2060,2024,3,17,1600,33,26,66.8,5,9999.0,NO,1006,16,0,2024-03-17 16:00:00
2061,2024,3,17,1630,32,26,70.6,4,9999.0,NO,1006,16,30,2024-03-17 16:30:00
2062,2024,3,17,1700,31,27,79.3,3,9999.0,NO,1006,17,0,2024-03-17 17:00:00
2063,2024,3,17,1730,31,26,74.8,2,9999.0,NO,1006,17,30,2024-03-17 17:30:00
2064,2024,3,17,1800,30,26,79.2,2,9999.0,NO,1007,18,0,2024-03-17 18:00:00
2065,2024,3,17,1830,30,27,84.0,0,9999.0,NO,1007,18,30,2024-03-17 18:30:00
2066,2024,3,17,1900,29,27,89.0,2,9999.0,NO,1007,19,0,2024-03-17 19:00:00
2067,2024,3,17,1930,28,27,94.3,2,9999.0,NO,1008,19,30,2024-03-17 19:30:00
2068,2024,3,17,2000,28,27,94.3,0,9999.0,NO,1008,20,0,2024-03-17 20:00:00
2069,2024,3,17,2030,29,24,74.4,13,9999.0,YES,1010,20,30,2024-03-17 20:30:00
2070,2024,3,17,2100,26,24,88.7,10,8000.0,YES,1009,21,0,2024-03-17 21:00:00
2071,2024,3,17,2130,25,25,100.0,2,8000.0,YES,1009,21,30,2024-03-17 21:30:00
2072,2024,3,17,2200,26,25,94.2,3,9999.0,YES,1009,22,0,2024-03-17 22:00:00
2073,2024,3,17,2230,26,25,94.2,1,9999.0,YES,1009,22,30,2024-03-17 22:30:00
2074,2024,3,17,2300,26,25,94.2,2,9999.0,YES,1008,23,0,2024-03-17 23:00:00
2075,2024,3,17,2330,26,25,94.2,2,9999.0,YES,1008,23,30,2024-03-17 23:30:00
2076,2024,3,18,0000,26,25,94.2,0,9999.0,YES,1008,0,0,2024-03-18 00:00:00
2077,2024,3,18,0100,25,25,100.0,2,9999.0,NO,1008,1,0,2024-03-18 01:00:00
2078,2024,3,18,0130,26,25,94.2,3,9999.0,NO,1008,1,30,2024-03-18 01:30:00
2079,2024,3,18,0200,25,24,94.2,5,9999.0,NO,1007,2,0,2024-03-18 02:00:00
2080,2024,3,18,0300,25,23,88.7,3,9999.0,NO,1007,3,0,2024-03-18 03:00:00
2081,2024,3,18,0400,25,24,94.2,3,9999.0,NO,1007,4,0,2024-03-18 04:00:00
2082,2024,3,18,0430,25,24,94.2,4,9999.0,NO,1008,4,30,2024-03-18 04:30:00
2083,2024,3,18,0500,25,24,94.2,4,9999.0,NO,1008,5,0,2024-03-18 05:00:00
2084,2024,3,18,0600,24,24,100.0,1,7000.0,NO,1008,6,0,2024-03-18 06:00:00
2085,2024,3,18,0630,25,24,94.2,1,8000.0,NO,1009,6,30,2024-03-18 06:30:00
2086,2024,3,18,0700,26,24,88.7,3,8000.0,NO,1009,7,0,2024-03-18 07:00:00
2087,2024,3,18,0730,27,24,83.7,3,9999.0,NO,1010,7,30,2024-03-18 07:30:00
2088,2024,3,18,0800,27,24,83.7,3,9999.0,NO,1010,8,0,2024-03-18 08:00:00
2089,2024,3,18,0900,30,24,70.3,0,9999.0,NO,1010,9,0,2024-03-18 09:00:00
2090,2024,3,18,0930,32,24,62.7,2,9999.0,NO,1009,9,30,2024-03-18 09:30:00
2091,2024,3,18,1000,32,24,62.7,2,9999.0,NO,1009,10,0,2024-03-18 10:00:00
2092,2024,3,18,1100,33,25,62.9,3,9999.0,NO,1008,11,0,2024-03-18 11:00:00
2093,2024,3,18,1200,34,25,59.5,4,9999.0,NO,1007,12,0,2024-03-18 12:00:00
2094,2024,3,18,1230,34,24,56.0,4,9999.0,NO,1006,12,30,2024-03-18 12:30:00
2095,2024,3,18,1300,35,24,53.0,2,9999.0,NO,1006,13,0,2024-03-18 13:00:00
2096,2024,3,18,1400,33,25,62.9,4,9999.0,NO,1005,14,0,2024-03-18 14:00:00
2097,2024,3,18,1500,32,26,70.6,3,9999.0,NO,1004,15,0,2024-03-18 15:00:00
2098,2024,3,18,1530,32,26,70.6,3,9999.0,NO,1004,15,30,2024-03-18 15:30:00
2099,2024,3,18,1600,31,26,74.8,3,,NO,1004,16,0,2024-03-18 16:00:00
2100,2024,3,18,1630,31,26,74.8,3,,NO,1004,16,30,2024-03-18 16:30:00
2101,2024,3,18,1700,30,26,79.2,2,,NO,1004,17,0,2024-03-18 17:00:00
2102,2024,3,18,1730,30,26,79.2,2,,NO,1005,17,30,2024-03-18 17:30:00
2103,2024,3,18,1800,29,26,83.9,2,,NO,1005,18,0,2024-03-18 18:00:00
2104,2024,3,18,1830,29,26,83.9,2,,NO,1005,18,30,2024-03-18 18:30:00
2105,2024,3,18,1930,28,26,88.9,0,9999.0,NO,1006,19,30,2024-03-18 19:30:00
2106,2024,3,18,2000,27,26,94.3,0,9999.0,NO,1006,20,0,2024-03-18 20:00:00
2107,2024,3,18,2030,27,26,94.3,0,9999.0,NO,1007,20,30,2024-03-18 20:30:00
2108,2024,3,18,2100,27,26,94.3,2,9999.0,NO,1007,21,0,2024-03-18 21:00:00
2109,2024,3,18,2130,27,27,100.0,2,9999.0,NO,1007,21,30,2024-03-18 21:30:00
2110,2024,3,18,2200,28,27,94.3,3,9999.0,NO,1008,22,0,2024-03-18 22:00:00
2111,2024,3,18,2230,28,27,94.3,3,9999.0,NO,1008,22,30,2024-03-18 22:30:00
2112,2024,3,18,2300,28,26,88.9,3,9999.0,NO,1008,23,0,2024-03-18 23:00:00
2113,2024,3,18,2330,28,26,88.9,2,9999.0,NO,1007,23,30,2024-03-18 23:30:00
2114,2024,3,19,0000,27,26,94.3,2,9999.0,NO,1007,0,0,2024-03-19 00:00:00
2115,2024,3,19,0030,27,26,94.3,1,9999.0,NO,1007,0,30,2024-03-19 00:30:00
2116,2024,3,19,0100,27,26,94.3,1,9999.0,NO,1007,1,0,2024-03-19 01:00:00
2117,2024,3,19,0130,27,26,94.3,1,9999.0,NO,1007,1,30,2024-03-19 01:30:00
2118,2024,3,19,0200,27,26,94.3,2,9999.0,NO,1006,2,0,2024-03-19 02:00:00
2119,2024,3,19,0230,27,26,94.3,1,9999.0,NO,1006,2,30,2024-03-19 02:30:00
2120,2024,3,19,0300,27,26,94.3,0,9999.0,NO,1006,3,0,2024-03-19 03:00:00
2121,2024,3,19,0330,27,26,94.3,2,9999.0,NO,1006,3,30,2024-03-19 03:30:00
2122,2024,3,19,0400,27,26,94.3,3,9999.0,NO,1007,4,0,2024-03-19 04:00:00
2123,2024,3,19,0430,27,26,94.3,3,9999.0,NO,1007,4,30,2024-03-19 04:30:00
2124,2024,3,19,0500,27,26,94.3,3,9999.0,NO,1007,5,0,2024-03-19 05:00:00
2125,2024,3,19,0530,27,26,94.3,2,9999.0,NO,1007,5,30,2024-03-19 05:30:00
2126,2024,3,19,0600,27,26,94.3,3,8000.0,NO,1008,6,0,2024-03-19 06:00:00
2127,2024,3,19,0630,27,26,94.3,4,8000.0,NO,1008,6,30,2024-03-19 06:30:00
2128,2024,3,19,0700,28,26,88.9,4,8000.0,NO,1009,7,0,2024-03-19 07:00:00
2129,2024,3,19,0730,28,26,88.9,5,8000.0,NO,1009,7,30,2024-03-19 07:30:00
2130,2024,3,19,0800,28,26,88.9,2,8000.0,NO,1009,8,0,2024-03-19 08:00:00
2131,2024,3,19,0830,28,26,88.9,1,8000.0,NO,1009,8,30,2024-03-19 08:30:00
2132,2024,3,19,0900,29,26,83.9,1,8000.0,NO,1010,9,0,2024-03-19 09:00:00
2133,2024,3,19,0930,29,26,83.9,3,8000.0,NO,1009,9,30,2024-03-19 09:30:00
2134,2024,3,19,1000,29,26,83.9,0,8000.0,NO,1009,10,0,2024-03-19 10:00:00
2135,2024,3,19,1030,29,26,83.9,0,8000.0,NO,1009,10,30,2024-03-19 10:30:00
2136,2024,3,19,1100,30,26,79.2,0,8000.0,NO,1009,11,0,2024-03-19 11:00:00
2137,2024,3,19,1130,31,27,79.3,0,8000.0,NO,1008,11,30,2024-03-19 11:30:00
2138,2024,3,19,1200,32,27,74.9,2,9999.0,NO,1008,12,0,2024-03-19 12:00:00
2139,2024,3,19,1230,32,27,74.9,3,9999.0,NO,1007,12,30,2024-03-19 12:30:00
2140,2024,3,19,1300,32,27,74.9,2,9999.0,NO,1006,13,0,2024-03-19 13:00:00
2141,2024,3,19,1330,33,26,66.8,3,9999.0,NO,1006,13,30,2024-03-19 13:30:00
2142,2024,3,19,1400,33,27,70.8,4,9999.0,NO,1005,14,0,2024-03-19 14:00:00
2143,2024,3,19,1430,33,26,66.8,2,9999.0,NO,1005,14,30,2024-03-19 14:30:00
2144,2024,3,19,1500,33,26,66.8,2,9999.0,NO,1004,15,0,2024-03-19 15:00:00
2145,2024,3,19,1530,32,26,70.6,3,9999.0,NO,1004,15,30,2024-03-19 15:30:00
2146,2024,3,19,1600,32,27,74.9,3,9999.0,NO,1004,16,0,2024-03-19 16:00:00
2147,2024,3,19,1630,31,27,79.3,3,9999.0,NO,1005,16,30,2024-03-19 16:30:00
2148,2024,3,19,1700,30,26,79.2,1,9999.0,NO,1005,17,0,2024-03-19 17:00:00
2149,2024,3,19,1730,29,26,83.9,2,,NO,1005,17,30,2024-03-19 17:30:00
2150,2024,3,19,1800,29,26,83.9,1,,NO,1006,18,0,2024-03-19 18:00:00
2151,2024,3,19,1830,29,26,83.9,0,,NO,1006,18,30,2024-03-19 18:30:00
2152,2024,3,19,1900,28,26,88.9,1,,NO,1006,19,0,2024-03-19 19:00:00
2153,2024,3,19,1930,27,26,94.3,0,,NO,1006,19,30,2024-03-19 19:30:00
2154,2024,3,19,2000,27,26,94.3,0,,NO,1007,20,0,2024-03-19 20:00:00
2155,2024,3,19,2030,27,26,94.3,1,,NO,1007,20,30,2024-03-19 20:30:00
2156,2024,3,19,2100,27,26,94.3,2,,NO,1007,21,0,2024-03-19 21:00:00
2157,2024,3,19,2130,27,27,100.0,2,9999.0,NO,1008,21,30,2024-03-19 21:30:00
2158,2024,3,19,2200,27,26,94.3,2,9999.0,NO,1008,22,0,2024-03-19 22:00:00
2159,2024,3,19,2230,27,26,94.3,0,,NO,1008,22,30,2024-03-19 22:30:00
2160,2024,3,19,2300,27,26,94.3,2,,NO,1007,23,0,2024-03-19 23:00:00
2161,2024,3,20,0000,26,26,100.0,2,,NO,1007,0,0,2024-03-20 00:00:00
2162,2024,3,20,0030,26,26,100.0,0,8000.0,NO,1007,0,30,2024-03-20 00:30:00
2163,2024,3,20,0100,26,26,100.0,0,8000.0,NO,1007,1,0,2024-03-20 01:00:00
2164,2024,3,20,0130,26,26,100.0,0,8000.0,NO,1007,1,30,2024-03-20 01:30:00
2165,2024,3,20,0200,27,27,100.0,1,9999.0,NO,1006,2,0,2024-03-20 02:00:00
2166,2024,3,20,0230,27,27,100.0,0,9999.0,NO,1006,2,30,2024-03-20 02:30:00
2167,2024,3,20,0300,27,27,100.0,1,9999.0,NO,1006,3,0,2024-03-20 03:00:00
2168,2024,3,20,0330,27,26,94.3,2,9999.0,NO,1006,3,30,2024-03-20 03:30:00
2169,2024,3,20,0400,27,26,94.3,2,9999.0,NO,1006,4,0,2024-03-20 04:00:00
2170,2024,3,20,0430,27,26,94.3,0,9999.0,NO,1006,4,30,2024-03-20 04:30:00
2171,2024,3,20,0530,27,26,94.3,0,3500.0,NO,1007,5,30,2024-03-20 05:30:00
2172,2024,3,20,0600,26,26,100.0,0,3500.0,NO,1007,6,0,2024-03-20 06:00:00
2173,2024,3,20,0630,27,27,100.0,0,3500.0,NO,1008,6,30,2024-03-20 06:30:00
2174,2024,3,20,0700,27,27,100.0,2,4000.0,NO,1009,7,0,2024-03-20 07:00:00
2175,2024,3,20,0730,28,27,94.3,0,4000.0,NO,1009,7,30,2024-03-20 07:30:00
2176,2024,3,20,0800,29,27,89.0,3,3500.0,NO,1009,8,0,2024-03-20 08:00:00
2177,2024,3,20,0830,30,27,84.0,3,4000.0,NO,1009,8,30,2024-03-20 08:30:00
2178,2024,3,20,0900,30,27,84.0,2,6000.0,NO,1009,9,0,2024-03-20 09:00:00
2179,2024,3,20,0930,29,27,89.0,4,8000.0,NO,1009,9,30,2024-03-20 09:30:00
2180,2024,3,20,1000,30,27,84.0,4,8000.0,NO,1009,10,0,2024-03-20 10:00:00
2181,2024,3,20,1030,30,27,84.0,3,8000.0,NO,1009,10,30,2024-03-20 10:30:00
2182,2024,3,20,1100,31,27,79.3,4,8000.0,NO,1009,11,0,2024-03-20 11:00:00
2183,2024,3,20,1130,32,27,74.9,4,8000.0,NO,1008,11,30,2024-03-20 11:30:00
2184,2024,3,20,1200,32,27,74.9,4,8000.0,NO,1007,12,0,2024-03-20 12:00:00
2185,2024,3,20,1230,32,27,74.9,4,8000.0,NO,1007,12,30,2024-03-20 12:30:00
2186,2024,3,20,1300,32,27,74.9,5,8000.0,NO,1006,13,0,2024-03-20 13:00:00
2187,2024,3,20,1330,32,27,74.9,4,8000.0,NO,1006,13,30,2024-03-20 13:30:00
2188,2024,3,20,1400,32,27,74.9,3,8000.0,NO,1006,14,0,2024-03-20 14:00:00
2189,2024,3,20,1430,31,26,74.8,4,8000.0,NO,1005,14,30,2024-03-20 14:30:00
2190,2024,3,20,1500,31,27,79.3,3,8000.0,NO,1005,15,0,2024-03-20 15:00:00
2191,2024,3,20,1530,31,26,74.8,4,8000.0,NO,1005,15,30,2024-03-20 15:30:00
2192,2024,3,20,1600,30,27,84.0,4,8000.0,NO,1006,16,0,2024-03-20 16:00:00
2193,2024,3,20,1630,30,27,84.0,3,8000.0,NO,1006,16,30,2024-03-20 16:30:00
2194,2024,3,20,1700,30,26,79.2,3,9999.0,NO,1006,17,0,2024-03-20 17:00:00
2195,2024,3,20,1730,29,26,83.9,1,9999.0,NO,1007,17,30,2024-03-20 17:30:00
2196,2024,3,20,1800,29,26,83.9,1,9999.0,NO,1007,18,0,2024-03-20 18:00:00
2197,2024,3,20,1830,28,26,88.9,0,9999.0,NO,1007,18,30,2024-03-20 18:30:00
2198,2024,3,20,1900,28,26,88.9,0,9999.0,NO,1007,19,0,2024-03-20 19:00:00
2199,2024,3,20,1930,27,26,94.3,1,9999.0,NO,1008,19,30,2024-03-20 19:30:00
2200,2024,3,20,2000,27,26,94.3,1,9999.0,NO,1008,20,0,2024-03-20 20:00:00
2201,2024,3,20,2030,27,26,94.3,1,9999.0,NO,1009,20,30,2024-03-20 20:30:00
2202,2024,3,20,2100,27,26,94.3,1,9999.0,NO,1009,21,0,2024-03-20 21:00:00
2203,2024,3,20,2130,27,26,94.3,0,9999.0,NO,1009,21,30,2024-03-20 21:30:00
2204,2024,3,20,2200,27,26,94.3,0,9999.0,NO,1009,22,0,2024-03-20 22:00:00
2205,2024,3,20,2230,27,26,94.3,2,9999.0,NO,1008,22,30,2024-03-20 22:30:00
2206,2024,3,20,2300,27,26,94.3,0,9999.0,NO,1008,23,0,2024-03-20 23:00:00
2207,2024,3,20,2330,27,27,100.0,2,9999.0,NO,1008,23,30,2024-03-20 23:30:00
2208,2024,3,21,0000,27,26,94.3,3,9999.0,NO,1007,0,0,2024-03-21 00:00:00
2209,2024,3,21,0030,27,25,88.8,3,9999.0,NO,1007,0,30,2024-03-21 00:30:00
2210,2024,3,21,0100,27,25,88.8,2,9999.0,NO,1007,1,0,2024-03-21 01:00:00
2211,2024,3,21,0130,27,25,88.8,2,9999.0,NO,1007,1,30,2024-03-21 01:30:00
2212,2024,3,21,0200,27,25,88.8,2,9999.0,NO,1007,2,0,2024-03-21 02:00:00
2213,2024,3,21,0230,27,25,88.8,0,9999.0,NO,1007,2,30,2024-03-21 02:30:00
2214,2024,3,21,0300,26,25,94.2,0,9999.0,NO,1007,3,0,2024-03-21 03:00:00
2215,2024,3,21,0330,26,25,94.2,0,9999.0,NO,1007,3,30,2024-03-21 03:30:00
2216,2024,3,21,0400,26,25,94.2,1,9999.0,NO,1007,4,0,2024-03-21 04:00:00
2217,2024,3,21,0430,26,25,94.2,2,9999.0,NO,1007,4,30,2024-03-21 04:30:00
2218,2024,3,21,0500,26,25,94.2,1,9999.0,NO,1007,5,0,2024-03-21 05:00:00
2219,2024,3,21,0530,26,25,94.2,1,6000.0,NO,1007,5,30,2024-03-21 05:30:00
2220,2024,3,21,0600,26,25,94.2,0,4000.0,NO,1008,6,0,2024-03-21 06:00:00
2221,2024,3,21,0630,27,26,94.3,2,4000.0,NO,1008,6,30,2024-03-21 06:30:00
2222,2024,3,21,0700,28,26,88.9,1,4000.0,NO,1009,7,0,2024-03-21 07:00:00
2223,2024,3,21,0730,29,26,83.9,2,4000.0,NO,1009,7,30,2024-03-21 07:30:00
2224,2024,3,21,0800,29,27,89.0,2,4000.0,NO,1010,8,0,2024-03-21 08:00:00
2225,2024,3,21,0830,31,27,79.3,2,6000.0,NO,1010,8,30,2024-03-21 08:30:00
2226,2024,3,21,0900,32,27,74.9,1,6000.0,NO,1010,9,0,2024-03-21 09:00:00
2227,2024,3,21,0930,32,27,74.9,0,6000.0,NO,1010,9,30,2024-03-21 09:30:00
2228,2024,3,21,1000,32,27,74.9,2,6000.0,NO,1009,10,0,2024-03-21 10:00:00
2229,2024,3,21,1030,33,27,70.8,2,6000.0,NO,1009,10,30,2024-03-21 10:30:00
2230,2024,3,21,1100,33,27,70.8,2,6000.0,NO,1009,11,0,2024-03-21 11:00:00
2231,2024,3,21,1130,33,27,70.8,3,8000.0,NO,1008,11,30,2024-03-21 11:30:00
2232,2024,3,21,1200,32,26,70.6,2,8000.0,NO,1008,12,0,2024-03-21 12:00:00
2233,2024,3,21,1230,33,27,70.8,3,8000.0,NO,1008,12,30,2024-03-21 12:30:00
2234,2024,3,21,1300,32,26,70.6,2,8000.0,NO,1007,13,0,2024-03-21 13:00:00
2235,2024,3,21,1330,31,27,79.3,2,8000.0,NO,1007,13,30,2024-03-21 13:30:00
2236,2024,3,21,1400,31,27,79.3,2,8000.0,NO,1007,14,0,2024-03-21 14:00:00
2237,2024,3,21,1430,31,26,74.8,2,8000.0,NO,1007,14,30,2024-03-21 14:30:00
2238,2024,3,21,1500,32,26,70.6,3,8000.0,NO,1006,15,0,2024-03-21 15:00:00
2239,2024,3,21,1530,31,27,79.3,4,8000.0,NO,1006,15,30,2024-03-21 15:30:00
2240,2024,3,21,1600,31,27,79.3,3,8000.0,NO,1006,16,0,2024-03-21 16:00:00
2241,2024,3,21,1630,31,27,79.3,3,8000.0,NO,1006,16,30,2024-03-21 16:30:00
2242,2024,3,21,1700,30,27,84.0,3,8000.0,NO,1007,17,0,2024-03-21 17:00:00
2243,2024,3,21,1730,30,27,84.0,2,8000.0,NO,1007,17,30,2024-03-21 17:30:00
2244,2024,3,21,1800,29,27,89.0,1,9999.0,NO,1007,18,0,2024-03-21 18:00:00
2245,2024,3,21,1830,29,27,89.0,1,9999.0,NO,1008,18,30,2024-03-21 18:30:00
2246,2024,3,21,1900,29,27,89.0,0,9999.0,NO,1008,19,0,2024-03-21 19:00:00
2247,2024,3,21,1930,29,27,89.0,0,9999.0,NO,1008,19,30,2024-03-21 19:30:00
2248,2024,3,21,2000,28,27,94.3,0,9999.0,NO,1008,20,0,2024-03-21 20:00:00
2249,2024,3,21,2030,28,27,94.3,0,9999.0,NO,1009,20,30,2024-03-21 20:30:00
2250,2024,3,21,2100,28,27,94.3,0,9999.0,NO,1009,21,0,2024-03-21 21:00:00
2251,2024,3,21,2130,28,27,94.3,0,9999.0,NO,1009,21,30,2024-03-21 21:30:00
2252,2024,3,21,2200,29,27,89.0,2,9999.0,NO,1009,22,0,2024-03-21 22:00:00
2253,2024,3,21,2230,29,27,89.0,0,9999.0,NO,1009,22,30,2024-03-21 22:30:00
2254,2024,3,21,2300,28,27,94.3,2,9999.0,NO,1009,23,0,2024-03-21 23:00:00
2255,2024,3,21,2330,28,27,94.3,2,9999.0,NO,1008,23,30,2024-03-21 23:30:00
2256,2024,3,22,0000,28,27,94.3,2,9999.0,YES,1008,0,0,2024-03-22 00:00:00
2257,2024,3,22,0030,28,27,94.3,4,8000.0,YES,1008,0,30,2024-03-22 00:30:00
2258,2024,3,22,0100,26,26,100.0,2,7000.0,YES,1007,1,0,2024-03-22 01:00:00
2259,2024,3,22,0130,26,26,100.0,3,7000.0,NO,1007,1,30,2024-03-22 01:30:00
2260,2024,3,22,0200,26,26,100.0,2,7000.0,NO,1007,2,0,2024-03-22 02:00:00
2261,2024,3,22,0230,26,26,100.0,0,7000.0,NO,1007,2,30,2024-03-22 02:30:00
2262,2024,3,22,0300,26,26,100.0,0,7000.0,NO,1007,3,0,2024-03-22 03:00:00
2263,2024,3,22,0330,26,26,100.0,1,7000.0,NO,1007,3,30,2024-03-22 03:30:00
2264,2024,3,22,0400,26,26,100.0,0,7000.0,NO,1007,4,0,2024-03-22 04:00:00
2265,2024,3,22,0430,26,26,100.0,0,7000.0,NO,1007,4,30,2024-03-22 04:30:00
2266,2024,3,22,0500,26,26,100.0,0,6000.0,NO,1007,5,0,2024-03-22 05:00:00
2267,2024,3,22,0530,26,26,100.0,0,3500.0,NO,1007,5,30,2024-03-22 05:30:00
2268,2024,3,22,0600,26,26,100.0,0,2000.0,NO,1007,6,0,2024-03-22 06:00:00
2269,2024,3,22,0630,27,26,94.3,1,2000.0,NO,1008,6,30,2024-03-22 06:30:00
2270,2024,3,22,0700,27,26,94.3,2,2000.0,NO,1008,7,0,2024-03-22 07:00:00
2271,2024,3,22,0730,28,27,94.3,2,2000.0,NO,1008,7,30,2024-03-22 07:30:00
2272,2024,3,22,0800,29,27,89.0,3,2000.0,NO,1009,8,0,2024-03-22 08:00:00
2273,2024,3,22,0830,31,26,74.8,1,4000.0,NO,1009,8,30,2024-03-22 08:30:00
2274,2024,3,22,0900,32,27,74.9,1,6000.0,NO,1009,9,0,2024-03-22 09:00:00
2275,2024,3,22,0930,31,26,74.8,2,6000.0,NO,1008,9,30,2024-03-22 09:30:00
2276,2024,3,22,1000,33,27,70.8,1,6000.0,NO,1008,10,0,2024-03-22 10:00:00
2277,2024,3,22,1030,33,27,70.8,1,7000.0,NO,1008,10,30,2024-03-22 10:30:00
2278,2024,3,22,1100,33,27,70.8,3,8000.0,NO,1008,11,0,2024-03-22 11:00:00
2279,2024,3,22,1130,34,27,66.9,4,8000.0,NO,1007,11,30,2024-03-22 11:30:00
2280,2024,3,22,1200,34,27,66.9,3,8000.0,NO,1007,12,0,2024-03-22 12:00:00
2281,2024,3,22,1230,34,27,66.9,4,8000.0,NO,1006,12,30,2024-03-22 12:30:00
2282,2024,3,22,1300,34,27,66.9,4,8000.0,NO,1006,13,0,2024-03-22 13:00:00
2283,2024,3,22,1330,34,27,66.9,4,8000.0,NO,1005,13,30,2024-03-22 13:30:00
2284,2024,3,22,1400,33,28,75.1,4,8000.0,NO,1005,14,0,2024-03-22 14:00:00
2285,2024,3,22,1430,33,28,75.1,4,8000.0,NO,1005,14,30,2024-03-22 14:30:00
2286,2024,3,22,1500,33,27,70.8,6,8000.0,NO,1005,15,0,2024-03-22 15:00:00
2287,2024,3,22,1530,32,28,79.4,5,8000.0,NO,1005,15,30,2024-03-22 15:30:00
2288,2024,3,22,1600,32,27,74.9,5,9999.0,NO,1004,16,0,2024-03-22 16:00:00
2289,2024,3,22,1630,31,27,79.3,4,9999.0,NO,1005,16,30,2024-03-22 16:30:00
2290,2024,3,22,1700,31,27,79.3,4,9999.0,NO,1005,17,0,2024-03-22 17:00:00
2291,2024,3,22,1730,30,27,84.0,2,9999.0,NO,1006,17,30,2024-03-22 17:30:00
2292,2024,3,22,1800,30,27,84.0,2,9999.0,NO,1006,18,0,2024-03-22 18:00:00
2293,2024,3,22,1830,30,27,84.0,2,9999.0,NO,1007,18,30,2024-03-22 18:30:00
2294,2024,3,22,1900,30,27,84.0,2,9999.0,NO,1007,19,0,2024-03-22 19:00:00
2295,2024,3,22,1930,30,27,84.0,3,9999.0,YES,1008,19,30,2024-03-22 19:30:00
2296,2024,3,22,2000,30,27,84.0,3,9999.0,NO,1008,20,0,2024-03-22 20:00:00
2297,2024,3,22,2030,29,27,89.0,0,9999.0,NO,1008,20,30,2024-03-22 20:30:00
2298,2024,3,22,2100,29,27,89.0,2,9999.0,NO,1009,21,0,2024-03-22 21:00:00
2299,2024,3,22,2130,29,27,89.0,1,9999.0,NO,1009,21,30,2024-03-22 21:30:00
2300,2024,3,22,2200,29,27,89.0,3,6000.0,YES,1009,22,0,2024-03-22 22:00:00
2301,2024,3,22,2230,29,27,89.0,4,6000.0,YES,1009,22,30,2024-03-22 22:30:00
2302,2024,3,22,2300,29,27,89.0,3,6000.0,YES,1009,23,0,2024-03-22 23:00:00
2303,2024,3,22,2330,26,25,94.2,5,2500.0,YES,1009,23,30,2024-03-22 23:30:00
2304,2024,3,23,0000,25,25,100.0,6,2000.0,YES,1009,0,0,2024-03-23 00:00:00
2305,2024,3,23,0030,25,24,94.2,3,8000.0,YES,1008,0,30,2024-03-23 00:30:00
2306,2024,3,23,0100,24,24,100.0,1,8000.0,YES,1008,1,0,2024-03-23 01:00:00
2307,2024,3,23,0130,24,24,100.0,1,9999.0,YES,1007,1,30,2024-03-23 01:30:00
2308,2024,3,23,0200,25,24,94.2,3,9999.0,NO,1008,2,0,2024-03-23 02:00:00
2309,2024,3,23,0230,25,24,94.2,3,9999.0,NO,1008,2,30,2024-03-23 02:30:00
2310,2024,3,23,0300,25,24,94.2,3,9999.0,NO,1008,3,0,2024-03-23 03:00:00
2311,2024,3,23,0330,25,25,100.0,0,9999.0,NO,1008,3,30,2024-03-23 03:30:00
2312,2024,3,23,0400,25,25,100.0,2,9999.0,NO,1008,4,0,2024-03-23 04:00:00
2313,2024,3,23,0430,25,25,100.0,4,9999.0,YES,1008,4,30,2024-03-23 04:30:00
2314,2024,3,23,0500,25,25,100.0,5,9999.0,YES,1008,5,0,2024-03-23 05:00:00
2315,2024,3,23,0530,25,25,100.0,2,6000.0,NO,1008,5,30,2024-03-23 05:30:00
2316,2024,3,23,0600,25,25,100.0,2,6000.0,NO,1009,6,0,2024-03-23 06:00:00
2317,2024,3,23,0630,25,25,100.0,2,6000.0,NO,1009,6,30,2024-03-23 06:30:00
2318,2024,3,23,0700,26,25,94.2,3,7000.0,NO,1009,7,0,2024-03-23 07:00:00
2319,2024,3,23,0730,26,25,94.2,4,9999.0,NO,1010,7,30,2024-03-23 07:30:00
2320,2024,3,23,0800,27,25,88.8,2,9999.0,NO,1010,8,0,2024-03-23 08:00:00
2321,2024,3,23,0830,29,25,79.0,2,9999.0,NO,1010,8,30,2024-03-23 08:30:00
2322,2024,3,23,0900,30,25,74.6,2,9999.0,NO,1011,9,0,2024-03-23 09:00:00
2323,2024,3,23,0930,31,25,70.4,3,9999.0,NO,1011,9,30,2024-03-23 09:30:00
2324,2024,3,23,1000,31,25,70.4,2,9999.0,NO,1010,10,0,2024-03-23 10:00:00
2325,2024,3,23,1030,31,25,70.4,2,9999.0,NO,1010,10,30,2024-03-23 10:30:00
2326,2024,3,23,1100,31,26,74.8,4,9999.0,NO,1009,11,0,2024-03-23 11:00:00
2327,2024,3,23,1130,32,26,70.6,4,9999.0,NO,1009,11,30,2024-03-23 11:30:00
2328,2024,3,23,1200,32,26,70.6,3,9999.0,NO,1009,12,0,2024-03-23 12:00:00
2329,2024,3,23,1230,31,26,74.8,5,9999.0,NO,1009,12,30,2024-03-23 12:30:00
2330,2024,3,23,1300,30,27,84.0,3,9999.0,NO,1008,13,0,2024-03-23 13:00:00
2331,2024,3,23,1330,32,26,70.6,5,9999.0,NO,1007,13,30,2024-03-23 13:30:00
2332,2024,3,23,1400,32,27,74.9,5,9999.0,NO,1007,14,0,2024-03-23 14:00:00
2333,2024,3,23,1430,32,27,74.9,3,9999.0,NO,1007,14,30,2024-03-23 14:30:00
2334,2024,3,23,1500,32,26,70.6,3,9999.0,NO,1007,15,0,2024-03-23 15:00:00
2335,2024,3,23,1530,32,27,74.9,3,9999.0,NO,1006,15,30,2024-03-23 15:30:00
2336,2024,3,23,1600,31,26,74.8,4,9999.0,NO,1006,16,0,2024-03-23 16:00:00
2337,2024,3,23,1630,31,26,74.8,3,9999.0,NO,1006,16,30,2024-03-23 16:30:00
2338,2024,3,23,1700,30,26,79.2,2,9999.0,NO,1006,17,0,2024-03-23 17:00:00
2339,2024,3,23,1730,29,26,83.9,3,9999.0,NO,1006,17,30,2024-03-23 17:30:00
2340,2024,3,23,1800,29,26,83.9,1,9999.0,NO,1006,18,0,2024-03-23 18:00:00
2341,2024,3,23,1830,28,26,88.9,0,9999.0,NO,1007,18,30,2024-03-23 18:30:00
2342,2024,3,23,1900,27,26,94.3,0,9999.0,NO,1008,19,0,2024-03-23 19:00:00
2343,2024,3,23,1930,27,26,94.3,0,9999.0,NO,1008,19,30,2024-03-23 19:30:00
2344,2024,3,23,2000,27,26,94.3,0,9999.0,NO,1009,20,0,2024-03-23 20:00:00
2345,2024,3,23,2030,27,26,94.3,0,9999.0,NO,1009,20,30,2024-03-23 20:30:00
2346,2024,3,23,2100,27,26,94.3,1,9999.0,NO,1009,21,0,2024-03-23 21:00:00
2347,2024,3,23,2130,27,26,94.3,0,9999.0,NO,1009,21,30,2024-03-23 21:30:00
2348,2024,3,23,2200,27,26,94.3,0,9999.0,NO,1009,22,0,2024-03-23 22:00:00
2349,2024,3,23,2230,26,26,100.0,0,9999.0,NO,1009,22,30,2024-03-23 22:30:00
2350,2024,3,23,2300,27,26,94.3,0,9999.0,NO,1009,23,0,2024-03-23 23:00:00
2351,2024,3,23,2330,26,26,100.0,1,9999.0,NO,1009,23,30,2024-03-23 23:30:00
2352,2024,3,24,0000,26,26,100.0,0,9999.0,NO,1008,0,0,2024-03-24 00:00:00
2353,2024,3,24,0030,26,26,100.0,0,9999.0,NO,1008,0,30,2024-03-24 00:30:00
2354,2024,3,24,0100,26,26,100.0,3,9999.0,NO,1008,1,0,2024-03-24 01:00:00
2355,2024,3,24,0130,27,26,94.3,2,9999.0,NO,1008,1,30,2024-03-24 01:30:00
2356,2024,3,24,0200,26,26,100.0,0,9999.0,NO,1008,2,0,2024-03-24 02:00:00
2357,2024,3,24,0230,26,25,94.2,1,9999.0,NO,1008,2,30,2024-03-24 02:30:00
2358,2024,3,24,0300,26,26,100.0,0,9999.0,NO,1008,3,0,2024-03-24 03:00:00
2359,2024,3,24,0330,26,26,100.0,3,9999.0,NO,1008,3,30,2024-03-24 03:30:00
2360,2024,3,24,0400,26,26,100.0,2,9999.0,NO,1008,4,0,2024-03-24 04:00:00
2361,2024,3,24,0430,26,26,100.0,0,8000.0,NO,1008,4,30,2024-03-24 04:30:00
2362,2024,3,24,0500,26,26,100.0,0,8000.0,NO,1008,5,0,2024-03-24 05:00:00
2363,2024,3,24,0530,26,26,100.0,1,6000.0,NO,1009,5,30,2024-03-24 05:30:00
2364,2024,3,24,0600,26,26,100.0,0,6000.0,NO,1009,6,0,2024-03-24 06:00:00
2365,2024,3,24,0630,27,26,94.3,0,6000.0,NO,1010,6,30,2024-03-24 06:30:00
2366,2024,3,24,0700,28,27,94.3,3,6000.0,NO,1010,7,0,2024-03-24 07:00:00
2367,2024,3,24,0730,29,26,83.9,2,6000.0,NO,1010,7,30,2024-03-24 07:30:00
2368,2024,3,24,0800,30,26,79.2,2,6000.0,NO,1011,8,0,2024-03-24 08:00:00
2369,2024,3,24,0830,31,26,74.8,2,6000.0,NO,1011,8,30,2024-03-24 08:30:00
2370,2024,3,24,0900,32,27,74.9,3,8000.0,NO,1011,9,0,2024-03-24 09:00:00
2371,2024,3,24,0930,31,26,74.8,2,8000.0,NO,1010,9,30,2024-03-24 09:30:00
2372,2024,3,24,1000,31,26,74.8,4,8000.0,NO,1010,10,0,2024-03-24 10:00:00
2373,2024,3,24,1030,33,26,66.8,3,8000.0,NO,1010,10,30,2024-03-24 10:30:00
2374,2024,3,24,1100,34,27,66.9,3,9999.0,NO,1010,11,0,2024-03-24 11:00:00
2375,2024,3,24,1130,34,27,66.9,2,9999.0,NO,1009,11,30,2024-03-24 11:30:00
2376,2024,3,24,1200,34,26,63.1,3,9999.0,NO,1008,12,0,2024-03-24 12:00:00
2377,2024,3,24,1230,34,27,66.9,5,9999.0,NO,1008,12,30,2024-03-24 12:30:00
2378,2024,3,24,1300,34,26,63.1,4,9999.0,NO,1007,13,0,2024-03-24 13:00:00
2379,2024,3,24,1330,34,27,66.9,5,9999.0,NO,1007,13,30,2024-03-24 13:30:00
2380,2024,3,24,1400,34,27,66.9,4,9999.0,NO,1007,14,0,2024-03-24 14:00:00
2381,2024,3,24,1430,33,27,70.8,4,9999.0,NO,1006,14,30,2024-03-24 14:30:00
2382,2024,3,24,1500,33,26,66.8,4,9999.0,NO,1006,15,0,2024-03-24 15:00:00
2383,2024,3,24,1530,32,26,70.6,4,9999.0,NO,1006,15,30,2024-03-24 15:30:00
2384,2024,3,24,1600,32,26,70.6,4,9999.0,NO,1006,16,0,2024-03-24 16:00:00
2385,2024,3,24,1630,32,26,70.6,4,9999.0,NO,1006,16,30,2024-03-24 16:30:00
2386,2024,3,24,1700,31,26,74.8,4,9999.0,NO,1006,17,0,2024-03-24 17:00:00
2387,2024,3,24,1730,30,26,79.2,3,9999.0,YES,1006,17,30,2024-03-24 17:30:00
2388,2024,3,24,1800,30,26,79.2,3,9999.0,YES,1007,18,0,2024-03-24 18:00:00
2389,2024,3,24,1830,30,26,79.2,2,9999.0,YES,1007,18,30,2024-03-24 18:30:00
2390,2024,3,24,1900,29,26,83.9,1,9999.0,NO,1007,19,0,2024-03-24 19:00:00
2391,2024,3,24,1930,29,26,83.9,1,9999.0,NO,1008,19,30,2024-03-24 19:30:00
2392,2024,3,24,2000,28,27,94.3,1,9999.0,NO,1008,20,0,2024-03-24 20:00:00
2393,2024,3,24,2030,29,27,89.0,2,9999.0,NO,1008,20,30,2024-03-24 20:30:00
2394,2024,3,24,2100,29,27,89.0,1,9999.0,NO,1009,21,0,2024-03-24 21:00:00
2395,2024,3,24,2130,28,27,94.3,1,9999.0,NO,1009,21,30,2024-03-24 21:30:00
2396,2024,3,24,2200,28,27,94.3,1,9999.0,NO,1009,22,0,2024-03-24 22:00:00
2397,2024,3,24,2230,28,27,94.3,0,9999.0,NO,1009,22,30,2024-03-24 22:30:00
2398,2024,3,24,2300,28,27,94.3,1,9999.0,NO,1009,23,0,2024-03-24 23:00:00
2399,2024,3,24,2330,28,27,94.3,2,9999.0,NO,1009,23,30,2024-03-24 23:30:00
2400,2024,3,25,0000,27,27,100.0,2,9999.0,NO,1009,0,0,2024-03-25 00:00:00
2401,2024,3,25,0100,28,27,94.3,3,9999.0,NO,1009,1,0,2024-03-25 01:00:00
2402,2024,3,25,0130,27,24,83.7,6,9999.0,NO,1008,1,30,2024-03-25 01:30:00
2403,2024,3,25,0200,27,24,83.7,0,9999.0,NO,1008,2,0,2024-03-25 02:00:00
2404,2024,3,25,0230,26,24,88.7,1,9999.0,NO,1008,2,30,2024-03-25 02:30:00
2405,2024,3,25,0300,26,25,94.2,0,9999.0,NO,1008,3,0,2024-03-25 03:00:00
2406,2024,3,25,0330,26,25,94.2,2,9999.0,NO,1008,3,30,2024-03-25 03:30:00
2407,2024,3,25,0400,25,24,94.2,1,9999.0,NO,1008,4,0,2024-03-25 04:00:00
2408,2024,3,25,0430,25,24,94.2,1,9999.0,NO,1008,4,30,2024-03-25 04:30:00
2409,2024,3,25,0500,25,24,94.2,1,9999.0,NO,1008,5,0,2024-03-25 05:00:00
2410,2024,3,25,0530,25,24,94.2,0,6000.0,NO,1009,5,30,2024-03-25 05:30:00
2411,2024,3,25,0630,27,25,88.8,1,6000.0,NO,1010,6,30,2024-03-25 06:30:00
2412,2024,3,25,0700,28,25,83.8,2,6000.0,NO,1010,7,0,2024-03-25 07:00:00
2413,2024,3,25,0730,30,25,74.6,1,8000.0,NO,1011,7,30,2024-03-25 07:30:00
2414,2024,3,25,0800,30,25,74.6,3,8000.0,NO,1011,8,0,2024-03-25 08:00:00
2415,2024,3,25,0830,31,25,70.4,2,8000.0,YES,1012,8,30,2024-03-25 08:30:00
2416,2024,3,25,0900,31,25,70.4,2,8000.0,NO,1012,9,0,2024-03-25 09:00:00
2417,2024,3,25,0930,32,27,74.9,2,8000.0,NO,1012,9,30,2024-03-25 09:30:00
2418,2024,3,25,1000,33,27,70.8,2,9999.0,NO,1012,10,0,2024-03-25 10:00:00
2419,2024,3,25,1030,33,26,66.8,4,9999.0,NO,1011,10,30,2024-03-25 10:30:00
2420,2024,3,25,1100,33,27,70.8,4,9999.0,NO,1011,11,0,2024-03-25 11:00:00
2421,2024,3,25,1130,32,27,74.9,5,9999.0,NO,1011,11,30,2024-03-25 11:30:00
2422,2024,3,25,1200,34,27,66.9,4,9999.0,NO,1010,12,0,2024-03-25 12:00:00
2423,2024,3,25,1230,33,28,75.1,5,9999.0,NO,1010,12,30,2024-03-25 12:30:00
2424,2024,3,25,1300,34,28,71.0,5,9999.0,NO,1010,13,0,2024-03-25 13:00:00
2425,2024,3,25,1330,33,27,70.8,7,9999.0,NO,1009,13,30,2024-03-25 13:30:00
2426,2024,3,25,1400,31,26,74.8,7,8000.0,YES,1009,14,0,2024-03-25 14:00:00
2427,2024,3,25,1430,30,26,79.2,4,9999.0,YES,1008,14,30,2024-03-25 14:30:00
2428,2024,3,25,1500,32,27,74.9,5,9999.0,NO,1007,15,0,2024-03-25 15:00:00
2429,2024,3,25,1530,32,27,74.9,5,9999.0,NO,1008,15,30,2024-03-25 15:30:00
2430,2024,3,25,1600,31,27,79.3,4,9999.0,NO,1007,16,0,2024-03-25 16:00:00
2431,2024,3,25,1630,30,27,84.0,5,9999.0,NO,1008,16,30,2024-03-25 16:30:00
2432,2024,3,25,1700,30,27,84.0,4,9999.0,NO,1009,17,0,2024-03-25 17:00:00
2433,2024,3,25,1730,30,27,84.0,4,9999.0,NO,1009,17,30,2024-03-25 17:30:00
2434,2024,3,25,1800,29,26,83.9,2,9999.0,NO,1009,18,0,2024-03-25 18:00:00
2435,2024,3,25,1830,29,27,89.0,1,9999.0,NO,1009,18,30,2024-03-25 18:30:00
2436,2024,3,25,1900,29,27,89.0,0,9999.0,NO,1010,19,0,2024-03-25 19:00:00
2437,2024,3,25,1930,28,27,94.3,1,9999.0,NO,1010,19,30,2024-03-25 19:30:00
2438,2024,3,25,2000,29,26,83.9,5,9999.0,YES,1010,20,0,2024-03-25 20:00:00
2439,2024,3,25,2030,28,26,88.9,4,9999.0,NO,1010,20,30,2024-03-25 20:30:00
2440,2024,3,25,2100,28,26,88.9,3,9999.0,NO,1010,21,0,2024-03-25 21:00:00
2441,2024,3,25,2130,28,25,83.8,7,9999.0,NO,1011,21,30,2024-03-25 21:30:00
2442,2024,3,25,2200,28,25,83.8,6,9999.0,NO,1010,22,0,2024-03-25 22:00:00
2443,2024,3,25,2300,27,25,88.8,3,9999.0,NO,1010,23,0,2024-03-25 23:00:00
2444,2024,3,25,2330,27,25,88.8,2,9999.0,NO,1010,23,30,2024-03-25 23:30:00
2445,2024,3,26,0000,26,25,94.2,2,9999.0,NO,1010,0,0,2024-03-26 00:00:00
2446,2024,3,26,0030,26,25,94.2,3,9999.0,NO,1010,0,30,2024-03-26 00:30:00
2447,2024,3,26,0100,26,25,94.2,1,9999.0,NO,1010,1,0,2024-03-26 01:00:00
2448,2024,3,26,0130,26,25,94.2,0,9999.0,NO,1010,1,30,2024-03-26 01:30:00
2449,2024,3,26,0200,26,25,94.2,0,9999.0,NO,1010,2,0,2024-03-26 02:00:00
2450,2024,3,26,0230,26,25,94.2,2,9999.0,NO,1009,2,30,2024-03-26 02:30:00
2451,2024,3,26,0300,26,24,88.7,4,9999.0,NO,1010,3,0,2024-03-26 03:00:00
2452,2024,3,26,0330,26,24,88.7,3,9999.0,NO,1010,3,30,2024-03-26 03:30:00
2453,2024,3,26,0400,26,24,88.7,4,9999.0,NO,1010,4,0,2024-03-26 04:00:00
2454,2024,3,26,0430,26,24,88.7,2,9999.0,NO,1010,4,30,2024-03-26 04:30:00
2455,2024,3,26,0500,26,24,88.7,4,9999.0,NO,1010,5,0,2024-03-26 05:00:00
2456,2024,3,26,0530,26,24,88.7,2,8000.0,NO,1010,5,30,2024-03-26 05:30:00
2457,2024,3,26,0600,26,24,88.7,2,8000.0,NO,1010,6,0,2024-03-26 06:00:00
2458,2024,3,26,0630,27,25,88.8,2,8000.0,NO,1011,6,30,2024-03-26 06:30:00
2459,2024,3,26,0700,27,25,88.8,3,8000.0,NO,1011,7,0,2024-03-26 07:00:00
2460,2024,3,26,0730,29,26,83.9,2,6000.0,NO,1012,7,30,2024-03-26 07:30:00
2461,2024,3,26,0800,31,25,70.4,2,6000.0,NO,1012,8,0,2024-03-26 08:00:00
2462,2024,3,26,0830,32,26,70.6,1,6000.0,NO,1012,8,30,2024-03-26 08:30:00
2463,2024,3,26,0900,32,26,70.6,1,8000.0,NO,1011,9,0,2024-03-26 09:00:00
2464,2024,3,26,0930,32,25,66.6,2,8000.0,NO,1011,9,30,2024-03-26 09:30:00
2465,2024,3,26,1000,32,25,66.6,3,8000.0,NO,1011,10,0,2024-03-26 10:00:00
2466,2024,3,26,1030,33,26,66.8,3,8000.0,NO,1011,10,30,2024-03-26 10:30:00
2467,2024,3,26,1100,34,27,66.9,2,8000.0,NO,1011,11,0,2024-03-26 11:00:00
2468,2024,3,26,1130,34,26,63.1,3,8000.0,NO,1010,11,30,2024-03-26 11:30:00
2469,2024,3,26,1200,34,26,63.1,4,8000.0,NO,1009,12,0,2024-03-26 12:00:00
2470,2024,3,26,1230,34,27,66.9,4,8000.0,NO,1009,12,30,2024-03-26 12:30:00
2471,2024,3,26,1300,34,27,66.9,4,9999.0,NO,1008,13,0,2024-03-26 13:00:00
2472,2024,3,26,1330,34,26,63.1,4,9999.0,NO,1008,13,30,2024-03-26 13:30:00
2473,2024,3,26,1400,34,25,59.5,5,9999.0,NO,1007,14,0,2024-03-26 14:00:00
2474,2024,3,26,1430,34,26,63.1,3,9999.0,NO,1007,14,30,2024-03-26 14:30:00
2475,2024,3,26,1500,34,26,63.1,4,9999.0,NO,1007,15,0,2024-03-26 15:00:00
2476,2024,3,26,1530,33,26,66.8,4,9999.0,NO,1007,15,30,2024-03-26 15:30:00
2477,2024,3,26,1600,33,27,70.8,3,9999.0,NO,1006,16,0,2024-03-26 16:00:00
2478,2024,3,26,1630,32,27,74.9,4,9999.0,NO,1006,16,30,2024-03-26 16:30:00
2479,2024,3,26,1700,31,26,74.8,3,9999.0,NO,1007,17,0,2024-03-26 17:00:00
2480,2024,3,26,1730,30,26,79.2,3,9999.0,NO,1008,17,30,2024-03-26 17:30:00
2481,2024,3,26,1800,30,26,79.2,3,9999.0,NO,1008,18,0,2024-03-26 18:00:00
2482,2024,3,26,1830,30,27,84.0,3,9999.0,NO,1008,18,30,2024-03-26 18:30:00
2483,2024,3,26,1900,29,27,89.0,2,9999.0,NO,1008,19,0,2024-03-26 19:00:00
2484,2024,3,26,1930,29,27,89.0,2,9999.0,NO,1009,19,30,2024-03-26 19:30:00
2485,2024,3,26,2000,29,27,89.0,2,9999.0,NO,1009,20,0,2024-03-26 20:00:00
2486,2024,3,26,2030,29,27,89.0,1,9999.0,NO,1009,20,30,2024-03-26 20:30:00
2487,2024,3,26,2100,29,27,89.0,0,9999.0,NO,1010,21,0,2024-03-26 21:00:00
2488,2024,3,26,2130,28,27,94.3,1,9999.0,NO,1010,21,30,2024-03-26 21:30:00
2489,2024,3,26,2200,28,27,94.3,0,9999.0,NO,1010,22,0,2024-03-26 22:00:00
2490,2024,3,26,2230,28,27,94.3,0,9999.0,NO,1010,22,30,2024-03-26 22:30:00
2491,2024,3,26,2300,28,27,94.3,2,9999.0,NO,1010,23,0,2024-03-26 23:00:00
2492,2024,3,26,2330,28,27,94.3,0,9999.0,NO,1010,23,30,2024-03-26 23:30:00
2493,2024,3,27,0000,28,27,94.3,3,9999.0,NO,1010,0,0,2024-03-27 00:00:00
2494,2024,3,27,0030,28,27,94.3,2,9999.0,NO,1010,0,30,2024-03-27 00:30:00
2495,2024,3,27,0100,28,27,94.3,2,9999.0,NO,1010,1,0,2024-03-27 01:00:00
2496,2024,3,27,0130,28,27,94.3,1,9999.0,NO,1009,1,30,2024-03-27 01:30:00
2497,2024,3,27,0200,28,27,94.3,2,9999.0,NO,1009,2,0,2024-03-27 02:00:00
2498,2024,3,27,0230,27,27,100.0,2,9999.0,NO,1009,2,30,2024-03-27 02:30:00
2499,2024,3,27,0300,27,27,100.0,0,9999.0,NO,1009,3,0,2024-03-27 03:00:00
2500,2024,3,27,0330,28,27,94.3,1,9999.0,YES,1009,3,30,2024-03-27 03:30:00
2501,2024,3,27,0400,28,27,94.3,3,9999.0,NO,1009,4,0,2024-03-27 04:00:00
2502,2024,3,27,0430,28,27,94.3,1,2000.0,YES,1009,4,30,2024-03-27 04:30:00
2503,2024,3,27,0500,27,27,100.0,0,4000.0,YES,1009,5,0,2024-03-27 05:00:00
2504,2024,3,27,0530,27,27,100.0,1,6000.0,YES,1009,5,30,2024-03-27 05:30:00
2505,2024,3,27,0600,27,27,100.0,0,6000.0,NO,1010,6,0,2024-03-27 06:00:00
2506,2024,3,27,0630,28,27,94.3,2,6000.0,NO,1010,6,30,2024-03-27 06:30:00
2507,2024,3,27,0700,28,27,94.3,2,6000.0,NO,1010,7,0,2024-03-27 07:00:00
2508,2024,3,27,0730,30,27,84.0,2,6000.0,NO,1010,7,30,2024-03-27 07:30:00
2509,2024,3,27,0800,32,27,74.9,3,6000.0,NO,1010,8,0,2024-03-27 08:00:00
2510,2024,3,27,0830,31,27,79.3,3,9999.0,NO,1011,8,30,2024-03-27 08:30:00
2511,2024,3,27,0900,32,27,74.9,2,9999.0,NO,1010,9,0,2024-03-27 09:00:00
2512,2024,3,27,0930,33,26,66.8,2,9999.0,NO,1010,9,30,2024-03-27 09:30:00
2513,2024,3,27,1000,34,27,66.9,3,9999.0,NO,1010,10,0,2024-03-27 10:00:00
2514,2024,3,27,1030,34,27,66.9,2,9999.0,NO,1009,10,30,2024-03-27 10:30:00
2515,2024,3,27,1100,34,27,66.9,3,9999.0,NO,1009,11,0,2024-03-27 11:00:00
2516,2024,3,27,1130,35,27,63.3,3,9999.0,NO,1009,11,30,2024-03-27 11:30:00
2517,2024,3,27,1200,35,28,67.1,4,9999.0,NO,1008,12,0,2024-03-27 12:00:00
2518,2024,3,27,1230,35,27,63.3,4,9999.0,NO,1007,12,30,2024-03-27 12:30:00
2519,2024,3,27,1300,35,27,63.3,4,9999.0,NO,1007,13,0,2024-03-27 13:00:00
2520,2024,3,27,1330,35,27,63.3,4,9999.0,NO,1006,13,30,2024-03-27 13:30:00
2521,2024,3,27,1400,35,27,63.3,4,9999.0,NO,1006,14,0,2024-03-27 14:00:00
2522,2024,3,27,1430,35,27,63.3,4,9999.0,NO,1006,14,30,2024-03-27 14:30:00
2523,2024,3,27,1500,34,27,66.9,4,9999.0,NO,1005,15,0,2024-03-27 15:00:00
2524,2024,3,27,1530,33,27,70.8,4,9999.0,NO,1005,15,30,2024-03-27 15:30:00
2525,2024,3,27,1600,33,27,70.8,4,9999.0,NO,1005,16,0,2024-03-27 16:00:00
2526,2024,3,27,1630,32,27,74.9,5,9999.0,NO,1005,16,30,2024-03-27 16:30:00
2527,2024,3,27,1700,31,27,79.3,4,9999.0,NO,1005,17,0,2024-03-27 17:00:00
2528,2024,3,27,1730,31,27,79.3,4,9999.0,NO,1006,17,30,2024-03-27 17:30:00
2529,2024,3,27,1800,30,27,84.0,4,9999.0,NO,1007,18,0,2024-03-27 18:00:00
2530,2024,3,27,1830,30,27,84.0,2,9999.0,NO,1008,18,30,2024-03-27 18:30:00
2531,2024,3,27,1900,30,27,84.0,2,9999.0,YES,1008,19,0,2024-03-27 19:00:00
2532,2024,3,27,1930,28,26,88.9,3,,YES,1008,19,30,2024-03-27 19:30:00
2533,2024,3,27,2000,27,26,94.3,5,6000.0,YES,1008,20,0,2024-03-27 20:00:00
2534,2024,3,27,2030,27,26,94.3,1,6000.0,YES,1009,20,30,2024-03-27 20:30:00
2535,2024,3,27,2100,27,26,94.3,0,9999.0,NO,1009,21,0,2024-03-27 21:00:00
2536,2024,3,27,2130,27,27,100.0,0,9999.0,NO,1010,21,30,2024-03-27 21:30:00
2537,2024,3,27,2200,28,28,100.0,2,9999.0,NO,1010,22,0,2024-03-27 22:00:00
2538,2024,3,27,2230,28,28,100.0,1,9999.0,NO,1010,22,30,2024-03-27 22:30:00
2539,2024,3,27,2300,28,28,100.0,1,9999.0,NO,1009,23,0,2024-03-27 23:00:00
2540,2024,3,27,2330,28,27,94.3,1,9999.0,NO,1009,23,30,2024-03-27 23:30:00
2541,2024,3,28,0000,28,28,100.0,0,9999.0,NO,1009,0,0,2024-03-28 00:00:00
2542,2024,3,28,0030,28,28,100.0,0,9999.0,NO,1009,0,30,2024-03-28 00:30:00
2543,2024,3,28,0100,28,28,100.0,0,9999.0,NO,1009,1,0,2024-03-28 01:00:00
2544,2024,3,28,0130,27,27,100.0,2,9999.0,NO,1008,1,30,2024-03-28 01:30:00
2545,2024,3,28,0200,27,26,94.3,4,9999.0,NO,1008,2,0,2024-03-28 02:00:00
2546,2024,3,28,0230,27,26,94.3,1,9999.0,NO,1008,2,30,2024-03-28 02:30:00
2547,2024,3,28,0300,26,26,100.0,1,9999.0,NO,1008,3,0,2024-03-28 03:00:00
2548,2024,3,28,0330,26,26,100.0,2,9999.0,NO,1009,3,30,2024-03-28 03:30:00
2549,2024,3,28,0400,26,26,100.0,2,9999.0,NO,1009,4,0,2024-03-28 04:00:00
2550,2024,3,28,0430,26,26,100.0,2,9999.0,NO,1009,4,30,2024-03-28 04:30:00
2551,2024,3,28,0500,26,26,100.0,1,7000.0,NO,1009,5,0,2024-03-28 05:00:00
2552,2024,3,28,0530,26,26,100.0,0,6000.0,NO,1010,5,30,2024-03-28 05:30:00
2553,2024,3,28,0600,26,26,100.0,1,7000.0,NO,1010,6,0,2024-03-28 06:00:00
2554,2024,3,28,0630,27,27,100.0,0,7000.0,NO,1010,6,30,2024-03-28 06:30:00
2555,2024,3,28,0700,28,27,94.3,0,7000.0,NO,1011,7,0,2024-03-28 07:00:00
2556,2024,3,28,0730,29,26,83.9,0,7000.0,NO,1011,7,30,2024-03-28 07:30:00
2557,2024,3,28,0800,30,26,79.2,0,7000.0,NO,1011,8,0,2024-03-28 08:00:00
2558,2024,3,28,0830,31,27,79.3,2,7000.0,NO,1011,8,30,2024-03-28 08:30:00
2559,2024,3,28,0900,32,27,74.9,2,7000.0,NO,1011,9,0,2024-03-28 09:00:00
2560,2024,3,28,0930,33,27,70.8,2,7000.0,NO,1011,9,30,2024-03-28 09:30:00
2561,2024,3,28,1000,32,28,79.4,2,8000.0,NO,1011,10,0,2024-03-28 10:00:00
2562,2024,3,28,1030,33,27,70.8,3,8000.0,NO,1010,10,30,2024-03-28 10:30:00
2563,2024,3,28,1100,33,27,70.8,3,8000.0,NO,1010,11,0,2024-03-28 11:00:00
2564,2024,3,28,1130,34,28,71.0,3,8000.0,NO,1009,11,30,2024-03-28 11:30:00
2565,2024,3,28,1200,35,27,63.3,4,8000.0,NO,1009,12,0,2024-03-28 12:00:00
2566,2024,3,28,1230,35,27,63.3,3,9999.0,NO,1008,12,30,2024-03-28 12:30:00
2567,2024,3,28,1300,35,28,67.1,4,9999.0,NO,1007,13,0,2024-03-28 13:00:00
2568,2024,3,28,1330,35,28,67.1,4,9999.0,NO,1007,13,30,2024-03-28 13:30:00
2569,2024,3,28,1400,35,28,67.1,4,9999.0,NO,1006,14,0,2024-03-28 14:00:00
2570,2024,3,28,1430,33,28,75.1,4,9999.0,YES,1006,14,30,2024-03-28 14:30:00
2571,2024,3,28,1500,32,28,79.4,4,9999.0,YES,1007,15,0,2024-03-28 15:00:00
2572,2024,3,28,1530,30,29,94.4,3,9999.0,YES,1006,15,30,2024-03-28 15:30:00
2573,2024,3,28,1600,28,26,88.9,5,9999.0,YES,1006,16,0,2024-03-28 16:00:00
2574,2024,3,28,1630,28,27,94.3,2,6000.0,YES,1007,16,30,2024-03-28 16:30:00
2575,2024,3,28,1700,27,25,88.8,6,8000.0,YES,1008,17,0,2024-03-28 17:00:00
2576,2024,3,28,1730,26,24,88.7,3,9999.0,YES,1007,17,30,2024-03-28 17:30:00
2577,2024,3,28,1800,26,25,94.2,2,9999.0,YES,1007,18,0,2024-03-28 18:00:00
2578,2024,3,28,1830,26,25,94.2,3,9999.0,NO,1008,18,30,2024-03-28 18:30:00
2579,2024,3,28,1900,26,25,94.2,2,9999.0,NO,1008,19,0,2024-03-28 19:00:00
2580,2024,3,28,1930,27,25,88.8,5,9999.0,NO,1008,19,30,2024-03-28 19:30:00
2581,2024,3,28,2000,26,25,94.2,5,9999.0,NO,1009,20,0,2024-03-28 20:00:00
2582,2024,3,28,2030,26,25,94.2,4,9999.0,NO,1010,20,30,2024-03-28 20:30:00
2583,2024,3,28,2100,26,25,94.2,2,9999.0,NO,1010,21,0,2024-03-28 21:00:00
2584,2024,3,28,2130,26,25,94.2,2,9999.0,YES,1009,21,30,2024-03-28 21:30:00
2585,2024,3,28,2200,26,25,94.2,3,9999.0,YES,1010,22,0,2024-03-28 22:00:00
2586,2024,3,28,2230,26,25,94.2,1,9999.0,YES,1010,22,30,2024-03-28 22:30:00
2587,2024,3,28,2300,26,25,94.2,2,9999.0,NO,1010,23,0,2024-03-28 23:00:00
2588,2024,3,28,2330,26,25,94.2,3,9999.0,NO,1010,23,30,2024-03-28 23:30:00
2589,2024,3,29,0000,26,25,94.2,3,9999.0,NO,1009,0,0,2024-03-29 00:00:00
2590,2024,3,29,0030,26,25,94.2,3,9999.0,NO,1009,0,30,2024-03-29 00:30:00
2591,2024,3,29,0100,26,25,94.2,3,9999.0,NO,1009,1,0,2024-03-29 01:00:00
2592,2024,3,29,0130,27,25,88.8,1,9999.0,YES,1009,1,30,2024-03-29 01:30:00
2593,2024,3,29,0200,27,25,88.8,1,9999.0,YES,1009,2,0,2024-03-29 02:00:00
2594,2024,3,29,0230,27,25,88.8,2,9999.0,NO,1008,2,30,2024-03-29 02:30:00
2595,2024,3,29,0300,27,25,88.8,4,9999.0,NO,1008,3,0,2024-03-29 03:00:00
2596,2024,3,29,0330,26,26,100.0,0,9999.0,NO,1008,3,30,2024-03-29 03:30:00
2597,2024,3,29,0400,26,26,100.0,0,9999.0,NO,1008,4,0,2024-03-29 04:00:00
2598,2024,3,29,0430,26,26,100.0,0,9999.0,NO,1008,4,30,2024-03-29 04:30:00
2599,2024,3,29,0500,26,26,100.0,3,9999.0,NO,1009,5,0,2024-03-29 05:00:00
2600,2024,3,29,0530,25,24,94.2,8,7000.0,YES,1009,5,30,2024-03-29 05:30:00
2601,2024,3,29,0630,23,23,100.0,2,9999.0,YES,1009,6,30,2024-03-29 06:30:00
2602,2024,3,29,0700,23,23,100.0,3,9999.0,NO,1010,7,0,2024-03-29 07:00:00
2603,2024,3,29,0730,23,23,100.0,3,9999.0,NO,1011,7,30,2024-03-29 07:30:00
2604,2024,3,29,0800,24,23,94.1,2,9999.0,NO,1012,8,0,2024-03-29 08:00:00
2605,2024,3,29,0830,24,24,100.0,1,9999.0,NO,1012,8,30,2024-03-29 08:30:00
2606,2024,3,29,0900,25,24,94.2,1,9999.0,NO,1012,9,0,2024-03-29 09:00:00
2607,2024,3,29,0930,25,25,100.0,0,9999.0,NO,1012,9,30,2024-03-29 09:30:00
2608,2024,3,29,1000,26,24,88.7,1,9999.0,NO,1011,10,0,2024-03-29 10:00:00
2609,2024,3,29,1030,27,25,88.8,4,9999.0,NO,1011,10,30,2024-03-29 10:30:00
2610,2024,3,29,1100,29,25,79.0,4,9999.0,NO,1010,11,0,2024-03-29 11:00:00
2611,2024,3,29,1130,30,25,74.6,6,9999.0,NO,1010,11,30,2024-03-29 11:30:00
2612,2024,3,29,1200,30,26,79.2,5,9999.0,NO,1009,12,0,2024-03-29 12:00:00
2613,2024,3,29,1230,32,26,70.6,4,9999.0,NO,1009,12,30,2024-03-29 12:30:00
2614,2024,3,29,1300,32,26,70.6,3,9999.0,NO,1008,13,0,2024-03-29 13:00:00
2615,2024,3,29,1330,32,25,66.6,3,9999.0,NO,1007,13,30,2024-03-29 13:30:00
2616,2024,3,29,1400,32,26,70.6,3,9999.0,NO,1007,14,0,2024-03-29 14:00:00
2617,2024,3,29,1430,31,26,74.8,2,9999.0,NO,1007,14,30,2024-03-29 14:30:00
2618,2024,3,29,1500,32,26,70.6,3,9999.0,NO,1006,15,0,2024-03-29 15:00:00
2619,2024,3,29,1530,31,27,79.3,4,9999.0,NO,1006,15,30,2024-03-29 15:30:00
2620,2024,3,29,1600,31,27,79.3,3,9999.0,NO,1006,16,0,2024-03-29 16:00:00
2621,2024,3,29,1630,31,26,74.8,4,9999.0,NO,1007,16,30,2024-03-29 16:30:00
2622,2024,3,29,1700,29,26,83.9,3,9999.0,NO,1007,17,0,2024-03-29 17:00:00
2623,2024,3,29,1730,29,26,83.9,2,9999.0,NO,1007,17,30,2024-03-29 17:30:00
2624,2024,3,29,1800,28,26,88.9,2,9999.0,NO,1008,18,0,2024-03-29 18:00:00
2625,2024,3,29,1830,28,26,88.9,0,9999.0,NO,1008,18,30,2024-03-29 18:30:00
2626,2024,3,29,1900,27,26,94.3,2,9999.0,NO,1009,19,0,2024-03-29 19:00:00
2627,2024,3,29,1930,28,26,88.9,2,9999.0,NO,1009,19,30,2024-03-29 19:30:00
2628,2024,3,29,2000,28,26,88.9,0,9999.0,NO,1010,20,0,2024-03-29 20:00:00
2629,2024,3,29,2030,27,26,94.3,1,9999.0,NO,1009,20,30,2024-03-29 20:30:00
2630,2024,3,29,2100,28,26,88.9,2,9999.0,NO,1010,21,0,2024-03-29 21:00:00
2631,2024,3,29,2130,28,26,88.9,0,9999.0,NO,1010,21,30,2024-03-29 21:30:00
2632,2024,3,29,2200,27,26,94.3,0,9999.0,NO,1010,22,0,2024-03-29 22:00:00
2633,2024,3,29,2230,27,26,94.3,0,9999.0,NO,1010,22,30,2024-03-29 22:30:00
2634,2024,3,29,2300,27,26,94.3,0,9999.0,NO,1011,23,0,2024-03-29 23:00:00
2635,2024,3,29,2330,27,27,100.0,0,9999.0,YES,1010,23,30,2024-03-29 23:30:00
2636,2024,3,30,0000,27,26,94.3,1,9999.0,NO,1008,0,0,2024-03-30 00:00:00
2637,2024,3,30,0030,27,26,94.3,0,9999.0,NO,1008,0,30,2024-03-30 00:30:00
2638,2024,3,30,0100,27,27,100.0,1,9999.0,NO,1008,1,0,2024-03-30 01:00:00
2639,2024,3,30,0130,27,27,100.0,4,9999.0,NO,1009,1,30,2024-03-30 01:30:00
2640,2024,3,30,0200,27,27,100.0,2,9999.0,NO,1009,2,0,2024-03-30 02:00:00
2641,2024,3,30,0230,27,27,100.0,2,9999.0,NO,1008,2,30,2024-03-30 02:30:00
2642,2024,3,30,0300,27,26,94.3,2,9999.0,NO,1008,3,0,2024-03-30 03:00:00
2643,2024,3,30,0330,27,26,94.3,0,9999.0,NO,1009,3,30,2024-03-30 03:30:00
2644,2024,3,30,0400,27,26,94.3,0,9999.0,NO,1009,4,0,2024-03-30 04:00:00
2645,2024,3,30,0430,27,26,94.3,1,9999.0,NO,1008,4,30,2024-03-30 04:30:00
2646,2024,3,30,0500,26,26,100.0,2,9999.0,NO,1009,5,0,2024-03-30 05:00:00
2647,2024,3,30,0530,27,26,94.3,4,7000.0,NO,1009,5,30,2024-03-30 05:30:00
2648,2024,3,30,0600,27,26,94.3,2,6000.0,YES,1009,6,0,2024-03-30 06:00:00
2649,2024,3,30,0630,27,26,94.3,3,8000.0,YES,1010,6,30,2024-03-30 06:30:00
2650,2024,3,30,0700,27,26,94.3,4,8000.0,NO,1010,7,0,2024-03-30 07:00:00
2651,2024,3,30,0730,28,26,88.9,3,8000.0,NO,1011,7,30,2024-03-30 07:30:00
2652,2024,3,30,0800,30,26,79.2,3,8000.0,NO,1011,8,0,2024-03-30 08:00:00
2653,2024,3,30,0830,31,26,74.8,3,8000.0,NO,1011,8,30,2024-03-30 08:30:00
2654,2024,3,30,0900,31,27,79.3,2,8000.0,NO,1011,9,0,2024-03-30 09:00:00
2655,2024,3,30,0930,33,27,70.8,2,8000.0,NO,1011,9,30,2024-03-30 09:30:00
2656,2024,3,30,1000,33,27,70.8,2,8000.0,NO,1011,10,0,2024-03-30 10:00:00
2657,2024,3,30,1030,33,27,70.8,3,9999.0,NO,1010,10,30,2024-03-30 10:30:00
2658,2024,3,30,1100,33,27,70.8,3,9999.0,NO,1010,11,0,2024-03-30 11:00:00
2659,2024,3,30,1130,34,27,66.9,3,9999.0,NO,1009,11,30,2024-03-30 11:30:00
2660,2024,3,30,1200,34,27,66.9,2,9999.0,NO,1009,12,0,2024-03-30 12:00:00
2661,2024,3,30,1230,34,27,66.9,3,9999.0,NO,1008,12,30,2024-03-30 12:30:00
2662,2024,3,30,1300,35,27,63.3,4,9999.0,NO,1008,13,0,2024-03-30 13:00:00
2663,2024,3,30,1330,35,27,63.3,3,9999.0,NO,1008,13,30,2024-03-30 13:30:00
2664,2024,3,30,1400,35,27,63.3,3,9999.0,NO,1007,14,0,2024-03-30 14:00:00
2665,2024,3,30,1430,35,27,63.3,4,9999.0,NO,1007,14,30,2024-03-30 14:30:00
2666,2024,3,30,1500,34,27,66.9,4,9999.0,NO,1007,15,0,2024-03-30 15:00:00
2667,2024,3,30,1530,32,27,74.9,4,9999.0,NO,1006,15,30,2024-03-30 15:30:00
2668,2024,3,30,1600,32,27,74.9,4,9999.0,NO,1006,16,0,2024-03-30 16:00:00
2669,2024,3,30,1630,32,27,74.9,5,9999.0,YES,1006,16,30,2024-03-30 16:30:00
2670,2024,3,30,1700,31,27,79.3,4,9999.0,YES,1007,17,0,2024-03-30 17:00:00
2671,2024,3,30,1730,31,27,79.3,3,9999.0,YES,1007,17,30,2024-03-30 17:30:00
2672,2024,3,30,1800,31,27,79.3,3,9999.0,YES,1008,18,0,2024-03-30 18:00:00
2673,2024,3,30,1830,30,27,84.0,3,9999.0,YES,1008,18,30,2024-03-30 18:30:00
2674,2024,3,30,1900,30,27,84.0,2,9999.0,YES,1008,19,0,2024-03-30 19:00:00
2675,2024,3,30,1930,30,27,84.0,2,9999.0,YES,1009,19,30,2024-03-30 19:30:00
2676,2024,3,30,2000,29,27,89.0,1,9999.0,YES,1009,20,0,2024-03-30 20:00:00
2677,2024,3,30,2030,30,27,84.0,2,9999.0,YES,1010,20,30,2024-03-30 20:30:00
2678,2024,3,30,2100,30,27,84.0,2,9999.0,YES,1010,21,0,2024-03-30 21:00:00
2679,2024,3,30,2130,28,27,94.3,5,4000.0,YES,1010,21,30,2024-03-30 21:30:00
2680,2024,3,30,2200,27,26,94.3,4,6000.0,YES,1010,22,0,2024-03-30 22:00:00
2681,2024,3,30,2230,27,26,94.3,0,9999.0,YES,1010,22,30,2024-03-30 22:30:00
2682,2024,3,30,2300,27,26,94.3,0,9999.0,YES,1010,23,0,2024-03-30 23:00:00
2683,2024,3,30,2330,27,26,94.3,1,9999.0,YES,1010,23,30,2024-03-30 23:30:00
2684,2024,3,31,0000,26,26,100.0,2,9999.0,YES,1009,0,0,2024-03-31 00:00:00
2685,2024,3,31,0030,26,26,100.0,2,9999.0,NO,1009,0,30,2024-03-31 00:30:00
2686,2024,3,31,0100,26,26,100.0,2,9999.0,NO,1009,1,0,2024-03-31 01:00:00
2687,2024,3,31,0130,27,26,94.3,2,9999.0,NO,1010,1,30,2024-03-31 01:30:00
2688,2024,3,31,0200,27,26,94.3,1,9999.0,NO,1009,2,0,2024-03-31 02:00:00
2689,2024,3,31,0230,27,26,94.3,2,9999.0,NO,1009,2,30,2024-03-31 02:30:00
2690,2024,3,31,0300,27,26,94.3,2,9999.0,NO,1009,3,0,2024-03-31 03:00:00
2691,2024,3,31,0330,27,26,94.3,4,9999.0,NO,1009,3,30,2024-03-31 03:30:00
2692,2024,3,31,0400,27,26,94.3,4,9999.0,NO,1009,4,0,2024-03-31 04:00:00
2693,2024,3,31,0430,26,25,94.2,4,9999.0,NO,1010,4,30,2024-03-31 04:30:00
2694,2024,3,31,0500,26,25,94.2,3,9999.0,YES,1010,5,0,2024-03-31 05:00:00
2695,2024,3,31,0530,26,25,94.2,0,9999.0,YES,1010,5,30,2024-03-31 05:30:00
2696,2024,3,31,0600,26,25,94.2,1,9999.0,YES,1011,6,0,2024-03-31 06:00:00
2697,2024,3,31,0630,26,25,94.2,2,9999.0,YES,1011,6,30,2024-03-31 06:30:00
2698,2024,3,31,0700,27,26,94.3,0,9999.0,NO,1011,7,0,2024-03-31 07:00:00
2699,2024,3,31,0730,29,26,83.9,0,9999.0,NO,1011,7,30,2024-03-31 07:30:00
2700,2024,3,31,0800,31,26,74.8,1,9999.0,NO,1011,8,0,2024-03-31 08:00:00
2701,2024,3,31,0830,31,27,79.3,2,9999.0,NO,1011,8,30,2024-03-31 08:30:00
2702,2024,3,31,0900,31,27,79.3,0,9999.0,NO,1011,9,0,2024-03-31 09:00:00
2703,2024,3,31,0930,28,27,94.3,4,9999.0,YES,1012,9,30,2024-03-31 09:30:00
2704,2024,3,31,1000,29,28,94.4,2,9999.0,YES,1012,10,0,2024-03-31 10:00:00
2705,2024,3,31,1030,30,27,84.0,3,9999.0,NO,1011,10,30,2024-03-31 10:30:00
2706,2024,3,31,1100,31,27,79.3,4,9999.0,NO,1011,11,0,2024-03-31 11:00:00
2707,2024,3,31,1130,32,26,70.6,5,9999.0,NO,1010,11,30,2024-03-31 11:30:00
2708,2024,3,31,1200,33,26,66.8,4,9999.0,NO,1010,12,0,2024-03-31 12:00:00
2709,2024,3,31,1230,34,25,59.5,6,9999.0,NO,1009,12,30,2024-03-31 12:30:00
2710,2024,3,31,1300,33,25,62.9,4,9999.0,NO,1009,13,0,2024-03-31 13:00:00
2711,2024,3,31,1330,33,25,62.9,4,9999.0,NO,1008,13,30,2024-03-31 13:30:00
2712,2024,3,31,1400,33,26,66.8,4,9999.0,NO,1008,14,0,2024-03-31 14:00:00
2713,2024,3,31,1430,33,25,62.9,4,9999.0,NO,1007,14,30,2024-03-31 14:30:00
2714,2024,3,31,1500,32,26,70.6,4,9999.0,NO,1007,15,0,2024-03-31 15:00:00
2715,2024,3,31,1530,32,26,70.6,4,9999.0,NO,1007,15,30,2024-03-31 15:30:00
2716,2024,3,31,1600,31,26,74.8,4,9999.0,NO,1007,16,0,2024-03-31 16:00:00
2717,2024,3,31,1630,31,26,74.8,4,9999.0,NO,1008,16,30,2024-03-31 16:30:00
2718,2024,3,31,1700,30,26,79.2,4,9999.0,NO,1008,17,0,2024-03-31 17:00:00
2719,2024,3,31,1730,30,26,79.2,4,9999.0,NO,1008,17,30,2024-03-31 17:30:00
2720,2024,3,31,1800,30,26,79.2,4,9999.0,NO,1009,18,0,2024-03-31 18:00:00
2721,2024,3,31,1830,30,26,79.2,3,9999.0,NO,1009,18,30,2024-03-31 18:30:00
2722,2024,3,31,1900,29,27,89.0,3,9999.0,NO,1010,19,0,2024-03-31 19:00:00
2723,2024,3,31,1930,29,27,89.0,2,9999.0,NO,1010,19,30,2024-03-31 19:30:00
2724,2024,3,31,2000,29,27,89.0,2,9999.0,NO,1010,20,0,2024-03-31 20:00:00
2725,2024,3,31,2030,28,27,94.3,1,9999.0,NO,1011,20,30,2024-03-31 20:30:00
2726,2024,3,31,2100,28,27,94.3,3,9999.0,YES,1011,21,0,2024-03-31 21:00:00
2727,2024,3,31,2130,28,27,94.3,3,9999.0,YES,1012,21,30,2024-03-31 21:30:00
2728,2024,3,31,2200,28,27,94.3,0,9999.0,YES,1011,22,0,2024-03-31 22:00:00
2729,2024,3,31,2230,27,22,74.1,3,,YES,1012,22,30,2024-03-31 22:30:00
2730,2024,3,31,2300,22,22,100.0,3,,YES,1012,23,0,2024-03-31 23:00:00
2731,2024,4,1,0000,23,22,94.1,2,9999.0,YES,1012,0,0,2024-04-01 00:00:00
2732,2024,4,1,0030,23,22,94.1,0,9999.0,YES,1011,0,30,2024-04-01 00:30:00
2733,2024,4,1,0100,23,23,100.0,2,9999.0,YES,1010,1,0,2024-04-01 01:00:00
2734,2024,4,1,0130,23,23,100.0,2,9999.0,YES,1010,1,30,2024-04-01 01:30:00
2735,2024,4,1,0200,23,23,100.0,2,9999.0,YES,1010,2,0,2024-04-01 02:00:00
2736,2024,4,1,0300,23,23,100.0,2,9999.0,YES,1010,3,0,2024-04-01 03:00:00
2737,2024,4,1,0330,23,23,100.0,2,9999.0,NO,1011,3,30,2024-04-01 03:30:00
2738,2024,4,1,0400,23,23,100.0,4,9999.0,NO,1013,4,0,2024-04-01 04:00:00
2739,2024,4,1,0430,23,23,100.0,2,9999.0,NO,1012,4,30,2024-04-01 04:30:00
2740,2024,4,1,0500,23,23,100.0,1,9999.0,NO,1012,5,0,2024-04-01 05:00:00
2741,2024,4,1,0530,23,23,100.0,0,9999.0,NO,1012,5,30,2024-04-01 05:30:00
2742,2024,4,1,0600,23,23,100.0,2,9999.0,NO,1012,6,0,2024-04-01 06:00:00
2743,2024,4,1,0630,24,23,94.1,3,9999.0,NO,1013,6,30,2024-04-01 06:30:00
2744,2024,4,1,0700,24,23,94.1,4,9999.0,NO,1013,7,0,2024-04-01 07:00:00
2745,2024,4,1,0730,24,23,94.1,6,9999.0,NO,1013,7,30,2024-04-01 07:30:00
2746,2024,4,1,0800,25,24,94.2,4,9999.0,NO,1013,8,0,2024-04-01 08:00:00
2747,2024,4,1,0830,25,23,88.7,6,9999.0,NO,1013,8,30,2024-04-01 08:30:00
2748,2024,4,1,0900,26,24,88.7,7,9999.0,NO,1013,9,0,2024-04-01 09:00:00
2749,2024,4,1,0930,26,24,88.7,6,9999.0,NO,1012,9,30,2024-04-01 09:30:00
2750,2024,4,1,1000,26,24,88.7,6,9999.0,NO,1012,10,0,2024-04-01 10:00:00
2751,2024,4,1,1030,27,24,83.7,5,9999.0,NO,1012,10,30,2024-04-01 10:30:00
2752,2024,4,1,1100,29,24,74.4,5,9999.0,NO,1011,11,0,2024-04-01 11:00:00
2753,2024,4,1,1130,28,24,78.9,4,9999.0,NO,1011,11,30,2024-04-01 11:30:00
2754,2024,4,1,1200,28,24,78.9,4,9999.0,NO,1010,12,0,2024-04-01 12:00:00
2755,2024,4,1,1230,29,23,70.1,4,9999.0,NO,1009,12,30,2024-04-01 12:30:00
2756,2024,4,1,1300,30,23,66.2,4,9999.0,NO,1008,13,0,2024-04-01 13:00:00
2757,2024,4,1,1330,31,23,62.5,3,9999.0,NO,1008,13,30,2024-04-01 13:30:00
2758,2024,4,1,1400,31,23,62.5,3,,NO,1007,14,0,2024-04-01 14:00:00
2759,2024,4,1,1430,32,24,62.7,2,,NO,1007,14,30,2024-04-01 14:30:00
2760,2024,4,1,1500,33,23,55.8,2,,NO,1007,15,0,2024-04-01 15:00:00
2761,2024,4,1,1530,33,23,55.8,3,,NO,1007,15,30,2024-04-01 15:30:00
2762,2024,4,1,1600,32,25,66.6,0,,NO,1007,16,0,2024-04-01 16:00:00
2763,2024,4,1,1630,31,26,74.8,0,,NO,1007,16,30,2024-04-01 16:30:00
2764,2024,4,1,1730,28,25,83.8,1,,NO,1008,17,30,2024-04-01 17:30:00
2765,2024,4,1,1800,27,25,88.8,2,,NO,1008,18,0,2024-04-01 18:00:00
2766,2024,4,1,1830,27,26,94.3,2,,NO,1009,18,30,2024-04-01 18:30:00
2767,2024,4,1,1900,26,25,94.2,0,,NO,1009,19,0,2024-04-01 19:00:00
2768,2024,4,1,1930,26,25,94.2,0,,NO,1009,19,30,2024-04-01 19:30:00
2769,2024,4,1,2000,26,25,94.2,0,,NO,1009,20,0,2024-04-01 20:00:00
2770,2024,4,1,2030,26,25,94.2,0,,NO,1009,20,30,2024-04-01 20:30:00
2771,2024,4,1,2100,26,25,94.2,0,,NO,1009,21,0,2024-04-01 21:00:00
2772,2024,4,1,2130,25,25,100.0,0,,NO,1010,21,30,2024-04-01 21:30:00
2773,2024,4,1,2200,25,25,100.0,0,,NO,1010,22,0,2024-04-01 22:00:00
2774,2024,4,1,2230,25,25,100.0,0,,NO,1009,22,30,2024-04-01 22:30:00
2775,2024,4,1,2300,25,25,100.0,0,,NO,1009,23,0,2024-04-01 23:00:00
2776,2024,4,1,2330,25,25,100.0,0,,NO,1009,23,30,2024-04-01 23:30:00
2777,2024,4,2,0000,25,25,100.0,1,,NO,1009,0,0,2024-04-02 00:00:00
2778,2024,4,2,0030,26,26,100.0,2,8000.0,NO,1009,0,30,2024-04-02 00:30:00
2779,2024,4,2,0100,26,25,94.2,2,8000.0,NO,1008,1,0,2024-04-02 01:00:00
2780,2024,4,2,0130,25,25,100.0,1,8000.0,NO,1008,1,30,2024-04-02 01:30:00
2781,2024,4,2,0200,25,25,100.0,0,8000.0,NO,1008,2,0,2024-04-02 02:00:00
2782,2024,4,2,0230,25,25,100.0,1,8000.0,NO,1008,2,30,2024-04-02 02:30:00
2783,2024,4,2,0300,25,25,100.0,0,8000.0,NO,1008,3,0,2024-04-02 03:00:00
2784,2024,4,2,0330,25,25,100.0,0,8000.0,NO,1009,3,30,2024-04-02 03:30:00
2785,2024,4,2,0400,25,25,100.0,2,8000.0,NO,1009,4,0,2024-04-02 04:00:00
2786,2024,4,2,0430,25,25,100.0,1,8000.0,NO,1010,4,30,2024-04-02 04:30:00
2787,2024,4,2,0500,25,25,100.0,0,8000.0,NO,1010,5,0,2024-04-02 05:00:00
2788,2024,4,2,0530,25,25,100.0,0,4000.0,NO,1010,5,30,2024-04-02 05:30:00
2789,2024,4,2,0600,25,25,100.0,1,2000.0,NO,1010,6,0,2024-04-02 06:00:00
2790,2024,4,2,0630,26,26,100.0,2,2500.0,NO,1010,6,30,2024-04-02 06:30:00
2791,2024,4,2,0700,27,26,94.3,3,4000.0,NO,1011,7,0,2024-04-02 07:00:00
2792,2024,4,2,0730,29,27,89.0,3,4000.0,NO,1011,7,30,2024-04-02 07:30:00
2793,2024,4,2,0800,31,27,79.3,3,8000.0,NO,1011,8,0,2024-04-02 08:00:00
2794,2024,4,2,0830,32,27,74.9,2,8000.0,NO,1011,8,30,2024-04-02 08:30:00
2795,2024,4,2,0900,32,27,74.9,3,8000.0,NO,1011,9,0,2024-04-02 09:00:00
2796,2024,4,2,0930,33,27,70.8,3,9999.0,NO,1011,9,30,2024-04-02 09:30:00
2797,2024,4,2,1000,33,27,70.8,2,9999.0,NO,1011,10,0,2024-04-02 10:00:00
2798,2024,4,2,1030,33,26,66.8,2,9999.0,NO,1011,10,30,2024-04-02 10:30:00
2799,2024,4,2,1100,34,26,63.1,3,9999.0,NO,1010,11,0,2024-04-02 11:00:00
2800,2024,4,2,1130,35,27,63.3,3,9999.0,NO,1010,11,30,2024-04-02 11:30:00
2801,2024,4,2,1200,33,27,70.8,4,9999.0,NO,1009,12,0,2024-04-02 12:00:00
2802,2024,4,2,1230,34,26,63.1,4,9999.0,NO,1009,12,30,2024-04-02 12:30:00
2803,2024,4,2,1300,33,27,70.8,4,,NO,1008,13,0,2024-04-02 13:00:00
2804,2024,4,2,1330,33,27,70.8,5,9999.0,YES,1007,13,30,2024-04-02 13:30:00
2805,2024,4,2,1400,33,27,70.8,4,9999.0,YES,1008,14,0,2024-04-02 14:00:00
2806,2024,4,2,1430,32,27,74.9,3,9999.0,YES,1007,14,30,2024-04-02 14:30:00
2807,2024,4,2,1500,31,27,79.3,2,9999.0,YES,1006,15,0,2024-04-02 15:00:00
2808,2024,4,2,1530,30,27,84.0,3,9999.0,YES,1006,15,30,2024-04-02 15:30:00
2809,2024,4,2,1600,30,27,84.0,3,9999.0,YES,1006,16,0,2024-04-02 16:00:00
2810,2024,4,2,1630,30,26,79.2,3,9999.0,YES,1007,16,30,2024-04-02 16:30:00
2811,2024,4,2,1700,30,27,84.0,2,9999.0,YES,1008,17,0,2024-04-02 17:00:00
2812,2024,4,2,1730,29,27,89.0,2,9999.0,YES,1008,17,30,2024-04-02 17:30:00
2813,2024,4,2,1800,29,27,89.0,3,9999.0,YES,1009,18,0,2024-04-02 18:00:00
2814,2024,4,2,1830,28,27,94.3,3,9999.0,NO,1008,18,30,2024-04-02 18:30:00
2815,2024,4,2,1900,28,27,94.3,0,9999.0,NO,1008,19,0,2024-04-02 19:00:00
2816,2024,4,2,1930,27,26,94.3,3,9999.0,NO,1009,19,30,2024-04-02 19:30:00
2817,2024,4,2,2000,27,26,94.3,3,9999.0,NO,1009,20,0,2024-04-02 20:00:00
2818,2024,4,2,2030,27,25,88.8,4,,NO,1010,20,30,2024-04-02 20:30:00
2819,2024,4,2,2100,27,25,88.8,4,9999.0,NO,1009,21,0,2024-04-02 21:00:00
2820,2024,4,2,2130,27,25,88.8,4,9999.0,NO,1009,21,30,2024-04-02 21:30:00
2821,2024,4,2,2200,26,25,94.2,2,9999.0,NO,1009,22,0,2024-04-02 22:00:00
2822,2024,4,2,2300,26,25,94.2,3,9999.0,NO,1009,23,0,2024-04-02 23:00:00
2823,2024,4,2,2330,26,25,94.2,3,9999.0,NO,1009,23,30,2024-04-02 23:30:00
2824,2024,4,3,0000,26,25,94.2,2,9999.0,NO,1009,0,0,2024-04-03 00:00:00
2825,2024,4,3,0030,26,25,94.2,2,9999.0,NO,1008,0,30,2024-04-03 00:30:00
2826,2024,4,3,0100,26,25,94.2,2,9999.0,NO,1008,1,0,2024-04-03 01:00:00
2827,2024,4,3,0130,26,25,94.2,2,9999.0,NO,1007,1,30,2024-04-03 01:30:00
2828,2024,4,3,0200,26,25,94.2,0,9999.0,NO,1007,2,0,2024-04-03 02:00:00
2829,2024,4,3,0230,26,25,94.2,0,9999.0,NO,1008,2,30,2024-04-03 02:30:00
2830,2024,4,3,0300,26,25,94.2,1,9999.0,NO,1008,3,0,2024-04-03 03:00:00
2831,2024,4,3,0330,26,25,94.2,1,9999.0,NO,1008,3,30,2024-04-03 03:30:00
2832,2024,4,3,0400,26,25,94.2,2,9999.0,NO,1008,4,0,2024-04-03 04:00:00
2833,2024,4,3,0430,25,25,100.0,1,9999.0,NO,1008,4,30,2024-04-03 04:30:00
2834,2024,4,3,0500,26,25,94.2,0,9999.0,NO,1008,5,0,2024-04-03 05:00:00
2835,2024,4,3,0530,26,25,94.2,0,9999.0,NO,1008,5,30,2024-04-03 05:30:00
2836,2024,4,3,0600,26,25,94.2,2,8000.0,NO,1008,6,0,2024-04-03 06:00:00
2837,2024,4,3,0630,27,26,94.3,1,6000.0,NO,1009,6,30,2024-04-03 06:30:00
2838,2024,4,3,0700,28,26,88.9,3,8000.0,NO,1009,7,0,2024-04-03 07:00:00
2839,2024,4,3,0730,29,26,83.9,4,8000.0,NO,1009,7,30,2024-04-03 07:30:00
2840,2024,4,3,0800,29,26,83.9,4,8000.0,NO,1010,8,0,2024-04-03 08:00:00
2841,2024,4,3,0830,31,26,74.8,2,9999.0,NO,1010,8,30,2024-04-03 08:30:00
2842,2024,4,3,0900,32,27,74.9,3,9999.0,NO,1010,9,0,2024-04-03 09:00:00
2843,2024,4,3,0930,31,27,79.3,2,9999.0,NO,1010,9,30,2024-04-03 09:30:00
2844,2024,4,3,1000,32,27,74.9,3,9999.0,NO,1010,10,0,2024-04-03 10:00:00
2845,2024,4,3,1030,33,26,66.8,4,9999.0,NO,1010,10,30,2024-04-03 10:30:00
2846,2024,4,3,1100,34,27,66.9,3,9999.0,NO,1009,11,0,2024-04-03 11:00:00
2847,2024,4,3,1130,33,26,66.8,4,9999.0,NO,1009,11,30,2024-04-03 11:30:00
2848,2024,4,3,1200,33,26,66.8,5,9999.0,NO,1008,12,0,2024-04-03 12:00:00
2849,2024,4,3,1230,33,27,70.8,6,9999.0,NO,1008,12,30,2024-04-03 12:30:00
2850,2024,4,3,1300,33,27,70.8,6,9999.0,NO,1007,13,0,2024-04-03 13:00:00
2851,2024,4,3,1330,32,27,74.9,5,9999.0,YES,1007,13,30,2024-04-03 13:30:00
2852,2024,4,3,1400,32,27,74.9,4,9999.0,YES,1006,14,0,2024-04-03 14:00:00
2853,2024,4,3,1430,32,26,70.6,3,9999.0,YES,1005,14,30,2024-04-03 14:30:00
2854,2024,4,3,1500,33,26,66.8,4,9999.0,YES,1005,15,0,2024-04-03 15:00:00
2855,2024,4,3,1530,33,26,66.8,5,9999.0,NO,1005,15,30,2024-04-03 15:30:00
2856,2024,4,3,1600,32,27,74.9,4,9999.0,NO,1004,16,0,2024-04-03 16:00:00
2857,2024,4,3,1630,31,27,79.3,4,9999.0,NO,1005,16,30,2024-04-03 16:30:00
2858,2024,4,3,1700,30,26,79.2,3,9999.0,NO,1006,17,0,2024-04-03 17:00:00
2859,2024,4,3,1730,30,26,79.2,2,9999.0,NO,1006,17,30,2024-04-03 17:30:00
2860,2024,4,3,1800,29,27,89.0,0,9999.0,NO,1007,18,0,2024-04-03 18:00:00
2861,2024,4,3,1830,29,27,89.0,0,9999.0,NO,1007,18,30,2024-04-03 18:30:00
2862,2024,4,3,1900,28,26,88.9,0,9999.0,NO,1008,19,0,2024-04-03 19:00:00
2863,2024,4,3,1930,28,26,88.9,1,9999.0,NO,1008,19,30,2024-04-03 19:30:00
2864,2024,4,3,2000,28,27,94.3,1,9999.0,NO,1009,20,0,2024-04-03 20:00:00
2865,2024,4,3,2030,28,27,94.3,2,9999.0,NO,1009,20,30,2024-04-03 20:30:00
2866,2024,4,3,2100,27,27,100.0,0,9999.0,NO,1009,21,0,2024-04-03 21:00:00
2867,2024,4,3,2130,27,27,100.0,3,9999.0,NO,1010,21,30,2024-04-03 21:30:00
2868,2024,4,3,2200,28,27,94.3,3,9999.0,NO,1010,22,0,2024-04-03 22:00:00
2869,2024,4,3,2230,28,27,94.3,2,9999.0,NO,1009,22,30,2024-04-03 22:30:00
2870,2024,4,3,2300,28,27,94.3,3,9999.0,NO,1009,23,0,2024-04-03 23:00:00
2871,2024,4,3,2330,27,27,100.0,0,9999.0,NO,1009,23,30,2024-04-03 23:30:00
2872,2024,4,4,0000,27,27,100.0,2,9999.0,NO,1008,0,0,2024-04-04 00:00:00
2873,2024,4,4,0030,27,26,94.3,4,9999.0,NO,1008,0,30,2024-04-04 00:30:00
2874,2024,4,4,0100,27,26,94.3,1,9999.0,YES,1008,1,0,2024-04-04 01:00:00
2875,2024,4,4,0130,27,26,94.3,3,3500.0,YES,1008,1,30,2024-04-04 01:30:00
2876,2024,4,4,0200,26,25,94.2,2,8000.0,YES,1008,2,0,2024-04-04 02:00:00
2877,2024,4,4,0230,26,26,100.0,2,8000.0,YES,1008,2,30,2024-04-04 02:30:00
2878,2024,4,4,0300,26,26,100.0,0,8000.0,NO,1008,3,0,2024-04-04 03:00:00
2879,2024,4,4,0330,26,25,94.2,3,9999.0,NO,1008,3,30,2024-04-04 03:30:00
2880,2024,4,4,0400,26,26,100.0,3,9999.0,NO,1008,4,0,2024-04-04 04:00:00
2881,2024,4,4,0430,26,25,94.2,8,9999.0,NO,1008,4,30,2024-04-04 04:30:00
2882,2024,4,4,0500,25,24,94.2,3,9999.0,NO,1008,5,0,2024-04-04 05:00:00
2883,2024,4,4,0530,25,24,94.2,2,9999.0,NO,1008,5,30,2024-04-04 05:30:00
2884,2024,4,4,0600,25,24,94.2,0,9999.0,NO,1008,6,0,2024-04-04 06:00:00
2885,2024,4,4,0630,25,24,94.2,2,9999.0,NO,1009,6,30,2024-04-04 06:30:00
2886,2024,4,4,0700,26,24,88.7,0,9999.0,NO,1009,7,0,2024-04-04 07:00:00
2887,2024,4,4,0730,27,24,83.7,0,9999.0,NO,1009,7,30,2024-04-04 07:30:00
2888,2024,4,4,0800,28,24,78.9,2,9999.0,NO,1010,8,0,2024-04-04 08:00:00
2889,2024,4,4,0830,29,25,79.0,3,9999.0,NO,1010,8,30,2024-04-04 08:30:00
2890,2024,4,4,0900,30,25,74.6,2,9999.0,NO,1010,9,0,2024-04-04 09:00:00
2891,2024,4,4,0930,30,26,79.2,2,9999.0,NO,1010,9,30,2024-04-04 09:30:00
2892,2024,4,4,1000,30,25,74.6,2,9999.0,NO,1010,10,0,2024-04-04 10:00:00
2893,2024,4,4,1030,30,24,70.3,2,9999.0,NO,1010,10,30,2024-04-04 10:30:00
2894,2024,4,4,1100,30,25,74.6,2,9999.0,NO,1010,11,0,2024-04-04 11:00:00
2895,2024,4,4,1130,31,26,74.8,2,9999.0,NO,1009,11,30,2024-04-04 11:30:00
2896,2024,4,4,1200,31,25,70.4,3,9999.0,NO,1009,12,0,2024-04-04 12:00:00
2897,2024,4,4,1230,32,26,70.6,3,9999.0,NO,1008,12,30,2024-04-04 12:30:00
2898,2024,4,4,1300,32,25,66.6,3,9999.0,NO,1008,13,0,2024-04-04 13:00:00
2899,2024,4,4,1330,32,26,70.6,3,9999.0,NO,1007,13,30,2024-04-04 13:30:00
2900,2024,4,4,1400,32,26,70.6,3,9999.0,NO,1007,14,0,2024-04-04 14:00:00
2901,2024,4,4,1430,32,25,66.6,2,9999.0,NO,1006,14,30,2024-04-04 14:30:00
2902,2024,4,4,1500,31,25,70.4,2,9999.0,NO,1006,15,0,2024-04-04 15:00:00
2903,2024,4,4,1530,31,25,70.4,2,9999.0,NO,1006,15,30,2024-04-04 15:30:00
2904,2024,4,4,1600,31,26,74.8,3,9999.0,NO,1006,16,0,2024-04-04 16:00:00
2905,2024,4,4,1630,30,26,79.2,2,9999.0,NO,1006,16,30,2024-04-04 16:30:00
2906,2024,4,4,1700,29,26,83.9,1,9999.0,NO,1006,17,0,2024-04-04 17:00:00
2907,2024,4,4,1730,29,26,83.9,0,9999.0,NO,1006,17,30,2024-04-04 17:30:00
2908,2024,4,4,1800,27,26,94.3,0,9999.0,NO,1007,18,0,2024-04-04 18:00:00
2909,2024,4,4,1830,27,26,94.3,0,9999.0,NO,1008,18,30,2024-04-04 18:30:00
2910,2024,4,4,1900,27,26,94.3,0,9999.0,NO,1008,19,0,2024-04-04 19:00:00
2911,2024,4,4,1930,27,26,94.3,0,9999.0,NO,1009,19,30,2024-04-04 19:30:00
2912,2024,4,4,2000,26,26,100.0,0,9999.0,NO,1009,20,0,2024-04-04 20:00:00
2913,2024,4,4,2030,26,26,100.0,0,9999.0,NO,1009,20,30,2024-04-04 20:30:00
2914,2024,4,4,2100,26,26,100.0,0,9999.0,NO,1010,21,0,2024-04-04 21:00:00
2915,2024,4,4,2130,26,26,100.0,2,9999.0,NO,1010,21,30,2024-04-04 21:30:00
2916,2024,4,4,2200,26,26,100.0,2,9999.0,NO,1010,22,0,2024-04-04 22:00:00
2917,2024,4,4,2230,27,26,94.3,2,9999.0,NO,1010,22,30,2024-04-04 22:30:00
2918,2024,4,4,2300,27,26,94.3,2,8000.0,NO,1010,23,0,2024-04-04 23:00:00
2919,2024,4,4,2330,27,26,94.3,2,8000.0,NO,1010,23,30,2024-04-04 23:30:00
2920,2024,4,5,0000,27,26,94.3,2,8000.0,NO,1009,0,0,2024-04-05 00:00:00
2921,2024,4,5,0030,27,26,94.3,2,8000.0,NO,1009,0,30,2024-04-05 00:30:00
2922,2024,4,5,0100,27,26,94.3,1,9999.0,NO,1008,1,0,2024-04-05 01:00:00
2923,2024,4,5,0130,26,26,100.0,0,9999.0,NO,1009,1,30,2024-04-05 01:30:00
2924,2024,4,5,0200,27,26,94.3,1,9999.0,NO,1009,2,0,2024-04-05 02:00:00
2925,2024,4,5,0230,27,26,94.3,3,9999.0,NO,1008,2,30,2024-04-05 02:30:00
2926,2024,4,5,0300,27,26,94.3,2,9999.0,YES,1008,3,0,2024-04-05 03:00:00
2927,2024,4,5,0330,27,26,94.3,0,9999.0,NO,1009,3,30,2024-04-05 03:30:00
2928,2024,4,5,0400,27,26,94.3,0,9999.0,NO,1009,4,0,2024-04-05 04:00:00
2929,2024,4,5,0430,26,26,100.0,2,9999.0,YES,1009,4,30,2024-04-05 04:30:00
2930,2024,4,5,0500,26,26,100.0,3,6000.0,YES,1009,5,0,2024-04-05 05:00:00
2931,2024,4,5,0600,24,24,100.0,4,600.0,YES,1011,6,0,2024-04-05 06:00:00
2932,2024,4,5,0630,25,24,94.2,2,6000.0,YES,1011,6,30,2024-04-05 06:30:00
2933,2024,4,5,0700,25,24,94.2,5,2000.0,YES,1013,7,0,2024-04-05 07:00:00
2934,2024,4,5,0730,24,24,100.0,2,3500.0,YES,1012,7,30,2024-04-05 07:30:00
2935,2024,4,5,0800,24,24,100.0,4,3500.0,YES,1013,8,0,2024-04-05 08:00:00
2936,2024,4,5,0830,24,24,100.0,7,3500.0,YES,1014,8,30,2024-04-05 08:30:00
2937,2024,4,5,0900,24,24,100.0,1,6000.0,YES,1014,9,0,2024-04-05 09:00:00
2938,2024,4,5,0930,24,24,100.0,0,7000.0,YES,1014,9,30,2024-04-05 09:30:00
2939,2024,4,5,1000,24,23,94.1,3,6000.0,YES,1013,10,0,2024-04-05 10:00:00
2940,2024,4,5,1030,24,24,100.0,5,6000.0,YES,1013,10,30,2024-04-05 10:30:00
2941,2024,4,5,1100,24,24,100.0,5,8000.0,YES,1013,11,0,2024-04-05 11:00:00
2942,2024,4,5,1130,24,24,100.0,3,9999.0,NO,1012,11,30,2024-04-05 11:30:00
2943,2024,4,5,1200,25,24,94.2,4,9999.0,NO,1011,12,0,2024-04-05 12:00:00
2944,2024,4,5,1230,26,24,88.7,2,9999.0,NO,1011,12,30,2024-04-05 12:30:00
2945,2024,4,5,1300,27,25,88.8,2,9999.0,NO,1010,13,0,2024-04-05 13:00:00
2946,2024,4,5,1330,29,25,79.0,3,6000.0,NO,1009,13,30,2024-04-05 13:30:00
2947,2024,4,5,1400,29,25,79.0,4,9000.0,NO,1009,14,0,2024-04-05 14:00:00
2948,2024,4,5,1430,28,25,83.8,5,9999.0,NO,1008,14,30,2024-04-05 14:30:00
2949,2024,4,5,1500,28,25,83.8,4,9999.0,NO,1007,15,0,2024-04-05 15:00:00
2950,2024,4,5,1530,29,25,79.0,5,9999.0,NO,1007,15,30,2024-04-05 15:30:00
2951,2024,4,5,1600,29,25,79.0,5,9999.0,NO,1007,16,0,2024-04-05 16:00:00
2952,2024,4,5,1630,29,25,79.0,5,9999.0,NO,1007,16,30,2024-04-05 16:30:00
2953,2024,4,5,1700,28,25,83.8,1,9999.0,NO,1008,17,0,2024-04-05 17:00:00
2954,2024,4,5,1730,27,25,88.8,2,9999.0,NO,1008,17,30,2024-04-05 17:30:00
2955,2024,4,5,1800,26,25,94.2,0,9999.0,NO,1008,18,0,2024-04-05 18:00:00
2956,2024,4,5,1830,25,25,100.0,0,9999.0,NO,1009,18,30,2024-04-05 18:30:00
2957,2024,4,5,1900,25,25,100.0,0,9999.0,NO,1009,19,0,2024-04-05 19:00:00
2958,2024,4,5,1930,25,25,100.0,1,9999.0,NO,1010,19,30,2024-04-05 19:30:00
2959,2024,4,5,2000,25,25,100.0,2,9999.0,NO,1010,20,0,2024-04-05 20:00:00
2960,2024,4,5,2030,25,25,100.0,1,9999.0,NO,1011,20,30,2024-04-05 20:30:00
2961,2024,4,5,2100,25,24,94.2,0,9999.0,NO,1011,21,0,2024-04-05 21:00:00
2962,2024,4,5,2130,25,24,94.2,0,9999.0,NO,1011,21,30,2024-04-05 21:30:00
2963,2024,4,5,2200,25,24,94.2,0,9999.0,NO,1011,22,0,2024-04-05 22:00:00
2964,2024,4,5,2230,24,24,100.0,0,9999.0,NO,1011,22,30,2024-04-05 22:30:00
2965,2024,4,5,2300,24,24,100.0,0,8000.0,NO,1012,23,0,2024-04-05 23:00:00
2966,2024,4,5,2330,24,24,100.0,0,8000.0,NO,1011,23,30,2024-04-05 23:30:00
2967,2024,4,6,0000,24,24,100.0,0,9999.0,NO,1011,0,0,2024-04-06 00:00:00
2968,2024,4,6,0030,24,24,100.0,0,9999.0,NO,1010,0,30,2024-04-06 00:30:00
2969,2024,4,6,0100,24,24,100.0,0,9999.0,NO,1010,1,0,2024-04-06 01:00:00
2970,2024,4,6,0130,24,24,100.0,0,9999.0,NO,1010,1,30,2024-04-06 01:30:00
2971,2024,4,6,0200,24,24,100.0,1,9999.0,NO,1010,2,0,2024-04-06 02:00:00
2972,2024,4,6,0230,24,24,100.0,2,9999.0,NO,1010,2,30,2024-04-06 02:30:00
2973,2024,4,6,0300,24,24,100.0,1,9999.0,NO,1010,3,0,2024-04-06 03:00:00
2974,2024,4,6,0330,24,24,100.0,2,9999.0,NO,1010,3,30,2024-04-06 03:30:00
2975,2024,4,6,0430,24,24,100.0,0,9999.0,NO,1010,4,30,2024-04-06 04:30:00
2976,2024,4,6,0500,24,24,100.0,0,9999.0,NO,1011,5,0,2024-04-06 05:00:00
2977,2024,4,6,0530,24,24,100.0,0,6000.0,NO,1011,5,30,2024-04-06 05:30:00
2978,2024,4,6,0600,25,24,94.2,0,6000.0,NO,1012,6,0,2024-04-06 06:00:00
2979,2024,4,6,0630,25,25,100.0,0,4000.0,NO,1012,6,30,2024-04-06 06:30:00
2980,2024,4,6,0700,25,25,100.0,1,4000.0,NO,1013,7,0,2024-04-06 07:00:00
2981,2024,4,6,0730,26,25,94.2,3,4000.0,NO,1013,7,30,2024-04-06 07:30:00
2982,2024,4,6,0800,28,25,83.8,2,6000.0,NO,1013,8,0,2024-04-06 08:00:00
2983,2024,4,6,0830,29,26,83.9,3,8000.0,NO,1013,8,30,2024-04-06 08:30:00
2984,2024,4,6,0900,31,26,74.8,2,9999.0,NO,1013,9,0,2024-04-06 09:00:00
2985,2024,4,6,0930,32,25,66.6,1,9999.0,NO,1012,9,30,2024-04-06 09:30:00
2986,2024,4,6,1000,33,25,62.9,2,9999.0,NO,1011,10,0,2024-04-06 10:00:00
2987,2024,4,6,1030,33,25,62.9,2,9999.0,NO,1011,10,30,2024-04-06 10:30:00
2988,2024,4,6,1200,34,26,63.1,2,9999.0,NO,1010,12,0,2024-04-06 12:00:00
2989,2024,4,6,1500,34,26,63.1,4,9999.0,NO,1007,15,0,2024-04-06 15:00:00
2990,2024,4,6,1600,33,26,66.8,4,9999.0,NO,1007,16,0,2024-04-06 16:00:00
2991,2024,4,6,1730,30,26,79.2,2,9999.0,NO,1007,17,30,2024-04-06 17:30:00
2992,2024,4,6,1800,29,26,83.9,1,9999.0,NO,1008,18,0,2024-04-06 18:00:00
2993,2024,4,6,1830,28,26,88.9,1,9999.0,NO,1008,18,30,2024-04-06 18:30:00
2994,2024,4,6,1900,27,26,94.3,0,9999.0,NO,1009,19,0,2024-04-06 19:00:00
2995,2024,4,6,1930,27,26,94.3,0,9999.0,NO,1010,19,30,2024-04-06 19:30:00
2996,2024,4,6,2000,27,26,94.3,1,9999.0,NO,1010,20,0,2024-04-06 20:00:00
2997,2024,4,6,2030,27,26,94.3,0,9999.0,NO,1011,20,30,2024-04-06 20:30:00
2998,2024,4,6,2100,27,26,94.3,0,9999.0,NO,1011,21,0,2024-04-06 21:00:00
2999,2024,4,6,2130,27,26,94.3,0,9999.0,NO,1010,21,30,2024-04-06 21:30:00
3000,2024,4,6,2200,27,26,94.3,0,9999.0,NO,1011,22,0,2024-04-06 22:00:00
3001,2024,4,6,2230,27,26,94.3,0,9999.0,NO,1011,22,30,2024-04-06 22:30:00
3002,2024,4,6,2300,26,26,100.0,0,9999.0,NO,1011,23,0,2024-04-06 23:00:00
3003,2024,4,6,2330,26,26,100.0,2,9999.0,NO,1010,23,30,2024-04-06 23:30:00
3004,2024,4,7,0000,27,26,94.3,0,9999.0,NO,1010,0,0,2024-04-07 00:00:00
3005,2024,4,7,0030,26,26,100.0,2,9999.0,NO,1010,0,30,2024-04-07 00:30:00
3006,2024,4,7,0100,26,26,100.0,0,9999.0,NO,1010,1,0,2024-04-07 01:00:00
3007,2024,4,7,0130,26,26,100.0,3,9999.0,NO,1010,1,30,2024-04-07 01:30:00
3008,2024,4,7,0200,27,26,94.3,2,9999.0,NO,1010,2,0,2024-04-07 02:00:00
3009,2024,4,7,0230,27,26,94.3,4,9999.0,NO,1010,2,30,2024-04-07 02:30:00
3010,2024,4,7,0300,27,26,94.3,3,9999.0,NO,1010,3,0,2024-04-07 03:00:00
3011,2024,4,7,0330,26,26,100.0,0,9999.0,NO,1010,3,30,2024-04-07 03:30:00
3012,2024,4,7,0400,26,25,94.2,2,9999.0,NO,1010,4,0,2024-04-07 04:00:00
3013,2024,4,7,0430,26,26,100.0,0,9999.0,NO,1009,4,30,2024-04-07 04:30:00
3014,2024,4,7,0500,26,25,94.2,0,9999.0,NO,1010,5,0,2024-04-07 05:00:00
3015,2024,4,7,0530,26,25,94.2,1,9999.0,NO,1010,5,30,2024-04-07 05:30:00
3016,2024,4,7,0600,26,25,94.2,0,9999.0,NO,1011,6,0,2024-04-07 06:00:00
3017,2024,4,7,0630,27,26,94.3,1,9999.0,NO,1011,6,30,2024-04-07 06:30:00
3018,2024,4,7,0700,27,26,94.3,0,6000.0,NO,1012,7,0,2024-04-07 07:00:00
3019,2024,4,7,0730,29,26,83.9,2,6000.0,NO,1012,7,30,2024-04-07 07:30:00
3020,2024,4,7,0800,30,26,79.2,2,7000.0,NO,1012,8,0,2024-04-07 08:00:00
3021,2024,4,7,0830,30,25,74.6,4,9999.0,NO,1012,8,30,2024-04-07 08:30:00
3022,2024,4,7,0900,32,26,70.6,2,9999.0,NO,1012,9,0,2024-04-07 09:00:00
3023,2024,4,7,0930,33,26,66.8,2,9999.0,NO,1012,9,30,2024-04-07 09:30:00
3024,2024,4,7,1000,32,27,74.9,2,9999.0,NO,1011,10,0,2024-04-07 10:00:00
3025,2024,4,7,1030,35,27,63.3,3,9999.0,NO,1011,10,30,2024-04-07 10:30:00
3026,2024,4,7,1100,33,26,66.8,3,9999.0,NO,1011,11,0,2024-04-07 11:00:00
3027,2024,4,7,1130,34,25,59.5,3,9999.0,NO,1010,11,30,2024-04-07 11:30:00
3028,2024,4,7,1200,34,25,59.5,3,9999.0,NO,1010,12,0,2024-04-07 12:00:00
3029,2024,4,7,1230,34,26,63.1,3,9999.0,NO,1010,12,30,2024-04-07 12:30:00
3030,2024,4,7,1300,34,26,63.1,4,,NO,1009,13,0,2024-04-07 13:00:00
3031,2024,4,7,1330,34,27,66.9,4,,NO,1008,13,30,2024-04-07 13:30:00
3032,2024,4,7,1400,34,27,66.9,4,9999.0,NO,1008,14,0,2024-04-07 14:00:00
3033,2024,4,7,1430,34,26,63.1,3,9999.0,NO,1007,14,30,2024-04-07 14:30:00
3034,2024,4,7,1500,34,26,63.1,3,9999.0,NO,1007,15,0,2024-04-07 15:00:00
3035,2024,4,7,1530,33,26,66.8,4,9999.0,NO,1006,15,30,2024-04-07 15:30:00
3036,2024,4,7,1600,32,26,70.6,5,9999.0,NO,1006,16,0,2024-04-07 16:00:00
3037,2024,4,7,1630,31,27,79.3,5,9999.0,NO,1007,16,30,2024-04-07 16:30:00
3038,2024,4,7,1700,31,27,79.3,4,9999.0,YES,1008,17,0,2024-04-07 17:00:00
3039,2024,4,7,1730,30,27,84.0,4,9999.0,YES,1007,17,30,2024-04-07 17:30:00
3040,2024,4,7,1800,30,27,84.0,2,9999.0,YES,1009,18,0,2024-04-07 18:00:00
3041,2024,4,7,1830,27,24,83.7,16,8000.0,YES,1010,18,30,2024-04-07 18:30:00
3042,2024,4,7,1900,24,23,94.1,3,4000.0,YES,1010,19,0,2024-04-07 19:00:00
3043,2024,4,7,1930,25,24,94.2,1,9999.0,YES,1010,19,30,2024-04-07 19:30:00
3044,2024,4,7,2000,25,24,94.2,5,9999.0,YES,1010,20,0,2024-04-07 20:00:00
3045,2024,4,7,2030,25,24,94.2,3,9999.0,YES,1011,20,30,2024-04-07 20:30:00
3046,2024,4,7,2100,25,24,94.2,2,9999.0,YES,1011,21,0,2024-04-07 21:00:00
3047,2024,4,7,2130,25,24,94.2,2,9999.0,YES,1011,21,30,2024-04-07 21:30:00
3048,2024,4,7,2200,25,25,100.0,0,9999.0,YES,1012,22,0,2024-04-07 22:00:00
3049,2024,4,7,2230,25,25,100.0,2,9999.0,NO,1011,22,30,2024-04-07 22:30:00
3050,2024,4,7,2300,25,24,94.2,4,9999.0,NO,1011,23,0,2024-04-07 23:00:00
3051,2024,4,7,2330,25,24,94.2,4,9999.0,NO,1011,23,30,2024-04-07 23:30:00
3052,2024,4,8,0000,25,24,94.2,2,9999.0,NO,1011,0,0,2024-04-08 00:00:00
3053,2024,4,8,0030,25,24,94.2,4,9999.0,NO,1010,0,30,2024-04-08 00:30:00
3054,2024,4,8,0100,25,24,94.2,2,9999.0,NO,1010,1,0,2024-04-08 01:00:00
3055,2024,4,8,0130,25,24,94.2,2,9999.0,NO,1009,1,30,2024-04-08 01:30:00
3056,2024,4,8,0200,25,24,94.2,1,9999.0,NO,1009,2,0,2024-04-08 02:00:00
3057,2024,4,8,0230,25,24,94.2,1,9999.0,NO,1009,2,30,2024-04-08 02:30:00
3058,2024,4,8,0300,25,25,100.0,3,9999.0,NO,1009,3,0,2024-04-08 03:00:00
3059,2024,4,8,0330,25,24,94.2,1,9999.0,NO,1008,3,30,2024-04-08 03:30:00
3060,2024,4,8,0400,25,24,94.2,2,9999.0,NO,1009,4,0,2024-04-08 04:00:00
3061,2024,4,8,0430,25,25,100.0,2,9999.0,NO,1009,4,30,2024-04-08 04:30:00
3062,2024,4,8,0500,25,25,100.0,2,9999.0,YES,1010,5,0,2024-04-08 05:00:00
3063,2024,4,8,0530,25,25,100.0,2,8000.0,NO,1010,5,30,2024-04-08 05:30:00
3064,2024,4,8,0600,25,25,100.0,3,8000.0,NO,1010,6,0,2024-04-08 06:00:00
3065,2024,4,8,0630,25,24,94.2,5,9999.0,NO,1010,6,30,2024-04-08 06:30:00
3066,2024,4,8,0700,25,24,94.2,6,9999.0,NO,1011,7,0,2024-04-08 07:00:00
3067,2024,4,8,0730,25,24,94.2,6,9999.0,NO,1011,7,30,2024-04-08 07:30:00
3068,2024,4,8,0800,26,24,88.7,7,9999.0,NO,1011,8,0,2024-04-08 08:00:00
3069,2024,4,8,0830,27,24,83.7,5,9999.0,NO,1012,8,30,2024-04-08 08:30:00
3070,2024,4,8,0900,28,24,78.9,5,9999.0,NO,1012,9,0,2024-04-08 09:00:00
3071,2024,4,8,0930,29,25,79.0,4,9999.0,NO,1012,9,30,2024-04-08 09:30:00
3072,2024,4,8,1000,29,24,74.4,4,9999.0,NO,1012,10,0,2024-04-08 10:00:00
3073,2024,4,8,1030,31,25,70.4,2,9999.0,NO,1011,10,30,2024-04-08 10:30:00
3074,2024,4,8,1100,31,25,70.4,2,9999.0,NO,1011,11,0,2024-04-08 11:00:00
3075,2024,4,8,1130,32,26,70.6,2,9999.0,NO,1011,11,30,2024-04-08 11:30:00
3076,2024,4,8,1200,33,25,62.9,2,9999.0,NO,1009,12,0,2024-04-08 12:00:00
3077,2024,4,8,1230,32,25,66.6,3,9999.0,NO,1009,12,30,2024-04-08 12:30:00
3078,2024,4,8,1300,33,26,66.8,2,9999.0,NO,1008,13,0,2024-04-08 13:00:00
3079,2024,4,8,1330,33,25,62.9,4,9999.0,NO,1008,13,30,2024-04-08 13:30:00
3080,2024,4,8,1400,34,26,63.1,3,9999.0,NO,1007,14,0,2024-04-08 14:00:00
3081,2024,4,8,1430,34,26,63.1,2,9999.0,NO,1007,14,30,2024-04-08 14:30:00
3082,2024,4,8,1500,32,27,74.9,4,9999.0,NO,1006,15,0,2024-04-08 15:00:00
3083,2024,4,8,1530,32,26,70.6,4,9999.0,NO,1006,15,30,2024-04-08 15:30:00
3084,2024,4,8,1600,31,26,74.8,4,9999.0,NO,1006,16,0,2024-04-08 16:00:00
3085,2024,4,8,1630,31,26,74.8,3,9999.0,NO,1006,16,30,2024-04-08 16:30:00
3086,2024,4,8,1700,30,26,79.2,3,9999.0,NO,1007,17,0,2024-04-08 17:00:00
3087,2024,4,8,1730,29,26,83.9,2,9999.0,NO,1007,17,30,2024-04-08 17:30:00
3088,2024,4,8,1800,28,26,88.9,1,9999.0,NO,1008,18,0,2024-04-08 18:00:00
3089,2024,4,8,1830,28,26,88.9,0,9999.0,NO,1008,18,30,2024-04-08 18:30:00
3090,2024,4,8,1900,27,26,94.3,1,9999.0,NO,1008,19,0,2024-04-08 19:00:00
3091,2024,4,8,1930,27,26,94.3,0,9999.0,NO,1008,19,30,2024-04-08 19:30:00
3092,2024,4,8,2000,27,26,94.3,0,9999.0,NO,1009,20,0,2024-04-08 20:00:00
3093,2024,4,8,2030,26,26,100.0,0,9999.0,NO,1009,20,30,2024-04-08 20:30:00
3094,2024,4,8,2100,26,26,100.0,0,9999.0,NO,1010,21,0,2024-04-08 21:00:00
3095,2024,4,8,2130,26,26,100.0,0,9999.0,NO,1010,21,30,2024-04-08 21:30:00
3096,2024,4,8,2200,26,26,100.0,0,9999.0,NO,1010,22,0,2024-04-08 22:00:00
3097,2024,4,8,2230,26,26,100.0,0,9999.0,NO,1010,22,30,2024-04-08 22:30:00
3098,2024,4,8,2300,27,26,94.3,2,9999.0,NO,1009,23,0,2024-04-08 23:00:00
3099,2024,4,8,2330,27,27,100.0,4,9999.0,NO,1009,23,30,2024-04-08 23:30:00
3100,2024,4,9,0000,27,26,94.3,2,9999.0,NO,1009,0,0,2024-04-09 00:00:00
3101,2024,4,9,0030,27,26,94.3,0,9999.0,NO,1009,0,30,2024-04-09 00:30:00
3102,2024,4,9,0100,27,26,94.3,2,9999.0,NO,1009,1,0,2024-04-09 01:00:00
3103,2024,4,9,0130,27,26,94.3,2,9999.0,NO,1009,1,30,2024-04-09 01:30:00
3104,2024,4,9,0200,27,26,94.3,2,9999.0,NO,1008,2,0,2024-04-09 02:00:00
3105,2024,4,9,0230,27,26,94.3,2,9999.0,NO,1009,2,30,2024-04-09 02:30:00
3106,2024,4,9,0300,27,26,94.3,2,9999.0,NO,1009,3,0,2024-04-09 03:00:00
3107,2024,4,9,0330,26,26,100.0,0,9999.0,NO,1009,3,30,2024-04-09 03:30:00
3108,2024,4,9,0400,26,26,100.0,0,9999.0,NO,1009,4,0,2024-04-09 04:00:00
3109,2024,4,9,0430,26,26,100.0,0,9999.0,NO,1009,4,30,2024-04-09 04:30:00
3110,2024,4,9,0500,26,26,100.0,0,9999.0,NO,1009,5,0,2024-04-09 05:00:00
3111,2024,4,9,0530,27,25,88.8,4,9999.0,NO,1009,5,30,2024-04-09 05:30:00
3112,2024,4,9,0600,26,25,94.2,4,9999.0,NO,1009,6,0,2024-04-09 06:00:00
3113,2024,4,9,0630,26,24,88.7,4,9999.0,NO,1010,6,30,2024-04-09 06:30:00
3114,2024,4,9,0700,27,24,83.7,3,9999.0,NO,1011,7,0,2024-04-09 07:00:00
3115,2024,4,9,0730,28,23,74.3,2,9999.0,NO,1011,7,30,2024-04-09 07:30:00
3116,2024,4,9,0800,29,24,74.4,4,9999.0,NO,1011,8,0,2024-04-09 08:00:00
3117,2024,4,9,0830,31,23,62.5,3,9999.0,NO,1011,8,30,2024-04-09 08:30:00
3118,2024,4,9,0900,32,24,62.7,4,9999.0,NO,1011,9,0,2024-04-09 09:00:00
3119,2024,4,9,0930,32,25,66.6,3,9999.0,NO,1011,9,30,2024-04-09 09:30:00
3120,2024,4,9,1000,33,24,59.2,2,9999.0,NO,1011,10,0,2024-04-09 10:00:00
3121,2024,4,9,1030,33,25,62.9,3,9999.0,NO,1010,10,30,2024-04-09 10:30:00
3122,2024,4,9,1100,33,25,62.9,3,9999.0,NO,1010,11,0,2024-04-09 11:00:00
3123,2024,4,9,1130,34,24,56.0,2,9999.0,NO,1009,11,30,2024-04-09 11:30:00
3124,2024,4,9,1200,35,26,59.7,2,9999.0,NO,1009,12,0,2024-04-09 12:00:00
3125,2024,4,9,1230,35,26,59.7,4,9999.0,NO,1008,12,30,2024-04-09 12:30:00
3126,2024,4,9,1300,35,26,59.7,4,9999.0,NO,1007,13,0,2024-04-09 13:00:00
3127,2024,4,9,1330,35,25,56.2,4,9999.0,NO,1007,13,30,2024-04-09 13:30:00
3128,2024,4,9,1400,35,25,56.2,5,9999.0,NO,1006,14,0,2024-04-09 14:00:00
3129,2024,4,9,1430,35,25,56.2,5,9999.0,NO,1005,14,30,2024-04-09 14:30:00
3130,2024,4,9,1500,35,25,56.2,3,9999.0,NO,1005,15,0,2024-04-09 15:00:00
3131,2024,4,9,1530,34,25,59.5,4,9999.0,NO,1005,15,30,2024-04-09 15:30:00
3132,2024,4,9,1600,33,25,62.9,4,9999.0,NO,1005,16,0,2024-04-09 16:00:00
3133,2024,4,9,1630,31,26,74.8,4,9999.0,NO,1005,16,30,2024-04-09 16:30:00
3134,2024,4,9,1700,31,26,74.8,4,9999.0,NO,1005,17,0,2024-04-09 17:00:00
3135,2024,4,9,1730,30,27,84.0,3,9999.0,NO,1006,17,30,2024-04-09 17:30:00
3136,2024,4,9,1800,30,27,84.0,3,9999.0,YES,1006,18,0,2024-04-09 18:00:00
3137,2024,4,9,1830,29,27,89.0,1,9999.0,YES,1006,18,30,2024-04-09 18:30:00
3138,2024,4,9,1900,29,27,89.0,1,9999.0,NO,1006,19,0,2024-04-09 19:00:00
3139,2024,4,9,1930,28,27,94.3,0,9999.0,NO,1007,19,30,2024-04-09 19:30:00
3140,2024,4,9,2000,28,27,94.3,2,9999.0,NO,1007,20,0,2024-04-09 20:00:00
3141,2024,4,9,2030,28,27,94.3,1,9999.0,NO,1008,20,30,2024-04-09 20:30:00
3142,2024,4,9,2100,28,27,94.3,0,9999.0,NO,1009,21,0,2024-04-09 21:00:00
3143,2024,4,9,2130,27,27,100.0,0,9999.0,NO,1009,21,30,2024-04-09 21:30:00
3144,2024,4,9,2200,27,27,100.0,0,9999.0,NO,1009,22,0,2024-04-09 22:00:00
3145,2024,4,9,2230,28,27,94.3,0,9999.0,NO,1009,22,30,2024-04-09 22:30:00
3146,2024,4,9,2300,28,27,94.3,0,9999.0,NO,1009,23,0,2024-04-09 23:00:00
3147,2024,4,9,2330,28,27,94.3,2,9999.0,NO,1009,23,30,2024-04-09 23:30:00
3148,2024,4,10,0000,28,27,94.3,0,9999.0,NO,1008,0,0,2024-04-10 00:00:00
3149,2024,4,10,0030,27,27,100.0,0,9999.0,NO,1008,0,30,2024-04-10 00:30:00
3150,2024,4,10,0100,27,27,100.0,0,9999.0,NO,1008,1,0,2024-04-10 01:00:00
3151,2024,4,10,0130,27,27,100.0,2,9999.0,NO,1008,1,30,2024-04-10 01:30:00
3152,2024,4,10,0200,27,27,100.0,2,9999.0,NO,1008,2,0,2024-04-10 02:00:00
3153,2024,4,10,0230,27,27,100.0,1,9999.0,NO,1007,2,30,2024-04-10 02:30:00
3154,2024,4,10,0300,27,26,94.3,0,9999.0,NO,1007,3,0,2024-04-10 03:00:00
3155,2024,4,10,0330,27,26,94.3,0,9999.0,NO,1007,3,30,2024-04-10 03:30:00
3156,2024,4,10,0400,27,26,94.3,2,9999.0,NO,1008,4,0,2024-04-10 04:00:00
3157,2024,4,10,0430,27,26,94.3,0,9999.0,NO,1008,4,30,2024-04-10 04:30:00
3158,2024,4,10,0500,27,26,94.3,2,8000.0,NO,1008,5,0,2024-04-10 05:00:00
3159,2024,4,10,0530,27,26,94.3,2,8000.0,NO,1009,5,30,2024-04-10 05:30:00
3160,2024,4,10,0600,27,26,94.3,2,8000.0,NO,1009,6,0,2024-04-10 06:00:00
3161,2024,4,10,0630,28,26,88.9,2,8000.0,NO,1009,6,30,2024-04-10 06:30:00
3162,2024,4,10,0700,28,27,94.3,2,8000.0,NO,1009,7,0,2024-04-10 07:00:00
3163,2024,4,10,0730,29,27,89.0,4,9000.0,NO,1010,7,30,2024-04-10 07:30:00
3164,2024,4,10,0800,27,24,83.7,10,7000.0,YES,1011,8,0,2024-04-10 08:00:00
3165,2024,4,10,0830,26,24,88.7,6,8000.0,YES,1010,8,30,2024-04-10 08:30:00
3166,2024,4,10,0900,27,25,88.8,3,8000.0,YES,1010,9,0,2024-04-10 09:00:00
3167,2024,4,10,0930,28,25,83.8,0,6000.0,YES,1010,9,30,2024-04-10 09:30:00
3168,2024,4,10,1000,27,24,83.7,2,8000.0,YES,1010,10,0,2024-04-10 10:00:00
3169,2024,4,10,1030,27,24,83.7,4,8000.0,YES,1010,10,30,2024-04-10 10:30:00
3170,2024,4,10,1100,26,25,94.2,1,8000.0,YES,1010,11,0,2024-04-10 11:00:00
3171,2024,4,10,1130,26,25,94.2,2,7000.0,YES,1009,11,30,2024-04-10 11:30:00
3172,2024,4,10,1200,26,25,94.2,2,8000.0,YES,1008,12,0,2024-04-10 12:00:00
3173,2024,4,10,1230,26,25,94.2,3,9000.0,NO,1008,12,30,2024-04-10 12:30:00
3174,2024,4,10,1300,27,26,94.3,2,9999.0,NO,1007,13,0,2024-04-10 13:00:00
3175,2024,4,10,1330,27,26,94.3,2,9999.0,NO,1007,13,30,2024-04-10 13:30:00
3176,2024,4,10,1400,28,26,88.9,2,9999.0,NO,1006,14,0,2024-04-10 14:00:00
3177,2024,4,10,1430,28,26,88.9,1,9999.0,NO,1005,14,30,2024-04-10 14:30:00
3178,2024,4,10,1500,28,25,83.8,2,9999.0,NO,1005,15,0,2024-04-10 15:00:00
3179,2024,4,10,1530,28,25,83.8,3,9999.0,NO,1005,15,30,2024-04-10 15:30:00
3180,2024,4,10,1600,28,25,83.8,2,9999.0,NO,1005,16,0,2024-04-10 16:00:00
3181,2024,4,10,1630,28,26,88.9,2,9999.0,NO,1005,16,30,2024-04-10 16:30:00
3182,2024,4,10,1700,28,25,83.8,1,9999.0,NO,1005,17,0,2024-04-10 17:00:00
3183,2024,4,10,1730,27,25,88.8,0,9999.0,NO,1006,17,30,2024-04-10 17:30:00
3184,2024,4,10,1800,27,26,94.3,0,9999.0,NO,1006,18,0,2024-04-10 18:00:00
3185,2024,4,10,1830,27,26,94.3,1,9999.0,NO,1007,18,30,2024-04-10 18:30:00
3186,2024,4,10,1900,26,26,100.0,1,9999.0,NO,1007,19,0,2024-04-10 19:00:00
3187,2024,4,10,1930,26,25,94.2,0,9999.0,NO,1007,19,30,2024-04-10 19:30:00
3188,2024,4,10,2000,26,26,100.0,1,9999.0,NO,1008,20,0,2024-04-10 20:00:00
3189,2024,4,10,2030,27,25,88.8,4,9999.0,NO,1008,20,30,2024-04-10 20:30:00
3190,2024,4,10,2100,26,25,94.2,1,9999.0,NO,1009,21,0,2024-04-10 21:00:00
3191,2024,4,10,2130,26,25,94.2,0,9999.0,NO,1009,21,30,2024-04-10 21:30:00
3192,2024,4,10,2200,26,25,94.2,3,9999.0,NO,1010,22,0,2024-04-10 22:00:00
3193,2024,4,10,2230,26,25,94.2,1,9999.0,NO,1009,22,30,2024-04-10 22:30:00
3194,2024,4,10,2300,26,25,94.2,0,9999.0,NO,1009,23,0,2024-04-10 23:00:00
3195,2024,4,10,2330,26,25,94.2,0,9999.0,NO,1009,23,30,2024-04-10 23:30:00
3196,2024,4,11,0000,26,26,100.0,2,9999.0,NO,1009,0,0,2024-04-11 00:00:00
3197,2024,4,11,0030,26,25,94.2,0,9999.0,NO,1008,0,30,2024-04-11 00:30:00
3198,2024,4,11,0100,25,25,100.0,2,9999.0,NO,1008,1,0,2024-04-11 01:00:00
3199,2024,4,11,0130,25,25,100.0,2,9999.0,NO,1008,1,30,2024-04-11 01:30:00
3200,2024,4,11,0200,25,25,100.0,3,9999.0,NO,1008,2,0,2024-04-11 02:00:00
3201,2024,4,11,0230,26,25,94.2,2,9999.0,NO,1007,2,30,2024-04-11 02:30:00
3202,2024,4,11,0300,25,25,100.0,2,9999.0,NO,1007,3,0,2024-04-11 03:00:00
3203,2024,4,11,0330,25,25,100.0,0,9999.0,NO,1007,3,30,2024-04-11 03:30:00
3204,2024,4,11,0400,25,25,100.0,0,9999.0,NO,1007,4,0,2024-04-11 04:00:00
3205,2024,4,11,0430,25,24,94.2,2,9999.0,NO,1007,4,30,2024-04-11 04:30:00
3206,2024,4,11,0500,25,25,100.0,1,9999.0,NO,1008,5,0,2024-04-11 05:00:00
3207,2024,4,11,0530,25,25,100.0,0,6000.0,NO,1008,5,30,2024-04-11 05:30:00
3208,2024,4,11,0600,25,25,100.0,2,6000.0,NO,1008,6,0,2024-04-11 06:00:00
3209,2024,4,11,0630,26,25,94.2,2,4000.0,NO,1009,6,30,2024-04-11 06:30:00
3210,2024,4,11,0700,27,26,94.3,3,4000.0,NO,1009,7,0,2024-04-11 07:00:00
3211,2024,4,11,0730,28,26,88.9,4,6000.0,NO,1010,7,30,2024-04-11 07:30:00
3212,2024,4,11,0800,29,26,83.9,4,7000.0,NO,1010,8,0,2024-04-11 08:00:00
3213,2024,4,11,0830,31,26,74.8,4,8000.0,NO,1010,8,30,2024-04-11 08:30:00
3214,2024,4,11,0900,32,26,70.6,4,9999.0,NO,1010,9,0,2024-04-11 09:00:00
3215,2024,4,11,0930,33,26,66.8,3,9999.0,NO,1010,9,30,2024-04-11 09:30:00
3216,2024,4,11,1000,33,26,66.8,3,9999.0,NO,1010,10,0,2024-04-11 10:00:00
3217,2024,4,11,1030,33,26,66.8,2,9999.0,NO,1010,10,30,2024-04-11 10:30:00
3218,2024,4,11,1100,33,26,66.8,2,9999.0,NO,1010,11,0,2024-04-11 11:00:00
3219,2024,4,11,1130,33,26,66.8,2,9999.0,NO,1009,11,30,2024-04-11 11:30:00
3220,2024,4,11,1200,33,27,70.8,2,9999.0,NO,1009,12,0,2024-04-11 12:00:00
3221,2024,4,11,1230,33,27,70.8,4,9999.0,NO,1008,12,30,2024-04-11 12:30:00
3222,2024,4,11,1300,33,26,66.8,5,9999.0,YES,1008,13,0,2024-04-11 13:00:00
3223,2024,4,11,1330,33,26,66.8,4,9999.0,YES,1007,13,30,2024-04-11 13:30:00
3224,2024,4,11,1400,32,26,70.6,4,8000.0,YES,1007,14,0,2024-04-11 14:00:00
3225,2024,4,11,1430,25,24,94.2,4,,YES,1007,14,30,2024-04-11 14:30:00
3226,2024,4,11,1500,24,23,94.1,7,6000.0,YES,1008,15,0,2024-04-11 15:00:00
3227,2024,4,11,1530,24,24,100.0,4,6000.0,YES,1005,15,30,2024-04-11 15:30:00
3228,2024,4,11,1600,24,23,94.1,2,8000.0,YES,1005,16,0,2024-04-11 16:00:00
3229,2024,4,11,1630,24,24,100.0,2,6000.0,YES,1006,16,30,2024-04-11 16:30:00
3230,2024,4,11,1700,24,24,100.0,3,6000.0,YES,1007,17,0,2024-04-11 17:00:00
3231,2024,4,11,1730,25,24,94.2,2,6000.0,YES,1007,17,30,2024-04-11 17:30:00
3232,2024,4,11,1800,25,24,94.2,1,6000.0,YES,1007,18,0,2024-04-11 18:00:00
3233,2024,4,11,1830,25,24,94.2,0,6000.0,YES,1008,18,30,2024-04-11 18:30:00
3234,2024,4,11,1900,25,24,94.2,4,8000.0,YES,1009,19,0,2024-04-11 19:00:00
3235,2024,4,11,1930,25,24,94.2,5,8000.0,YES,1009,19,30,2024-04-11 19:30:00
3236,2024,4,11,2000,25,24,94.2,1,8000.0,NO,1010,20,0,2024-04-11 20:00:00
3237,2024,4,11,2030,25,24,94.2,3,9999.0,NO,1010,20,30,2024-04-11 20:30:00
3238,2024,4,11,2100,25,24,94.2,2,9999.0,NO,1011,21,0,2024-04-11 21:00:00
3239,2024,4,11,2130,25,24,94.2,2,9999.0,NO,1011,21,30,2024-04-11 21:30:00
3240,2024,4,11,2200,25,24,94.2,0,9999.0,NO,1010,22,0,2024-04-11 22:00:00
3241,2024,4,11,2230,25,25,100.0,1,9999.0,NO,1010,22,30,2024-04-11 22:30:00
3242,2024,4,11,2300,25,24,94.2,0,9999.0,NO,1010,23,0,2024-04-11 23:00:00
3243,2024,4,12,0000,25,24,94.2,0,9999.0,NO,1010,0,0,2024-04-12 00:00:00
3244,2024,4,12,0030,25,25,100.0,2,9999.0,NO,1010,0,30,2024-04-12 00:30:00
3245,2024,4,12,0100,25,25,100.0,4,9999.0,NO,1010,1,0,2024-04-12 01:00:00
3246,2024,4,12,0130,26,24,88.7,7,6000.0,YES,1010,1,30,2024-04-12 01:30:00
3247,2024,4,12,0200,25,24,94.2,3,6000.0,YES,1010,2,0,2024-04-12 02:00:00
3248,2024,4,12,0230,25,24,94.2,2,6000.0,YES,1010,2,30,2024-04-12 02:30:00
3249,2024,4,12,0300,24,23,94.1,5,1000.0,YES,1010,3,0,2024-04-12 03:00:00
3250,2024,4,12,0330,24,23,94.1,3,6000.0,YES,1009,3,30,2024-04-12 03:30:00
3251,2024,4,12,0400,24,24,100.0,6,9999.0,YES,1009,4,0,2024-04-12 04:00:00
3252,2024,4,12,0430,24,24,100.0,2,9999.0,YES,1009,4,30,2024-04-12 04:30:00
3253,2024,4,12,0500,24,24,100.0,4,6000.0,YES,1011,5,0,2024-04-12 05:00:00
3254,2024,4,12,0530,24,24,100.0,2,4000.0,YES,1011,5,30,2024-04-12 05:30:00
3255,2024,4,12,0600,24,24,100.0,1,6000.0,YES,1011,6,0,2024-04-12 06:00:00
3256,2024,4,12,0630,24,24,100.0,2,6000.0,YES,1012,6,30,2024-04-12 06:30:00
3257,2024,4,12,0700,24,24,100.0,3,6000.0,YES,1012,7,0,2024-04-12 07:00:00
3258,2024,4,12,0730,25,24,94.2,3,8000.0,YES,1013,7,30,2024-04-12 07:30:00
3259,2024,4,12,0800,25,25,100.0,2,8000.0,YES,1012,8,0,2024-04-12 08:00:00
3260,2024,4,12,0830,26,25,94.2,3,9999.0,NO,1012,8,30,2024-04-12 08:30:00
3261,2024,4,12,0900,28,25,83.8,2,9999.0,NO,1012,9,0,2024-04-12 09:00:00
3262,2024,4,12,0930,29,26,83.9,2,9999.0,NO,1012,9,30,2024-04-12 09:30:00
3263,2024,4,12,1000,30,25,74.6,4,9999.0,NO,1012,10,0,2024-04-12 10:00:00
3264,2024,4,12,1030,31,25,70.4,2,9999.0,NO,1012,10,30,2024-04-12 10:30:00
3265,2024,4,12,1100,32,25,66.6,2,9999.0,NO,1011,11,0,2024-04-12 11:00:00
3266,2024,4,12,1130,31,25,70.4,4,9999.0,NO,1010,11,30,2024-04-12 11:30:00
3267,2024,4,12,1200,32,26,70.6,4,9999.0,NO,1009,12,0,2024-04-12 12:00:00
3268,2024,4,12,1230,33,26,66.8,3,9999.0,NO,1009,12,30,2024-04-12 12:30:00
3269,2024,4,12,1300,31,26,74.8,2,9999.0,NO,1009,13,0,2024-04-12 13:00:00
3270,2024,4,12,1330,31,26,74.8,3,9999.0,NO,1009,13,30,2024-04-12 13:30:00
3271,2024,4,12,1400,31,26,74.8,2,9999.0,NO,1008,14,0,2024-04-12 14:00:00
3272,2024,4,12,1430,31,26,74.8,3,9999.0,YES,1008,14,30,2024-04-12 14:30:00
3273,2024,4,12,1500,32,25,66.6,2,9999.0,YES,1008,15,0,2024-04-12 15:00:00
3274,2024,4,12,1530,33,26,66.8,2,9999.0,YES,1007,15,30,2024-04-12 15:30:00
3275,2024,4,12,1600,32,26,70.6,2,9999.0,YES,1007,16,0,2024-04-12 16:00:00
3276,2024,4,12,1630,32,26,70.6,2,9999.0,YES,1007,16,30,2024-04-12 16:30:00
3277,2024,4,12,1700,31,27,79.3,1,9999.0,NO,1007,17,0,2024-04-12 17:00:00
3278,2024,4,12,1730,29,27,89.0,2,9999.0,YES,1008,17,30,2024-04-12 17:30:00
3279,2024,4,12,1800,28,26,88.9,2,9999.0,YES,1008,18,0,2024-04-12 18:00:00
3280,2024,4,12,1830,27,26,94.3,1,9999.0,YES,1008,18,30,2024-04-12 18:30:00
3281,2024,4,12,1900,27,26,94.3,2,9999.0,YES,1008,19,0,2024-04-12 19:00:00
3282,2024,4,12,1930,27,26,94.3,1,9999.0,YES,1009,19,30,2024-04-12 19:30:00
3283,2024,4,12,2000,27,26,94.3,2,9999.0,YES,1009,20,0,2024-04-12 20:00:00
3284,2024,4,12,2030,27,26,94.3,0,9999.0,YES,1009,20,30,2024-04-12 20:30:00
3285,2024,4,12,2100,27,26,94.3,0,9999.0,YES,1009,21,0,2024-04-12 21:00:00
3286,2024,4,12,2130,27,26,94.3,2,9999.0,NO,1010,21,30,2024-04-12 21:30:00
3287,2024,4,12,2200,27,26,94.3,2,9999.0,NO,1010,22,0,2024-04-12 22:00:00
3288,2024,4,12,2230,27,26,94.3,0,9999.0,NO,1010,22,30,2024-04-12 22:30:00
3289,2024,4,12,2300,26,26,100.0,0,9999.0,NO,1009,23,0,2024-04-12 23:00:00
3290,2024,4,12,2330,26,26,100.0,0,9999.0,NO,1009,23,30,2024-04-12 23:30:00
3291,2024,4,13,0000,26,26,100.0,0,9999.0,NO,1009,0,0,2024-04-13 00:00:00
3292,2024,4,13,0030,26,26,100.0,1,9999.0,NO,1009,0,30,2024-04-13 00:30:00
3293,2024,4,13,0100,26,26,100.0,2,9999.0,NO,1008,1,0,2024-04-13 01:00:00
3294,2024,4,13,0130,26,26,100.0,0,9999.0,NO,1008,1,30,2024-04-13 01:30:00
3295,2024,4,13,0200,26,26,100.0,1,9999.0,NO,1008,2,0,2024-04-13 02:00:00
3296,2024,4,13,0230,27,26,94.3,0,9999.0,NO,1008,2,30,2024-04-13 02:30:00
3297,2024,4,13,0300,26,26,100.0,0,9999.0,NO,1008,3,0,2024-04-13 03:00:00
3298,2024,4,13,0330,26,26,100.0,0,9999.0,NO,1008,3,30,2024-04-13 03:30:00
3299,2024,4,13,0400,27,26,94.3,2,9999.0,YES,1009,4,0,2024-04-13 04:00:00
3300,2024,4,13,0430,27,26,94.3,2,9999.0,YES,1009,4,30,2024-04-13 04:30:00
3301,2024,4,13,0500,27,26,94.3,2,9999.0,YES,1009,5,0,2024-04-13 05:00:00
3302,2024,4,13,0530,27,26,94.3,1,8000.0,YES,1009,5,30,2024-04-13 05:30:00
3303,2024,4,13,0600,27,26,94.3,2,8000.0,YES,1010,6,0,2024-04-13 06:00:00
3304,2024,4,13,0630,27,26,94.3,2,8000.0,YES,1011,6,30,2024-04-13 06:30:00
3305,2024,4,13,0700,26,25,94.2,4,8000.0,YES,1011,7,0,2024-04-13 07:00:00
3306,2024,4,13,0730,26,25,94.2,0,9999.0,NO,1011,7,30,2024-04-13 07:30:00
3307,2024,4,13,0800,26,25,94.2,2,9999.0,NO,1012,8,0,2024-04-13 08:00:00
3308,2024,4,13,0830,27,26,94.3,2,9999.0,NO,1012,8,30,2024-04-13 08:30:00
3309,2024,4,13,0900,29,26,83.9,2,9999.0,NO,1012,9,0,2024-04-13 09:00:00
3310,2024,4,13,0930,30,26,79.2,3,9999.0,NO,1011,9,30,2024-04-13 09:30:00
3311,2024,4,13,1000,31,26,74.8,4,9999.0,NO,1011,10,0,2024-04-13 10:00:00
3312,2024,4,13,1030,31,26,74.8,3,9999.0,NO,1011,10,30,2024-04-13 10:30:00
3313,2024,4,13,1100,32,26,70.6,3,9999.0,NO,1011,11,0,2024-04-13 11:00:00
3314,2024,4,13,1130,33,26,66.8,4,9999.0,NO,1011,11,30,2024-04-13 11:30:00
3315,2024,4,13,1200,33,26,66.8,3,9999.0,NO,1010,12,0,2024-04-13 12:00:00
3316,2024,4,13,1230,32,26,70.6,4,9999.0,NO,1010,12,30,2024-04-13 12:30:00
3317,2024,4,13,1300,32,26,70.6,4,9999.0,NO,1009,13,0,2024-04-13 13:00:00
3318,2024,4,13,1330,32,26,70.6,3,9999.0,NO,1009,13,30,2024-04-13 13:30:00
3319,2024,4,13,1400,32,26,70.6,3,9999.0,NO,1009,14,0,2024-04-13 14:00:00
3320,2024,4,13,1430,33,26,66.8,4,9999.0,NO,1008,14,30,2024-04-13 14:30:00
3321,2024,4,13,1500,32,25,66.6,4,9999.0,NO,1008,15,0,2024-04-13 15:00:00
3322,2024,4,13,1530,32,25,66.6,5,9999.0,NO,1008,15,30,2024-04-13 15:30:00
3323,2024,4,13,1600,32,26,70.6,3,9999.0,NO,1008,16,0,2024-04-13 16:00:00
3324,2024,4,13,1630,31,26,74.8,4,9999.0,NO,1009,16,30,2024-04-13 16:30:00
3325,2024,4,13,1700,30,26,79.2,3,9999.0,NO,1009,17,0,2024-04-13 17:00:00
3326,2024,4,13,1730,29,26,83.9,2,9999.0,NO,1009,17,30,2024-04-13 17:30:00
3327,2024,4,13,1800,29,26,83.9,2,9999.0,NO,1009,18,0,2024-04-13 18:00:00
3328,2024,4,13,1830,29,26,83.9,2,9999.0,NO,1009,18,30,2024-04-13 18:30:00
3329,2024,4,13,1900,28,26,88.9,1,9999.0,NO,1009,19,0,2024-04-13 19:00:00
3330,2024,4,13,1930,28,26,88.9,2,9999.0,NO,1009,19,30,2024-04-13 19:30:00
3331,2024,4,13,2000,28,26,88.9,0,9999.0,NO,1009,20,0,2024-04-13 20:00:00
3332,2024,4,13,2030,27,26,94.3,1,9999.0,NO,1010,20,30,2024-04-13 20:30:00
3333,2024,4,13,2100,27,26,94.3,1,9999.0,NO,1010,21,0,2024-04-13 21:00:00
3334,2024,4,13,2130,27,26,94.3,0,9999.0,NO,1010,21,30,2024-04-13 21:30:00
3335,2024,4,13,2200,27,26,94.3,0,9999.0,NO,1010,22,0,2024-04-13 22:00:00
3336,2024,4,13,2230,27,26,94.3,1,9999.0,NO,1010,22,30,2024-04-13 22:30:00
3337,2024,4,13,2300,27,26,94.3,1,9999.0,NO,1010,23,0,2024-04-13 23:00:00
3338,2024,4,13,2330,27,26,94.3,1,9999.0,NO,1010,23,30,2024-04-13 23:30:00
3339,2024,4,14,0030,27,26,94.3,1,9999.0,NO,1010,0,30,2024-04-14 00:30:00
3340,2024,4,14,0100,27,26,94.3,1,9999.0,NO,1009,1,0,2024-04-14 01:00:00
3341,2024,4,14,0130,27,26,94.3,3,9999.0,NO,1008,1,30,2024-04-14 01:30:00
3342,2024,4,14,0200,26,25,94.2,0,9999.0,NO,1008,2,0,2024-04-14 02:00:00
3343,2024,4,14,0230,26,25,94.2,1,9999.0,NO,1008,2,30,2024-04-14 02:30:00
3344,2024,4,14,0300,26,25,94.2,2,9999.0,NO,1008,3,0,2024-04-14 03:00:00
3345,2024,4,14,0330,26,25,94.2,3,9999.0,NO,1009,3,30,2024-04-14 03:30:00
3346,2024,4,14,0400,26,25,94.2,3,9999.0,NO,1009,4,0,2024-04-14 04:00:00
3347,2024,4,14,0430,27,26,94.3,3,9999.0,NO,1009,4,30,2024-04-14 04:30:00
3348,2024,4,14,0500,26,25,94.2,2,9999.0,NO,1009,5,0,2024-04-14 05:00:00
3349,2024,4,14,0530,26,26,100.0,4,8000.0,NO,1010,5,30,2024-04-14 05:30:00
3350,2024,4,14,0600,27,26,94.3,1,8000.0,NO,1010,6,0,2024-04-14 06:00:00
3351,2024,4,14,0630,27,26,94.3,1,8000.0,NO,1011,6,30,2024-04-14 06:30:00
3352,2024,4,14,0700,28,26,88.9,3,8000.0,NO,1011,7,0,2024-04-14 07:00:00
3353,2024,4,14,0730,29,26,83.9,2,8000.0,NO,1011,7,30,2024-04-14 07:30:00
3354,2024,4,14,0800,30,26,79.2,0,9999.0,NO,1012,8,0,2024-04-14 08:00:00
3355,2024,4,14,0830,32,26,70.6,0,9999.0,NO,1011,8,30,2024-04-14 08:30:00
3356,2024,4,14,0900,33,26,66.8,2,9999.0,NO,1011,9,0,2024-04-14 09:00:00
3357,2024,4,14,0930,32,26,70.6,4,9999.0,NO,1011,9,30,2024-04-14 09:30:00
3358,2024,4,14,1000,33,26,66.8,2,9999.0,NO,1011,10,0,2024-04-14 10:00:00
3359,2024,4,14,1030,33,26,66.8,4,9999.0,NO,1011,10,30,2024-04-14 10:30:00
3360,2024,4,14,1100,33,26,66.8,2,9999.0,NO,1010,11,0,2024-04-14 11:00:00
3361,2024,4,14,1130,34,26,63.1,3,9999.0,NO,1010,11,30,2024-04-14 11:30:00
3362,2024,4,14,1200,35,27,63.3,3,9999.0,NO,1009,12,0,2024-04-14 12:00:00
3363,2024,4,14,1230,34,25,59.5,4,9999.0,NO,1009,12,30,2024-04-14 12:30:00
3364,2024,4,14,1300,34,26,63.1,4,9999.0,NO,1008,13,0,2024-04-14 13:00:00
3365,2024,4,14,1330,34,27,66.9,4,9999.0,NO,1008,13,30,2024-04-14 13:30:00
3366,2024,4,14,1400,34,27,66.9,4,9999.0,NO,1008,14,0,2024-04-14 14:00:00
3367,2024,4,14,1430,33,26,66.8,6,9999.0,NO,1008,14,30,2024-04-14 14:30:00
3368,2024,4,14,1500,33,27,70.8,5,9999.0,NO,1007,15,0,2024-04-14 15:00:00
3369,2024,4,14,1530,33,27,70.8,5,9999.0,NO,1007,15,30,2024-04-14 15:30:00
3370,2024,4,14,1600,32,27,74.9,5,9999.0,YES,1007,16,0,2024-04-14 16:00:00
3371,2024,4,14,1630,31,27,79.3,4,9999.0,YES,1008,16,30,2024-04-14 16:30:00
3372,2024,4,14,1700,31,27,79.3,4,9999.0,YES,1008,17,0,2024-04-14 17:00:00
3373,2024,4,14,1730,30,27,84.0,4,9999.0,YES,1009,17,30,2024-04-14 17:30:00
3374,2024,4,14,1800,29,27,89.0,3,9999.0,YES,1009,18,0,2024-04-14 18:00:00
3375,2024,4,14,1830,29,27,89.0,3,9999.0,NO,1009,18,30,2024-04-14 18:30:00
3376,2024,4,14,1900,29,27,89.0,2,9999.0,NO,1010,19,0,2024-04-14 19:00:00
3377,2024,4,14,1930,29,27,89.0,2,9999.0,NO,1010,19,30,2024-04-14 19:30:00
3378,2024,4,14,2000,28,27,94.3,0,9999.0,NO,1011,20,0,2024-04-14 20:00:00
3379,2024,4,14,2030,28,27,94.3,0,9999.0,NO,1011,20,30,2024-04-14 20:30:00
3380,2024,4,14,2100,28,27,94.3,0,9999.0,NO,1011,21,0,2024-04-14 21:00:00
3381,2024,4,14,2130,27,27,100.0,0,9999.0,NO,1011,21,30,2024-04-14 21:30:00
3382,2024,4,14,2200,27,27,100.0,0,9999.0,NO,1011,22,0,2024-04-14 22:00:00
3383,2024,4,14,2230,27,27,100.0,0,9999.0,NO,1012,22,30,2024-04-14 22:30:00
3384,2024,4,14,2300,27,27,100.0,2,9999.0,NO,1011,23,0,2024-04-14 23:00:00
3385,2024,4,14,2330,28,27,94.3,4,9999.0,NO,1011,23,30,2024-04-14 23:30:00
3386,2024,4,15,0000,28,27,94.3,3,9999.0,NO,1011,0,0,2024-04-15 00:00:00
3387,2024,4,15,0030,27,27,100.0,2,9999.0,NO,1010,0,30,2024-04-15 00:30:00
3388,2024,4,15,0100,27,27,100.0,1,9999.0,NO,1010,1,0,2024-04-15 01:00:00
3389,2024,4,15,0130,27,27,100.0,0,9999.0,NO,1010,1,30,2024-04-15 01:30:00
3390,2024,4,15,0200,27,27,100.0,2,9999.0,NO,1010,2,0,2024-04-15 02:00:00
3391,2024,4,15,0230,27,27,100.0,0,9999.0,NO,1010,2,30,2024-04-15 02:30:00
3392,2024,4,15,0300,27,26,94.3,0,9999.0,NO,1009,3,0,2024-04-15 03:00:00
3393,2024,4,15,0330,27,26,94.3,0,8000.0,NO,1009,3,30,2024-04-15 03:30:00
3394,2024,4,15,0400,26,26,100.0,0,8000.0,NO,1009,4,0,2024-04-15 04:00:00
3395,2024,4,15,0430,26,26,100.0,0,8000.0,NO,1010,4,30,2024-04-15 04:30:00
3396,2024,4,15,0500,27,27,100.0,3,8000.0,NO,1010,5,0,2024-04-15 05:00:00
3397,2024,4,15,0530,27,26,94.3,1,6000.0,NO,1010,5,30,2024-04-15 05:30:00
3398,2024,4,15,0600,27,27,100.0,1,6000.0,NO,1011,6,0,2024-04-15 06:00:00
3399,2024,4,15,0630,27,27,100.0,1,6000.0,NO,1011,6,30,2024-04-15 06:30:00
3400,2024,4,15,0700,29,27,89.0,2,6000.0,NO,1012,7,0,2024-04-15 07:00:00
3401,2024,4,15,0730,30,27,84.0,3,6000.0,NO,1012,7,30,2024-04-15 07:30:00
3402,2024,4,15,0800,30,27,84.0,4,8000.0,NO,1012,8,0,2024-04-15 08:00:00
3403,2024,4,15,0830,31,27,79.3,2,8000.0,YES,1012,8,30,2024-04-15 08:30:00
3404,2024,4,15,0900,31,27,79.3,4,7000.0,YES,1012,9,0,2024-04-15 09:00:00
3405,2024,4,15,0930,31,27,79.3,3,7000.0,NO,1012,9,30,2024-04-15 09:30:00
3406,2024,4,15,1000,33,27,70.8,2,8000.0,NO,1012,10,0,2024-04-15 10:00:00
3407,2024,4,15,1030,34,26,63.1,2,9999.0,NO,1012,10,30,2024-04-15 10:30:00
3408,2024,4,15,1100,34,26,63.1,4,9999.0,NO,1011,11,0,2024-04-15 11:00:00
3409,2024,4,15,1130,34,26,63.1,2,9999.0,NO,1011,11,30,2024-04-15 11:30:00
3410,2024,4,15,1200,34,26,63.1,2,9999.0,NO,1010,12,0,2024-04-15 12:00:00
3411,2024,4,15,1300,35,27,63.3,4,9999.0,NO,1009,13,0,2024-04-15 13:00:00
3412,2024,4,15,1330,34,26,63.1,5,9999.0,NO,1008,13,30,2024-04-15 13:30:00
3413,2024,4,15,1400,34,27,66.9,4,9999.0,NO,1008,14,0,2024-04-15 14:00:00
3414,2024,4,15,1430,34,26,63.1,4,9999.0,NO,1008,14,30,2024-04-15 14:30:00
3415,2024,4,15,1500,34,27,66.9,5,9999.0,NO,1007,15,0,2024-04-15 15:00:00
3416,2024,4,15,1530,33,27,70.8,5,9999.0,NO,1007,15,30,2024-04-15 15:30:00
3417,2024,4,15,1600,32,27,74.9,5,9999.0,NO,1007,16,0,2024-04-15 16:00:00
3418,2024,4,15,1700,31,27,79.3,3,9999.0,NO,1008,17,0,2024-04-15 17:00:00
3419,2024,4,15,1730,30,27,84.0,2,9999.0,NO,1007,17,30,2024-04-15 17:30:00
3420,2024,4,15,1800,30,27,84.0,2,9999.0,NO,1008,18,0,2024-04-15 18:00:00
3421,2024,4,15,1830,30,27,84.0,2,9999.0,NO,1008,18,30,2024-04-15 18:30:00
3422,2024,4,15,1900,29,27,89.0,2,9999.0,NO,1008,19,0,2024-04-15 19:00:00
3423,2024,4,15,1930,29,27,89.0,0,9999.0,NO,1009,19,30,2024-04-15 19:30:00
3424,2024,4,15,2000,28,27,94.3,0,9999.0,NO,1009,20,0,2024-04-15 20:00:00
3425,2024,4,15,2030,28,27,94.3,0,9999.0,NO,1009,20,30,2024-04-15 20:30:00
3426,2024,4,15,2100,28,27,94.3,1,9999.0,NO,1010,21,0,2024-04-15 21:00:00
3427,2024,4,15,2200,28,27,94.3,2,9999.0,NO,1010,22,0,2024-04-15 22:00:00
3428,2024,4,15,2230,27,27,100.0,2,9999.0,NO,1010,22,30,2024-04-15 22:30:00
3429,2024,4,15,2300,27,27,100.0,0,9999.0,NO,1010,23,0,2024-04-15 23:00:00
3430,2024,4,16,0000,27,27,100.0,2,9999.0,NO,1010,0,0,2024-04-16 00:00:00
3431,2024,4,16,0030,27,27,100.0,2,9999.0,NO,1009,0,30,2024-04-16 00:30:00
3432,2024,4,16,0100,27,27,100.0,2,9999.0,NO,1009,1,0,2024-04-16 01:00:00
3433,2024,4,16,0130,27,27,100.0,1,9999.0,NO,1009,1,30,2024-04-16 01:30:00
3434,2024,4,16,0200,27,26,94.3,0,9999.0,NO,1009,2,0,2024-04-16 02:00:00
3435,2024,4,16,0230,27,26,94.3,0,9999.0,NO,1009,2,30,2024-04-16 02:30:00
3436,2024,4,16,0300,27,27,100.0,2,9999.0,NO,1008,3,0,2024-04-16 03:00:00
3437,2024,4,16,0330,27,27,100.0,1,9999.0,NO,1009,3,30,2024-04-16 03:30:00
3438,2024,4,16,0400,27,27,100.0,1,9999.0,NO,1009,4,0,2024-04-16 04:00:00
3439,2024,4,16,0430,27,27,100.0,1,9999.0,NO,1009,4,30,2024-04-16 04:30:00
3440,2024,4,16,0500,27,27,100.0,2,9999.0,YES,1010,5,0,2024-04-16 05:00:00
3441,2024,4,16,0530,27,27,100.0,1,9999.0,YES,1010,5,30,2024-04-16 05:30:00
3442,2024,4,16,0600,27,27,100.0,1,9999.0,YES,1010,6,0,2024-04-16 06:00:00
3443,2024,4,16,0630,28,27,94.3,1,6000.0,YES,1010,6,30,2024-04-16 06:30:00
3444,2024,4,16,0700,29,27,89.0,2,6000.0,NO,1010,7,0,2024-04-16 07:00:00
3445,2024,4,16,0730,31,27,79.3,0,7000.0,NO,1010,7,30,2024-04-16 07:30:00
3446,2024,4,16,0800,31,27,79.3,1,7000.0,NO,1011,8,0,2024-04-16 08:00:00
3447,2024,4,16,0830,31,27,79.3,2,8000.0,NO,1011,8,30,2024-04-16 08:30:00
3448,2024,4,16,0900,32,27,74.9,3,9999.0,NO,1011,9,0,2024-04-16 09:00:00
3449,2024,4,16,0930,32,27,74.9,2,9999.0,NO,1011,9,30,2024-04-16 09:30:00
3450,2024,4,16,1000,34,28,71.0,3,9999.0,NO,1010,10,0,2024-04-16 10:00:00
3451,2024,4,16,1030,34,27,66.9,3,9999.0,NO,1010,10,30,2024-04-16 10:30:00
3452,2024,4,16,1100,34,27,66.9,3,9999.0,NO,1010,11,0,2024-04-16 11:00:00
3453,2024,4,16,1130,33,27,70.8,4,9999.0,NO,1009,11,30,2024-04-16 11:30:00
3454,2024,4,16,1200,33,28,75.1,5,9999.0,NO,1009,12,0,2024-04-16 12:00:00
3455,2024,4,16,1230,34,27,66.9,5,9999.0,NO,1008,12,30,2024-04-16 12:30:00
3456,2024,4,16,1300,34,27,66.9,5,9999.0,NO,1007,13,0,2024-04-16 13:00:00
3457,2024,4,16,1400,34,27,66.9,4,9999.0,NO,1006,14,0,2024-04-16 14:00:00
3458,2024,4,16,1500,33,28,75.1,4,9999.0,NO,1006,15,0,2024-04-16 15:00:00
3459,2024,4,16,1600,32,27,74.9,5,9999.0,NO,1005,16,0,2024-04-16 16:00:00
3460,2024,4,16,1700,31,27,79.3,4,9999.0,NO,1006,17,0,2024-04-16 17:00:00
3461,2024,4,16,1800,30,27,84.0,3,9999.0,NO,1007,18,0,2024-04-16 18:00:00
3462,2024,4,16,1900,30,27,84.0,2,9999.0,NO,1008,19,0,2024-04-16 19:00:00
3463,2024,4,16,2100,24,23,94.1,5,6000.0,YES,1010,21,0,2024-04-16 21:00:00
3464,2024,4,16,2200,24,24,100.0,2,9999.0,YES,1010,22,0,2024-04-16 22:00:00
3465,2024,4,16,2300,25,24,94.2,0,9999.0,YES,1009,23,0,2024-04-16 23:00:00
3466,2024,4,17,0000,25,24,94.2,3,9999.0,YES,1008,0,0,2024-04-17 00:00:00
3467,2024,4,17,0100,25,25,100.0,5,9999.0,NO,1008,1,0,2024-04-17 01:00:00
3468,2024,4,17,0200,25,25,100.0,2,9999.0,NO,1008,2,0,2024-04-17 02:00:00
3469,2024,4,17,0300,25,25,100.0,2,9999.0,NO,1008,3,0,2024-04-17 03:00:00
3470,2024,4,17,0400,25,25,100.0,0,9999.0,NO,1008,4,0,2024-04-17 04:00:00
3471,2024,4,17,0500,25,25,100.0,2,9999.0,NO,1009,5,0,2024-04-17 05:00:00
3472,2024,4,17,0700,27,26,94.3,5,7000.0,NO,1010,7,0,2024-04-17 07:00:00
3473,2024,4,17,0800,28,26,88.9,3,8000.0,NO,1011,8,0,2024-04-17 08:00:00
3474,2024,4,17,0900,31,26,74.8,2,8000.0,NO,1010,9,0,2024-04-17 09:00:00
3475,2024,4,17,1000,32,27,74.9,1,8000.0,NO,1010,10,0,2024-04-17 10:00:00
3476,2024,4,17,1100,33,26,66.8,2,9999.0,NO,1009,11,0,2024-04-17 11:00:00
3477,2024,4,17,1200,34,27,66.9,4,9999.0,NO,1008,12,0,2024-04-17 12:00:00
3478,2024,4,17,1300,34,27,66.9,3,9999.0,NO,1007,13,0,2024-04-17 13:00:00
3479,2024,4,17,1400,33,27,70.8,3,9999.0,NO,1006,14,0,2024-04-17 14:00:00
3480,2024,4,17,1500,34,27,66.9,2,9999.0,NO,1005,15,0,2024-04-17 15:00:00
3481,2024,4,17,1600,32,27,74.9,3,9999.0,NO,1005,16,0,2024-04-17 16:00:00
3482,2024,4,17,1700,31,27,79.3,3,9999.0,NO,1006,17,0,2024-04-17 17:00:00
3483,2024,4,17,1800,30,27,84.0,2,9999.0,NO,1007,18,0,2024-04-17 18:00:00
3484,2024,4,17,1900,29,27,89.0,1,9999.0,NO,1008,19,0,2024-04-17 19:00:00
3485,2024,4,17,2000,28,27,94.3,0,9999.0,NO,1009,20,0,2024-04-17 20:00:00
3486,2024,4,17,2100,28,27,94.3,0,9999.0,NO,1009,21,0,2024-04-17 21:00:00
3487,2024,4,17,2200,27,27,100.0,0,9999.0,NO,1010,22,0,2024-04-17 22:00:00
3488,2024,4,17,2300,27,27,100.0,0,9999.0,YES,1009,23,0,2024-04-17 23:00:00
3489,2024,4,18,0000,26,23,83.6,4,,YES,1010,0,0,2024-04-18 00:00:00
3490,2024,4,18,0100,24,23,94.1,2,9999.0,NO,1010,1,0,2024-04-18 01:00:00
3491,2024,4,18,0200,24,24,100.0,2,9999.0,YES,1009,2,0,2024-04-18 02:00:00
3492,2024,4,18,0300,24,24,100.0,2,9999.0,NO,1008,3,0,2024-04-18 03:00:00
3493,2024,4,18,0400,24,24,100.0,3,9999.0,NO,1009,4,0,2024-04-18 04:00:00
3494,2024,4,18,0500,24,24,100.0,3,9999.0,NO,1010,5,0,2024-04-18 05:00:00
3495,2024,4,18,0600,24,24,100.0,2,7000.0,NO,1010,6,0,2024-04-18 06:00:00
3496,2024,4,18,0700,25,24,94.2,3,7000.0,NO,1011,7,0,2024-04-18 07:00:00
3497,2024,4,18,0800,27,24,83.7,0,8000.0,NO,1011,8,0,2024-04-18 08:00:00
3498,2024,4,18,0900,29,24,74.4,2,8000.0,NO,1010,9,0,2024-04-18 09:00:00
3499,2024,4,18,1000,30,24,70.3,2,8000.0,NO,1010,10,0,2024-04-18 10:00:00
3500,2024,4,18,1100,31,24,66.4,3,9999.0,NO,1010,11,0,2024-04-18 11:00:00
3501,2024,4,18,1200,31,26,74.8,3,9999.0,NO,1010,12,0,2024-04-18 12:00:00
3502,2024,4,18,1300,32,25,66.6,3,9999.0,NO,1009,13,0,2024-04-18 13:00:00
3503,2024,4,18,1400,33,27,70.8,2,9999.0,NO,1008,14,0,2024-04-18 14:00:00
3504,2024,4,18,1500,33,25,62.9,4,9999.0,NO,1008,15,0,2024-04-18 15:00:00
3505,2024,4,18,1600,33,25,62.9,3,9999.0,NO,1007,16,0,2024-04-18 16:00:00
3506,2024,4,18,1700,31,26,74.8,2,9999.0,NO,1008,17,0,2024-04-18 17:00:00
3507,2024,4,18,1800,28,26,88.9,0,9999.0,NO,1008,18,0,2024-04-18 18:00:00
3508,2024,4,18,1900,27,26,94.3,1,9999.0,NO,1009,19,0,2024-04-18 19:00:00
3509,2024,4,18,2000,27,26,94.3,1,9999.0,NO,1009,20,0,2024-04-18 20:00:00
3510,2024,4,18,2100,26,26,100.0,0,9999.0,NO,1010,21,0,2024-04-18 21:00:00
3511,2024,4,18,2200,26,26,100.0,0,9999.0,NO,1011,22,0,2024-04-18 22:00:00
3512,2024,4,18,2300,27,26,94.3,3,9999.0,NO,1011,23,0,2024-04-18 23:00:00
3513,2024,4,19,0000,26,26,100.0,1,9999.0,NO,1010,0,0,2024-04-19 00:00:00
3514,2024,4,19,0100,26,26,100.0,2,9999.0,NO,1010,1,0,2024-04-19 01:00:00
3515,2024,4,19,0200,27,26,94.3,1,9999.0,YES,1009,2,0,2024-04-19 02:00:00
3516,2024,4,19,0300,27,26,94.3,1,9999.0,YES,1009,3,0,2024-04-19 03:00:00
3517,2024,4,19,0400,26,26,100.0,0,9999.0,YES,1009,4,0,2024-04-19 04:00:00
3518,2024,4,19,0500,27,26,94.3,0,9999.0,YES,1010,5,0,2024-04-19 05:00:00
3519,2024,4,19,0600,27,26,94.3,0,8000.0,YES,1010,6,0,2024-04-19 06:00:00
3520,2024,4,19,0700,27,26,94.3,4,9999.0,YES,1011,7,0,2024-04-19 07:00:00
3521,2024,4,19,0800,28,26,88.9,2,9999.0,YES,1012,8,0,2024-04-19 08:00:00
3522,2024,4,19,0830,29,26,83.9,3,9999.0,NO,1013,8,30,2024-04-19 08:30:00
3523,2024,4,19,0900,29,26,83.9,1,9999.0,NO,1013,9,0,2024-04-19 09:00:00
3524,2024,4,19,0930,30,26,79.2,1,9999.0,NO,1013,9,30,2024-04-19 09:30:00
3525,2024,4,19,1000,30,26,79.2,0,9999.0,NO,1012,10,0,2024-04-19 10:00:00
3526,2024,4,19,1100,31,26,74.8,4,9999.0,NO,1012,11,0,2024-04-19 11:00:00
3527,2024,4,19,1130,33,27,70.8,2,9999.0,NO,1011,11,30,2024-04-19 11:30:00
3528,2024,4,19,1200,33,26,66.8,3,9999.0,YES,1010,12,0,2024-04-19 12:00:00
3529,2024,4,19,1300,29,27,89.0,5,6000.0,YES,1010,13,0,2024-04-19 13:00:00
3530,2024,4,19,1330,23,23,100.0,4,,YES,1011,13,30,2024-04-19 13:30:00
3531,2024,4,19,1400,23,22,94.1,3,6000.0,YES,1010,14,0,2024-04-19 14:00:00
3532,2024,4,19,1430,23,23,100.0,4,8000.0,YES,1010,14,30,2024-04-19 14:30:00
3533,2024,4,19,1500,24,23,94.1,6,9999.0,YES,1010,15,0,2024-04-19 15:00:00
3534,2024,4,19,1530,24,23,94.1,3,8000.0,YES,1011,15,30,2024-04-19 15:30:00
3535,2024,4,19,1600,24,23,94.1,3,8000.0,YES,1010,16,0,2024-04-19 16:00:00
3536,2024,4,19,1700,24,23,94.1,6,9999.0,YES,1010,17,0,2024-04-19 17:00:00
3537,2024,4,19,1730,23,23,100.0,5,9999.0,YES,1010,17,30,2024-04-19 17:30:00
3538,2024,4,19,1800,23,22,94.1,6,9999.0,YES,1010,18,0,2024-04-19 18:00:00
3539,2024,4,19,1900,24,22,88.6,4,9999.0,YES,1010,19,0,2024-04-19 19:00:00
3540,2024,4,19,1930,24,22,88.6,4,9999.0,YES,1010,19,30,2024-04-19 19:30:00
3541,2024,4,19,2000,24,23,94.1,2,9999.0,NO,1009,20,0,2024-04-19 20:00:00
3542,2024,4,19,2130,24,23,94.1,4,9999.0,YES,1009,21,30,2024-04-19 21:30:00
3543,2024,4,19,2200,24,23,94.1,4,9999.0,YES,1010,22,0,2024-04-19 22:00:00
3544,2024,4,19,2230,23,23,100.0,0,9999.0,NO,1010,22,30,2024-04-19 22:30:00
3545,2024,4,19,2300,23,23,100.0,0,8000.0,NO,1008,23,0,2024-04-19 23:00:00
3546,2024,4,20,0000,23,23,100.0,1,8000.0,NO,1007,0,0,2024-04-20 00:00:00
3547,2024,4,20,0130,23,23,100.0,0,8000.0,NO,1007,1,30,2024-04-20 01:30:00
3548,2024,4,20,0200,23,23,100.0,0,8000.0,NO,1007,2,0,2024-04-20 02:00:00
3549,2024,4,20,0300,23,23,100.0,0,9999.0,NO,1007,3,0,2024-04-20 03:00:00
3550,2024,4,20,0330,23,23,100.0,0,9999.0,NO,1007,3,30,2024-04-20 03:30:00
3551,2024,4,20,0400,23,23,100.0,0,9999.0,NO,1007,4,0,2024-04-20 04:00:00
3552,2024,4,20,0430,23,22,94.1,0,8000.0,NO,1007,4,30,2024-04-20 04:30:00
3553,2024,4,20,0500,22,22,100.0,1,6000.0,NO,1008,5,0,2024-04-20 05:00:00
3554,2024,4,20,0530,22,22,100.0,1,2000.0,NO,1008,5,30,2024-04-20 05:30:00
3555,2024,4,20,0600,23,23,100.0,2,1600.0,NO,1008,6,0,2024-04-20 06:00:00
3556,2024,4,20,0630,24,24,100.0,2,1200.0,NO,1009,6,30,2024-04-20 06:30:00
3557,2024,4,20,0700,24,24,100.0,2,2000.0,NO,1010,7,0,2024-04-20 07:00:00
3558,2024,4,20,0800,28,24,78.9,3,7000.0,NO,1010,8,0,2024-04-20 08:00:00
3559,2024,4,20,0900,31,24,66.4,2,6000.0,NO,1010,9,0,2024-04-20 09:00:00
3560,2024,4,20,0930,31,24,66.4,2,6000.0,NO,1010,9,30,2024-04-20 09:30:00
3561,2024,4,20,1000,32,25,66.6,3,6000.0,NO,1010,10,0,2024-04-20 10:00:00
3562,2024,4,20,1100,31,25,70.4,3,7000.0,NO,1009,11,0,2024-04-20 11:00:00
3563,2024,4,20,1200,32,24,62.7,1,8000.0,NO,1008,12,0,2024-04-20 12:00:00
3564,2024,4,20,1300,34,24,56.0,3,8000.0,NO,1007,13,0,2024-04-20 13:00:00
3565,2024,4,20,1400,35,25,56.2,3,8000.0,NO,1006,14,0,2024-04-20 14:00:00
3566,2024,4,20,1430,35,24,53.0,3,,NO,1005,14,30,2024-04-20 14:30:00
3567,2024,4,20,1500,34,24,56.0,3,,NO,1005,15,0,2024-04-20 15:00:00
3568,2024,4,20,1600,33,26,66.8,3,,NO,1005,16,0,2024-04-20 16:00:00
3569,2024,4,20,1700,32,26,70.6,2,,NO,1006,17,0,2024-04-20 17:00:00
3570,2024,4,20,1800,29,26,83.9,1,,NO,1006,18,0,2024-04-20 18:00:00
3571,2024,4,20,1830,27,25,88.8,0,,NO,1007,18,30,2024-04-20 18:30:00
3572,2024,4,20,1900,26,25,94.2,0,,NO,1007,19,0,2024-04-20 19:00:00
3573,2024,4,20,1930,26,25,94.2,0,9999.0,NO,1007,19,30,2024-04-20 19:30:00
3574,2024,4,20,2000,26,25,94.2,0,9999.0,NO,1008,20,0,2024-04-20 20:00:00
3575,2024,4,20,2030,26,25,94.2,0,9999.0,NO,1008,20,30,2024-04-20 20:30:00
3576,2024,4,20,2100,26,25,94.2,0,9999.0,NO,1008,21,0,2024-04-20 21:00:00
3577,2024,4,20,2130,25,25,100.0,0,9999.0,NO,1008,21,30,2024-04-20 21:30:00
3578,2024,4,20,2200,25,25,100.0,0,9999.0,NO,1008,22,0,2024-04-20 22:00:00
3579,2024,4,20,2300,25,25,100.0,0,9999.0,NO,1008,23,0,2024-04-20 23:00:00
3580,2024,4,20,2330,25,25,100.0,0,9999.0,NO,1008,23,30,2024-04-20 23:30:00
3581,2024,4,21,0000,25,25,100.0,0,9999.0,NO,1008,0,0,2024-04-21 00:00:00
3582,2024,4,21,0100,25,25,100.0,2,9999.0,NO,1007,1,0,2024-04-21 01:00:00
3583,2024,4,21,0200,25,25,100.0,0,9999.0,NO,1007,2,0,2024-04-21 02:00:00
3584,2024,4,21,0230,25,25,100.0,1,8000.0,NO,1007,2,30,2024-04-21 02:30:00
3585,2024,4,21,0300,25,25,100.0,2,8000.0,NO,1007,3,0,2024-04-21 03:00:00
3586,2024,4,21,0400,25,25,100.0,0,6000.0,NO,1007,4,0,2024-04-21 04:00:00
3587,2024,4,21,0500,25,25,100.0,1,8000.0,NO,1008,5,0,2024-04-21 05:00:00
3588,2024,4,21,0600,26,26,100.0,2,7000.0,NO,1009,6,0,2024-04-21 06:00:00
3589,2024,4,21,0630,26,26,100.0,0,7000.0,NO,1009,6,30,2024-04-21 06:30:00
3590,2024,4,21,0700,27,26,94.3,1,7000.0,NO,1009,7,0,2024-04-21 07:00:00
3591,2024,4,21,0800,30,26,79.2,1,8000.0,NO,1010,8,0,2024-04-21 08:00:00
3592,2024,4,21,0900,33,26,66.8,2,9999.0,NO,1009,9,0,2024-04-21 09:00:00
3593,2024,4,21,1000,33,25,62.9,3,9999.0,NO,1009,10,0,2024-04-21 10:00:00
3594,2024,4,21,1030,34,26,63.1,2,9999.0,NO,1009,10,30,2024-04-21 10:30:00
3595,2024,4,21,1100,32,26,70.6,2,9999.0,NO,1008,11,0,2024-04-21 11:00:00
3596,2024,4,21,1130,33,25,62.9,4,9999.0,NO,1008,11,30,2024-04-21 11:30:00
3597,2024,4,21,1200,35,24,53.0,3,9999.0,NO,1007,12,0,2024-04-21 12:00:00
3598,2024,4,21,1230,34,25,59.5,4,9999.0,NO,1007,12,30,2024-04-21 12:30:00
3599,2024,4,21,1300,35,25,56.2,4,9999.0,NO,1007,13,0,2024-04-21 13:00:00
3600,2024,4,21,1400,34,24,56.0,4,9999.0,NO,1006,14,0,2024-04-21 14:00:00
3601,2024,4,21,1500,33,25,62.9,5,9999.0,NO,1005,15,0,2024-04-21 15:00:00
3602,2024,4,21,1600,32,26,70.6,4,9999.0,NO,1005,16,0,2024-04-21 16:00:00
3603,2024,4,21,1700,31,26,74.8,3,9999.0,NO,1005,17,0,2024-04-21 17:00:00
3604,2024,4,21,1730,30,26,79.2,1,9999.0,NO,1006,17,30,2024-04-21 17:30:00
3605,2024,4,21,1800,29,26,83.9,1,9999.0,NO,1006,18,0,2024-04-21 18:00:00
3606,2024,4,21,1830,28,26,88.9,1,9999.0,NO,1006,18,30,2024-04-21 18:30:00
3607,2024,4,21,1900,27,26,94.3,1,9999.0,NO,1007,19,0,2024-04-21 19:00:00
3608,2024,4,21,2000,27,26,94.3,0,9999.0,NO,1007,20,0,2024-04-21 20:00:00
3609,2024,4,21,2030,27,26,94.3,1,9999.0,NO,1007,20,30,2024-04-21 20:30:00
3610,2024,4,21,2100,27,26,94.3,0,9999.0,NO,1007,21,0,2024-04-21 21:00:00
3611,2024,4,21,2130,27,26,94.3,0,9999.0,NO,1007,21,30,2024-04-21 21:30:00
3612,2024,4,21,2200,27,26,94.3,0,9999.0,NO,1008,22,0,2024-04-21 22:00:00
3613,2024,4,21,2300,27,27,100.0,1,9999.0,NO,1007,23,0,2024-04-21 23:00:00
3614,2024,4,21,2330,27,27,100.0,1,9999.0,NO,1007,23,30,2024-04-21 23:30:00
3615,2024,4,22,0000,27,26,94.3,0,9999.0,NO,1007,0,0,2024-04-22 00:00:00
3616,2024,4,22,0030,27,26,94.3,0,9999.0,NO,1007,0,30,2024-04-22 00:30:00
3617,2024,4,22,0100,27,26,94.3,1,9999.0,NO,1007,1,0,2024-04-22 01:00:00
3618,2024,4,22,0200,26,26,100.0,2,9999.0,NO,1007,2,0,2024-04-22 02:00:00
3619,2024,4,22,0300,26,26,100.0,1,9999.0,NO,1007,3,0,2024-04-22 03:00:00
3620,2024,4,22,0330,26,26,100.0,0,9999.0,NO,1008,3,30,2024-04-22 03:30:00
3621,2024,4,22,0400,26,26,100.0,2,9999.0,NO,1008,4,0,2024-04-22 04:00:00
3622,2024,4,22,0500,26,26,100.0,0,8000.0,NO,1008,5,0,2024-04-22 05:00:00
3623,2024,4,22,0600,26,26,100.0,1,7000.0,NO,1008,6,0,2024-04-22 06:00:00
3624,2024,4,22,0630,27,26,94.3,2,6000.0,NO,1008,6,30,2024-04-22 06:30:00
3625,2024,4,22,0700,29,26,83.9,3,7000.0,NO,1009,7,0,2024-04-22 07:00:00
3626,2024,4,22,0730,30,26,79.2,3,8000.0,NO,1009,7,30,2024-04-22 07:30:00
3627,2024,4,22,0800,32,26,70.6,1,8000.0,NO,1010,8,0,2024-04-22 08:00:00
3628,2024,4,22,0830,32,27,74.9,1,8000.0,NO,1010,8,30,2024-04-22 08:30:00
3629,2024,4,22,0900,33,27,70.8,3,8000.0,NO,1010,9,0,2024-04-22 09:00:00
3630,2024,4,22,1000,33,27,70.8,3,9999.0,NO,1010,10,0,2024-04-22 10:00:00
3631,2024,4,22,1100,35,27,63.3,3,9999.0,NO,1009,11,0,2024-04-22 11:00:00
3632,2024,4,22,1200,35,27,63.3,4,9999.0,NO,1008,12,0,2024-04-22 12:00:00
3633,2024,4,22,1300,35,27,63.3,3,9999.0,NO,1006,13,0,2024-04-22 13:00:00
3634,2024,4,22,1330,33,27,70.8,5,9999.0,NO,1006,13,30,2024-04-22 13:30:00
3635,2024,4,22,1400,33,26,66.8,5,9999.0,NO,1005,14,0,2024-04-22 14:00:00
3636,2024,4,22,1430,34,27,66.9,4,9999.0,YES,1006,14,30,2024-04-22 14:30:00
3637,2024,4,22,1500,33,26,66.8,5,9999.0,YES,1005,15,0,2024-04-22 15:00:00
3638,2024,4,22,1600,32,27,74.9,5,9999.0,YES,1006,16,0,2024-04-22 16:00:00
3639,2024,4,22,1630,25,24,94.2,4,,YES,1010,16,30,2024-04-22 16:30:00
3640,2024,4,22,1700,24,24,100.0,4,,YES,1012,17,0,2024-04-22 17:00:00
3641,2024,4,22,1800,24,24,100.0,7,6000.0,YES,1009,18,0,2024-04-22 18:00:00
3642,2024,4,22,1900,25,24,94.2,4,6000.0,YES,1009,19,0,2024-04-22 19:00:00
3643,2024,4,22,2000,24,23,94.1,5,9999.0,YES,1009,20,0,2024-04-22 20:00:00
3644,2024,4,22,2030,24,23,94.1,5,9999.0,YES,1009,20,30,2024-04-22 20:30:00
3645,2024,4,22,2100,24,23,94.1,5,9999.0,YES,1009,21,0,2024-04-22 21:00:00
3646,2024,4,22,2130,24,23,94.1,2,9999.0,YES,1008,21,30,2024-04-22 21:30:00
3647,2024,4,22,2200,24,24,100.0,3,9999.0,NO,1008,22,0,2024-04-22 22:00:00
3648,2024,4,22,2230,24,24,100.0,3,9999.0,NO,1009,22,30,2024-04-22 22:30:00
3649,2024,4,22,2300,24,24,100.0,3,9999.0,NO,1009,23,0,2024-04-22 23:00:00
3650,2024,4,22,2330,24,24,100.0,6,9999.0,YES,1009,23,30,2024-04-22 23:30:00
3651,2024,4,23,0000,24,24,100.0,5,9999.0,YES,1010,0,0,2024-04-23 00:00:00
3652,2024,4,23,0030,24,24,100.0,2,9999.0,YES,1010,0,30,2024-04-23 00:30:00
3653,2024,4,23,0100,24,23,94.1,2,9999.0,NO,1010,1,0,2024-04-23 01:00:00
3654,2024,4,23,0200,24,23,94.1,2,9999.0,NO,1009,2,0,2024-04-23 02:00:00
3655,2024,4,23,0230,24,23,94.1,2,9999.0,NO,1009,2,30,2024-04-23 02:30:00
3656,2024,4,23,0300,23,23,100.0,2,8000.0,NO,1009,3,0,2024-04-23 03:00:00
3657,2024,4,23,0330,24,23,94.1,0,8000.0,YES,1009,3,30,2024-04-23 03:30:00
3658,2024,4,23,0400,23,23,100.0,0,9999.0,YES,1009,4,0,2024-04-23 04:00:00
3659,2024,4,23,0430,23,23,100.0,1,8000.0,NO,1009,4,30,2024-04-23 04:30:00
3660,2024,4,23,0500,24,23,94.1,2,6000.0,NO,1009,5,0,2024-04-23 05:00:00
3661,2024,4,23,0530,24,24,100.0,2,6000.0,NO,1010,5,30,2024-04-23 05:30:00
3662,2024,4,23,0600,24,23,94.1,4,6000.0,NO,1010,6,0,2024-04-23 06:00:00
3663,2024,4,23,0630,24,24,100.0,4,6000.0,NO,1010,6,30,2024-04-23 06:30:00
3664,2024,4,23,0700,24,23,94.1,6,8000.0,NO,1010,7,0,2024-04-23 07:00:00
3665,2024,4,23,0730,25,24,94.2,5,9999.0,NO,1010,7,30,2024-04-23 07:30:00
3666,2024,4,23,0800,27,24,83.7,4,9999.0,NO,1011,8,0,2024-04-23 08:00:00
3667,2024,4,23,0830,28,24,78.9,4,9999.0,NO,1011,8,30,2024-04-23 08:30:00
3668,2024,4,23,0900,29,24,74.4,4,9999.0,NO,1011,9,0,2024-04-23 09:00:00
3669,2024,4,23,0930,30,24,70.3,3,9999.0,NO,1010,9,30,2024-04-23 09:30:00
3670,2024,4,23,1000,32,25,66.6,1,9999.0,NO,1010,10,0,2024-04-23 10:00:00
3671,2024,4,23,1030,32,24,62.7,2,9999.0,NO,1010,10,30,2024-04-23 10:30:00
3672,2024,4,23,1100,32,25,66.6,3,9999.0,NO,1009,11,0,2024-04-23 11:00:00
3673,2024,4,23,1130,32,24,62.7,2,9999.0,NO,1009,11,30,2024-04-23 11:30:00
3674,2024,4,23,1200,33,25,62.9,4,9999.0,NO,1008,12,0,2024-04-23 12:00:00
3675,2024,4,23,1230,34,26,63.1,3,9999.0,NO,1008,12,30,2024-04-23 12:30:00
3676,2024,4,23,1300,33,26,66.8,2,9999.0,NO,1007,13,0,2024-04-23 13:00:00
3677,2024,4,23,1330,33,26,66.8,2,9999.0,NO,1007,13,30,2024-04-23 13:30:00
3678,2024,4,23,1400,33,25,62.9,3,9999.0,NO,1007,14,0,2024-04-23 14:00:00
3679,2024,4,23,1430,32,25,66.6,4,9999.0,NO,1007,14,30,2024-04-23 14:30:00
3680,2024,4,23,1500,33,25,62.9,3,9999.0,NO,1007,15,0,2024-04-23 15:00:00
3681,2024,4,23,1530,32,25,66.6,4,9999.0,NO,1007,15,30,2024-04-23 15:30:00
3682,2024,4,23,1600,31,25,70.4,3,9999.0,NO,1007,16,0,2024-04-23 16:00:00
3683,2024,4,23,1700,30,26,79.2,2,9999.0,NO,1007,17,0,2024-04-23 17:00:00
3684,2024,4,23,1730,29,26,83.9,2,,NO,1007,17,30,2024-04-23 17:30:00
3685,2024,4,23,1800,28,26,88.9,0,,NO,1008,18,0,2024-04-23 18:00:00
3686,2024,4,23,1830,27,26,94.3,1,,NO,1008,18,30,2024-04-23 18:30:00
3687,2024,4,23,1900,27,26,94.3,0,,NO,1008,19,0,2024-04-23 19:00:00
3688,2024,4,23,2000,26,26,100.0,0,,NO,1009,20,0,2024-04-23 20:00:00
3689,2024,4,23,2030,26,26,100.0,0,,NO,1010,20,30,2024-04-23 20:30:00
3690,2024,4,23,2100,26,26,100.0,0,,NO,1010,21,0,2024-04-23 21:00:00
3691,2024,4,23,2230,26,26,100.0,0,,NO,1010,22,30,2024-04-23 22:30:00
3692,2024,4,23,2300,26,26,100.0,0,,NO,1010,23,0,2024-04-23 23:00:00
3693,2024,4,24,0000,26,26,100.0,0,,NO,1010,0,0,2024-04-24 00:00:00
3694,2024,4,24,0030,26,25,94.2,1,9999.0,NO,1009,0,30,2024-04-24 00:30:00
3695,2024,4,24,0100,26,26,100.0,0,9999.0,NO,1009,1,0,2024-04-24 01:00:00
3696,2024,4,24,0200,26,25,94.2,0,9999.0,NO,1009,2,0,2024-04-24 02:00:00
3697,2024,4,24,0300,26,25,94.2,2,9999.0,NO,1009,3,0,2024-04-24 03:00:00
3698,2024,4,24,0400,26,26,100.0,3,8000.0,NO,1009,4,0,2024-04-24 04:00:00
3699,2024,4,24,0500,26,25,94.2,2,8000.0,NO,1010,5,0,2024-04-24 05:00:00
3700,2024,4,24,0530,26,25,94.2,3,9999.0,NO,1010,5,30,2024-04-24 05:30:00
3701,2024,4,24,0600,26,25,94.2,3,6000.0,NO,1010,6,0,2024-04-24 06:00:00
3702,2024,4,24,0700,28,26,88.9,2,6000.0,NO,1011,7,0,2024-04-24 07:00:00
3703,2024,4,24,0730,29,26,83.9,2,6000.0,NO,1011,7,30,2024-04-24 07:30:00
3704,2024,4,24,0800,29,26,83.9,2,6000.0,NO,1011,8,0,2024-04-24 08:00:00
3705,2024,4,24,0900,31,26,74.8,2,9999.0,NO,1012,9,0,2024-04-24 09:00:00
3706,2024,4,24,1000,31,26,74.8,3,9999.0,NO,1012,10,0,2024-04-24 10:00:00
3707,2024,4,24,1030,32,27,74.9,1,9999.0,NO,1011,10,30,2024-04-24 10:30:00
3708,2024,4,24,1100,32,26,70.6,2,9999.0,NO,1011,11,0,2024-04-24 11:00:00
3709,2024,4,24,1200,33,26,66.8,2,9999.0,YES,1010,12,0,2024-04-24 12:00:00
3710,2024,4,24,1300,33,27,70.8,2,9999.0,YES,1009,13,0,2024-04-24 13:00:00
3711,2024,4,24,1330,34,27,66.9,2,9999.0,NO,1008,13,30,2024-04-24 13:30:00
3712,2024,4,24,1400,34,26,63.1,4,9999.0,NO,1008,14,0,2024-04-24 14:00:00
3713,2024,4,24,1500,32,26,70.6,4,9999.0,YES,1007,15,0,2024-04-24 15:00:00
3714,2024,4,24,1600,26,25,94.2,2,8000.0,YES,1009,16,0,2024-04-24 16:00:00
3715,2024,4,24,1700,26,25,94.2,2,9999.0,YES,1008,17,0,2024-04-24 17:00:00
3716,2024,4,24,1730,26,25,94.2,1,9999.0,YES,1008,17,30,2024-04-24 17:30:00
3717,2024,4,24,1800,26,25,94.2,3,9999.0,YES,1008,18,0,2024-04-24 18:00:00
3718,2024,4,24,1900,26,25,94.2,0,9999.0,NO,1008,19,0,2024-04-24 19:00:00
3719,2024,4,24,1930,26,25,94.2,0,9999.0,NO,1009,19,30,2024-04-24 19:30:00
3720,2024,4,24,2000,26,25,94.2,2,9999.0,NO,1009,20,0,2024-04-24 20:00:00
3721,2024,4,24,2100,26,26,100.0,2,9999.0,NO,1009,21,0,2024-04-24 21:00:00
3722,2024,4,24,2130,26,26,100.0,3,9999.0,NO,1009,21,30,2024-04-24 21:30:00
3723,2024,4,24,2200,25,25,100.0,4,9999.0,NO,1009,22,0,2024-04-24 22:00:00
3724,2024,4,24,2230,25,25,100.0,4,9999.0,NO,1009,22,30,2024-04-24 22:30:00
3725,2024,4,24,2300,25,24,94.2,3,9999.0,NO,1009,23,0,2024-04-24 23:00:00
3726,2024,4,24,2330,25,25,100.0,2,9999.0,NO,1009,23,30,2024-04-24 23:30:00
3727,2024,4,25,0000,25,25,100.0,2,9999.0,NO,1009,0,0,2024-04-25 00:00:00
3728,2024,4,25,0030,25,25,100.0,0,9999.0,NO,1008,0,30,2024-04-25 00:30:00
3729,2024,4,25,0100,25,25,100.0,2,9999.0,NO,1008,1,0,2024-04-25 01:00:00
3730,2024,4,25,0130,25,25,100.0,0,9999.0,NO,1008,1,30,2024-04-25 01:30:00
3731,2024,4,25,0200,25,25,100.0,1,9999.0,NO,1008,2,0,2024-04-25 02:00:00
3732,2024,4,25,0300,25,25,100.0,2,9999.0,NO,1008,3,0,2024-04-25 03:00:00
3733,2024,4,25,0400,25,25,100.0,0,8000.0,NO,1009,4,0,2024-04-25 04:00:00
3734,2024,4,25,0500,25,25,100.0,2,6000.0,NO,1009,5,0,2024-04-25 05:00:00
3735,2024,4,25,0530,25,24,94.2,2,6000.0,NO,1009,5,30,2024-04-25 05:30:00
3736,2024,4,25,0600,25,25,100.0,1,6000.0,NO,1010,6,0,2024-04-25 06:00:00
3737,2024,4,25,0630,25,25,100.0,2,6000.0,NO,1010,6,30,2024-04-25 06:30:00
3738,2024,4,25,0700,26,25,94.2,4,6000.0,NO,1010,7,0,2024-04-25 07:00:00
3739,2024,4,25,0730,28,25,83.8,2,6000.0,NO,1011,7,30,2024-04-25 07:30:00
3740,2024,4,25,0800,29,25,79.0,4,6000.0,NO,1011,8,0,2024-04-25 08:00:00
3741,2024,4,25,0900,31,25,70.4,3,9999.0,NO,1011,9,0,2024-04-25 09:00:00
3742,2024,4,25,0930,32,26,70.6,1,9999.0,NO,1011,9,30,2024-04-25 09:30:00
3743,2024,4,25,1000,32,26,70.6,2,9999.0,NO,1011,10,0,2024-04-25 10:00:00
3744,2024,4,25,1100,34,26,63.1,2,9999.0,NO,1010,11,0,2024-04-25 11:00:00
3745,2024,4,25,1130,33,25,62.9,3,9999.0,NO,1009,11,30,2024-04-25 11:30:00
3746,2024,4,25,1200,35,26,59.7,2,9999.0,NO,1009,12,0,2024-04-25 12:00:00
3747,2024,4,25,1300,35,27,63.3,3,9999.0,NO,1008,13,0,2024-04-25 13:00:00
3748,2024,4,25,1400,34,26,63.1,4,9999.0,NO,1007,14,0,2024-04-25 14:00:00
3749,2024,4,25,1430,34,26,63.1,4,9999.0,NO,1007,14,30,2024-04-25 14:30:00
3750,2024,4,25,1500,34,25,59.5,4,9999.0,NO,1007,15,0,2024-04-25 15:00:00
3751,2024,4,25,1530,33,26,66.8,4,9999.0,NO,1007,15,30,2024-04-25 15:30:00
3752,2024,4,25,1600,33,26,66.8,4,9999.0,NO,1007,16,0,2024-04-25 16:00:00
3753,2024,4,25,1700,31,26,74.8,3,9999.0,NO,1007,17,0,2024-04-25 17:00:00
3754,2024,4,25,1800,30,26,79.2,3,9999.0,NO,1007,18,0,2024-04-25 18:00:00
3755,2024,4,25,1900,29,27,89.0,1,,NO,1008,19,0,2024-04-25 19:00:00
3756,2024,4,25,2000,28,27,94.3,0,9999.0,NO,1009,20,0,2024-04-25 20:00:00
3757,2024,4,25,2030,27,27,100.0,0,9999.0,NO,1010,20,30,2024-04-25 20:30:00
3758,2024,4,25,2100,27,27,100.0,0,9999.0,NO,1010,21,0,2024-04-25 21:00:00
3759,2024,4,25,2200,27,27,100.0,0,9999.0,NO,1010,22,0,2024-04-25 22:00:00
3760,2024,4,25,2230,27,27,100.0,0,9999.0,NO,1010,22,30,2024-04-25 22:30:00
3761,2024,4,25,2300,27,27,100.0,0,9999.0,NO,1009,23,0,2024-04-25 23:00:00
3762,2024,4,25,2330,28,27,94.3,2,9999.0,NO,1009,23,30,2024-04-25 23:30:00
3763,2024,4,26,0000,28,27,94.3,0,9999.0,NO,1009,0,0,2024-04-26 00:00:00
3764,2024,4,26,0030,27,27,100.0,2,9999.0,NO,1009,0,30,2024-04-26 00:30:00
3765,2024,4,26,0100,27,27,100.0,2,9999.0,NO,1008,1,0,2024-04-26 01:00:00
3766,2024,4,26,0200,27,27,100.0,2,9999.0,NO,1008,2,0,2024-04-26 02:00:00
3767,2024,4,26,0230,28,27,94.3,3,9999.0,YES,1008,2,30,2024-04-26 02:30:00
3768,2024,4,26,0300,27,26,94.3,3,9999.0,YES,1008,3,0,2024-04-26 03:00:00
3769,2024,4,26,0330,27,26,94.3,1,9999.0,YES,1009,3,30,2024-04-26 03:30:00
3770,2024,4,26,0400,27,26,94.3,1,9999.0,YES,1009,4,0,2024-04-26 04:00:00
3771,2024,4,26,0430,26,26,100.0,0,9999.0,YES,1009,4,30,2024-04-26 04:30:00
3772,2024,4,26,0500,26,25,94.2,2,9999.0,YES,1009,5,0,2024-04-26 05:00:00
3773,2024,4,26,0600,26,26,100.0,2,6000.0,YES,1009,6,0,2024-04-26 06:00:00
3774,2024,4,26,0630,28,26,88.9,2,6000.0,YES,1009,6,30,2024-04-26 06:30:00
3775,2024,4,26,0700,28,26,88.9,3,6000.0,YES,1010,7,0,2024-04-26 07:00:00
3776,2024,4,26,0730,30,25,74.6,2,6000.0,YES,1011,7,30,2024-04-26 07:30:00
3777,2024,4,26,0800,30,26,79.2,3,9999.0,NO,1011,8,0,2024-04-26 08:00:00
3778,2024,4,26,0900,32,27,74.9,2,9999.0,NO,1010,9,0,2024-04-26 09:00:00
3779,2024,4,26,0930,33,26,66.8,2,9999.0,NO,1010,9,30,2024-04-26 09:30:00
3780,2024,4,26,1000,34,26,63.1,2,9999.0,NO,1010,10,0,2024-04-26 10:00:00
3781,2024,4,26,1100,34,27,66.9,4,9999.0,NO,1010,11,0,2024-04-26 11:00:00
3782,2024,4,26,1130,34,27,66.9,4,9999.0,NO,1009,11,30,2024-04-26 11:30:00
3783,2024,4,26,1200,34,26,63.1,4,9999.0,NO,1008,12,0,2024-04-26 12:00:00
3784,2024,4,26,1230,33,26,66.8,4,9999.0,NO,1008,12,30,2024-04-26 12:30:00
3785,2024,4,26,1300,34,27,66.9,5,9999.0,NO,1007,13,0,2024-04-26 13:00:00
3786,2024,4,26,1330,34,27,66.9,5,9999.0,NO,1007,13,30,2024-04-26 13:30:00
3787,2024,4,26,1400,33,27,70.8,6,9999.0,NO,1006,14,0,2024-04-26 14:00:00
3788,2024,4,26,1430,34,27,66.9,4,9999.0,NO,1006,14,30,2024-04-26 14:30:00
3789,2024,4,26,1500,33,27,70.8,4,9999.0,NO,1006,15,0,2024-04-26 15:00:00
3790,2024,4,26,1530,33,27,70.8,4,,NO,1005,15,30,2024-04-26 15:30:00
3791,2024,4,26,1600,32,27,74.9,4,,NO,1005,16,0,2024-04-26 16:00:00
3792,2024,4,26,1630,31,27,79.3,4,,NO,1005,16,30,2024-04-26 16:30:00
3793,2024,4,26,1700,31,27,79.3,3,9999.0,NO,1005,17,0,2024-04-26 17:00:00
3794,2024,4,26,1800,30,27,84.0,1,9999.0,NO,1006,18,0,2024-04-26 18:00:00
3795,2024,4,26,1830,29,27,89.0,1,9999.0,NO,1006,18,30,2024-04-26 18:30:00
3796,2024,4,26,1900,29,27,89.0,1,9999.0,NO,1006,19,0,2024-04-26 19:00:00
3797,2024,4,26,1930,29,27,89.0,0,9999.0,NO,1006,19,30,2024-04-26 19:30:00
3798,2024,4,26,2000,28,27,94.3,0,9999.0,NO,1007,20,0,2024-04-26 20:00:00
3799,2024,4,26,2030,28,27,94.3,0,9999.0,NO,1008,20,30,2024-04-26 20:30:00
3800,2024,4,26,2100,28,27,94.3,0,9999.0,NO,1008,21,0,2024-04-26 21:00:00
3801,2024,4,26,2130,28,27,94.3,2,9999.0,NO,1008,21,30,2024-04-26 21:30:00
3802,2024,4,26,2200,28,27,94.3,2,9999.0,NO,1009,22,0,2024-04-26 22:00:00
3803,2024,4,26,2300,28,27,94.3,0,9999.0,NO,1009,23,0,2024-04-26 23:00:00
3804,2024,4,27,0000,28,27,94.3,2,9999.0,YES,1008,0,0,2024-04-27 00:00:00
3805,2024,4,27,0100,28,27,94.3,1,9999.0,YES,1008,1,0,2024-04-27 01:00:00
3806,2024,4,27,0200,27,27,100.0,2,9999.0,NO,1007,2,0,2024-04-27 02:00:00
3807,2024,4,27,0300,27,26,94.3,0,9999.0,NO,1007,3,0,2024-04-27 03:00:00
3808,2024,4,27,0400,27,26,94.3,2,9999.0,NO,1007,4,0,2024-04-27 04:00:00
3809,2024,4,27,0500,27,27,100.0,2,6000.0,NO,1007,5,0,2024-04-27 05:00:00
3810,2024,4,27,0600,27,27,100.0,0,2500.0,NO,1008,6,0,2024-04-27 06:00:00
3811,2024,4,27,0700,29,27,89.0,3,4000.0,NO,1008,7,0,2024-04-27 07:00:00
3812,2024,4,27,0730,29,27,89.0,3,6000.0,NO,1009,7,30,2024-04-27 07:30:00
3813,2024,4,27,0800,30,27,84.0,2,8000.0,NO,1009,8,0,2024-04-27 08:00:00
3814,2024,4,27,0830,31,27,79.3,2,8000.0,NO,1009,8,30,2024-04-27 08:30:00
3815,2024,4,27,0900,33,26,66.8,2,9999.0,NO,1009,9,0,2024-04-27 09:00:00
3816,2024,4,27,0930,33,27,70.8,3,9999.0,NO,1009,9,30,2024-04-27 09:30:00
3817,2024,4,27,1000,35,26,59.7,2,9999.0,NO,1009,10,0,2024-04-27 10:00:00
3818,2024,4,27,1030,35,26,59.7,3,9999.0,NO,1008,10,30,2024-04-27 10:30:00
3819,2024,4,27,1100,34,27,66.9,3,9999.0,NO,1008,11,0,2024-04-27 11:00:00
3820,2024,4,27,1130,35,27,63.3,1,9999.0,NO,1007,11,30,2024-04-27 11:30:00
3821,2024,4,27,1200,35,27,63.3,3,9999.0,NO,1006,12,0,2024-04-27 12:00:00
3822,2024,4,27,1230,35,27,63.3,2,9999.0,NO,1006,12,30,2024-04-27 12:30:00
3823,2024,4,27,1300,35,27,63.3,4,9999.0,NO,1006,13,0,2024-04-27 13:00:00
3824,2024,4,27,1330,35,27,63.3,4,9999.0,NO,1005,13,30,2024-04-27 13:30:00
3825,2024,4,27,1400,35,26,59.7,2,9999.0,NO,1005,14,0,2024-04-27 14:00:00
3826,2024,4,27,1600,33,27,70.8,3,9999.0,NO,1004,16,0,2024-04-27 16:00:00
3827,2024,4,27,1700,31,27,79.3,4,9999.0,NO,1004,17,0,2024-04-27 17:00:00
3828,2024,4,27,1800,30,27,84.0,1,9999.0,YES,1005,18,0,2024-04-27 18:00:00
3829,2024,4,27,1900,28,27,94.3,1,9999.0,YES,1006,19,0,2024-04-27 19:00:00
3830,2024,4,27,1930,29,27,89.0,0,9999.0,YES,1007,19,30,2024-04-27 19:30:00
3831,2024,4,27,2000,28,27,94.3,1,9999.0,YES,1007,20,0,2024-04-27 20:00:00
3832,2024,4,27,2030,28,27,94.3,3,9999.0,YES,1007,20,30,2024-04-27 20:30:00
3833,2024,4,27,2100,28,27,94.3,3,9999.0,YES,1009,21,0,2024-04-27 21:00:00
3834,2024,4,27,2130,28,23,74.3,3,9999.0,YES,1009,21,30,2024-04-27 21:30:00
3835,2024,4,27,2200,28,23,74.3,3,9999.0,YES,1009,22,0,2024-04-27 22:00:00
3836,2024,4,27,2230,28,23,74.3,3,9999.0,YES,1008,22,30,2024-04-27 22:30:00
3837,2024,4,27,2300,28,24,78.9,6,9999.0,YES,1008,23,0,2024-04-27 23:00:00
3838,2024,4,27,2330,27,25,88.8,4,9999.0,NO,1007,23,30,2024-04-27 23:30:00
3839,2024,4,28,0000,27,25,88.8,2,9999.0,NO,1005,0,0,2024-04-28 00:00:00
3840,2024,4,28,0030,26,25,94.2,4,9999.0,NO,1005,0,30,2024-04-28 00:30:00
3841,2024,4,28,0100,26,25,94.2,2,9999.0,NO,1005,1,0,2024-04-28 01:00:00
3842,2024,4,28,0130,27,25,88.8,4,9999.0,NO,1006,1,30,2024-04-28 01:30:00
3843,2024,4,28,0200,27,26,94.3,4,8000.0,YES,1006,2,0,2024-04-28 02:00:00
3844,2024,4,28,0230,27,25,88.8,4,8000.0,YES,1007,2,30,2024-04-28 02:30:00
3845,2024,4,28,0300,26,24,88.7,3,9999.0,YES,1007,3,0,2024-04-28 03:00:00
3846,2024,4,28,0400,26,24,88.7,2,9999.0,YES,1007,4,0,2024-04-28 04:00:00
3847,2024,4,28,0430,25,24,94.2,0,9999.0,YES,1007,4,30,2024-04-28 04:30:00
3848,2024,4,28,0500,25,24,94.2,0,6000.0,NO,1007,5,0,2024-04-28 05:00:00
3849,2024,4,28,0530,25,24,94.2,1,6000.0,NO,1007,5,30,2024-04-28 05:30:00
3850,2024,4,28,0600,26,24,88.7,3,6000.0,NO,1008,6,0,2024-04-28 06:00:00
3851,2024,4,28,0630,26,24,88.7,2,6000.0,NO,1008,6,30,2024-04-28 06:30:00
3852,2024,4,28,0700,27,25,88.8,2,6000.0,NO,1008,7,0,2024-04-28 07:00:00
3853,2024,4,28,0730,29,25,79.0,2,8000.0,NO,1009,7,30,2024-04-28 07:30:00
3854,2024,4,28,0800,29,25,79.0,3,8000.0,NO,1009,8,0,2024-04-28 08:00:00
3855,2024,4,28,0830,30,25,74.6,3,8000.0,NO,1009,8,30,2024-04-28 08:30:00
3856,2024,4,28,0900,32,25,66.6,3,9999.0,NO,1009,9,0,2024-04-28 09:00:00
3857,2024,4,28,0930,33,25,62.9,3,9999.0,NO,1009,9,30,2024-04-28 09:30:00
3858,2024,4,28,1000,34,25,59.5,3,9999.0,NO,1009,10,0,2024-04-28 10:00:00
3859,2024,4,28,1030,33,25,62.9,2,9999.0,NO,1009,10,30,2024-04-28 10:30:00
3860,2024,4,28,1100,34,25,59.5,2,9999.0,NO,1008,11,0,2024-04-28 11:00:00
3861,2024,4,28,1130,34,25,59.5,3,9999.0,NO,1008,11,30,2024-04-28 11:30:00
3862,2024,4,28,1200,35,25,56.2,2,9999.0,NO,1008,12,0,2024-04-28 12:00:00
3863,2024,4,28,1230,35,26,59.7,4,9999.0,NO,1007,12,30,2024-04-28 12:30:00
3864,2024,4,28,1300,36,26,56.5,3,9999.0,NO,1007,13,0,2024-04-28 13:00:00
3865,2024,4,28,1330,36,25,53.2,4,9999.0,NO,1006,13,30,2024-04-28 13:30:00
3866,2024,4,28,1400,35,26,59.7,3,9999.0,NO,1006,14,0,2024-04-28 14:00:00
3867,2024,4,28,1430,36,26,56.5,4,9999.0,NO,1006,14,30,2024-04-28 14:30:00
3868,2024,4,28,1500,35,26,59.7,4,9999.0,NO,1005,15,0,2024-04-28 15:00:00
3869,2024,4,28,1530,34,26,63.1,4,9999.0,NO,1005,15,30,2024-04-28 15:30:00
3870,2024,4,28,1600,34,26,63.1,4,9999.0,NO,1005,16,0,2024-04-28 16:00:00
3871,2024,4,28,1630,33,26,66.8,3,9999.0,NO,1005,16,30,2024-04-28 16:30:00
3872,2024,4,28,1700,31,26,74.8,3,9999.0,NO,1006,17,0,2024-04-28 17:00:00
3873,2024,4,28,1730,31,27,79.3,3,9999.0,NO,1006,17,30,2024-04-28 17:30:00
3874,2024,4,28,1800,30,27,84.0,2,9999.0,NO,1006,18,0,2024-04-28 18:00:00
3875,2024,4,28,1900,30,27,84.0,2,9999.0,NO,1008,19,0,2024-04-28 19:00:00
3876,2024,4,28,2000,29,27,89.0,1,9999.0,NO,1008,20,0,2024-04-28 20:00:00
3877,2024,4,28,2100,28,27,94.3,0,9999.0,NO,1009,21,0,2024-04-28 21:00:00
3878,2024,4,28,2130,28,27,94.3,0,9999.0,NO,1009,21,30,2024-04-28 21:30:00
3879,2024,4,28,2200,28,27,94.3,0,9999.0,NO,1009,22,0,2024-04-28 22:00:00
3880,2024,4,28,2300,29,28,94.4,2,9999.0,NO,1009,23,0,2024-04-28 23:00:00
3881,2024,4,28,2330,29,27,89.0,2,9999.0,NO,1009,23,30,2024-04-28 23:30:00
3882,2024,4,29,0000,28,27,94.3,2,9999.0,NO,1008,0,0,2024-04-29 00:00:00
3883,2024,4,29,0030,28,27,94.3,1,9999.0,NO,1008,0,30,2024-04-29 00:30:00
3884,2024,4,29,0100,28,27,94.3,2,9999.0,YES,1008,1,0,2024-04-29 01:00:00
3885,2024,4,29,0130,28,27,94.3,2,9999.0,YES,1008,1,30,2024-04-29 01:30:00
3886,2024,4,29,0200,28,27,94.3,1,9999.0,YES,1008,2,0,2024-04-29 02:00:00
3887,2024,4,29,0900,33,28,75.1,2,9999.0,NO,1010,9,0,2024-04-29 09:00:00
3888,2024,4,29,0930,33,27,70.8,2,9999.0,NO,1010,9,30,2024-04-29 09:30:00
3889,2024,4,29,1000,32,27,74.9,2,9999.0,NO,1010,10,0,2024-04-29 10:00:00
3890,2024,4,29,1030,32,27,74.9,2,9999.0,NO,1010,10,30,2024-04-29 10:30:00
3891,2024,4,29,1100,33,28,75.1,3,9999.0,NO,1009,11,0,2024-04-29 11:00:00
3892,2024,4,29,1130,33,27,70.8,3,9999.0,NO,1009,11,30,2024-04-29 11:30:00
3893,2024,4,29,1200,33,28,75.1,3,9999.0,NO,1008,12,0,2024-04-29 12:00:00
3894,2024,4,29,1300,32,28,79.4,3,9999.0,YES,1007,13,0,2024-04-29 13:00:00
3895,2024,4,29,1400,31,27,79.3,2,9999.0,NO,1006,14,0,2024-04-29 14:00:00
3896,2024,4,29,1430,32,28,79.4,3,9999.0,NO,1006,14,30,2024-04-29 14:30:00
3897,2024,4,29,1500,32,28,79.4,3,9999.0,NO,1006,15,0,2024-04-29 15:00:00
3898,2024,4,29,1600,32,28,79.4,4,9999.0,YES,1006,16,0,2024-04-29 16:00:00
3899,2024,4,29,1700,31,27,79.3,4,9999.0,YES,1006,17,0,2024-04-29 17:00:00
3900,2024,4,29,1800,26,25,94.2,2,9999.0,NO,1006,18,0,2024-04-29 18:00:00
3901,2024,4,29,1830,27,26,94.3,1,9999.0,NO,1007,18,30,2024-04-29 18:30:00
3902,2024,4,29,1900,26,26,100.0,3,9999.0,NO,1008,19,0,2024-04-29 19:00:00
3903,2024,4,29,2000,26,24,88.7,5,9999.0,NO,1009,20,0,2024-04-29 20:00:00
3904,2024,4,29,2030,26,25,94.2,3,9999.0,NO,1010,20,30,2024-04-29 20:30:00
3905,2024,4,29,2100,26,25,94.2,3,9999.0,NO,1010,21,0,2024-04-29 21:00:00
3906,2024,4,29,2200,26,25,94.2,3,9999.0,NO,1010,22,0,2024-04-29 22:00:00
3907,2024,4,29,2300,25,25,100.0,3,9999.0,NO,1009,23,0,2024-04-29 23:00:00
3908,2024,4,30,0000,25,24,94.2,2,9999.0,NO,1009,0,0,2024-04-30 00:00:00
3909,2024,4,30,0030,26,25,94.2,2,9999.0,NO,1009,0,30,2024-04-30 00:30:00
3910,2024,4,30,0100,25,25,100.0,1,9999.0,NO,1008,1,0,2024-04-30 01:00:00
3911,2024,4,30,0200,25,25,100.0,0,9999.0,NO,1008,2,0,2024-04-30 02:00:00
3912,2024,4,30,0230,25,25,100.0,0,9999.0,NO,1007,2,30,2024-04-30 02:30:00
3913,2024,4,30,0300,25,25,100.0,0,9999.0,NO,1008,3,0,2024-04-30 03:00:00
3914,2024,4,30,0330,25,25,100.0,0,9999.0,NO,1008,3,30,2024-04-30 03:30:00
3915,2024,4,30,0400,25,25,100.0,0,9999.0,NO,1007,4,0,2024-04-30 04:00:00
3916,2024,4,30,0500,25,25,100.0,1,9999.0,NO,1008,5,0,2024-04-30 05:00:00
3917,2024,4,30,0530,25,25,100.0,1,9999.0,NO,1008,5,30,2024-04-30 05:30:00
3918,2024,4,30,0600,25,25,100.0,1,9999.0,NO,1008,6,0,2024-04-30 06:00:00
3919,2024,4,30,0700,27,25,88.8,3,9999.0,NO,1009,7,0,2024-04-30 07:00:00
3920,2024,4,30,0730,30,25,74.6,4,9999.0,NO,1009,7,30,2024-04-30 07:30:00
3921,2024,4,30,0800,31,26,74.8,2,9999.0,NO,1009,8,0,2024-04-30 08:00:00
3922,2024,4,30,0830,32,26,70.6,3,9999.0,NO,1009,8,30,2024-04-30 08:30:00
3923,2024,4,30,0900,33,26,66.8,3,9999.0,NO,1009,9,0,2024-04-30 09:00:00
3924,2024,4,30,0930,33,27,70.8,4,9999.0,NO,1008,9,30,2024-04-30 09:30:00
3925,2024,4,30,1000,33,27,70.8,2,9999.0,NO,1008,10,0,2024-04-30 10:00:00
3926,2024,4,30,1030,35,27,63.3,1,9999.0,NO,1008,10,30,2024-04-30 10:30:00
3927,2024,4,30,1100,34,27,66.9,3,9999.0,NO,1007,11,0,2024-04-30 11:00:00
3928,2024,4,30,1130,34,27,66.9,3,9999.0,NO,1007,11,30,2024-04-30 11:30:00
3929,2024,4,30,1200,34,27,66.9,2,9999.0,NO,1007,12,0,2024-04-30 12:00:00
3930,2024,4,30,1230,34,26,63.1,2,9999.0,NO,1006,12,30,2024-04-30 12:30:00
3931,2024,4,30,1300,34,27,66.9,3,9999.0,NO,1006,13,0,2024-04-30 13:00:00
3932,2024,4,30,1330,34,27,66.9,2,9999.0,NO,1006,13,30,2024-04-30 13:30:00
3933,2024,4,30,1400,33,27,70.8,3,9999.0,NO,1005,14,0,2024-04-30 14:00:00
3934,2024,4,30,1430,33,27,70.8,4,9999.0,NO,1005,14,30,2024-04-30 14:30:00
3935,2024,4,30,1500,33,27,70.8,4,9999.0,NO,1005,15,0,2024-04-30 15:00:00
3936,2024,4,30,1530,32,27,74.9,3,9999.0,NO,1005,15,30,2024-04-30 15:30:00
3937,2024,4,30,1600,31,27,79.3,4,9999.0,NO,1005,16,0,2024-04-30 16:00:00
3938,2024,4,30,1630,31,26,74.8,3,9999.0,NO,1005,16,30,2024-04-30 16:30:00
3939,2024,4,30,1700,30,26,79.2,2,9999.0,NO,1005,17,0,2024-04-30 17:00:00
3940,2024,4,30,1730,30,26,79.2,2,9999.0,NO,1005,17,30,2024-04-30 17:30:00
3941,2024,4,30,1800,28,25,83.8,4,9999.0,NO,1005,18,0,2024-04-30 18:00:00
3942,2024,4,30,1830,27,25,88.8,2,9999.0,NO,1006,18,30,2024-04-30 18:30:00
3943,2024,4,30,1900,27,25,88.8,2,9999.0,NO,1006,19,0,2024-04-30 19:00:00
3944,2024,4,30,1930,27,25,88.8,3,9999.0,NO,1006,19,30,2024-04-30 19:30:00
3945,2024,4,30,2000,27,25,88.8,2,9999.0,NO,1007,20,0,2024-04-30 20:00:00
3946,2024,4,30,2030,27,25,88.8,3,9999.0,NO,1008,20,30,2024-04-30 20:30:00
3947,2024,4,30,2100,26,25,94.2,3,9999.0,NO,1008,21,0,2024-04-30 21:00:00
3948,2024,4,30,2200,26,25,94.2,3,9999.0,NO,1008,22,0,2024-04-30 22:00:00
3949,2024,4,30,2230,26,25,94.2,3,9999.0,NO,1008,22,30,2024-04-30 22:30:00
3950,2024,4,30,2300,26,25,94.2,2,9999.0,NO,1008,23,0,2024-04-30 23:00:00
3951,2024,5,1,0000,26,25,94.2,2,9999.0,NO,1007,0,0,2024-05-01 00:00:00
3952,2024,5,1,0030,25,24,94.2,2,9999.0,NO,1006,0,30,2024-05-01 00:30:00
3953,2024,5,1,0100,25,24,94.2,3,9999.0,NO,1006,1,0,2024-05-01 01:00:00
3954,2024,5,1,0130,25,24,94.2,2,9999.0,NO,1006,1,30,2024-05-01 01:30:00
3955,2024,5,1,0200,25,24,94.2,2,9999.0,NO,1006,2,0,2024-05-01 02:00:00
3956,2024,5,1,0230,25,24,94.2,2,9999.0,NO,1006,2,30,2024-05-01 02:30:00
3957,2024,5,1,0300,25,25,100.0,2,9999.0,NO,1006,3,0,2024-05-01 03:00:00
3958,2024,5,1,0330,25,25,100.0,1,9999.0,NO,1007,3,30,2024-05-01 03:30:00
3959,2024,5,1,0400,25,25,100.0,1,9999.0,NO,1007,4,0,2024-05-01 04:00:00
3960,2024,5,1,0500,26,25,94.2,0,9999.0,NO,1007,5,0,2024-05-01 05:00:00
3961,2024,5,1,0530,26,25,94.2,1,9999.0,NO,1007,5,30,2024-05-01 05:30:00
3962,2024,5,1,0600,26,25,94.2,2,9999.0,NO,1007,6,0,2024-05-01 06:00:00
3963,2024,5,1,0630,27,26,94.3,3,9000.0,NO,1008,6,30,2024-05-01 06:30:00
3964,2024,5,1,0700,28,26,88.9,2,8000.0,NO,1008,7,0,2024-05-01 07:00:00
3965,2024,5,1,0730,29,26,83.9,1,6000.0,NO,1008,7,30,2024-05-01 07:30:00
3966,2024,5,1,0800,30,26,79.2,1,6000.0,NO,1008,8,0,2024-05-01 08:00:00
3967,2024,5,1,0830,32,27,74.9,2,9999.0,NO,1008,8,30,2024-05-01 08:30:00
3968,2024,5,1,0900,33,26,66.8,2,9999.0,NO,1008,9,0,2024-05-01 09:00:00
3969,2024,5,1,0930,34,27,66.9,1,9999.0,NO,1008,9,30,2024-05-01 09:30:00
3970,2024,5,1,1000,33,27,70.8,2,9999.0,NO,1008,10,0,2024-05-01 10:00:00
3971,2024,5,1,1030,34,27,66.9,2,9999.0,NO,1008,10,30,2024-05-01 10:30:00
3972,2024,5,1,1100,33,26,66.8,3,9999.0,NO,1007,11,0,2024-05-01 11:00:00
3973,2024,5,1,1200,34,27,66.9,3,9999.0,NO,1007,12,0,2024-05-01 12:00:00
3974,2024,5,1,1230,35,27,63.3,3,9999.0,NO,1006,12,30,2024-05-01 12:30:00
3975,2024,5,1,1300,34,27,66.9,4,9999.0,NO,1006,13,0,2024-05-01 13:00:00
3976,2024,5,1,1330,34,27,66.9,5,9999.0,NO,1005,13,30,2024-05-01 13:30:00
3977,2024,5,1,1400,34,27,66.9,4,9999.0,NO,1005,14,0,2024-05-01 14:00:00
3978,2024,5,1,1500,33,27,70.8,4,9999.0,NO,1005,15,0,2024-05-01 15:00:00
3979,2024,5,1,1600,32,28,79.4,4,9999.0,NO,1005,16,0,2024-05-01 16:00:00
3980,2024,5,1,1700,31,27,79.3,5,9999.0,YES,1005,17,0,2024-05-01 17:00:00
3981,2024,5,1,1800,29,25,79.0,5,,YES,1007,18,0,2024-05-01 18:00:00
3982,2024,5,1,1830,26,24,88.7,5,9999.0,YES,1006,18,30,2024-05-01 18:30:00
3983,2024,5,1,1900,26,24,88.7,2,9999.0,YES,1006,19,0,2024-05-01 19:00:00
3984,2024,5,1,1930,25,24,94.2,2,9999.0,YES,1007,19,30,2024-05-01 19:30:00
3985,2024,5,1,2000,26,25,94.2,4,9999.0,YES,1007,20,0,2024-05-01 20:00:00
3986,2024,5,1,2100,25,24,94.2,7,9999.0,NO,1009,21,0,2024-05-01 21:00:00
3987,2024,5,1,2200,25,24,94.2,0,9999.0,NO,1009,22,0,2024-05-01 22:00:00
3988,2024,5,1,2300,25,24,94.2,2,9999.0,NO,1009,23,0,2024-05-01 23:00:00
3989,2024,5,1,2330,25,24,94.2,1,9999.0,NO,1009,23,30,2024-05-01 23:30:00
3990,2024,5,2,0000,25,24,94.2,4,9999.0,NO,1009,0,0,2024-05-02 00:00:00
3991,2024,5,2,0030,25,24,94.2,2,9999.0,NO,1008,0,30,2024-05-02 00:30:00
3992,2024,5,2,0100,25,24,94.2,2,9999.0,NO,1008,1,0,2024-05-02 01:00:00
3993,2024,5,2,0130,25,24,94.2,2,9999.0,NO,1008,1,30,2024-05-02 01:30:00
3994,2024,5,2,0200,25,24,94.2,2,9999.0,NO,1008,2,0,2024-05-02 02:00:00
3995,2024,5,2,0300,26,24,88.7,1,9999.0,NO,1008,3,0,2024-05-02 03:00:00
3996,2024,5,2,0400,26,24,88.7,2,9999.0,NO,1008,4,0,2024-05-02 04:00:00
3997,2024,5,2,0500,25,23,88.7,2,8000.0,NO,1008,5,0,2024-05-02 05:00:00
3998,2024,5,2,0530,25,23,88.7,2,8000.0,NO,1008,5,30,2024-05-02 05:30:00
3999,2024,5,2,0600,25,24,94.2,2,8000.0,NO,1009,6,0,2024-05-02 06:00:00
4000,2024,5,2,0630,26,24,88.7,3,8000.0,NO,1009,6,30,2024-05-02 06:30:00
4001,2024,5,2,0700,27,25,88.8,4,8000.0,NO,1009,7,0,2024-05-02 07:00:00
4002,2024,5,2,0730,28,24,78.9,4,8000.0,NO,1009,7,30,2024-05-02 07:30:00
4003,2024,5,2,0800,29,25,79.0,3,8000.0,NO,1010,8,0,2024-05-02 08:00:00
4004,2024,5,2,0830,30,25,74.6,1,8000.0,NO,1010,8,30,2024-05-02 08:30:00
4005,2024,5,2,0900,31,25,70.4,2,8000.0,NO,1010,9,0,2024-05-02 09:00:00
4006,2024,5,2,0930,32,26,70.6,1,9999.0,NO,1010,9,30,2024-05-02 09:30:00
4007,2024,5,2,1000,32,26,70.6,3,9999.0,NO,1009,10,0,2024-05-02 10:00:00
4008,2024,5,2,1100,33,26,66.8,4,9999.0,NO,1009,11,0,2024-05-02 11:00:00
4009,2024,5,2,1200,33,26,66.8,2,9999.0,NO,1008,12,0,2024-05-02 12:00:00
4010,2024,5,2,1230,33,26,66.8,3,9999.0,NO,1007,12,30,2024-05-02 12:30:00
4011,2024,5,2,1300,34,26,63.1,3,9999.0,NO,1007,13,0,2024-05-02 13:00:00
4012,2024,5,2,1330,35,27,63.3,5,9999.0,NO,1006,13,30,2024-05-02 13:30:00
4013,2024,5,2,1400,33,27,70.8,4,9999.0,NO,1006,14,0,2024-05-02 14:00:00
4014,2024,5,2,1430,33,27,70.8,4,9999.0,NO,1006,14,30,2024-05-02 14:30:00
4015,2024,5,2,1500,33,26,66.8,4,9999.0,NO,1006,15,0,2024-05-02 15:00:00
4016,2024,5,2,1600,32,27,74.9,4,9999.0,NO,1006,16,0,2024-05-02 16:00:00
4017,2024,5,2,1630,31,26,74.8,3,9999.0,NO,1006,16,30,2024-05-02 16:30:00
4018,2024,5,2,1700,31,27,79.3,3,9999.0,NO,1007,17,0,2024-05-02 17:00:00
4019,2024,5,2,1730,30,27,84.0,2,9999.0,NO,1007,17,30,2024-05-02 17:30:00
4020,2024,5,2,1800,30,27,84.0,3,9999.0,NO,1008,18,0,2024-05-02 18:00:00
4021,2024,5,2,1830,29,27,89.0,3,9999.0,NO,1008,18,30,2024-05-02 18:30:00
4022,2024,5,2,1900,29,27,89.0,1,9999.0,NO,1009,19,0,2024-05-02 19:00:00
4023,2024,5,2,2000,28,27,94.3,0,9999.0,NO,1009,20,0,2024-05-02 20:00:00
4024,2024,5,2,2030,28,27,94.3,2,9999.0,NO,1009,20,30,2024-05-02 20:30:00
4025,2024,5,2,2100,28,27,94.3,0,9999.0,NO,1010,21,0,2024-05-02 21:00:00
4026,2024,5,2,2130,28,27,94.3,3,9999.0,YES,1010,21,30,2024-05-02 21:30:00
4027,2024,5,2,2200,28,27,94.3,0,9999.0,NO,1010,22,0,2024-05-02 22:00:00
4028,2024,5,2,2230,28,27,94.3,0,9999.0,NO,1010,22,30,2024-05-02 22:30:00
4029,2024,5,2,2300,27,27,100.0,2,9999.0,NO,1010,23,0,2024-05-02 23:00:00
4030,2024,5,2,2330,27,27,100.0,2,9999.0,NO,1010,23,30,2024-05-02 23:30:00
4031,2024,5,3,0000,27,27,100.0,2,9999.0,NO,1010,0,0,2024-05-03 00:00:00
4032,2024,5,3,0030,27,27,100.0,2,9999.0,YES,1009,0,30,2024-05-03 00:30:00
4033,2024,5,3,0100,27,27,100.0,2,9999.0,YES,1009,1,0,2024-05-03 01:00:00
4034,2024,5,3,0130,27,27,100.0,1,9999.0,YES,1009,1,30,2024-05-03 01:30:00
4035,2024,5,3,0200,27,27,100.0,3,9999.0,YES,1009,2,0,2024-05-03 02:00:00
4036,2024,5,3,0230,27,25,88.8,8,9999.0,YES,1009,2,30,2024-05-03 02:30:00
4037,2024,5,3,0300,26,23,83.6,8,9999.0,YES,1008,3,0,2024-05-03 03:00:00
4038,2024,5,3,0330,25,23,88.7,4,9999.0,YES,1009,3,30,2024-05-03 03:30:00
4039,2024,5,3,0400,25,23,88.7,3,9999.0,NO,1009,4,0,2024-05-03 04:00:00
4040,2024,5,3,0500,25,24,94.2,3,9999.0,NO,1009,5,0,2024-05-03 05:00:00
4041,2024,5,3,0530,25,24,94.2,3,9999.0,NO,1010,5,30,2024-05-03 05:30:00
4042,2024,5,3,0600,25,24,94.2,2,9999.0,YES,1010,6,0,2024-05-03 06:00:00
4043,2024,5,3,0700,27,24,83.7,3,9999.0,NO,1011,7,0,2024-05-03 07:00:00
4044,2024,5,3,0800,28,24,78.9,0,9999.0,NO,1012,8,0,2024-05-03 08:00:00
4045,2024,5,3,0900,29,24,74.4,3,9999.0,NO,1011,9,0,2024-05-03 09:00:00
4046,2024,5,3,1000,31,24,66.4,2,9999.0,NO,1012,10,0,2024-05-03 10:00:00
4047,2024,5,3,1100,31,25,70.4,1,9999.0,NO,1011,11,0,2024-05-03 11:00:00
4048,2024,5,3,1200,33,26,66.8,6,9999.0,NO,1010,12,0,2024-05-03 12:00:00
4049,2024,5,3,1300,34,27,66.9,8,9999.0,NO,1010,13,0,2024-05-03 13:00:00
4050,2024,5,3,1400,33,27,70.8,8,9999.0,NO,1009,14,0,2024-05-03 14:00:00
4051,2024,5,3,1500,32,26,70.6,5,9999.0,NO,1008,15,0,2024-05-03 15:00:00
4052,2024,5,3,1600,32,26,70.6,3,9999.0,NO,1008,16,0,2024-05-03 16:00:00
4053,2024,5,3,1700,30,26,79.2,3,9999.0,NO,1009,17,0,2024-05-03 17:00:00
4054,2024,5,3,1800,29,26,83.9,0,9999.0,NO,1010,18,0,2024-05-03 18:00:00
4055,2024,5,3,1900,28,26,88.9,0,9999.0,NO,1010,19,0,2024-05-03 19:00:00
4056,2024,5,3,2000,27,26,94.3,0,9999.0,NO,1011,20,0,2024-05-03 20:00:00
4057,2024,5,3,2100,27,26,94.3,0,9999.0,NO,1012,21,0,2024-05-03 21:00:00
4058,2024,5,3,2200,27,26,94.3,1,9999.0,NO,1012,22,0,2024-05-03 22:00:00
4059,2024,5,3,2300,26,26,100.0,1,9999.0,NO,1011,23,0,2024-05-03 23:00:00
4060,2024,5,4,0000,27,26,94.3,0,9999.0,NO,1011,0,0,2024-05-04 00:00:00
4061,2024,5,4,0100,27,27,100.0,1,9999.0,NO,1010,1,0,2024-05-04 01:00:00
4062,2024,5,4,0200,27,26,94.3,2,9999.0,NO,1009,2,0,2024-05-04 02:00:00
4063,2024,5,4,0300,27,26,94.3,2,9999.0,NO,1009,3,0,2024-05-04 03:00:00
4064,2024,5,4,0400,27,26,94.3,2,9999.0,NO,1009,4,0,2024-05-04 04:00:00
4065,2024,5,4,0500,27,26,94.3,2,9999.0,NO,1010,5,0,2024-05-04 05:00:00
4066,2024,5,4,0600,27,26,94.3,2,9999.0,NO,1011,6,0,2024-05-04 06:00:00
4067,2024,5,4,0700,28,26,88.9,3,8000.0,NO,1011,7,0,2024-05-04 07:00:00
4068,2024,5,4,0800,30,27,84.0,4,9999.0,NO,1012,8,0,2024-05-04 08:00:00
4069,2024,5,4,0900,30,27,84.0,3,9999.0,NO,1011,9,0,2024-05-04 09:00:00
4070,2024,5,4,1000,31,27,79.3,3,9999.0,NO,1011,10,0,2024-05-04 10:00:00
4071,2024,5,4,1100,32,27,74.9,2,9999.0,NO,1010,11,0,2024-05-04 11:00:00
4072,2024,5,4,1200,33,27,70.8,2,9999.0,NO,1010,12,0,2024-05-04 12:00:00
4073,2024,5,4,1300,32,27,74.9,3,9999.0,NO,1009,13,0,2024-05-04 13:00:00
4074,2024,5,4,1400,32,27,74.9,3,9999.0,NO,1008,14,0,2024-05-04 14:00:00
4075,2024,5,4,1500,31,27,79.3,4,9999.0,NO,1008,15,0,2024-05-04 15:00:00
4076,2024,5,4,1600,30,27,84.0,3,9999.0,NO,1008,16,0,2024-05-04 16:00:00
4077,2024,5,4,1700,30,26,79.2,3,9999.0,NO,1008,17,0,2024-05-04 17:00:00
4078,2024,5,4,1800,29,27,89.0,1,9999.0,NO,1009,18,0,2024-05-04 18:00:00
4079,2024,5,4,1900,28,27,94.3,0,9999.0,NO,1009,19,0,2024-05-04 19:00:00
4080,2024,5,4,2000,27,27,100.0,0,9999.0,NO,1009,20,0,2024-05-04 20:00:00
4081,2024,5,4,2100,27,27,100.0,1,9999.0,NO,1010,21,0,2024-05-04 21:00:00
4082,2024,5,4,2200,27,27,100.0,0,9999.0,NO,1011,22,0,2024-05-04 22:00:00
4083,2024,5,4,2300,28,27,94.3,1,9999.0,NO,1010,23,0,2024-05-04 23:00:00
4084,2024,5,5,0000,28,27,94.3,2,9999.0,NO,1010,0,0,2024-05-05 00:00:00
4085,2024,5,5,0100,27,27,100.0,2,9999.0,NO,1009,1,0,2024-05-05 01:00:00
4086,2024,5,5,0200,27,26,94.3,0,9999.0,NO,1009,2,0,2024-05-05 02:00:00
4087,2024,5,5,0300,27,26,94.3,2,9999.0,NO,1009,3,0,2024-05-05 03:00:00
4088,2024,5,5,0400,27,27,100.0,1,9999.0,NO,1009,4,0,2024-05-05 04:00:00
4089,2024,5,5,0500,27,26,94.3,0,6000.0,NO,1009,5,0,2024-05-05 05:00:00
4090,2024,5,5,0600,27,27,100.0,2,3200.0,NO,1010,6,0,2024-05-05 06:00:00
4091,2024,5,5,0700,28,27,94.3,2,4000.0,NO,1010,7,0,2024-05-05 07:00:00
4092,2024,5,5,0800,31,27,79.3,2,8000.0,NO,1011,8,0,2024-05-05 08:00:00
4093,2024,5,5,0900,32,27,74.9,2,8000.0,NO,1011,9,0,2024-05-05 09:00:00
4094,2024,5,5,1000,32,27,74.9,3,9999.0,NO,1011,10,0,2024-05-05 10:00:00
4095,2024,5,5,1030,32,27,74.9,4,9999.0,NO,1010,10,30,2024-05-05 10:30:00
4096,2024,5,5,1100,33,27,70.8,2,9999.0,NO,1010,11,0,2024-05-05 11:00:00
4097,2024,5,5,1130,33,27,70.8,4,9999.0,NO,1009,11,30,2024-05-05 11:30:00
4098,2024,5,5,1200,33,27,70.8,5,9999.0,NO,1008,12,0,2024-05-05 12:00:00
4099,2024,5,5,1230,34,27,66.9,4,9999.0,NO,1007,12,30,2024-05-05 12:30:00
4100,2024,5,5,1300,34,27,66.9,3,9999.0,NO,1007,13,0,2024-05-05 13:00:00
4101,2024,5,5,1330,34,27,66.9,4,9999.0,NO,1006,13,30,2024-05-05 13:30:00
4102,2024,5,5,1400,32,26,70.6,4,9999.0,NO,1006,14,0,2024-05-05 14:00:00
4103,2024,5,5,1430,33,26,66.8,3,9999.0,NO,1005,14,30,2024-05-05 14:30:00
4104,2024,5,5,1500,33,26,66.8,3,9999.0,NO,1005,15,0,2024-05-05 15:00:00
4105,2024,5,5,1530,33,27,70.8,4,9999.0,NO,1005,15,30,2024-05-05 15:30:00
4106,2024,5,5,1600,33,27,70.8,3,9999.0,NO,1005,16,0,2024-05-05 16:00:00
4107,2024,5,5,1630,32,27,74.9,4,9999.0,NO,1005,16,30,2024-05-05 16:30:00
4108,2024,5,5,1700,31,27,79.3,3,9999.0,NO,1005,17,0,2024-05-05 17:00:00
4109,2024,5,5,1730,31,27,79.3,3,9999.0,NO,1005,17,30,2024-05-05 17:30:00
4110,2024,5,5,1800,30,27,84.0,3,9999.0,NO,1006,18,0,2024-05-05 18:00:00
4111,2024,5,5,1830,30,27,84.0,3,9999.0,NO,1006,18,30,2024-05-05 18:30:00
4112,2024,5,5,1900,30,27,84.0,1,9999.0,NO,1007,19,0,2024-05-05 19:00:00
4113,2024,5,5,1930,29,27,89.0,1,9999.0,NO,1007,19,30,2024-05-05 19:30:00
4114,2024,5,5,2000,29,27,89.0,0,9999.0,NO,1008,20,0,2024-05-05 20:00:00
4115,2024,5,5,2030,28,27,94.3,1,9999.0,NO,1008,20,30,2024-05-05 20:30:00
4116,2024,5,5,2100,28,27,94.3,0,9999.0,NO,1008,21,0,2024-05-05 21:00:00
4117,2024,5,5,2130,28,27,94.3,0,9999.0,NO,1008,21,30,2024-05-05 21:30:00
4118,2024,5,5,2200,28,27,94.3,2,9999.0,NO,1009,22,0,2024-05-05 22:00:00
4119,2024,5,5,2230,28,27,94.3,3,9999.0,NO,1009,22,30,2024-05-05 22:30:00
4120,2024,5,5,2300,28,27,94.3,3,9999.0,NO,1008,23,0,2024-05-05 23:00:00
4121,2024,5,5,2330,27,27,100.0,2,9999.0,NO,1008,23,30,2024-05-05 23:30:00
4122,2024,5,6,0000,27,27,100.0,2,9999.0,NO,1008,0,0,2024-05-06 00:00:00
4123,2024,5,6,0030,27,26,94.3,0,9999.0,NO,1008,0,30,2024-05-06 00:30:00
4124,2024,5,6,0100,27,26,94.3,0,9999.0,NO,1008,1,0,2024-05-06 01:00:00
4125,2024,5,6,0130,26,25,94.2,0,9999.0,NO,1007,1,30,2024-05-06 01:30:00
4126,2024,5,6,0200,26,26,100.0,0,9999.0,NO,1007,2,0,2024-05-06 02:00:00
4127,2024,5,6,0230,26,26,100.0,1,9999.0,NO,1007,2,30,2024-05-06 02:30:00
4128,2024,5,6,0300,26,25,94.2,1,9999.0,NO,1006,3,0,2024-05-06 03:00:00
4129,2024,5,6,0330,26,25,94.2,0,9999.0,NO,1006,3,30,2024-05-06 03:30:00
4130,2024,5,6,0400,26,25,94.2,2,8000.0,NO,1006,4,0,2024-05-06 04:00:00
4131,2024,5,6,0430,26,25,94.2,3,8000.0,NO,1006,4,30,2024-05-06 04:30:00
4132,2024,5,6,0500,27,25,88.8,3,6000.0,NO,1006,5,0,2024-05-06 05:00:00
4133,2024,5,6,0530,26,25,94.2,3,4000.0,NO,1007,5,30,2024-05-06 05:30:00
4134,2024,5,6,0600,27,26,94.3,3,4000.0,NO,1007,6,0,2024-05-06 06:00:00
4135,2024,5,6,0630,28,26,88.9,3,6000.0,NO,1008,6,30,2024-05-06 06:30:00
4136,2024,5,6,0700,29,26,83.9,4,8000.0,NO,1008,7,0,2024-05-06 07:00:00
4137,2024,5,6,0730,30,26,79.2,4,8000.0,NO,1008,7,30,2024-05-06 07:30:00
4138,2024,5,6,0800,31,27,79.3,4,9999.0,NO,1009,8,0,2024-05-06 08:00:00
4139,2024,5,6,0830,33,27,70.8,2,9999.0,NO,1009,8,30,2024-05-06 08:30:00
4140,2024,5,6,0900,33,27,70.8,3,9999.0,NO,1009,9,0,2024-05-06 09:00:00
4141,2024,5,6,0930,33,27,70.8,3,9999.0,NO,1009,9,30,2024-05-06 09:30:00
4142,2024,5,6,1000,34,26,63.1,2,9999.0,NO,1009,10,0,2024-05-06 10:00:00
4143,2024,5,6,1030,35,27,63.3,2,9999.0,NO,1008,10,30,2024-05-06 10:30:00
4144,2024,5,6,1100,34,27,66.9,3,9999.0,NO,1008,11,0,2024-05-06 11:00:00
4145,2024,5,6,1130,35,27,63.3,3,9999.0,NO,1008,11,30,2024-05-06 11:30:00
4146,2024,5,6,1200,34,27,66.9,3,9999.0,NO,1007,12,0,2024-05-06 12:00:00
4147,2024,5,6,1230,35,28,67.1,4,9999.0,NO,1007,12,30,2024-05-06 12:30:00
4148,2024,5,6,1300,35,27,63.3,5,9999.0,NO,1006,13,0,2024-05-06 13:00:00
4149,2024,5,6,1330,35,27,63.3,5,9999.0,NO,1006,13,30,2024-05-06 13:30:00
4150,2024,5,6,1400,34,27,66.9,5,9999.0,NO,1006,14,0,2024-05-06 14:00:00
4151,2024,5,6,1430,35,27,63.3,4,9999.0,NO,1005,14,30,2024-05-06 14:30:00
4152,2024,5,6,1500,34,27,66.9,5,9999.0,NO,1005,15,0,2024-05-06 15:00:00
4153,2024,5,6,1530,33,27,70.8,5,9999.0,NO,1005,15,30,2024-05-06 15:30:00
4154,2024,5,6,1600,33,28,75.1,5,9999.0,NO,1005,16,0,2024-05-06 16:00:00
4155,2024,5,6,1630,32,28,79.4,4,9999.0,NO,1005,16,30,2024-05-06 16:30:00
4156,2024,5,6,1700,31,28,84.1,4,9999.0,NO,1006,17,0,2024-05-06 17:00:00
4157,2024,5,6,1730,31,28,84.1,5,9999.0,NO,1006,17,30,2024-05-06 17:30:00
4158,2024,5,6,1800,31,28,84.1,3,9999.0,NO,1006,18,0,2024-05-06 18:00:00
4159,2024,5,6,1830,30,28,89.1,3,9999.0,NO,1006,18,30,2024-05-06 18:30:00
4160,2024,5,6,1900,30,28,89.1,3,9999.0,NO,1006,19,0,2024-05-06 19:00:00
4161,2024,5,6,1930,30,28,89.1,3,9999.0,NO,1006,19,30,2024-05-06 19:30:00
4162,2024,5,6,2000,30,28,89.1,3,9999.0,NO,1007,20,0,2024-05-06 20:00:00
4163,2024,5,6,2030,30,28,89.1,1,9999.0,NO,1007,20,30,2024-05-06 20:30:00
4164,2024,5,6,2100,30,28,89.1,2,9999.0,NO,1008,21,0,2024-05-06 21:00:00
4165,2024,5,6,2130,30,27,84.0,2,9999.0,NO,1008,21,30,2024-05-06 21:30:00
4166,2024,5,6,2200,30,27,84.0,1,9999.0,NO,1008,22,0,2024-05-06 22:00:00
4167,2024,5,6,2230,29,27,89.0,0,9999.0,YES,1008,22,30,2024-05-06 22:30:00
4168,2024,5,6,2300,29,28,94.4,5,9999.0,YES,1008,23,0,2024-05-06 23:00:00
4169,2024,5,6,2330,25,24,94.2,1,6000.0,YES,1008,23,30,2024-05-06 23:30:00
4170,2024,5,7,0000,25,24,94.2,2,6000.0,YES,1008,0,0,2024-05-07 00:00:00
4171,2024,5,7,0030,25,24,94.2,2,9999.0,YES,1008,0,30,2024-05-07 00:30:00
4172,2024,5,7,0100,25,24,94.2,2,9999.0,NO,1007,1,0,2024-05-07 01:00:00
4173,2024,5,7,0130,25,24,94.2,3,9999.0,NO,1007,1,30,2024-05-07 01:30:00
4174,2024,5,7,0200,25,25,100.0,1,9999.0,NO,1007,2,0,2024-05-07 02:00:00
4175,2024,5,7,0230,25,25,100.0,2,9999.0,NO,1007,2,30,2024-05-07 02:30:00
4176,2024,5,7,0300,25,25,100.0,0,9999.0,NO,1007,3,0,2024-05-07 03:00:00
4177,2024,5,7,0400,25,24,94.2,4,9999.0,NO,1007,4,0,2024-05-07 04:00:00
4178,2024,5,7,0430,25,25,100.0,3,9999.0,NO,1007,4,30,2024-05-07 04:30:00
4179,2024,5,7,0500,25,25,100.0,3,9999.0,NO,1008,5,0,2024-05-07 05:00:00
4180,2024,5,7,0530,25,25,100.0,3,9999.0,NO,1008,5,30,2024-05-07 05:30:00
4181,2024,5,7,0600,25,25,100.0,0,9999.0,NO,1008,6,0,2024-05-07 06:00:00
4182,2024,5,7,0630,26,26,100.0,0,9999.0,NO,1009,6,30,2024-05-07 06:30:00
4183,2024,5,7,0700,26,26,100.0,0,8000.0,NO,1009,7,0,2024-05-07 07:00:00
4184,2024,5,7,0730,29,26,83.9,2,8000.0,NO,1009,7,30,2024-05-07 07:30:00
4185,2024,5,7,0800,30,27,84.0,2,8000.0,NO,1009,8,0,2024-05-07 08:00:00
4186,2024,5,7,0830,31,27,79.3,1,8000.0,NO,1010,8,30,2024-05-07 08:30:00
4187,2024,5,7,0900,32,27,74.9,2,8000.0,NO,1010,9,0,2024-05-07 09:00:00
4188,2024,5,7,0930,33,27,70.8,3,8000.0,NO,1010,9,30,2024-05-07 09:30:00
4189,2024,5,7,1000,33,27,70.8,2,8000.0,NO,1009,10,0,2024-05-07 10:00:00
4190,2024,5,7,1030,33,27,70.8,3,9999.0,NO,1009,10,30,2024-05-07 10:30:00
4191,2024,5,7,1100,33,27,70.8,4,9999.0,NO,1009,11,0,2024-05-07 11:00:00
4192,2024,5,7,1130,33,27,70.8,2,9999.0,NO,1009,11,30,2024-05-07 11:30:00
4193,2024,5,7,1200,34,27,66.9,2,9999.0,NO,1008,12,0,2024-05-07 12:00:00
4194,2024,5,7,1230,35,27,63.3,1,9999.0,NO,1007,12,30,2024-05-07 12:30:00
4195,2024,5,7,1300,35,26,59.7,2,9999.0,NO,1007,13,0,2024-05-07 13:00:00
4196,2024,5,7,1330,34,27,66.9,2,9999.0,NO,1006,13,30,2024-05-07 13:30:00
4197,2024,5,7,1400,34,27,66.9,4,9999.0,NO,1006,14,0,2024-05-07 14:00:00
4198,2024,5,7,1430,34,27,66.9,3,9999.0,NO,1006,14,30,2024-05-07 14:30:00
4199,2024,5,7,1500,33,27,70.8,4,9999.0,NO,1005,15,0,2024-05-07 15:00:00
4200,2024,5,7,1530,33,28,75.1,3,9999.0,NO,1005,15,30,2024-05-07 15:30:00
4201,2024,5,7,1600,32,28,79.4,4,9999.0,NO,1004,16,0,2024-05-07 16:00:00
4202,2024,5,7,1630,32,27,74.9,3,9999.0,NO,1005,16,30,2024-05-07 16:30:00
4203,2024,5,7,1700,31,27,79.3,2,9999.0,NO,1005,17,0,2024-05-07 17:00:00
4204,2024,5,7,1730,31,27,79.3,2,9999.0,NO,1006,17,30,2024-05-07 17:30:00
4205,2024,5,7,1800,30,27,84.0,2,9999.0,YES,1006,18,0,2024-05-07 18:00:00
4206,2024,5,7,1830,30,27,84.0,2,9999.0,YES,1007,18,30,2024-05-07 18:30:00
4207,2024,5,7,1900,30,27,84.0,3,9999.0,YES,1007,19,0,2024-05-07 19:00:00
4208,2024,5,7,1930,30,27,84.0,2,9999.0,YES,1007,19,30,2024-05-07 19:30:00
4209,2024,5,7,2000,30,28,89.1,2,9999.0,YES,1008,20,0,2024-05-07 20:00:00
4210,2024,5,7,2030,26,23,83.6,5,,YES,1010,20,30,2024-05-07 20:30:00
4211,2024,5,7,2100,24,24,100.0,4,1800.0,YES,1010,21,0,2024-05-07 21:00:00
4212,2024,5,7,2130,24,24,100.0,3,8000.0,YES,1011,21,30,2024-05-07 21:30:00
4213,2024,5,7,2200,24,24,100.0,2,9999.0,YES,1010,22,0,2024-05-07 22:00:00
4214,2024,5,7,2230,25,24,94.2,5,9999.0,YES,1010,22,30,2024-05-07 22:30:00
4215,2024,5,7,2300,25,24,94.2,3,9999.0,YES,1010,23,0,2024-05-07 23:00:00
4216,2024,5,7,2330,25,25,100.0,2,9999.0,YES,1009,23,30,2024-05-07 23:30:00
4217,2024,5,8,0000,25,25,100.0,1,9999.0,YES,1009,0,0,2024-05-08 00:00:00
4218,2024,5,8,0030,25,25,100.0,3,9999.0,YES,1010,0,30,2024-05-08 00:30:00
4219,2024,5,8,0100,25,25,100.0,3,9999.0,YES,1009,1,0,2024-05-08 01:00:00
4220,2024,5,8,0130,25,25,100.0,3,9999.0,YES,1009,1,30,2024-05-08 01:30:00
4221,2024,5,8,0200,25,25,100.0,2,9999.0,YES,1009,2,0,2024-05-08 02:00:00
4222,2024,5,8,0230,25,25,100.0,3,9999.0,YES,1008,2,30,2024-05-08 02:30:00
4223,2024,5,8,0300,25,25,100.0,6,9999.0,YES,1008,3,0,2024-05-08 03:00:00
4224,2024,5,8,0330,25,24,94.2,4,9999.0,YES,1008,3,30,2024-05-08 03:30:00
4225,2024,5,8,0400,25,24,94.2,4,9999.0,YES,1008,4,0,2024-05-08 04:00:00
4226,2024,5,8,0430,25,24,94.2,4,9999.0,YES,1008,4,30,2024-05-08 04:30:00
4227,2024,5,8,0500,25,24,94.2,3,9999.0,NO,1009,5,0,2024-05-08 05:00:00
4228,2024,5,8,0530,25,24,94.2,3,6000.0,NO,1009,5,30,2024-05-08 05:30:00
4229,2024,5,8,0600,25,24,94.2,5,9999.0,NO,1010,6,0,2024-05-08 06:00:00
4230,2024,5,8,0630,25,24,94.2,4,9999.0,NO,1010,6,30,2024-05-08 06:30:00
4231,2024,5,8,0700,25,24,94.2,3,9999.0,YES,1010,7,0,2024-05-08 07:00:00
4232,2024,5,8,0730,25,24,94.2,5,9999.0,NO,1011,7,30,2024-05-08 07:30:00
4233,2024,5,8,0800,26,24,88.7,3,9999.0,NO,1011,8,0,2024-05-08 08:00:00
4234,2024,5,8,0830,26,24,88.7,3,9999.0,NO,1011,8,30,2024-05-08 08:30:00
4235,2024,5,8,0900,28,24,78.9,4,9999.0,NO,1011,9,0,2024-05-08 09:00:00
4236,2024,5,8,0930,28,24,78.9,5,9999.0,NO,1010,9,30,2024-05-08 09:30:00
4237,2024,5,8,1000,28,25,83.8,4,9999.0,NO,1010,10,0,2024-05-08 10:00:00
4238,2024,5,8,1030,29,25,79.0,4,9999.0,NO,1010,10,30,2024-05-08 10:30:00
4239,2024,5,8,1100,29,25,79.0,2,9999.0,NO,1010,11,0,2024-05-08 11:00:00
4240,2024,5,8,1130,31,24,66.4,0,9999.0,NO,1009,11,30,2024-05-08 11:30:00
4241,2024,5,8,1200,31,25,70.4,3,9999.0,NO,1009,12,0,2024-05-08 12:00:00
4242,2024,5,8,1230,31,25,70.4,3,9999.0,NO,1008,12,30,2024-05-08 12:30:00
4243,2024,5,8,1300,31,25,70.4,2,9999.0,NO,1007,13,0,2024-05-08 13:00:00
4244,2024,5,8,1330,31,25,70.4,2,9999.0,NO,1007,13,30,2024-05-08 13:30:00
4245,2024,5,8,1400,33,26,66.8,3,9999.0,NO,1006,14,0,2024-05-08 14:00:00
4246,2024,5,8,1430,32,25,66.6,2,9999.0,NO,1006,14,30,2024-05-08 14:30:00
4247,2024,5,8,1500,32,26,70.6,2,9999.0,NO,1006,15,0,2024-05-08 15:00:00
4248,2024,5,8,1530,31,26,74.8,3,9999.0,NO,1006,15,30,2024-05-08 15:30:00
4249,2024,5,8,1600,31,26,74.8,2,9999.0,NO,1006,16,0,2024-05-08 16:00:00
4250,2024,5,8,1700,30,26,79.2,2,9999.0,NO,1006,17,0,2024-05-08 17:00:00
4251,2024,5,8,1800,29,26,83.9,0,9999.0,NO,1008,18,0,2024-05-08 18:00:00
4252,2024,5,8,1900,28,26,88.9,0,9999.0,YES,1008,19,0,2024-05-08 19:00:00
4253,2024,5,8,2000,27,26,94.3,2,9999.0,NO,1009,20,0,2024-05-08 20:00:00
4254,2024,5,8,2100,27,26,94.3,0,9999.0,NO,1009,21,0,2024-05-08 21:00:00
4255,2024,5,8,2130,27,26,94.3,0,9999.0,NO,1009,21,30,2024-05-08 21:30:00
4256,2024,5,8,2200,27,26,94.3,0,9999.0,NO,1010,22,0,2024-05-08 22:00:00
4257,2024,5,8,2230,27,26,94.3,0,9999.0,NO,1010,22,30,2024-05-08 22:30:00
4258,2024,5,8,2300,27,26,94.3,0,9999.0,NO,1010,23,0,2024-05-08 23:00:00
4259,2024,5,8,2330,27,26,94.3,2,9999.0,NO,1009,23,30,2024-05-08 23:30:00
4260,2024,5,9,0000,27,26,94.3,2,9999.0,NO,1009,0,0,2024-05-09 00:00:00
4261,2024,5,9,0030,27,26,94.3,4,9999.0,NO,1010,0,30,2024-05-09 00:30:00
4262,2024,5,9,0100,27,25,88.8,7,4500.0,YES,1010,1,0,2024-05-09 01:00:00
4263,2024,5,9,0130,24,24,100.0,0,8000.0,YES,1009,1,30,2024-05-09 01:30:00
4264,2024,5,9,0200,24,24,100.0,4,8000.0,YES,1009,2,0,2024-05-09 02:00:00
4265,2024,5,9,0230,24,23,94.1,3,9999.0,NO,1009,2,30,2024-05-09 02:30:00
4266,2024,5,9,0300,24,24,100.0,1,9999.0,NO,1009,3,0,2024-05-09 03:00:00
4267,2024,5,9,0330,24,23,94.1,2,9999.0,NO,1009,3,30,2024-05-09 03:30:00
4268,2024,5,9,0400,24,23,94.1,2,9999.0,YES,1009,4,0,2024-05-09 04:00:00
4269,2024,5,9,0430,24,23,94.1,0,9999.0,NO,1009,4,30,2024-05-09 04:30:00
4270,2024,5,9,0500,24,24,100.0,0,9999.0,YES,1009,5,0,2024-05-09 05:00:00
4271,2024,5,9,0600,25,24,94.2,1,9999.0,YES,1009,6,0,2024-05-09 06:00:00
4272,2024,5,9,0630,25,24,94.2,2,9999.0,YES,1009,6,30,2024-05-09 06:30:00
4273,2024,5,9,0700,25,24,94.2,4,6000.0,NO,1009,7,0,2024-05-09 07:00:00
4274,2024,5,9,0730,25,24,94.2,3,6000.0,NO,1009,7,30,2024-05-09 07:30:00
4275,2024,5,9,0800,25,24,94.2,3,4000.0,NO,1009,8,0,2024-05-09 08:00:00
4276,2024,5,9,0830,26,24,88.7,4,6000.0,NO,1009,8,30,2024-05-09 08:30:00
4277,2024,5,9,0900,28,25,83.8,4,6000.0,NO,1010,9,0,2024-05-09 09:00:00
4278,2024,5,9,0930,29,24,74.4,2,8000.0,NO,1010,9,30,2024-05-09 09:30:00
4279,2024,5,9,1000,29,25,79.0,1,8000.0,NO,1010,10,0,2024-05-09 10:00:00
4280,2024,5,9,1100,31,25,70.4,2,8000.0,NO,1009,11,0,2024-05-09 11:00:00
4281,2024,5,9,1200,32,24,62.7,4,9999.0,NO,1007,12,0,2024-05-09 12:00:00
4282,2024,5,9,1230,33,24,59.2,3,9999.0,NO,1007,12,30,2024-05-09 12:30:00
4283,2024,5,9,1300,33,25,62.9,2,9999.0,NO,1006,13,0,2024-05-09 13:00:00
4284,2024,5,9,1330,33,25,62.9,3,9999.0,NO,1006,13,30,2024-05-09 13:30:00
4285,2024,5,9,1400,34,25,59.5,2,9999.0,NO,1005,14,0,2024-05-09 14:00:00
4286,2024,5,9,1430,34,26,63.1,3,9999.0,NO,1005,14,30,2024-05-09 14:30:00
4287,2024,5,9,1500,32,26,70.6,4,9999.0,NO,1006,15,0,2024-05-09 15:00:00
4288,2024,5,9,1600,31,26,74.8,2,9999.0,NO,1006,16,0,2024-05-09 16:00:00
4289,2024,5,9,1700,30,25,74.6,2,9999.0,NO,1006,17,0,2024-05-09 17:00:00
4290,2024,5,9,1730,29,25,79.0,2,9999.0,NO,1007,17,30,2024-05-09 17:30:00
4291,2024,5,9,1800,29,26,83.9,1,9999.0,NO,1007,18,0,2024-05-09 18:00:00
4292,2024,5,9,1830,27,26,94.3,0,9999.0,NO,1007,18,30,2024-05-09 18:30:00
4293,2024,5,9,1900,27,26,94.3,0,9999.0,NO,1008,19,0,2024-05-09 19:00:00
4294,2024,5,9,2000,27,26,94.3,0,9999.0,NO,1008,20,0,2024-05-09 20:00:00
4295,2024,5,9,2100,27,26,94.3,0,9999.0,NO,1009,21,0,2024-05-09 21:00:00
4296,2024,5,9,2130,27,26,94.3,0,9999.0,NO,1009,21,30,2024-05-09 21:30:00
4297,2024,5,9,2200,26,26,100.0,0,9999.0,NO,1009,22,0,2024-05-09 22:00:00
4298,2024,5,9,2230,26,26,100.0,0,9999.0,NO,1009,22,30,2024-05-09 22:30:00
4299,2024,5,9,2300,26,26,100.0,0,9999.0,NO,1009,23,0,2024-05-09 23:00:00
4300,2024,5,9,2330,26,26,100.0,1,9999.0,NO,1009,23,30,2024-05-09 23:30:00
4301,2024,5,10,0000,26,26,100.0,1,9999.0,NO,1009,0,0,2024-05-10 00:00:00
4302,2024,5,10,0030,27,26,94.3,2,9999.0,NO,1009,0,30,2024-05-10 00:30:00
4303,2024,5,10,0100,27,26,94.3,2,9999.0,NO,1009,1,0,2024-05-10 01:00:00
4304,2024,5,10,0200,27,26,94.3,2,9999.0,NO,1008,2,0,2024-05-10 02:00:00
4305,2024,5,10,0300,26,25,94.2,0,9999.0,NO,1008,3,0,2024-05-10 03:00:00
4306,2024,5,10,0330,26,26,100.0,1,9999.0,NO,1008,3,30,2024-05-10 03:30:00
4307,2024,5,10,0400,26,25,94.2,1,9999.0,NO,1008,4,0,2024-05-10 04:00:00
4308,2024,5,10,0430,26,25,94.2,2,9999.0,NO,1009,4,30,2024-05-10 04:30:00
4309,2024,5,10,0500,26,25,94.2,2,8000.0,NO,1009,5,0,2024-05-10 05:00:00
4310,2024,5,10,0530,26,25,94.2,4,8000.0,NO,1009,5,30,2024-05-10 05:30:00
4311,2024,5,10,0600,27,25,88.8,3,8000.0,NO,1009,6,0,2024-05-10 06:00:00
4312,2024,5,10,0630,27,25,88.8,4,8000.0,NO,1010,6,30,2024-05-10 06:30:00
4313,2024,5,10,0700,29,26,83.9,4,8000.0,NO,1010,7,0,2024-05-10 07:00:00
4314,2024,5,10,0730,30,26,79.2,3,8000.0,NO,1010,7,30,2024-05-10 07:30:00
4315,2024,5,10,0800,32,26,70.6,2,8000.0,NO,1010,8,0,2024-05-10 08:00:00
4316,2024,5,10,0830,32,26,70.6,2,8000.0,NO,1010,8,30,2024-05-10 08:30:00
4317,2024,5,10,0900,33,27,70.8,3,9999.0,NO,1010,9,0,2024-05-10 09:00:00
4318,2024,5,10,0930,33,27,70.8,4,9999.0,NO,1010,9,30,2024-05-10 09:30:00
4319,2024,5,10,1000,33,26,66.8,2,9999.0,NO,1010,10,0,2024-05-10 10:00:00
4320,2024,5,10,1030,34,27,66.9,3,9999.0,NO,1010,10,30,2024-05-10 10:30:00
4321,2024,5,10,1100,34,27,66.9,3,9999.0,NO,1009,11,0,2024-05-10 11:00:00
4322,2024,5,10,1130,34,27,66.9,4,9999.0,NO,1009,11,30,2024-05-10 11:30:00
4323,2024,5,10,1200,34,27,66.9,3,9999.0,NO,1008,12,0,2024-05-10 12:00:00
4324,2024,5,10,1230,34,27,66.9,4,9999.0,NO,1007,12,30,2024-05-10 12:30:00
4325,2024,5,10,1300,34,26,63.1,4,9999.0,NO,1007,13,0,2024-05-10 13:00:00
4326,2024,5,10,1400,34,26,63.1,4,9999.0,NO,1006,14,0,2024-05-10 14:00:00
4327,2024,5,10,1430,34,27,66.9,4,9999.0,NO,1006,14,30,2024-05-10 14:30:00
4328,2024,5,10,1500,33,27,70.8,3,9999.0,NO,1006,15,0,2024-05-10 15:00:00
4329,2024,5,10,1530,33,27,70.8,4,9999.0,NO,1006,15,30,2024-05-10 15:30:00
4330,2024,5,10,1600,33,27,70.8,3,9999.0,NO,1006,16,0,2024-05-10 16:00:00
4331,2024,5,10,1700,30,27,84.0,3,9999.0,NO,1006,17,0,2024-05-10 17:00:00
4332,2024,5,10,1730,30,27,84.0,2,9999.0,NO,1006,17,30,2024-05-10 17:30:00
4333,2024,5,10,1800,29,27,89.0,2,9999.0,NO,1006,18,0,2024-05-10 18:00:00
4334,2024,5,10,1830,29,27,89.0,2,9999.0,NO,1007,18,30,2024-05-10 18:30:00
4335,2024,5,10,1900,29,27,89.0,2,9999.0,NO,1007,19,0,2024-05-10 19:00:00
4336,2024,5,10,1930,29,27,89.0,1,9999.0,NO,1007,19,30,2024-05-10 19:30:00
4337,2024,5,10,2000,29,27,89.0,0,9999.0,NO,1007,20,0,2024-05-10 20:00:00
4338,2024,5,10,2030,28,27,94.3,1,9999.0,NO,1008,20,30,2024-05-10 20:30:00
4339,2024,5,10,2100,28,27,94.3,0,9999.0,NO,1008,21,0,2024-05-10 21:00:00
4340,2024,5,10,2130,28,27,94.3,0,9999.0,NO,1008,21,30,2024-05-10 21:30:00
4341,2024,5,10,2200,28,27,94.3,0,9999.0,NO,1008,22,0,2024-05-10 22:00:00
4342,2024,5,10,2230,28,27,94.3,1,9999.0,NO,1008,22,30,2024-05-10 22:30:00
4343,2024,5,10,2300,28,27,94.3,0,9999.0,NO,1008,23,0,2024-05-10 23:00:00
4344,2024,5,10,2330,27,27,100.0,1,9999.0,NO,1008,23,30,2024-05-10 23:30:00
4345,2024,5,11,0000,28,27,94.3,0,9999.0,NO,1008,0,0,2024-05-11 00:00:00
4346,2024,5,11,0100,27,27,100.0,1,9999.0,NO,1008,1,0,2024-05-11 01:00:00
4347,2024,5,11,0200,27,27,100.0,0,9999.0,NO,1008,2,0,2024-05-11 02:00:00
4348,2024,5,11,0300,27,26,94.3,0,9999.0,NO,1007,3,0,2024-05-11 03:00:00
4349,2024,5,11,0400,27,27,100.0,3,9999.0,YES,1008,4,0,2024-05-11 04:00:00
4350,2024,5,11,0430,27,26,94.3,5,9999.0,YES,1008,4,30,2024-05-11 04:30:00
4351,2024,5,11,0500,27,25,88.8,2,9999.0,YES,1008,5,0,2024-05-11 05:00:00
4352,2024,5,11,0600,26,26,100.0,4,9999.0,NO,1009,6,0,2024-05-11 06:00:00
4353,2024,5,11,0630,27,25,88.8,4,9999.0,NO,1009,6,30,2024-05-11 06:30:00
4354,2024,5,11,0700,26,24,88.7,4,9999.0,NO,1009,7,0,2024-05-11 07:00:00
4355,2024,5,11,0730,27,24,83.7,3,9999.0,NO,1010,7,30,2024-05-11 07:30:00
4356,2024,5,11,0800,27,24,83.7,4,9999.0,NO,1010,8,0,2024-05-11 08:00:00
4357,2024,5,11,0830,28,24,78.9,3,9999.0,NO,1011,8,30,2024-05-11 08:30:00
4358,2024,5,11,0900,30,25,74.6,3,9999.0,NO,1011,9,0,2024-05-11 09:00:00
4359,2024,5,11,0930,32,25,66.6,2,9999.0,NO,1010,9,30,2024-05-11 09:30:00
4360,2024,5,11,1000,32,25,66.6,1,9999.0,NO,1010,10,0,2024-05-11 10:00:00
4361,2024,5,11,1030,32,26,70.6,5,9999.0,NO,1010,10,30,2024-05-11 10:30:00
4362,2024,5,11,1130,33,26,66.8,3,9999.0,NO,1008,11,30,2024-05-11 11:30:00
4363,2024,5,11,1230,33,26,66.8,4,9999.0,NO,1008,12,30,2024-05-11 12:30:00
4364,2024,5,11,1300,33,26,66.8,4,9999.0,NO,1007,13,0,2024-05-11 13:00:00
4365,2024,5,11,1400,33,27,70.8,4,9999.0,NO,1007,14,0,2024-05-11 14:00:00
4366,2024,5,11,1500,32,27,74.9,4,9999.0,NO,1006,15,0,2024-05-11 15:00:00
4367,2024,5,11,1530,32,27,74.9,4,9999.0,NO,1006,15,30,2024-05-11 15:30:00
4368,2024,5,11,1630,31,26,74.8,3,9999.0,NO,1006,16,30,2024-05-11 16:30:00
4369,2024,5,11,1730,29,26,83.9,2,9999.0,YES,1007,17,30,2024-05-11 17:30:00
4370,2024,5,11,1800,29,26,83.9,2,9999.0,YES,1008,18,0,2024-05-11 18:00:00
4371,2024,5,11,1830,29,26,83.9,3,9999.0,YES,1009,18,30,2024-05-11 18:30:00
4372,2024,5,11,1900,29,25,79.0,4,9999.0,YES,1009,19,0,2024-05-11 19:00:00
4373,2024,5,11,1930,28,24,78.9,3,9999.0,YES,1009,19,30,2024-05-11 19:30:00
4374,2024,5,11,2000,27,24,83.7,5,9999.0,NO,1009,20,0,2024-05-11 20:00:00
4375,2024,5,11,2030,26,24,88.7,4,9999.0,NO,1009,20,30,2024-05-11 20:30:00
4376,2024,5,11,2100,26,24,88.7,4,9999.0,NO,1010,21,0,2024-05-11 21:00:00
4377,2024,5,11,2130,26,24,88.7,3,9999.0,NO,1010,21,30,2024-05-11 21:30:00
4378,2024,5,11,2200,26,24,88.7,4,9999.0,NO,1010,22,0,2024-05-11 22:00:00
4379,2024,5,11,2230,26,24,88.7,3,9999.0,NO,1010,22,30,2024-05-11 22:30:00
4380,2024,5,11,2300,26,24,88.7,2,9999.0,NO,1010,23,0,2024-05-11 23:00:00
4381,2024,5,11,2330,25,24,94.2,1,9999.0,NO,1010,23,30,2024-05-11 23:30:00
4382,2024,5,12,0000,25,24,94.2,2,9999.0,NO,1010,0,0,2024-05-12 00:00:00
4383,2024,5,12,0030,26,24,88.7,2,9999.0,NO,1010,0,30,2024-05-12 00:30:00
4384,2024,5,12,0100,25,24,94.2,1,9999.0,NO,1010,1,0,2024-05-12 01:00:00
4385,2024,5,12,0200,25,24,94.2,2,9999.0,NO,1009,2,0,2024-05-12 02:00:00
4386,2024,5,12,0230,25,24,94.2,2,9999.0,NO,1009,2,30,2024-05-12 02:30:00
4387,2024,5,12,0300,25,24,94.2,3,9999.0,NO,1009,3,0,2024-05-12 03:00:00
4388,2024,5,12,0330,25,24,94.2,1,9999.0,YES,1009,3,30,2024-05-12 03:30:00
4389,2024,5,12,0400,25,24,94.2,2,9999.0,YES,1009,4,0,2024-05-12 04:00:00
4390,2024,5,12,0500,26,24,88.7,7,9999.0,YES,1010,5,0,2024-05-12 05:00:00
4391,2024,5,12,0530,26,24,88.7,6,9999.0,YES,1010,5,30,2024-05-12 05:30:00
4392,2024,5,12,0600,26,24,88.7,2,9999.0,YES,1010,6,0,2024-05-12 06:00:00
4393,2024,5,12,0630,26,24,88.7,2,9999.0,YES,1010,6,30,2024-05-12 06:30:00
4394,2024,5,12,0700,26,23,83.6,3,9999.0,NO,1011,7,0,2024-05-12 07:00:00
4395,2024,5,12,0800,27,24,83.7,7,9999.0,NO,1012,8,0,2024-05-12 08:00:00
4396,2024,5,12,0830,28,25,83.8,10,9999.0,NO,1012,8,30,2024-05-12 08:30:00
4397,2024,5,12,0900,28,24,78.9,10,9999.0,NO,1011,9,0,2024-05-12 09:00:00
4398,2024,5,12,1000,31,24,66.4,4,9999.0,NO,1011,10,0,2024-05-12 10:00:00
4399,2024,5,12,1030,30,24,70.3,4,9999.0,NO,1011,10,30,2024-05-12 10:30:00
4400,2024,5,12,1100,30,24,70.3,3,9999.0,NO,1010,11,0,2024-05-12 11:00:00
4401,2024,5,12,1130,31,23,62.5,2,9999.0,NO,1009,11,30,2024-05-12 11:30:00
4402,2024,5,12,1200,31,24,66.4,2,9999.0,NO,1009,12,0,2024-05-12 12:00:00
4403,2024,5,12,1230,31,24,66.4,4,9999.0,NO,1009,12,30,2024-05-12 12:30:00
4404,2024,5,12,1300,31,24,66.4,4,9999.0,NO,1009,13,0,2024-05-12 13:00:00
4405,2024,5,12,1330,31,24,66.4,3,9999.0,NO,1008,13,30,2024-05-12 13:30:00
4406,2024,5,12,1400,32,24,62.7,4,9999.0,NO,1008,14,0,2024-05-12 14:00:00
4407,2024,5,12,1430,31,24,66.4,4,9999.0,NO,1007,14,30,2024-05-12 14:30:00
4408,2024,5,12,1500,31,24,66.4,4,9999.0,NO,1007,15,0,2024-05-12 15:00:00
4409,2024,5,12,1600,31,24,66.4,4,9999.0,NO,1007,16,0,2024-05-12 16:00:00
4410,2024,5,12,1700,29,25,79.0,2,9999.0,NO,1007,17,0,2024-05-12 17:00:00
4411,2024,5,12,1730,28,25,83.8,4,9999.0,NO,1007,17,30,2024-05-12 17:30:00
4412,2024,5,12,1800,29,25,79.0,5,9999.0,NO,1008,18,0,2024-05-12 18:00:00
4413,2024,5,12,2000,26,25,94.2,1,9999.0,NO,1009,20,0,2024-05-12 20:00:00
4414,2024,5,12,2100,26,25,94.2,0,9999.0,NO,1011,21,0,2024-05-12 21:00:00
4415,2024,5,13,0630,27,25,88.8,2,8000.0,NO,1011,6,30,2024-05-13 06:30:00
4416,2024,5,13,0700,28,25,83.8,5,9999.0,NO,1011,7,0,2024-05-13 07:00:00
4417,2024,5,13,0730,28,24,78.9,6,9999.0,NO,1011,7,30,2024-05-13 07:30:00
4418,2024,5,13,0752,30,24,70.3,3,9999.0,NO,1011,7,52,2024-05-13 07:52:00
4419,2024,5,13,0800,30,25,74.6,3,9999.0,NO,1011,8,0,2024-05-13 08:00:00
4420,2024,5,13,0830,31,24,66.4,2,9999.0,NO,1011,8,30,2024-05-13 08:30:00
4421,2024,5,13,0900,31,24,66.4,2,9999.0,NO,1011,9,0,2024-05-13 09:00:00
4422,2024,5,13,0930,32,25,66.6,3,9999.0,NO,1011,9,30,2024-05-13 09:30:00
4423,2024,5,13,1000,33,24,59.2,3,9999.0,NO,1010,10,0,2024-05-13 10:00:00
4424,2024,5,13,1030,34,25,59.5,3,9999.0,NO,1011,10,30,2024-05-13 10:30:00
4425,2024,5,13,1100,33,24,59.2,4,9999.0,NO,1010,11,0,2024-05-13 11:00:00
4426,2024,5,13,1130,32,25,66.6,4,9999.0,NO,1010,11,30,2024-05-13 11:30:00
4427,2024,5,13,1200,31,26,74.8,3,9999.0,NO,1010,12,0,2024-05-13 12:00:00
4428,2024,5,13,1230,31,26,74.8,5,9999.0,NO,1009,12,30,2024-05-13 12:30:00
4429,2024,5,13,1300,33,26,66.8,3,9999.0,NO,1009,13,0,2024-05-13 13:00:00
4430,2024,5,13,1330,33,26,66.8,4,9999.0,NO,1008,13,30,2024-05-13 13:30:00
4431,2024,5,13,1400,32,26,70.6,4,9999.0,NO,1008,14,0,2024-05-13 14:00:00
4432,2024,5,13,1430,32,27,74.9,4,9999.0,NO,1008,14,30,2024-05-13 14:30:00
4433,2024,5,13,1500,32,26,70.6,4,9999.0,NO,1007,15,0,2024-05-13 15:00:00
4434,2024,5,13,1530,32,26,70.6,3,9999.0,NO,1007,15,30,2024-05-13 15:30:00
4435,2024,5,13,1600,32,26,70.6,4,9999.0,NO,1008,16,0,2024-05-13 16:00:00
4436,2024,5,13,1630,30,26,79.2,4,9999.0,NO,1008,16,30,2024-05-13 16:30:00
4437,2024,5,13,1700,30,26,79.2,4,9999.0,NO,1008,17,0,2024-05-13 17:00:00
4438,2024,5,13,1730,29,26,83.9,2,9999.0,NO,1009,17,30,2024-05-13 17:30:00
4439,2024,5,13,1800,29,26,83.9,2,9999.0,NO,1009,18,0,2024-05-13 18:00:00
4440,2024,5,13,1830,28,26,88.9,1,9999.0,NO,1009,18,30,2024-05-13 18:30:00
4441,2024,5,13,1900,28,26,88.9,2,9999.0,NO,1009,19,0,2024-05-13 19:00:00
4442,2024,5,13,1930,27,26,94.3,2,9999.0,NO,1009,19,30,2024-05-13 19:30:00
4443,2024,5,13,2000,27,26,94.3,2,9999.0,NO,1009,20,0,2024-05-13 20:00:00
4444,2024,5,13,2030,27,26,94.3,2,9999.0,NO,1010,20,30,2024-05-13 20:30:00
4445,2024,5,13,2100,27,26,94.3,0,9999.0,NO,1010,21,0,2024-05-13 21:00:00
4446,2024,5,13,2130,26,26,100.0,0,9999.0,NO,1010,21,30,2024-05-13 21:30:00
4447,2024,5,13,2200,27,26,94.3,1,9999.0,NO,1010,22,0,2024-05-13 22:00:00
4448,2024,5,13,2300,26,26,100.0,2,9999.0,NO,1010,23,0,2024-05-13 23:00:00
4449,2024,5,13,2330,26,26,100.0,0,9999.0,NO,1010,23,30,2024-05-13 23:30:00
4450,2024,5,14,0000,26,26,100.0,0,9999.0,NO,1009,0,0,2024-05-14 00:00:00
4451,2024,5,14,0030,26,26,100.0,1,8000.0,NO,1009,0,30,2024-05-14 00:30:00
4452,2024,5,14,0100,26,26,100.0,0,8000.0,NO,1009,1,0,2024-05-14 01:00:00
4453,2024,5,14,0130,26,26,100.0,2,8000.0,NO,1009,1,30,2024-05-14 01:30:00
4454,2024,5,14,0200,26,26,100.0,3,9999.0,NO,1009,2,0,2024-05-14 02:00:00
4455,2024,5,14,0230,26,26,100.0,3,9999.0,NO,1009,2,30,2024-05-14 02:30:00
4456,2024,5,14,0300,26,26,100.0,3,9999.0,NO,1009,3,0,2024-05-14 03:00:00
4457,2024,5,14,0330,26,26,100.0,2,9999.0,NO,1009,3,30,2024-05-14 03:30:00
4458,2024,5,14,0400,26,26,100.0,2,9999.0,YES,1010,4,0,2024-05-14 04:00:00
4459,2024,5,14,0430,26,26,100.0,0,9999.0,YES,1010,4,30,2024-05-14 04:30:00
4460,2024,5,14,0500,26,26,100.0,3,6000.0,YES,1010,5,0,2024-05-14 05:00:00
4461,2024,5,14,0530,26,26,100.0,2,7000.0,NO,1010,5,30,2024-05-14 05:30:00
4462,2024,5,14,0600,26,26,100.0,1,7000.0,NO,1011,6,0,2024-05-14 06:00:00
4463,2024,5,14,0630,27,26,94.3,3,6000.0,NO,1011,6,30,2024-05-14 06:30:00
4464,2024,5,14,0700,28,26,88.9,2,6000.0,NO,1011,7,0,2024-05-14 07:00:00
4465,2024,5,14,0730,29,26,83.9,1,7000.0,NO,1012,7,30,2024-05-14 07:30:00
4466,2024,5,14,0800,31,27,79.3,2,8000.0,NO,1012,8,0,2024-05-14 08:00:00
4467,2024,5,14,0830,32,27,74.9,1,8000.0,NO,1011,8,30,2024-05-14 08:30:00
4468,2024,5,14,0900,31,27,79.3,2,8000.0,NO,1011,9,0,2024-05-14 09:00:00
4469,2024,5,14,0930,32,27,74.9,1,8000.0,NO,1011,9,30,2024-05-14 09:30:00
4470,2024,5,14,1000,33,27,70.8,4,9999.0,NO,1011,10,0,2024-05-14 10:00:00
4471,2024,5,14,1030,32,27,74.9,4,9999.0,NO,1011,10,30,2024-05-14 10:30:00
4472,2024,5,14,1100,33,26,66.8,3,9999.0,NO,1011,11,0,2024-05-14 11:00:00
4473,2024,5,14,1200,33,27,70.8,4,9999.0,NO,1010,12,0,2024-05-14 12:00:00
4474,2024,5,14,1230,33,27,70.8,4,9999.0,NO,1010,12,30,2024-05-14 12:30:00
4475,2024,5,14,1300,33,27,70.8,5,9999.0,NO,1009,13,0,2024-05-14 13:00:00
4476,2024,5,14,1400,31,25,70.4,7,9999.0,YES,1009,14,0,2024-05-14 14:00:00
4477,2024,5,14,1430,30,26,79.2,2,9999.0,YES,1008,14,30,2024-05-14 14:30:00
4478,2024,5,14,1500,32,27,74.9,3,9999.0,YES,1008,15,0,2024-05-14 15:00:00
4479,2024,5,14,1630,30,27,84.0,3,9999.0,YES,1008,16,30,2024-05-14 16:30:00
4480,2024,5,14,1700,29,27,89.0,2,9999.0,YES,1009,17,0,2024-05-14 17:00:00
4481,2024,5,14,1830,27,24,83.7,2,8000.0,YES,1010,18,30,2024-05-14 18:30:00
4482,2024,5,14,1900,27,24,83.7,3,8000.0,YES,1010,19,0,2024-05-14 19:00:00
4483,2024,5,14,1930,27,24,83.7,4,8000.0,YES,1011,19,30,2024-05-14 19:30:00
4484,2024,5,14,2000,26,24,88.7,6,9999.0,YES,1012,20,0,2024-05-14 20:00:00
4485,2024,5,14,2030,26,24,88.7,4,9999.0,YES,1012,20,30,2024-05-14 20:30:00
4486,2024,5,14,2100,26,24,88.7,4,8000.0,YES,1012,21,0,2024-05-14 21:00:00
4487,2024,5,14,2130,25,24,94.2,4,9999.0,YES,1011,21,30,2024-05-14 21:30:00
4488,2024,5,14,2200,25,24,94.2,3,9999.0,YES,1011,22,0,2024-05-14 22:00:00
4489,2024,5,15,0000,25,24,94.2,2,4000.0,YES,1010,0,0,2024-05-15 00:00:00
4490,2024,5,15,0030,25,24,94.2,2,4000.0,YES,1009,0,30,2024-05-15 00:30:00
4491,2024,5,15,0100,25,24,94.2,3,,NO,1008,1,0,2024-05-15 01:00:00
4492,2024,5,15,0130,25,24,94.2,3,,NO,1008,1,30,2024-05-15 01:30:00
4493,2024,5,15,0200,25,24,94.2,1,,NO,1008,2,0,2024-05-15 02:00:00
4494,2024,5,15,0230,25,24,94.2,1,,NO,1008,2,30,2024-05-15 02:30:00
4495,2024,5,15,0300,25,24,94.2,2,,NO,1009,3,0,2024-05-15 03:00:00
4496,2024,5,15,0330,25,24,94.2,2,,NO,1009,3,30,2024-05-15 03:30:00
4497,2024,5,15,0400,24,24,100.0,0,,NO,1009,4,0,2024-05-15 04:00:00
4498,2024,5,15,0500,24,24,100.0,3,4000.0,NO,1010,5,0,2024-05-15 05:00:00
4499,2024,5,15,0530,25,24,94.2,4,8000.0,NO,1010,5,30,2024-05-15 05:30:00
4500,2024,5,15,0600,25,24,94.2,3,8000.0,NO,1010,6,0,2024-05-15 06:00:00
4501,2024,5,15,0630,25,24,94.2,1,8000.0,NO,1010,6,30,2024-05-15 06:30:00
4502,2024,5,15,0700,27,25,88.8,2,8000.0,NO,1011,7,0,2024-05-15 07:00:00
4503,2024,5,15,0730,28,25,83.8,2,9999.0,NO,1011,7,30,2024-05-15 07:30:00
4504,2024,5,15,0800,28,25,83.8,3,9999.0,NO,1011,8,0,2024-05-15 08:00:00
4505,2024,5,15,0830,29,26,83.9,2,9999.0,NO,1011,8,30,2024-05-15 08:30:00
4506,2024,5,15,0930,32,26,70.6,2,9999.0,NO,1011,9,30,2024-05-15 09:30:00
4507,2024,5,15,1000,33,25,62.9,3,9999.0,NO,1011,10,0,2024-05-15 10:00:00
4508,2024,5,15,1030,32,26,70.6,3,9999.0,NO,1010,10,30,2024-05-15 10:30:00
4509,2024,5,15,1100,33,26,66.8,3,9999.0,NO,1010,11,0,2024-05-15 11:00:00
4510,2024,5,15,1130,33,26,66.8,3,9999.0,NO,1010,11,30,2024-05-15 11:30:00
4511,2024,5,15,1200,34,26,63.1,4,9999.0,NO,1009,12,0,2024-05-15 12:00:00
4512,2024,5,15,1230,34,26,63.1,2,9999.0,NO,1008,12,30,2024-05-15 12:30:00
4513,2024,5,15,1300,33,25,62.9,2,9999.0,NO,1008,13,0,2024-05-15 13:00:00
4514,2024,5,15,1330,34,26,63.1,4,9999.0,NO,1007,13,30,2024-05-15 13:30:00
4515,2024,5,15,1400,34,26,63.1,4,9999.0,NO,1007,14,0,2024-05-15 14:00:00
4516,2024,5,15,1430,33,26,66.8,4,9999.0,NO,1007,14,30,2024-05-15 14:30:00
4517,2024,5,15,1530,33,26,66.8,4,9999.0,NO,1007,15,30,2024-05-15 15:30:00
4518,2024,5,15,1600,32,26,70.6,4,9999.0,NO,1007,16,0,2024-05-15 16:00:00
4519,2024,5,15,1630,32,26,70.6,3,9999.0,NO,1007,16,30,2024-05-15 16:30:00
4520,2024,5,15,1700,31,26,74.8,3,9999.0,NO,1007,17,0,2024-05-15 17:00:00
4521,2024,5,15,1730,30,26,79.2,3,9999.0,NO,1008,17,30,2024-05-15 17:30:00
4522,2024,5,15,1800,29,26,83.9,2,9999.0,NO,1008,18,0,2024-05-15 18:00:00
4523,2024,5,15,1900,29,26,83.9,2,9999.0,NO,1009,19,0,2024-05-15 19:00:00
4524,2024,5,15,1930,29,26,83.9,2,9999.0,NO,1009,19,30,2024-05-15 19:30:00
4525,2024,5,15,2000,29,26,83.9,2,9999.0,NO,1010,20,0,2024-05-15 20:00:00
4526,2024,5,15,2200,27,26,94.3,0,9999.0,NO,1010,22,0,2024-05-15 22:00:00
4527,2024,5,15,2230,27,26,94.3,0,9999.0,NO,1010,22,30,2024-05-15 22:30:00
4528,2024,5,15,2300,27,27,100.0,2,9999.0,NO,1010,23,0,2024-05-15 23:00:00
4529,2024,5,15,2330,27,27,100.0,3,9999.0,NO,1010,23,30,2024-05-15 23:30:00
4530,2024,5,16,0000,28,26,88.9,3,9999.0,NO,1010,0,0,2024-05-16 00:00:00
4531,2024,5,16,0030,28,26,88.9,3,9999.0,NO,1010,0,30,2024-05-16 00:30:00
4532,2024,5,16,0100,27,26,94.3,3,9999.0,NO,1010,1,0,2024-05-16 01:00:00
4533,2024,5,16,0130,27,26,94.3,3,9999.0,NO,1009,1,30,2024-05-16 01:30:00
4534,2024,5,16,0200,27,26,94.3,3,9999.0,NO,1009,2,0,2024-05-16 02:00:00
4535,2024,5,16,0230,27,26,94.3,2,9999.0,NO,1009,2,30,2024-05-16 02:30:00
4536,2024,5,16,0300,27,26,94.3,3,9999.0,YES,1010,3,0,2024-05-16 03:00:00
4537,2024,5,16,0400,26,25,94.2,2,9999.0,YES,1010,4,0,2024-05-16 04:00:00
4538,2024,5,16,0430,26,25,94.2,1,9999.0,YES,1010,4,30,2024-05-16 04:30:00
4539,2024,5,16,0500,26,26,100.0,3,9999.0,NO,1010,5,0,2024-05-16 05:00:00
4540,2024,5,16,0600,27,26,94.3,2,9999.0,NO,1010,6,0,2024-05-16 06:00:00
4541,2024,5,16,0630,28,26,88.9,0,8000.0,NO,1010,6,30,2024-05-16 06:30:00
4542,2024,5,16,0700,29,26,83.9,3,8000.0,NO,1011,7,0,2024-05-16 07:00:00
4543,2024,5,16,0930,32,27,74.9,2,8000.0,NO,1011,9,30,2024-05-16 09:30:00
4544,2024,5,16,1000,32,27,74.9,1,8000.0,NO,1011,10,0,2024-05-16 10:00:00
4545,2024,5,16,1030,32,27,74.9,2,9999.0,NO,1011,10,30,2024-05-16 10:30:00
4546,2024,5,16,1100,32,28,79.4,3,9999.0,NO,1010,11,0,2024-05-16 11:00:00
4547,2024,5,16,1130,32,27,74.9,4,9999.0,YES,1010,11,30,2024-05-16 11:30:00
4548,2024,5,16,1200,32,27,74.9,3,9999.0,NO,1009,12,0,2024-05-16 12:00:00
4549,2024,5,16,1230,33,27,70.8,4,9999.0,NO,1009,12,30,2024-05-16 12:30:00
4550,2024,5,16,1300,34,27,66.9,3,9999.0,NO,1009,13,0,2024-05-16 13:00:00
4551,2024,5,16,1430,33,27,70.8,4,9999.0,NO,1008,14,30,2024-05-16 14:30:00
4552,2024,5,16,1500,33,28,75.1,4,9999.0,NO,1007,15,0,2024-05-16 15:00:00
4553,2024,5,16,1600,32,27,74.9,3,9999.0,NO,1008,16,0,2024-05-16 16:00:00
4554,2024,5,16,1630,32,27,74.9,2,9999.0,NO,1008,16,30,2024-05-16 16:30:00
4555,2024,5,16,1700,31,26,74.8,2,9999.0,NO,1008,17,0,2024-05-16 17:00:00
4556,2024,5,16,1730,30,26,79.2,3,9999.0,NO,1008,17,30,2024-05-16 17:30:00
4557,2024,5,16,1830,29,26,83.9,2,9999.0,NO,1009,18,30,2024-05-16 18:30:00
4558,2024,5,16,1930,29,27,89.0,0,9999.0,NO,1010,19,30,2024-05-16 19:30:00
4559,2024,5,16,2000,28,27,94.3,0,9999.0,NO,1010,20,0,2024-05-16 20:00:00
4560,2024,5,16,2100,27,26,94.3,0,9999.0,NO,1011,21,0,2024-05-16 21:00:00
4561,2024,5,16,2200,27,27,100.0,2,9999.0,NO,1011,22,0,2024-05-16 22:00:00
4562,2024,5,16,2300,28,27,94.3,2,9999.0,NO,1011,23,0,2024-05-16 23:00:00
4563,2024,5,17,0000,27,27,100.0,2,9999.0,NO,1011,0,0,2024-05-17 00:00:00
4564,2024,5,17,0030,28,27,94.3,2,9999.0,YES,1011,0,30,2024-05-17 00:30:00
4565,2024,5,17,0100,28,26,88.9,2,9999.0,NO,1010,1,0,2024-05-17 01:00:00
4566,2024,5,17,0130,28,26,88.9,1,9999.0,NO,1010,1,30,2024-05-17 01:30:00
4567,2024,5,17,0200,27,26,94.3,0,9999.0,NO,1010,2,0,2024-05-17 02:00:00
4568,2024,5,17,0230,27,26,94.3,0,9999.0,NO,1010,2,30,2024-05-17 02:30:00
4569,2024,5,17,0300,27,26,94.3,0,9999.0,NO,1010,3,0,2024-05-17 03:00:00
4570,2024,5,17,0400,27,26,94.3,0,9999.0,NO,1010,4,0,2024-05-17 04:00:00
4571,2024,5,17,0430,27,26,94.3,0,9999.0,NO,1011,4,30,2024-05-17 04:30:00
4572,2024,5,17,0500,27,26,94.3,0,9999.0,NO,1011,5,0,2024-05-17 05:00:00
4573,2024,5,17,0530,27,26,94.3,0,9999.0,NO,1011,5,30,2024-05-17 05:30:00
4574,2024,5,17,0600,27,27,100.0,0,9999.0,NO,1011,6,0,2024-05-17 06:00:00
4575,2024,5,17,0630,28,27,94.3,0,9999.0,NO,1011,6,30,2024-05-17 06:30:00
4576,2024,5,17,0700,29,27,89.0,0,9999.0,NO,1011,7,0,2024-05-17 07:00:00
4577,2024,5,17,0730,31,27,79.3,2,9999.0,NO,1012,7,30,2024-05-17 07:30:00
4578,2024,5,17,0800,32,27,74.9,1,9999.0,NO,1012,8,0,2024-05-17 08:00:00
4579,2024,5,17,0830,32,26,70.6,3,9999.0,NO,1012,8,30,2024-05-17 08:30:00
4580,2024,5,17,0900,32,27,74.9,2,9999.0,NO,1012,9,0,2024-05-17 09:00:00
4581,2024,5,17,1000,31,27,79.3,2,9999.0,NO,1012,10,0,2024-05-17 10:00:00
4582,2024,5,17,1100,34,26,63.1,2,9999.0,NO,1011,11,0,2024-05-17 11:00:00
4583,2024,5,17,1200,33,27,70.8,3,9999.0,NO,1010,12,0,2024-05-17 12:00:00
4584,2024,5,17,1230,33,28,75.1,4,9999.0,NO,1009,12,30,2024-05-17 12:30:00
4585,2024,5,17,1400,34,28,71.0,5,9999.0,NO,1008,14,0,2024-05-17 14:00:00
4586,2024,5,17,1430,33,28,75.1,5,,NO,1008,14,30,2024-05-17 14:30:00
4587,2024,5,17,1500,33,28,75.1,5,9999.0,NO,1007,15,0,2024-05-17 15:00:00
4588,2024,5,17,1530,33,27,70.8,5,9999.0,NO,1007,15,30,2024-05-17 15:30:00
4589,2024,5,17,1600,32,27,74.9,4,9999.0,NO,1007,16,0,2024-05-17 16:00:00
4590,2024,5,17,1630,31,27,79.3,5,9999.0,NO,1007,16,30,2024-05-17 16:30:00
4591,2024,5,17,1700,30,26,79.2,5,9999.0,NO,1009,17,0,2024-05-17 17:00:00
4592,2024,5,17,1730,30,26,79.2,4,9999.0,NO,1009,17,30,2024-05-17 17:30:00
4593,2024,5,17,1800,30,27,84.0,2,9999.0,YES,1009,18,0,2024-05-17 18:00:00
4594,2024,5,17,1830,29,27,89.0,2,9999.0,YES,1010,18,30,2024-05-17 18:30:00
4595,2024,5,17,1900,26,24,88.7,4,9999.0,YES,1011,19,0,2024-05-17 19:00:00
4596,2024,5,17,2000,24,23,94.1,6,6000.0,YES,1012,20,0,2024-05-17 20:00:00
4597,2024,5,17,2100,25,24,94.2,5,9999.0,NO,1012,21,0,2024-05-17 21:00:00
4598,2024,5,17,2200,25,24,94.2,2,9999.0,NO,1012,22,0,2024-05-17 22:00:00
4599,2024,5,17,2230,26,25,94.2,5,9999.0,NO,1013,22,30,2024-05-17 22:30:00
4600,2024,5,17,2300,25,24,94.2,7,6000.0,YES,1013,23,0,2024-05-17 23:00:00
4601,2024,5,17,2330,25,24,94.2,2,8000.0,YES,1013,23,30,2024-05-17 23:30:00
4602,2024,5,18,0000,25,23,88.7,4,9999.0,YES,1013,0,0,2024-05-18 00:00:00
4603,2024,5,18,0100,24,24,100.0,5,9999.0,YES,1010,1,0,2024-05-18 01:00:00
4604,2024,5,18,0200,24,24,100.0,2,9999.0,YES,1009,2,0,2024-05-18 02:00:00
4605,2024,5,18,0300,24,24,100.0,4,9999.0,YES,1010,3,0,2024-05-18 03:00:00
4606,2024,5,18,0400,24,24,100.0,4,9999.0,YES,1011,4,0,2024-05-18 04:00:00
4607,2024,5,18,0430,24,24,100.0,3,9999.0,YES,1011,4,30,2024-05-18 04:30:00
4608,2024,5,18,0500,24,24,100.0,0,8000.0,NO,1011,5,0,2024-05-18 05:00:00
4609,2024,5,18,0600,24,24,100.0,1,6000.0,NO,1013,6,0,2024-05-18 06:00:00
4610,2024,5,18,0630,25,24,94.2,2,7000.0,NO,1013,6,30,2024-05-18 06:30:00
4611,2024,5,18,1100,30,24,70.3,2,9999.0,NO,1011,11,0,2024-05-18 11:00:00
4612,2024,5,18,1200,30,25,74.6,2,9999.0,NO,1010,12,0,2024-05-18 12:00:00
4613,2024,5,18,1230,31,24,66.4,2,9999.0,NO,1010,12,30,2024-05-18 12:30:00
4614,2024,5,18,1300,31,25,70.4,2,9999.0,NO,1009,13,0,2024-05-18 13:00:00
4615,2024,5,18,1400,31,26,74.8,4,9999.0,NO,1009,14,0,2024-05-18 14:00:00
4616,2024,5,18,1430,31,26,74.8,4,9999.0,NO,1009,14,30,2024-05-18 14:30:00
4617,2024,5,18,1500,31,25,70.4,3,9999.0,NO,1008,15,0,2024-05-18 15:00:00
4618,2024,5,18,1530,32,26,70.6,2,9999.0,NO,1008,15,30,2024-05-18 15:30:00
4619,2024,5,18,1600,31,24,66.4,3,9999.0,NO,1008,16,0,2024-05-18 16:00:00
4620,2024,5,18,1630,30,24,70.3,2,9999.0,NO,1008,16,30,2024-05-18 16:30:00
4621,2024,5,18,1730,28,25,83.8,1,9999.0,NO,1009,17,30,2024-05-18 17:30:00
4622,2024,5,18,1800,28,25,83.8,2,9999.0,NO,1009,18,0,2024-05-18 18:00:00
4623,2024,5,18,1830,28,26,88.9,2,9999.0,NO,1010,18,30,2024-05-18 18:30:00
4624,2024,5,18,1900,28,26,88.9,2,9999.0,NO,1011,19,0,2024-05-18 19:00:00
4625,2024,5,18,1930,28,26,88.9,2,9999.0,NO,1011,19,30,2024-05-18 19:30:00
4626,2024,5,18,2000,27,26,94.3,2,9999.0,NO,1012,20,0,2024-05-18 20:00:00
4627,2024,5,18,2030,27,26,94.3,0,9999.0,NO,1012,20,30,2024-05-18 20:30:00
4628,2024,5,18,2100,27,26,94.3,0,9999.0,NO,1012,21,0,2024-05-18 21:00:00
4629,2024,5,18,2130,26,26,100.0,0,9999.0,NO,1012,21,30,2024-05-18 21:30:00
4630,2024,5,18,2200,26,25,94.2,1,9999.0,NO,1011,22,0,2024-05-18 22:00:00
4631,2024,5,18,2230,26,25,94.2,1,9999.0,NO,1011,22,30,2024-05-18 22:30:00
4632,2024,5,18,2330,26,26,100.0,0,9999.0,NO,1011,23,30,2024-05-18 23:30:00
4633,2024,5,19,0000,26,26,100.0,1,9999.0,NO,1011,0,0,2024-05-19 00:00:00
4634,2024,5,19,0030,26,26,100.0,0,9999.0,NO,1011,0,30,2024-05-19 00:30:00
4635,2024,5,19,0100,27,26,94.3,2,9999.0,NO,1010,1,0,2024-05-19 01:00:00
4636,2024,5,19,0200,26,26,100.0,0,9999.0,NO,1010,2,0,2024-05-19 02:00:00
4637,2024,5,19,0300,26,26,100.0,1,6000.0,NO,1009,3,0,2024-05-19 03:00:00
4638,2024,5,19,0400,26,25,94.2,2,6000.0,NO,1009,4,0,2024-05-19 04:00:00
4639,2024,5,19,0430,26,25,94.2,2,6000.0,NO,1010,4,30,2024-05-19 04:30:00
4640,2024,5,19,0500,26,25,94.2,1,8000.0,NO,1010,5,0,2024-05-19 05:00:00
4641,2024,5,19,0530,26,26,100.0,3,8000.0,NO,1010,5,30,2024-05-19 05:30:00
4642,2024,5,19,0600,26,26,100.0,1,8000.0,NO,1010,6,0,2024-05-19 06:00:00
4643,2024,5,19,0630,27,25,88.8,2,6000.0,NO,1010,6,30,2024-05-19 06:30:00
4644,2024,5,19,0643,28,25,83.8,2,6000.0,NO,1011,6,43,2024-05-19 06:43:00
4645,2024,5,19,0700,29,26,83.9,3,7000.0,NO,1011,7,0,2024-05-19 07:00:00
4646,2024,5,19,0730,29,26,83.9,4,7000.0,NO,1011,7,30,2024-05-19 07:30:00
4647,2024,5,19,0800,29,26,83.9,4,9999.0,NO,1011,8,0,2024-05-19 08:00:00
4648,2024,5,19,0830,29,26,83.9,6,9999.0,NO,1011,8,30,2024-05-19 08:30:00
4649,2024,5,19,0900,30,26,79.2,4,9999.0,NO,1011,9,0,2024-05-19 09:00:00
4650,2024,5,19,0930,31,27,79.3,2,9999.0,NO,1011,9,30,2024-05-19 09:30:00
4651,2024,5,19,1000,32,27,74.9,3,9999.0,NO,1011,10,0,2024-05-19 10:00:00
4652,2024,5,19,1030,32,26,70.6,4,9999.0,NO,1010,10,30,2024-05-19 10:30:00
4653,2024,5,19,1100,33,26,66.8,3,9999.0,NO,1010,11,0,2024-05-19 11:00:00
4654,2024,5,19,1130,33,25,62.9,4,9999.0,NO,1009,11,30,2024-05-19 11:30:00
4655,2024,5,19,1200,34,27,66.9,3,9999.0,NO,1009,12,0,2024-05-19 12:00:00
4656,2024,5,19,1230,34,26,63.1,4,9999.0,NO,1008,12,30,2024-05-19 12:30:00
4657,2024,5,19,1300,34,27,66.9,2,9999.0,NO,1008,13,0,2024-05-19 13:00:00
4658,2024,5,19,1330,34,26,63.1,3,9999.0,NO,1008,13,30,2024-05-19 13:30:00
4659,2024,5,19,1400,34,26,63.1,4,9999.0,NO,1007,14,0,2024-05-19 14:00:00
4660,2024,5,19,1430,33,26,66.8,4,9999.0,NO,1007,14,30,2024-05-19 14:30:00
4661,2024,5,19,1600,32,26,70.6,4,9999.0,NO,1007,16,0,2024-05-19 16:00:00
4662,2024,5,19,1630,31,27,79.3,4,9999.0,YES,1007,16,30,2024-05-19 16:30:00
4663,2024,5,20,0000,24,23,94.1,2,9999.0,YES,1010,0,0,2024-05-20 00:00:00
4664,2024,5,20,0030,24,24,100.0,1,9999.0,YES,1010,0,30,2024-05-20 00:30:00
4665,2024,5,20,0100,24,24,100.0,0,9999.0,YES,1010,1,0,2024-05-20 01:00:00
4666,2024,5,20,0130,24,24,100.0,2,9999.0,YES,1010,1,30,2024-05-20 01:30:00
4667,2024,5,20,0200,24,24,100.0,2,9999.0,YES,1009,2,0,2024-05-20 02:00:00
4668,2024,5,20,0230,24,24,100.0,2,9999.0,YES,1009,2,30,2024-05-20 02:30:00
4669,2024,5,20,0300,24,24,100.0,2,9999.0,YES,1009,3,0,2024-05-20 03:00:00
4670,2024,5,20,0330,24,24,100.0,2,9999.0,NO,1010,3,30,2024-05-20 03:30:00
4671,2024,5,20,0400,24,24,100.0,1,9999.0,NO,1010,4,0,2024-05-20 04:00:00
4672,2024,5,20,0430,24,24,100.0,0,9999.0,NO,1010,4,30,2024-05-20 04:30:00
4673,2024,5,20,0500,24,24,100.0,2,9999.0,NO,1010,5,0,2024-05-20 05:00:00
4674,2024,5,20,0530,24,24,100.0,0,9999.0,NO,1010,5,30,2024-05-20 05:30:00
4675,2024,5,20,0600,25,24,94.2,1,9999.0,NO,1011,6,0,2024-05-20 06:00:00
4676,2024,5,20,0630,26,25,94.2,2,9999.0,NO,1011,6,30,2024-05-20 06:30:00
4677,2024,5,20,0700,28,24,78.9,3,9999.0,NO,1010,7,0,2024-05-20 07:00:00
4678,2024,5,20,0730,28,25,83.8,3,9999.0,NO,1011,7,30,2024-05-20 07:30:00
4679,2024,5,20,0800,29,25,79.0,3,,NO,1011,8,0,2024-05-20 08:00:00
4680,2024,5,20,0830,30,25,74.6,3,9999.0,NO,1012,8,30,2024-05-20 08:30:00
4681,2024,5,20,0930,32,26,70.6,2,9999.0,NO,1011,9,30,2024-05-20 09:30:00
4682,2024,5,20,1000,31,26,74.8,3,9999.0,NO,1011,10,0,2024-05-20 10:00:00
4683,2024,5,20,1100,31,26,74.8,3,9999.0,NO,1011,11,0,2024-05-20 11:00:00
4684,2024,5,20,1200,33,26,66.8,4,9999.0,NO,1011,12,0,2024-05-20 12:00:00
4685,2024,5,20,1230,32,26,70.6,5,9999.0,NO,1010,12,30,2024-05-20 12:30:00
4686,2024,5,20,1300,32,26,70.6,4,9999.0,NO,1009,13,0,2024-05-20 13:00:00
4687,2024,5,20,1330,32,26,70.6,4,9999.0,NO,1009,13,30,2024-05-20 13:30:00
4688,2024,5,20,1400,32,26,70.6,4,9999.0,NO,1008,14,0,2024-05-20 14:00:00
4689,2024,5,20,1500,31,26,74.8,4,9999.0,YES,1008,15,0,2024-05-20 15:00:00
4690,2024,5,20,1530,30,26,79.2,4,9999.0,YES,1008,15,30,2024-05-20 15:30:00
4691,2024,5,20,1600,30,26,79.2,3,9999.0,NO,1008,16,0,2024-05-20 16:00:00
4692,2024,5,20,1830,28,26,88.9,1,9999.0,NO,1010,18,30,2024-05-20 18:30:00
4693,2024,5,20,1900,28,26,88.9,2,9999.0,NO,1010,19,0,2024-05-20 19:00:00
4694,2024,5,20,2000,28,27,94.3,1,9999.0,YES,1010,20,0,2024-05-20 20:00:00
4695,2024,5,20,2030,27,27,100.0,1,9999.0,YES,1011,20,30,2024-05-20 20:30:00
4696,2024,5,20,2100,27,27,100.0,3,9999.0,YES,1011,21,0,2024-05-20 21:00:00
4697,2024,5,20,2130,28,27,94.3,2,9999.0,YES,1012,21,30,2024-05-20 21:30:00
4698,2024,5,20,2200,28,27,94.3,2,9999.0,YES,1012,22,0,2024-05-20 22:00:00
4699,2024,5,21,0000,27,26,94.3,2,9999.0,YES,1011,0,0,2024-05-21 00:00:00
4700,2024,5,21,0100,27,26,94.3,3,9999.0,YES,1011,1,0,2024-05-21 01:00:00
4701,2024,5,21,0200,26,26,100.0,0,9999.0,NO,1010,2,0,2024-05-21 02:00:00
4702,2024,5,21,0230,26,26,100.0,0,9999.0,NO,1011,2,30,2024-05-21 02:30:00
4703,2024,5,21,0300,26,25,94.2,2,9999.0,NO,1011,3,0,2024-05-21 03:00:00
4704,2024,5,21,0330,26,24,88.7,2,9999.0,NO,1011,3,30,2024-05-21 03:30:00
4705,2024,5,21,0400,25,24,94.2,1,9999.0,NO,1011,4,0,2024-05-21 04:00:00
4706,2024,5,21,0430,25,24,94.2,3,9999.0,NO,1011,4,30,2024-05-21 04:30:00
4707,2024,5,21,0500,25,24,94.2,2,9999.0,NO,1011,5,0,2024-05-21 05:00:00
4708,2024,5,21,0600,25,24,94.2,1,9999.0,NO,1012,6,0,2024-05-21 06:00:00
4709,2024,5,21,0630,26,24,88.7,2,9999.0,NO,1012,6,30,2024-05-21 06:30:00
4710,2024,5,21,0700,26,24,88.7,3,9999.0,NO,1012,7,0,2024-05-21 07:00:00
4711,2024,5,21,0730,27,24,83.7,1,9999.0,NO,1013,7,30,2024-05-21 07:30:00
4712,2024,5,21,0800,28,24,78.9,0,9999.0,NO,1013,8,0,2024-05-21 08:00:00
4713,2024,5,21,0900,29,24,74.4,0,9999.0,NO,1013,9,0,2024-05-21 09:00:00
4714,2024,5,21,0930,30,24,70.3,0,6000.0,NO,1012,9,30,2024-05-21 09:30:00
4715,2024,5,21,1000,31,25,70.4,2,6000.0,NO,1012,10,0,2024-05-21 10:00:00
4716,2024,5,21,1030,32,25,66.6,3,6000.0,NO,1012,10,30,2024-05-21 10:30:00
4717,2024,5,21,1100,33,26,66.8,3,7000.0,NO,1012,11,0,2024-05-21 11:00:00
4718,2024,5,21,1130,33,26,66.8,2,7000.0,NO,1011,11,30,2024-05-21 11:30:00
4719,2024,5,21,1300,33,27,70.8,3,9999.0,NO,1010,13,0,2024-05-21 13:00:00
4720,2024,5,21,1400,34,26,63.1,3,9999.0,NO,1009,14,0,2024-05-21 14:00:00
4721,2024,5,21,1500,32,26,70.6,4,9999.0,NO,1009,15,0,2024-05-21 15:00:00
4722,2024,5,21,1600,31,26,74.8,4,9999.0,NO,1009,16,0,2024-05-21 16:00:00
4723,2024,5,21,1900,28,26,88.9,2,9999.0,NO,1010,19,0,2024-05-21 19:00:00
4724,2024,5,21,2200,27,26,94.3,1,9999.0,NO,1012,22,0,2024-05-21 22:00:00
4725,2024,5,21,2230,26,26,100.0,2,9999.0,NO,1012,22,30,2024-05-21 22:30:00
4726,2024,5,21,2300,26,26,100.0,0,9999.0,NO,1011,23,0,2024-05-21 23:00:00
4727,2024,5,21,2330,26,25,94.2,0,9999.0,NO,1011,23,30,2024-05-21 23:30:00
4728,2024,5,22,0000,26,25,94.2,1,9999.0,NO,1011,0,0,2024-05-22 00:00:00
4729,2024,5,22,0030,26,26,100.0,1,9999.0,NO,1011,0,30,2024-05-22 00:30:00
4730,2024,5,22,0100,26,26,100.0,2,9999.0,NO,1011,1,0,2024-05-22 01:00:00
4731,2024,5,22,0130,27,26,94.3,0,9999.0,NO,1011,1,30,2024-05-22 01:30:00
4732,2024,5,22,0200,27,26,94.3,0,9999.0,NO,1011,2,0,2024-05-22 02:00:00
4733,2024,5,22,0300,26,24,88.7,5,,YES,1011,3,0,2024-05-22 03:00:00
4734,2024,5,22,0400,24,24,100.0,3,700.0,YES,1013,4,0,2024-05-22 04:00:00
4735,2024,5,22,0500,24,23,94.1,6,7000.0,YES,1012,5,0,2024-05-22 05:00:00
4736,2024,5,22,0530,24,23,94.1,6,8000.0,YES,1013,5,30,2024-05-22 05:30:00
4737,2024,5,22,0600,24,23,94.1,2,8000.0,YES,1013,6,0,2024-05-22 06:00:00
4738,2024,5,22,0630,24,23,94.1,1,9999.0,NO,1014,6,30,2024-05-22 06:30:00
4739,2024,5,22,0700,24,24,100.0,1,9999.0,NO,1014,7,0,2024-05-22 07:00:00
4740,2024,5,22,0730,24,23,94.1,2,9999.0,NO,1013,7,30,2024-05-22 07:30:00
4741,2024,5,22,0800,25,23,88.7,2,7000.0,YES,1013,8,0,2024-05-22 08:00:00
4742,2024,5,22,0830,25,24,94.2,3,7000.0,YES,1014,8,30,2024-05-22 08:30:00
4743,2024,5,22,0900,25,24,94.2,4,8000.0,YES,1015,9,0,2024-05-22 09:00:00
4744,2024,5,22,0930,25,24,94.2,2,9999.0,YES,1015,9,30,2024-05-22 09:30:00
4745,2024,5,22,1000,25,24,94.2,0,9999.0,YES,1015,10,0,2024-05-22 10:00:00
4746,2024,5,22,1030,26,23,83.6,1,9999.0,YES,1015,10,30,2024-05-22 10:30:00
4747,2024,5,22,1100,27,24,83.7,2,9999.0,NO,1014,11,0,2024-05-22 11:00:00
4748,2024,5,22,1130,28,24,78.9,2,9999.0,NO,1013,11,30,2024-05-22 11:30:00
4749,2024,5,22,1200,28,24,78.9,3,9999.0,NO,1012,12,0,2024-05-22 12:00:00
4750,2024,5,22,1300,29,24,74.4,4,9999.0,NO,1011,13,0,2024-05-22 13:00:00
4751,2024,5,22,1400,28,23,74.3,4,9999.0,NO,1010,14,0,2024-05-22 14:00:00
4752,2024,5,22,1500,28,25,83.8,1,9999.0,NO,1010,15,0,2024-05-22 15:00:00
4753,2024,5,22,1530,28,24,78.9,2,9999.0,NO,1010,15,30,2024-05-22 15:30:00
4754,2024,5,22,1600,28,24,78.9,2,9999.0,NO,1010,16,0,2024-05-22 16:00:00
4755,2024,5,22,1700,27,25,88.8,2,9999.0,NO,1010,17,0,2024-05-22 17:00:00
4756,2024,5,22,1800,26,25,94.2,0,9999.0,NO,1010,18,0,2024-05-22 18:00:00
4757,2024,5,22,1900,26,25,94.2,0,9999.0,NO,1010,19,0,2024-05-22 19:00:00
4758,2024,5,22,2300,26,25,94.2,1,9999.0,NO,1012,23,0,2024-05-22 23:00:00
4759,2024,5,22,2330,26,25,94.2,1,9999.0,NO,1012,23,30,2024-05-22 23:30:00
4760,2024,5,23,0000,25,25,100.0,0,9999.0,NO,1011,0,0,2024-05-23 00:00:00
4761,2024,5,23,0030,25,25,100.0,0,9999.0,NO,1011,0,30,2024-05-23 00:30:00
4762,2024,5,23,0100,25,25,100.0,0,9999.0,NO,1011,1,0,2024-05-23 01:00:00
4763,2024,5,23,0200,25,25,100.0,0,9999.0,NO,1011,2,0,2024-05-23 02:00:00
4764,2024,5,23,0300,25,25,100.0,0,9999.0,NO,1011,3,0,2024-05-23 03:00:00
4765,2024,5,23,0400,25,24,94.2,1,9999.0,NO,1011,4,0,2024-05-23 04:00:00
4766,2024,5,23,0500,25,25,100.0,2,6000.0,NO,1012,5,0,2024-05-23 05:00:00
4767,2024,5,23,0800,30,25,74.6,2,6000.0,NO,1013,8,0,2024-05-23 08:00:00
4768,2024,5,23,0900,32,25,66.6,3,8000.0,NO,1013,9,0,2024-05-23 09:00:00
4769,2024,5,23,1000,31,25,70.4,2,9999.0,NO,1012,10,0,2024-05-23 10:00:00
4770,2024,5,23,1100,31,25,70.4,3,9999.0,NO,1012,11,0,2024-05-23 11:00:00
4771,2024,5,23,1200,33,25,62.9,3,9999.0,NO,1011,12,0,2024-05-23 12:00:00
4772,2024,5,23,1230,32,26,70.6,3,9999.0,NO,1010,12,30,2024-05-23 12:30:00
4773,2024,5,23,1300,33,25,62.9,4,9999.0,NO,1010,13,0,2024-05-23 13:00:00
4774,2024,5,23,1330,33,26,66.8,4,9999.0,NO,1010,13,30,2024-05-23 13:30:00
4775,2024,5,23,1400,32,27,74.9,4,9999.0,NO,1009,14,0,2024-05-23 14:00:00
4776,2024,5,23,1500,31,26,74.8,4,9999.0,NO,1009,15,0,2024-05-23 15:00:00
4777,2024,5,23,1630,31,25,70.4,3,9999.0,NO,1008,16,30,2024-05-23 16:30:00
4778,2024,5,23,1730,29,25,79.0,2,9999.0,NO,1009,17,30,2024-05-23 17:30:00
4779,2024,5,23,1800,28,25,83.8,0,9999.0,NO,1009,18,0,2024-05-23 18:00:00
4780,2024,5,23,1830,27,26,94.3,0,9999.0,NO,1010,18,30,2024-05-23 18:30:00
4781,2024,5,23,1900,27,26,94.3,0,9999.0,NO,1010,19,0,2024-05-23 19:00:00
4782,2024,5,23,2030,27,26,94.3,1,9999.0,NO,1011,20,30,2024-05-23 20:30:00
4783,2024,5,23,2100,27,26,94.3,0,9999.0,NO,1011,21,0,2024-05-23 21:00:00
4784,2024,5,23,2200,27,26,94.3,0,9999.0,NO,1012,22,0,2024-05-23 22:00:00
4785,2024,5,23,2300,27,26,94.3,0,9999.0,NO,1012,23,0,2024-05-23 23:00:00
4786,2024,5,24,0000,27,26,94.3,0,9999.0,NO,1011,0,0,2024-05-24 00:00:00
4787,2024,5,24,0030,27,26,94.3,2,9999.0,NO,1011,0,30,2024-05-24 00:30:00
4788,2024,5,24,0100,27,26,94.3,2,9999.0,NO,1011,1,0,2024-05-24 01:00:00
4789,2024,5,24,0200,27,26,94.3,3,9999.0,NO,1010,2,0,2024-05-24 02:00:00
4790,2024,5,24,0230,27,26,94.3,4,9999.0,NO,1010,2,30,2024-05-24 02:30:00
4791,2024,5,24,0300,27,26,94.3,3,9999.0,NO,1010,3,0,2024-05-24 03:00:00
4792,2024,5,24,0330,27,26,94.3,3,9999.0,NO,1010,3,30,2024-05-24 03:30:00
4793,2024,5,24,0400,26,24,88.7,3,9999.0,NO,1010,4,0,2024-05-24 04:00:00
4794,2024,5,24,0500,25,23,88.7,1,9999.0,NO,1010,5,0,2024-05-24 05:00:00
4795,2024,5,24,0600,25,23,88.7,2,9999.0,NO,1011,6,0,2024-05-24 06:00:00
4796,2024,5,24,0700,28,24,78.9,1,8000.0,NO,1012,7,0,2024-05-24 07:00:00
4797,2024,5,24,0800,28,24,78.9,2,6000.0,NO,1013,8,0,2024-05-24 08:00:00
4798,2024,5,24,0830,29,24,74.4,2,6000.0,NO,1013,8,30,2024-05-24 08:30:00
4799,2024,5,24,0900,30,24,70.3,2,6000.0,NO,1013,9,0,2024-05-24 09:00:00
4800,2024,5,24,0930,30,25,74.6,3,6000.0,NO,1013,9,30,2024-05-24 09:30:00
4801,2024,5,24,1000,31,25,70.4,4,7000.0,NO,1013,10,0,2024-05-24 10:00:00
4802,2024,5,24,1030,31,26,74.8,2,8000.0,NO,1012,10,30,2024-05-24 10:30:00
4803,2024,5,24,1200,28,25,83.8,4,9999.0,YES,1012,12,0,2024-05-24 12:00:00
4804,2024,5,24,1300,29,25,79.0,7,9999.0,YES,1011,13,0,2024-05-24 13:00:00
4805,2024,5,24,1400,29,25,79.0,5,,NO,1011,14,0,2024-05-24 14:00:00
4806,2024,5,24,1500,28,25,83.8,5,,YES,1010,15,0,2024-05-24 15:00:00
4807,2024,5,24,1530,27,25,88.8,5,,YES,1010,15,30,2024-05-24 15:30:00
4808,2024,5,24,1600,28,25,83.8,7,9999.0,YES,1010,16,0,2024-05-24 16:00:00
4809,2024,5,24,1630,27,25,88.8,4,9999.0,YES,1010,16,30,2024-05-24 16:30:00
4810,2024,5,24,1830,27,25,88.8,2,9999.0,NO,1011,18,30,2024-05-24 18:30:00
4811,2024,5,24,1900,27,26,94.3,1,9999.0,NO,1011,19,0,2024-05-24 19:00:00
4812,2024,5,24,1930,27,26,94.3,0,9999.0,NO,1012,19,30,2024-05-24 19:30:00
4813,2024,5,24,2000,26,25,94.2,1,9999.0,NO,1012,20,0,2024-05-24 20:00:00
4814,2024,5,24,2030,26,26,100.0,1,9999.0,NO,1012,20,30,2024-05-24 20:30:00
4815,2024,5,24,2100,26,26,100.0,3,9999.0,NO,1012,21,0,2024-05-24 21:00:00
4816,2024,5,24,2130,26,25,94.2,4,9999.0,NO,1012,21,30,2024-05-24 21:30:00
4817,2024,5,24,2230,26,25,94.2,4,9999.0,NO,1013,22,30,2024-05-24 22:30:00
4818,2024,5,24,2300,26,25,94.2,3,9999.0,NO,1013,23,0,2024-05-24 23:00:00
4819,2024,5,24,2330,25,24,94.2,2,9999.0,NO,1012,23,30,2024-05-24 23:30:00
4820,2024,5,25,0000,25,24,94.2,1,9999.0,NO,1012,0,0,2024-05-25 00:00:00
4821,2024,5,25,0030,25,25,100.0,2,9999.0,NO,1012,0,30,2024-05-25 00:30:00
4822,2024,5,25,0100,25,25,100.0,0,9999.0,NO,1011,1,0,2024-05-25 01:00:00
4823,2024,5,25,0130,25,25,100.0,0,9999.0,NO,1011,1,30,2024-05-25 01:30:00
4824,2024,5,25,0200,25,24,94.2,0,9999.0,NO,1011,2,0,2024-05-25 02:00:00
4825,2024,5,25,0230,25,25,100.0,2,9999.0,NO,1011,2,30,2024-05-25 02:30:00
4826,2024,5,25,0300,25,25,100.0,2,9999.0,NO,1011,3,0,2024-05-25 03:00:00
4827,2024,5,25,0400,25,24,94.2,2,9999.0,NO,1012,4,0,2024-05-25 04:00:00
4828,2024,5,25,0730,27,25,88.8,3,8000.0,NO,1013,7,30,2024-05-25 07:30:00
4829,2024,5,25,0800,28,25,83.8,3,8000.0,NO,1014,8,0,2024-05-25 08:00:00
4830,2024,5,25,0830,29,25,79.0,3,8000.0,NO,1014,8,30,2024-05-25 08:30:00
4831,2024,5,25,0900,30,25,74.6,2,8000.0,NO,1014,9,0,2024-05-25 09:00:00
4832,2024,5,25,0930,30,25,74.6,3,8000.0,NO,1014,9,30,2024-05-25 09:30:00
4833,2024,5,25,1000,32,25,66.6,3,8000.0,NO,1013,10,0,2024-05-25 10:00:00
4834,2024,5,25,1100,30,26,79.2,5,8000.0,NO,1012,11,0,2024-05-25 11:00:00
4835,2024,5,25,1130,30,26,79.2,4,9999.0,NO,1012,11,30,2024-05-25 11:30:00
4836,2024,5,25,1200,30,25,74.6,4,9999.0,NO,1011,12,0,2024-05-25 12:00:00
4837,2024,5,25,1230,31,25,70.4,4,9999.0,NO,1011,12,30,2024-05-25 12:30:00
4838,2024,5,25,1330,32,25,66.6,3,9999.0,NO,1010,13,30,2024-05-25 13:30:00
4839,2024,5,25,1400,32,25,66.6,3,9999.0,NO,1010,14,0,2024-05-25 14:00:00
4840,2024,5,25,1430,31,25,70.4,3,9999.0,NO,1010,14,30,2024-05-25 14:30:00
4841,2024,5,25,2300,25,25,100.0,0,9999.0,NO,1012,23,0,2024-05-25 23:00:00
4842,2024,5,25,2330,25,25,100.0,1,8000.0,NO,1013,23,30,2024-05-25 23:30:00
4843,2024,5,26,0000,26,25,94.2,1,6000.0,NO,1012,0,0,2024-05-26 00:00:00
4844,2024,5,26,0030,26,26,100.0,2,8000.0,NO,1012,0,30,2024-05-26 00:30:00
4845,2024,5,26,0100,26,25,94.2,1,8000.0,NO,1012,1,0,2024-05-26 01:00:00
4846,2024,5,26,0200,25,25,100.0,1,8000.0,NO,1012,2,0,2024-05-26 02:00:00
4847,2024,5,26,0300,25,25,100.0,0,8000.0,NO,1012,3,0,2024-05-26 03:00:00
4848,2024,5,26,0330,25,25,100.0,0,8000.0,NO,1012,3,30,2024-05-26 03:30:00
4849,2024,5,26,0400,25,24,94.2,0,8000.0,NO,1012,4,0,2024-05-26 04:00:00
4850,2024,5,26,0430,25,24,94.2,0,8000.0,NO,1012,4,30,2024-05-26 04:30:00
4851,2024,5,26,0500,24,24,100.0,0,6000.0,NO,1012,5,0,2024-05-26 05:00:00
4852,2024,5,26,0600,25,25,100.0,1,2500.0,NO,1012,6,0,2024-05-26 06:00:00
4853,2024,5,26,0630,26,26,100.0,2,2500.0,NO,1012,6,30,2024-05-26 06:30:00
4854,2024,5,26,0830,30,25,74.6,1,6000.0,NO,1013,8,30,2024-05-26 08:30:00
4855,2024,5,26,0900,30,25,74.6,1,8000.0,NO,1013,9,0,2024-05-26 09:00:00
4856,2024,5,26,0930,32,25,66.6,1,8000.0,NO,1013,9,30,2024-05-26 09:30:00
4857,2024,5,26,1000,32,26,70.6,3,8000.0,NO,1013,10,0,2024-05-26 10:00:00
4858,2024,5,26,1030,31,26,74.8,2,8000.0,NO,1012,10,30,2024-05-26 10:30:00
4859,2024,5,26,1100,33,26,66.8,3,8000.0,NO,1012,11,0,2024-05-26 11:00:00
4860,2024,5,26,1130,33,25,62.9,3,8000.0,NO,1011,11,30,2024-05-26 11:30:00
4861,2024,5,26,1200,33,26,66.8,4,8000.0,NO,1011,12,0,2024-05-26 12:00:00
4862,2024,5,26,1230,34,25,59.5,3,8000.0,NO,1010,12,30,2024-05-26 12:30:00
4863,2024,5,26,1300,33,25,62.9,3,8000.0,NO,1010,13,0,2024-05-26 13:00:00
4864,2024,5,26,1330,33,26,66.8,4,8000.0,NO,1010,13,30,2024-05-26 13:30:00
4865,2024,5,26,1500,33,26,66.8,3,9999.0,NO,1009,15,0,2024-05-26 15:00:00
4866,2024,5,26,1530,32,26,70.6,4,9999.0,NO,1009,15,30,2024-05-26 15:30:00
4867,2024,5,26,1600,32,26,70.6,4,9999.0,NO,1009,16,0,2024-05-26 16:00:00
4868,2024,5,26,1630,31,26,74.8,3,9999.0,NO,1010,16,30,2024-05-26 16:30:00
4869,2024,5,26,1700,30,26,79.2,3,9999.0,NO,1010,17,0,2024-05-26 17:00:00
4870,2024,5,26,1730,29,26,83.9,2,9999.0,NO,1010,17,30,2024-05-26 17:30:00
4871,2024,5,26,1800,29,26,83.9,2,9999.0,NO,1010,18,0,2024-05-26 18:00:00
4872,2024,5,26,1830,29,26,83.9,2,9999.0,NO,1010,18,30,2024-05-26 18:30:00
4873,2024,5,26,1900,28,26,88.9,1,9999.0,NO,1011,19,0,2024-05-26 19:00:00
4874,2024,5,26,1930,28,26,88.9,1,9999.0,NO,1011,19,30,2024-05-26 19:30:00
4875,2024,5,26,2000,27,26,94.3,0,9999.0,NO,1011,20,0,2024-05-26 20:00:00
4876,2024,5,26,2030,27,26,94.3,0,9999.0,NO,1011,20,30,2024-05-26 20:30:00
4877,2024,5,27,0000,27,26,94.3,2,9999.0,NO,1012,0,0,2024-05-27 00:00:00
4878,2024,5,27,0100,27,26,94.3,2,9999.0,NO,1012,1,0,2024-05-27 01:00:00
4879,2024,5,27,0200,27,26,94.3,2,9999.0,NO,1011,2,0,2024-05-27 02:00:00
4880,2024,5,27,0230,27,26,94.3,2,9999.0,NO,1011,2,30,2024-05-27 02:30:00
4881,2024,5,27,0300,27,26,94.3,1,9999.0,NO,1011,3,0,2024-05-27 03:00:00
4882,2024,5,27,0400,27,26,94.3,4,9999.0,NO,1011,4,0,2024-05-27 04:00:00
4883,2024,5,27,0500,27,26,94.3,2,6000.0,NO,1012,5,0,2024-05-27 05:00:00
4884,2024,5,27,0630,27,27,100.0,0,6000.0,NO,1013,6,30,2024-05-27 06:30:00
4885,2024,5,27,0700,28,27,94.3,1,5000.0,NO,1013,7,0,2024-05-27 07:00:00
4886,2024,5,27,0730,29,27,89.0,1,7000.0,NO,1014,7,30,2024-05-27 07:30:00
4887,2024,5,27,0800,29,26,83.9,4,9999.0,YES,1014,8,0,2024-05-27 08:00:00
4888,2024,5,27,0830,29,27,89.0,2,6000.0,YES,1014,8,30,2024-05-27 08:30:00
4889,2024,5,27,0900,29,27,89.0,0,8000.0,YES,1014,9,0,2024-05-27 09:00:00
4890,2024,5,27,0930,29,27,89.0,0,3500.0,YES,1014,9,30,2024-05-27 09:30:00
4891,2024,5,27,1000,28,27,94.3,2,6000.0,YES,1014,10,0,2024-05-27 10:00:00
4892,2024,5,27,1030,29,27,89.0,2,9999.0,NO,1013,10,30,2024-05-27 10:30:00
4893,2024,5,27,1100,30,27,84.0,2,9999.0,NO,1013,11,0,2024-05-27 11:00:00
4894,2024,5,27,1130,31,27,79.3,5,9999.0,NO,1013,11,30,2024-05-27 11:30:00
4895,2024,5,27,1200,31,27,79.3,4,9999.0,NO,1012,12,0,2024-05-27 12:00:00
4896,2024,5,27,1300,32,27,74.9,5,9999.0,NO,1011,13,0,2024-05-27 13:00:00
4897,2024,5,27,1330,32,27,74.9,5,9999.0,NO,1010,13,30,2024-05-27 13:30:00
4898,2024,5,27,1400,32,27,74.9,4,9999.0,NO,1010,14,0,2024-05-27 14:00:00
4899,2024,5,27,1430,32,27,74.9,4,9999.0,NO,1009,14,30,2024-05-27 14:30:00
4900,2024,5,27,1500,32,26,70.6,4,9999.0,NO,1009,15,0,2024-05-27 15:00:00
4901,2024,5,27,1530,32,25,66.6,3,9999.0,NO,1009,15,30,2024-05-27 15:30:00
4902,2024,5,27,1600,31,27,79.3,4,9999.0,NO,1009,16,0,2024-05-27 16:00:00
4903,2024,5,27,1630,30,26,79.2,4,9999.0,NO,1009,16,30,2024-05-27 16:30:00
4904,2024,5,27,1700,30,26,79.2,4,9999.0,NO,1010,17,0,2024-05-27 17:00:00
4905,2024,5,27,1730,29,26,83.9,4,9999.0,NO,1011,17,30,2024-05-27 17:30:00
4906,2024,5,27,1800,29,26,83.9,4,9999.0,NO,1011,18,0,2024-05-27 18:00:00
4907,2024,5,27,1830,29,26,83.9,2,9999.0,NO,1011,18,30,2024-05-27 18:30:00
4908,2024,5,27,1900,29,26,83.9,4,9999.0,NO,1011,19,0,2024-05-27 19:00:00
4909,2024,5,27,1930,28,26,88.9,2,9999.0,NO,1011,19,30,2024-05-27 19:30:00
4910,2024,5,27,2000,28,26,88.9,1,9999.0,NO,1012,20,0,2024-05-27 20:00:00
4911,2024,5,27,2030,28,26,88.9,1,9999.0,NO,1013,20,30,2024-05-27 20:30:00
4912,2024,5,27,2100,27,26,94.3,0,9999.0,NO,1013,21,0,2024-05-27 21:00:00
4913,2024,5,27,2130,27,26,94.3,2,9999.0,NO,1013,21,30,2024-05-27 21:30:00
4914,2024,5,27,2200,27,26,94.3,2,9999.0,NO,1013,22,0,2024-05-27 22:00:00
4915,2024,5,27,2230,27,26,94.3,0,9999.0,NO,1013,22,30,2024-05-27 22:30:00
4916,2024,5,27,2330,27,26,94.3,2,9999.0,NO,1013,23,30,2024-05-27 23:30:00
4917,2024,5,28,0000,27,26,94.3,3,9999.0,NO,1012,0,0,2024-05-28 00:00:00
4918,2024,5,28,0030,27,26,94.3,2,9999.0,YES,1012,0,30,2024-05-28 00:30:00
4919,2024,5,28,0100,27,26,94.3,5,6000.0,YES,1013,1,0,2024-05-28 01:00:00
4920,2024,5,28,0130,23,23,100.0,5,,YES,1013,1,30,2024-05-28 01:30:00
4921,2024,5,28,0200,23,23,100.0,7,6000.0,YES,1013,2,0,2024-05-28 02:00:00
4922,2024,5,28,0300,23,23,100.0,5,3000.0,YES,1014,3,0,2024-05-28 03:00:00
4923,2024,5,28,0330,23,23,100.0,3,6000.0,YES,1013,3,30,2024-05-28 03:30:00
4924,2024,5,28,0400,23,23,100.0,3,6000.0,YES,1013,4,0,2024-05-28 04:00:00
4925,2024,5,28,0430,23,23,100.0,3,4000.0,YES,1013,4,30,2024-05-28 04:30:00
4926,2024,5,28,0500,23,23,100.0,3,6000.0,YES,1013,5,0,2024-05-28 05:00:00
4927,2024,5,28,0530,23,23,100.0,2,6000.0,YES,1013,5,30,2024-05-28 05:30:00
4928,2024,5,28,0600,23,23,100.0,0,6000.0,YES,1012,6,0,2024-05-28 06:00:00
4929,2024,5,28,0700,24,24,100.0,2,9999.0,NO,1013,7,0,2024-05-28 07:00:00
4930,2024,5,28,0830,27,23,78.8,2,9999.0,NO,1014,8,30,2024-05-28 08:30:00
4931,2024,5,28,0900,29,24,74.4,3,9999.0,NO,1013,9,0,2024-05-28 09:00:00
4932,2024,5,28,1000,30,24,70.3,4,9999.0,NO,1013,10,0,2024-05-28 10:00:00
4933,2024,5,28,1030,30,25,74.6,5,9999.0,NO,1013,10,30,2024-05-28 10:30:00
4934,2024,5,28,1200,30,24,70.3,5,9999.0,NO,1012,12,0,2024-05-28 12:00:00
4935,2024,5,28,1230,31,25,70.4,3,9999.0,NO,1012,12,30,2024-05-28 12:30:00
4936,2024,5,28,1300,31,25,70.4,4,9999.0,NO,1012,13,0,2024-05-28 13:00:00
4937,2024,5,28,1330,31,26,74.8,4,9999.0,NO,1011,13,30,2024-05-28 13:30:00
4938,2024,5,28,1430,31,26,74.8,2,9999.0,NO,1011,14,30,2024-05-28 14:30:00
4939,2024,5,28,1500,31,27,79.3,2,9999.0,NO,1011,15,0,2024-05-28 15:00:00
4940,2024,5,28,1530,31,26,74.8,3,9999.0,NO,1011,15,30,2024-05-28 15:30:00
4941,2024,5,28,1700,30,26,79.2,3,9999.0,NO,1011,17,0,2024-05-28 17:00:00
4942,2024,5,28,1730,29,26,83.9,2,9999.0,NO,1011,17,30,2024-05-28 17:30:00
4943,2024,5,28,2000,26,26,100.0,0,9999.0,NO,1013,20,0,2024-05-28 20:00:00
4944,2024,5,28,2030,26,26,100.0,0,9999.0,NO,1013,20,30,2024-05-28 20:30:00
4945,2024,5,28,2100,26,26,100.0,0,9999.0,NO,1013,21,0,2024-05-28 21:00:00
4946,2024,5,28,2130,26,26,100.0,1,9999.0,NO,1013,21,30,2024-05-28 21:30:00
4947,2024,5,28,2200,26,26,100.0,0,9999.0,NO,1013,22,0,2024-05-28 22:00:00
4948,2024,5,28,2230,26,26,100.0,0,9999.0,NO,1013,22,30,2024-05-28 22:30:00
4949,2024,5,28,2300,26,26,100.0,0,9999.0,NO,1013,23,0,2024-05-28 23:00:00
4950,2024,5,28,2330,26,26,100.0,0,9999.0,NO,1013,23,30,2024-05-28 23:30:00
4951,2024,5,29,0000,26,26,100.0,0,9999.0,NO,1013,0,0,2024-05-29 00:00:00
4952,2024,5,29,0030,26,26,100.0,0,9999.0,NO,1012,0,30,2024-05-29 00:30:00
4953,2024,5,29,0100,26,26,100.0,0,9999.0,NO,1012,1,0,2024-05-29 01:00:00
4954,2024,5,29,0130,26,26,100.0,0,9999.0,NO,1012,1,30,2024-05-29 01:30:00
4955,2024,5,29,0200,26,26,100.0,1,9999.0,NO,1012,2,0,2024-05-29 02:00:00
4956,2024,5,29,0300,26,26,100.0,2,9999.0,NO,1012,3,0,2024-05-29 03:00:00
4957,2024,5,29,0330,26,26,100.0,1,9999.0,NO,1012,3,30,2024-05-29 03:30:00
4958,2024,5,29,0400,26,26,100.0,2,9999.0,NO,1012,4,0,2024-05-29 04:00:00
4959,2024,5,29,0430,26,25,94.2,0,9999.0,NO,1012,4,30,2024-05-29 04:30:00
4960,2024,5,29,0500,26,25,94.2,5,,NO,1012,5,0,2024-05-29 05:00:00
4961,2024,5,29,0530,26,25,94.2,2,6000.0,NO,1012,5,30,2024-05-29 05:30:00
4962,2024,5,29,0900,31,26,74.8,2,8000.0,NO,1013,9,0,2024-05-29 09:00:00
4963,2024,5,29,0930,31,26,74.8,4,9999.0,NO,1013,9,30,2024-05-29 09:30:00
4964,2024,5,29,1000,31,26,74.8,3,9999.0,NO,1013,10,0,2024-05-29 10:00:00
4965,2024,5,29,1030,32,26,70.6,2,9999.0,NO,1012,10,30,2024-05-29 10:30:00
4966,2024,5,29,1100,33,27,70.8,3,9999.0,NO,1012,11,0,2024-05-29 11:00:00
4967,2024,5,29,1130,32,27,74.9,3,9999.0,NO,1012,11,30,2024-05-29 11:30:00
4968,2024,5,29,1200,32,26,70.6,5,9999.0,NO,1012,12,0,2024-05-29 12:00:00
4969,2024,5,29,1230,32,27,74.9,4,9999.0,NO,1011,12,30,2024-05-29 12:30:00
4970,2024,5,29,1300,33,27,70.8,3,9999.0,NO,1011,13,0,2024-05-29 13:00:00
4971,2024,5,29,1330,33,26,66.8,4,9999.0,NO,1010,13,30,2024-05-29 13:30:00
4972,2024,5,29,1400,33,27,70.8,4,9999.0,NO,1010,14,0,2024-05-29 14:00:00
4973,2024,5,29,1430,33,27,70.8,5,9999.0,NO,1010,14,30,2024-05-29 14:30:00
4974,2024,5,29,1500,32,27,74.9,5,9999.0,NO,1010,15,0,2024-05-29 15:00:00
4975,2024,5,29,1530,32,27,74.9,4,9999.0,NO,1010,15,30,2024-05-29 15:30:00
4976,2024,5,29,1730,30,27,84.0,3,9999.0,NO,1011,17,30,2024-05-29 17:30:00
4977,2024,5,29,2100,28,27,94.3,1,9999.0,NO,1011,21,0,2024-05-29 21:00:00
4978,2024,5,29,2130,28,27,94.3,0,9999.0,NO,1011,21,30,2024-05-29 21:30:00
4979,2024,5,29,2200,28,27,94.3,2,9999.0,NO,1012,22,0,2024-05-29 22:00:00
4980,2024,5,29,2230,28,27,94.3,2,9999.0,NO,1012,22,30,2024-05-29 22:30:00
4981,2024,5,29,2300,28,27,94.3,2,9999.0,NO,1012,23,0,2024-05-29 23:00:00
4982,2024,5,29,2330,27,27,100.0,0,9999.0,NO,1011,23,30,2024-05-29 23:30:00
4983,2024,5,30,0000,27,26,94.3,0,9999.0,NO,1012,0,0,2024-05-30 00:00:00
4984,2024,5,30,0030,27,27,100.0,1,9999.0,NO,1011,0,30,2024-05-30 00:30:00
4985,2024,5,30,0100,27,26,94.3,2,9999.0,NO,1011,1,0,2024-05-30 01:00:00
4986,2024,5,30,0200,27,27,100.0,2,9999.0,YES,1011,2,0,2024-05-30 02:00:00
4987,2024,5,30,0230,27,26,94.3,2,9999.0,NO,1011,2,30,2024-05-30 02:30:00
4988,2024,5,30,0300,27,26,94.3,0,9999.0,NO,1011,3,0,2024-05-30 03:00:00
4989,2024,5,30,0330,27,26,94.3,0,9999.0,NO,1011,3,30,2024-05-30 03:30:00
4990,2024,5,30,0400,27,26,94.3,1,8000.0,NO,1011,4,0,2024-05-30 04:00:00
4991,2024,5,30,0430,26,26,100.0,2,8000.0,NO,1011,4,30,2024-05-30 04:30:00
4992,2024,5,30,0500,27,26,94.3,4,8000.0,NO,1012,5,0,2024-05-30 05:00:00
4993,2024,5,30,0530,27,26,94.3,1,6000.0,NO,1012,5,30,2024-05-30 05:30:00
4994,2024,5,30,0600,27,26,94.3,1,6000.0,NO,1012,6,0,2024-05-30 06:00:00
4995,2024,5,30,0630,28,26,88.9,2,6000.0,NO,1012,6,30,2024-05-30 06:30:00
4996,2024,5,30,0700,29,26,83.9,2,6000.0,NO,1012,7,0,2024-05-30 07:00:00
4997,2024,5,30,0730,30,26,79.2,4,8000.0,NO,1013,7,30,2024-05-30 07:30:00
4998,2024,5,30,0800,31,26,74.8,4,8000.0,NO,1013,8,0,2024-05-30 08:00:00
4999,2024,5,30,0830,30,27,84.0,4,9999.0,NO,1014,8,30,2024-05-30 08:30:00
5000,2024,5,30,0900,31,26,74.8,5,9999.0,NO,1013,9,0,2024-05-30 09:00:00
5001,2024,5,30,0930,31,26,74.8,6,9999.0,NO,1013,9,30,2024-05-30 09:30:00
5002,2024,5,30,1000,32,27,74.9,7,9999.0,NO,1012,10,0,2024-05-30 10:00:00
5003,2024,5,30,1100,32,26,70.6,7,9999.0,NO,1012,11,0,2024-05-30 11:00:00
5004,2024,5,30,1130,33,26,66.8,7,9999.0,NO,1011,11,30,2024-05-30 11:30:00
5005,2024,5,30,1200,33,26,66.8,6,9999.0,NO,1010,12,0,2024-05-30 12:00:00
5006,2024,5,30,1230,33,26,66.8,4,9999.0,NO,1010,12,30,2024-05-30 12:30:00
5007,2024,5,30,1300,34,27,66.9,4,9999.0,NO,1009,13,0,2024-05-30 13:00:00
5008,2024,5,30,1330,32,26,70.6,5,9999.0,NO,1009,13,30,2024-05-30 13:30:00
5009,2024,5,30,1400,32,26,70.6,5,9999.0,NO,1009,14,0,2024-05-30 14:00:00
5010,2024,5,30,1430,33,26,66.8,4,9999.0,NO,1008,14,30,2024-05-30 14:30:00
5011,2024,5,30,1500,32,26,70.6,3,9999.0,NO,1008,15,0,2024-05-30 15:00:00
5012,2024,5,30,1530,32,26,70.6,3,9999.0,NO,1008,15,30,2024-05-30 15:30:00
5013,2024,5,30,1600,31,27,79.3,3,9999.0,YES,1009,16,0,2024-05-30 16:00:00
5014,2024,5,30,1630,30,26,79.2,4,9999.0,YES,1009,16,30,2024-05-30 16:30:00
5015,2024,5,30,1700,30,26,79.2,3,9999.0,YES,1010,17,0,2024-05-30 17:00:00
5016,2024,5,30,1730,29,25,79.0,3,9999.0,YES,1009,17,30,2024-05-30 17:30:00
5017,2024,5,30,1800,29,25,79.0,3,9999.0,YES,1010,18,0,2024-05-30 18:00:00
5018,2024,5,30,1830,29,25,79.0,4,9999.0,YES,1010,18,30,2024-05-30 18:30:00
5019,2024,5,30,1900,29,25,79.0,4,9999.0,YES,1011,19,0,2024-05-30 19:00:00
5020,2024,5,30,1930,29,25,79.0,2,9999.0,YES,1011,19,30,2024-05-30 19:30:00
5021,2024,5,30,2000,28,25,83.8,1,9999.0,YES,1012,20,0,2024-05-30 20:00:00
5022,2024,5,30,2030,26,25,94.2,7,2000.0,YES,1012,20,30,2024-05-30 20:30:00
5023,2024,5,30,2100,25,25,100.0,3,6000.0,YES,1013,21,0,2024-05-30 21:00:00
5024,2024,5,30,2130,24,23,94.1,10,4000.0,YES,1014,21,30,2024-05-30 21:30:00
5025,2024,5,30,2200,24,24,100.0,3,6000.0,YES,1013,22,0,2024-05-30 22:00:00
5026,2024,5,30,2230,24,24,100.0,4,6000.0,YES,1013,22,30,2024-05-30 22:30:00
5027,2024,5,30,2300,24,24,100.0,2,6000.0,YES,1012,23,0,2024-05-30 23:00:00
5028,2024,5,30,2330,24,24,100.0,2,6000.0,YES,1013,23,30,2024-05-30 23:30:00
5029,2024,5,31,0000,24,24,100.0,1,6000.0,YES,1013,0,0,2024-05-31 00:00:00
5030,2024,5,31,0030,24,24,100.0,0,6000.0,YES,1013,0,30,2024-05-31 00:30:00
5031,2024,5,31,0100,24,23,94.1,3,6000.0,YES,1012,1,0,2024-05-31 01:00:00
5032,2024,5,31,0130,24,24,100.0,3,7000.0,YES,1012,1,30,2024-05-31 01:30:00
5033,2024,5,31,0200,24,23,94.1,3,9999.0,YES,1012,2,0,2024-05-31 02:00:00
5034,2024,5,31,0230,24,23,94.1,4,9999.0,YES,1012,2,30,2024-05-31 02:30:00
5035,2024,5,31,0300,24,23,94.1,3,9999.0,YES,1012,3,0,2024-05-31 03:00:00
5036,2024,5,31,0330,24,23,94.1,4,9999.0,YES,1013,3,30,2024-05-31 03:30:00
5037,2024,5,31,0400,24,23,94.1,2,9999.0,NO,1013,4,0,2024-05-31 04:00:00
5038,2024,5,31,0430,24,23,94.1,2,9999.0,NO,1013,4,30,2024-05-31 04:30:00
5039,2024,5,31,0500,24,23,94.1,2,6000.0,NO,1013,5,0,2024-05-31 05:00:00
5040,2024,5,31,0530,24,24,100.0,0,6000.0,NO,1013,5,30,2024-05-31 05:30:00
5041,2024,5,31,0600,24,24,100.0,2,6000.0,NO,1013,6,0,2024-05-31 06:00:00
5042,2024,5,31,0630,25,24,94.2,3,6000.0,NO,1013,6,30,2024-05-31 06:30:00
5043,2024,5,31,0700,25,24,94.2,3,8000.0,NO,1014,7,0,2024-05-31 07:00:00
5044,2024,5,31,0730,26,24,88.7,3,9999.0,NO,1014,7,30,2024-05-31 07:30:00
5045,2024,5,31,0800,27,24,83.7,3,9999.0,NO,1014,8,0,2024-05-31 08:00:00
5046,2024,5,31,0830,29,24,74.4,2,9999.0,NO,1014,8,30,2024-05-31 08:30:00
5047,2024,5,31,0900,29,24,74.4,3,9999.0,NO,1014,9,0,2024-05-31 09:00:00
5048,2024,5,31,0930,29,25,79.0,3,9999.0,NO,1014,9,30,2024-05-31 09:30:00
5049,2024,5,31,1000,29,25,79.0,3,9999.0,NO,1014,10,0,2024-05-31 10:00:00
5050,2024,5,31,1030,30,25,74.6,3,9999.0,NO,1013,10,30,2024-05-31 10:30:00
5051,2024,5,31,1100,30,25,74.6,3,9999.0,NO,1013,11,0,2024-05-31 11:00:00
5052,2024,5,31,1130,30,25,74.6,3,9999.0,NO,1013,11,30,2024-05-31 11:30:00
5053,2024,5,31,1200,31,25,70.4,4,9999.0,NO,1012,12,0,2024-05-31 12:00:00
5054,2024,5,31,1230,31,25,70.4,3,9999.0,NO,1012,12,30,2024-05-31 12:30:00
5055,2024,5,31,1300,30,25,74.6,4,9999.0,NO,1012,13,0,2024-05-31 13:00:00
5056,2024,5,31,1330,30,26,79.2,4,9999.0,NO,1011,13,30,2024-05-31 13:30:00
5057,2024,5,31,1400,30,26,79.2,4,9999.0,NO,1011,14,0,2024-05-31 14:00:00
5058,2024,5,31,1430,30,25,74.6,4,9999.0,NO,1011,14,30,2024-05-31 14:30:00
5059,2024,5,31,1500,30,26,79.2,6,9999.0,NO,1011,15,0,2024-05-31 15:00:00
5060,2024,5,31,1530,30,26,79.2,6,9999.0,NO,1011,15,30,2024-05-31 15:30:00
5061,2024,5,31,1600,29,26,83.9,4,9999.0,NO,1011,16,0,2024-05-31 16:00:00
5062,2024,5,31,1630,29,26,83.9,4,9999.0,NO,1011,16,30,2024-05-31 16:30:00
5063,2024,5,31,1700,28,25,83.8,3,9999.0,NO,1011,17,0,2024-05-31 17:00:00
5064,2024,5,31,1730,28,25,83.8,3,9999.0,NO,1011,17,30,2024-05-31 17:30:00
5065,2024,5,31,1800,27,25,88.8,2,9999.0,NO,1012,18,0,2024-05-31 18:00:00
5066,2024,5,31,1830,26,25,94.2,2,9999.0,NO,1012,18,30,2024-05-31 18:30:00
5067,2024,5,31,1900,26,25,94.2,0,9999.0,NO,1012,19,0,2024-05-31 19:00:00
5068,2024,5,31,1930,26,25,94.2,0,9999.0,NO,1013,19,30,2024-05-31 19:30:00
5069,2024,5,31,2000,26,25,94.2,0,9999.0,NO,1013,20,0,2024-05-31 20:00:00
5070,2024,5,31,2030,26,25,94.2,2,9999.0,NO,1013,20,30,2024-05-31 20:30:00
5071,2024,5,31,2100,26,26,100.0,0,9999.0,NO,1014,21,0,2024-05-31 21:00:00
5072,2024,5,31,2130,26,25,94.2,1,9999.0,NO,1013,21,30,2024-05-31 21:30:00
5073,2024,5,31,2200,26,25,94.2,0,9999.0,NO,1013,22,0,2024-05-31 22:00:00
5074,2024,5,31,2230,25,25,100.0,0,9999.0,NO,1013,22,30,2024-05-31 22:30:00
5075,2024,5,31,2300,25,25,100.0,2,9999.0,NO,1013,23,0,2024-05-31 23:00:00
5076,2024,6,1,0000,26,25,94.2,3,9999.0,NO,1013,0,0,2024-06-01 00:00:00
5077,2024,6,1,0030,26,25,94.2,2,9999.0,NO,1013,0,30,2024-06-01 00:30:00
5078,2024,6,1,0100,25,25,100.0,2,9999.0,NO,1012,1,0,2024-06-01 01:00:00
5079,2024,6,1,0130,25,25,100.0,2,9999.0,NO,1012,1,30,2024-06-01 01:30:00
5080,2024,6,1,0200,25,25,100.0,2,9999.0,NO,1012,2,0,2024-06-01 02:00:00
5081,2024,6,1,0230,25,25,100.0,0,9999.0,NO,1012,2,30,2024-06-01 02:30:00
5082,2024,6,1,0300,25,25,100.0,0,9999.0,NO,1012,3,0,2024-06-01 03:00:00
5083,2024,6,1,0330,25,25,100.0,0,9999.0,NO,1012,3,30,2024-06-01 03:30:00
5084,2024,6,1,0400,25,25,100.0,2,9999.0,NO,1013,4,0,2024-06-01 04:00:00
5085,2024,6,1,0500,26,25,94.2,2,9999.0,NO,1013,5,0,2024-06-01 05:00:00
5086,2024,6,1,0530,26,25,94.2,3,9999.0,NO,1013,5,30,2024-06-01 05:30:00
5087,2024,6,1,0600,26,25,94.2,2,9999.0,NO,1014,6,0,2024-06-01 06:00:00
5088,2024,6,1,0630,27,26,94.3,3,8000.0,NO,1014,6,30,2024-06-01 06:30:00
5089,2024,6,1,0700,29,26,83.9,3,8000.0,NO,1014,7,0,2024-06-01 07:00:00
5090,2024,6,1,0730,30,26,79.2,2,8000.0,NO,1014,7,30,2024-06-01 07:30:00
5091,2024,6,1,0800,31,25,70.4,2,9999.0,NO,1015,8,0,2024-06-01 08:00:00
5092,2024,6,1,0830,32,25,66.6,2,9999.0,NO,1015,8,30,2024-06-01 08:30:00
5093,2024,6,1,0900,33,26,66.8,2,9999.0,NO,1015,9,0,2024-06-01 09:00:00
5094,2024,6,1,0930,32,26,70.6,1,9999.0,NO,1015,9,30,2024-06-01 09:30:00
5095,2024,6,1,1000,31,26,74.8,0,9999.0,NO,1014,10,0,2024-06-01 10:00:00
5096,2024,6,1,1030,32,25,66.6,2,9999.0,NO,1014,10,30,2024-06-01 10:30:00
5097,2024,6,1,1100,33,25,62.9,2,9999.0,NO,1013,11,0,2024-06-01 11:00:00
5098,2024,6,1,1130,33,26,66.8,4,9999.0,NO,1013,11,30,2024-06-01 11:30:00
5099,2024,6,1,1200,33,25,62.9,3,9999.0,NO,1012,12,0,2024-06-01 12:00:00
5100,2024,6,1,1230,33,25,62.9,3,9999.0,NO,1012,12,30,2024-06-01 12:30:00
5101,2024,6,1,1300,33,25,62.9,3,9999.0,NO,1011,13,0,2024-06-01 13:00:00
5102,2024,6,1,1330,33,25,62.9,4,9999.0,NO,1011,13,30,2024-06-01 13:30:00
5103,2024,6,1,1400,31,26,74.8,5,9999.0,NO,1011,14,0,2024-06-01 14:00:00
5104,2024,6,1,1430,32,26,70.6,5,9999.0,NO,1010,14,30,2024-06-01 14:30:00
5105,2024,6,1,1500,32,26,70.6,4,9999.0,NO,1010,15,0,2024-06-01 15:00:00
5106,2024,6,1,1530,31,25,70.4,6,9999.0,NO,1010,15,30,2024-06-01 15:30:00
5107,2024,6,1,1600,30,25,74.6,4,9999.0,NO,1010,16,0,2024-06-01 16:00:00
5108,2024,6,1,1630,30,26,79.2,5,9999.0,NO,1010,16,30,2024-06-01 16:30:00
5109,2024,6,1,1700,29,26,83.9,5,9999.0,NO,1011,17,0,2024-06-01 17:00:00
5110,2024,6,1,1730,29,26,83.9,3,9999.0,NO,1011,17,30,2024-06-01 17:30:00
5111,2024,6,1,1800,28,26,88.9,3,9999.0,NO,1011,18,0,2024-06-01 18:00:00
5112,2024,6,1,1830,28,26,88.9,3,9999.0,NO,1012,18,30,2024-06-01 18:30:00
5113,2024,6,1,1900,28,26,88.9,2,9999.0,YES,1012,19,0,2024-06-01 19:00:00
5114,2024,6,1,1930,28,26,88.9,2,9999.0,YES,1012,19,30,2024-06-01 19:30:00
5115,2024,6,1,2000,28,26,88.9,2,9999.0,YES,1012,20,0,2024-06-01 20:00:00
5116,2024,6,1,2030,28,26,88.9,2,9999.0,YES,1013,20,30,2024-06-01 20:30:00
5117,2024,6,1,2100,28,26,88.9,0,9999.0,YES,1013,21,0,2024-06-01 21:00:00
5118,2024,6,1,2130,27,26,94.3,2,9999.0,YES,1013,21,30,2024-06-01 21:30:00
5119,2024,6,1,2200,27,26,94.3,2,9999.0,YES,1014,22,0,2024-06-01 22:00:00
5120,2024,6,1,2230,27,26,94.3,2,9999.0,YES,1014,22,30,2024-06-01 22:30:00
5121,2024,6,1,2300,26,24,88.7,6,,YES,1014,23,0,2024-06-01 23:00:00
5122,2024,6,1,2330,23,23,100.0,6,,YES,1014,23,30,2024-06-01 23:30:00
5123,2024,6,2,0000,23,23,100.0,7,9999.0,YES,1014,0,0,2024-06-02 00:00:00
5124,2024,6,2,0030,23,23,100.0,7,9999.0,YES,1014,0,30,2024-06-02 00:30:00
5125,2024,6,2,0100,23,23,100.0,2,9999.0,YES,1012,1,0,2024-06-02 01:00:00
5126,2024,6,2,0130,23,23,100.0,2,9999.0,YES,1012,1,30,2024-06-02 01:30:00
5127,2024,6,2,0200,23,23,100.0,3,9999.0,YES,1012,2,0,2024-06-02 02:00:00
5128,2024,6,2,0230,23,23,100.0,2,9999.0,YES,1012,2,30,2024-06-02 02:30:00
5129,2024,6,2,0300,23,23,100.0,2,9999.0,YES,1011,3,0,2024-06-02 03:00:00
5130,2024,6,2,0330,23,23,100.0,0,9999.0,YES,1012,3,30,2024-06-02 03:30:00
5131,2024,6,2,0400,23,23,100.0,1,9999.0,YES,1012,4,0,2024-06-02 04:00:00
5132,2024,6,2,0430,23,23,100.0,0,9999.0,NO,1011,4,30,2024-06-02 04:30:00
5133,2024,6,2,0500,23,23,100.0,1,8000.0,NO,1012,5,0,2024-06-02 05:00:00
5134,2024,6,2,0530,23,23,100.0,1,7000.0,NO,1012,5,30,2024-06-02 05:30:00
5135,2024,6,2,0600,24,23,94.1,2,6000.0,NO,1012,6,0,2024-06-02 06:00:00
5136,2024,6,2,0630,24,24,100.0,2,6000.0,NO,1012,6,30,2024-06-02 06:30:00
5137,2024,6,2,0700,25,24,94.2,2,4000.0,NO,1013,7,0,2024-06-02 07:00:00
5138,2024,6,2,0730,25,23,88.7,3,6000.0,NO,1013,7,30,2024-06-02 07:30:00
5139,2024,6,2,0800,25,24,94.2,2,6000.0,NO,1014,8,0,2024-06-02 08:00:00
5140,2024,6,2,0830,25,24,94.2,3,6000.0,NO,1014,8,30,2024-06-02 08:30:00
5141,2024,6,2,0900,26,24,88.7,3,9999.0,NO,1014,9,0,2024-06-02 09:00:00
5142,2024,6,2,0930,27,24,83.7,4,9999.0,NO,1014,9,30,2024-06-02 09:30:00
5143,2024,6,2,1000,28,24,78.9,3,9999.0,NO,1014,10,0,2024-06-02 10:00:00
5144,2024,6,2,1030,30,25,74.6,3,9999.0,NO,1013,10,30,2024-06-02 10:30:00
5145,2024,6,2,1100,29,25,79.0,4,9999.0,NO,1013,11,0,2024-06-02 11:00:00
5146,2024,6,2,1130,30,25,74.6,2,9999.0,NO,1012,11,30,2024-06-02 11:30:00
5147,2024,6,2,1200,29,25,79.0,2,8000.0,YES,1012,12,0,2024-06-02 12:00:00
5148,2024,6,2,1230,29,26,83.9,3,9999.0,NO,1012,12,30,2024-06-02 12:30:00
5149,2024,6,2,1300,29,25,79.0,3,9999.0,NO,1011,13,0,2024-06-02 13:00:00
5150,2024,6,2,1330,30,25,74.6,3,9999.0,NO,1011,13,30,2024-06-02 13:30:00
5151,2024,6,2,1400,30,26,79.2,2,9999.0,NO,1011,14,0,2024-06-02 14:00:00
5152,2024,6,2,1430,28,26,88.9,2,9999.0,NO,1010,14,30,2024-06-02 14:30:00
5153,2024,6,2,1500,28,27,94.3,1,6000.0,YES,1010,15,0,2024-06-02 15:00:00
5154,2024,6,2,1530,28,27,94.3,2,9999.0,YES,1010,15,30,2024-06-02 15:30:00
5155,2024,6,2,1600,28,27,94.3,1,9999.0,YES,1010,16,0,2024-06-02 16:00:00
5156,2024,6,2,1630,28,26,88.9,0,9999.0,NO,1011,16,30,2024-06-02 16:30:00
5157,2024,6,2,1700,28,26,88.9,0,9999.0,NO,1011,17,0,2024-06-02 17:00:00
5158,2024,6,2,1730,28,26,88.9,0,9999.0,NO,1011,17,30,2024-06-02 17:30:00
5159,2024,6,2,1800,27,26,94.3,0,9999.0,NO,1011,18,0,2024-06-02 18:00:00
5160,2024,6,2,1830,26,26,100.0,0,9999.0,NO,1012,18,30,2024-06-02 18:30:00
5161,2024,6,2,1900,26,26,100.0,1,9999.0,NO,1012,19,0,2024-06-02 19:00:00
5162,2024,6,2,1930,26,26,100.0,3,6000.0,YES,1013,19,30,2024-06-02 19:30:00
5163,2024,6,2,2000,25,25,100.0,2,2500.0,YES,1013,20,0,2024-06-02 20:00:00
5164,2024,6,2,2030,25,25,100.0,2,9999.0,YES,1014,20,30,2024-06-02 20:30:00
5165,2024,6,2,2100,25,25,100.0,1,9999.0,YES,1014,21,0,2024-06-02 21:00:00
5166,2024,6,2,2130,26,25,94.2,1,9999.0,YES,1014,21,30,2024-06-02 21:30:00
5167,2024,6,2,2200,26,25,94.2,0,9999.0,YES,1013,22,0,2024-06-02 22:00:00
5168,2024,6,2,2230,26,26,100.0,0,6000.0,YES,1013,22,30,2024-06-02 22:30:00
5169,2024,6,2,2300,26,26,100.0,1,6000.0,YES,1013,23,0,2024-06-02 23:00:00
5170,2024,6,2,2330,26,26,100.0,0,6000.0,YES,1013,23,30,2024-06-02 23:30:00
5171,2024,6,3,0000,26,26,100.0,3,8000.0,YES,1013,0,0,2024-06-03 00:00:00
5172,2024,6,3,0030,26,26,100.0,3,6000.0,YES,1012,0,30,2024-06-03 00:30:00
5173,2024,6,3,0100,26,26,100.0,2,8000.0,YES,1012,1,0,2024-06-03 01:00:00
5174,2024,6,3,0130,26,26,100.0,3,6000.0,YES,1012,1,30,2024-06-03 01:30:00
5175,2024,6,3,0200,26,26,100.0,4,7000.0,YES,1012,2,0,2024-06-03 02:00:00
5176,2024,6,3,0230,26,25,94.2,2,8000.0,YES,1012,2,30,2024-06-03 02:30:00
5177,2024,6,3,0300,26,25,94.2,4,8000.0,YES,1012,3,0,2024-06-03 03:00:00
5178,2024,6,3,0330,26,25,94.2,4,8000.0,YES,1012,3,30,2024-06-03 03:30:00
5179,2024,6,3,0400,25,25,100.0,1,9999.0,NO,1012,4,0,2024-06-03 04:00:00
5180,2024,6,3,0430,25,25,100.0,2,9999.0,NO,1012,4,30,2024-06-03 04:30:00
5181,2024,6,3,0500,25,25,100.0,1,9999.0,NO,1013,5,0,2024-06-03 05:00:00
5182,2024,6,3,0530,26,25,94.2,2,4000.0,YES,1013,5,30,2024-06-03 05:30:00
5183,2024,6,3,0600,26,25,94.2,5,1400.0,YES,1013,6,0,2024-06-03 06:00:00
5184,2024,6,3,0630,25,25,100.0,2,2000.0,YES,1014,6,30,2024-06-03 06:30:00
5185,2024,6,3,0700,26,25,94.2,0,4000.0,YES,1014,7,0,2024-06-03 07:00:00
5186,2024,6,3,0730,26,26,100.0,0,2000.0,YES,1015,7,30,2024-06-03 07:30:00
5187,2024,6,3,0800,26,26,100.0,2,2000.0,YES,1015,8,0,2024-06-03 08:00:00
5188,2024,6,3,0830,27,26,94.3,3,6000.0,YES,1015,8,30,2024-06-03 08:30:00
5189,2024,6,3,0900,28,26,88.9,3,8000.0,YES,1015,9,0,2024-06-03 09:00:00
5190,2024,6,3,0930,29,26,83.9,2,9999.0,NO,1015,9,30,2024-06-03 09:30:00
5191,2024,6,3,1000,29,27,89.0,2,9999.0,NO,1014,10,0,2024-06-03 10:00:00
5192,2024,6,3,1030,29,26,83.9,0,9999.0,NO,1014,10,30,2024-06-03 10:30:00
5193,2024,6,3,1100,30,27,84.0,2,9999.0,NO,1014,11,0,2024-06-03 11:00:00
5194,2024,6,3,1130,30,26,79.2,3,9999.0,NO,1013,11,30,2024-06-03 11:30:00
5195,2024,6,3,1200,31,27,79.3,3,9999.0,NO,1013,12,0,2024-06-03 12:00:00
5196,2024,6,3,1230,30,26,79.2,3,9999.0,NO,1013,12,30,2024-06-03 12:30:00
5197,2024,6,3,1300,31,26,74.8,4,9999.0,NO,1012,13,0,2024-06-03 13:00:00
5198,2024,6,3,1330,31,27,79.3,3,9999.0,NO,1012,13,30,2024-06-03 13:30:00
5199,2024,6,3,1400,32,27,74.9,4,9999.0,NO,1012,14,0,2024-06-03 14:00:00
5200,2024,6,3,1430,31,26,74.8,4,9999.0,NO,1011,14,30,2024-06-03 14:30:00
5201,2024,6,3,1500,30,27,84.0,4,9999.0,NO,1011,15,0,2024-06-03 15:00:00
5202,2024,6,3,1530,30,26,79.2,4,9999.0,NO,1011,15,30,2024-06-03 15:30:00
5203,2024,6,3,1600,29,26,83.9,4,9999.0,NO,1011,16,0,2024-06-03 16:00:00
5204,2024,6,3,1630,29,26,83.9,4,9999.0,NO,1011,16,30,2024-06-03 16:30:00
5205,2024,6,3,1700,28,25,83.8,4,9999.0,NO,1011,17,0,2024-06-03 17:00:00
5206,2024,6,3,1730,28,25,83.8,3,9999.0,NO,1011,17,30,2024-06-03 17:30:00
5207,2024,6,3,1800,27,25,88.8,3,9999.0,NO,1012,18,0,2024-06-03 18:00:00
5208,2024,6,3,1830,27,26,94.3,2,9999.0,NO,1012,18,30,2024-06-03 18:30:00
5209,2024,6,3,1900,27,26,94.3,2,9999.0,NO,1012,19,0,2024-06-03 19:00:00
5210,2024,6,3,1930,27,26,94.3,4,9999.0,NO,1013,19,30,2024-06-03 19:30:00
5211,2024,6,3,2000,27,26,94.3,2,9999.0,NO,1013,20,0,2024-06-03 20:00:00
5212,2024,6,3,2030,27,26,94.3,2,9999.0,NO,1013,20,30,2024-06-03 20:30:00
5213,2024,6,3,2100,27,26,94.3,1,9999.0,NO,1014,21,0,2024-06-03 21:00:00
5214,2024,6,3,2130,27,26,94.3,2,9999.0,NO,1014,21,30,2024-06-03 21:30:00
5215,2024,6,3,2200,27,26,94.3,1,9999.0,NO,1013,22,0,2024-06-03 22:00:00
5216,2024,6,3,2230,26,26,100.0,0,9999.0,NO,1014,22,30,2024-06-03 22:30:00
5217,2024,6,3,2300,26,26,100.0,1,9999.0,NO,1013,23,0,2024-06-03 23:00:00
5218,2024,6,3,2330,26,26,100.0,0,9999.0,NO,1013,23,30,2024-06-03 23:30:00
5219,2024,6,4,0000,26,26,100.0,1,9999.0,YES,1013,0,0,2024-06-04 00:00:00
5220,2024,6,4,0030,26,26,100.0,1,9999.0,NO,1012,0,30,2024-06-04 00:30:00
5221,2024,6,4,0100,26,26,100.0,0,9999.0,NO,1012,1,0,2024-06-04 01:00:00
5222,2024,6,4,0130,26,26,100.0,2,9999.0,YES,1011,1,30,2024-06-04 01:30:00
5223,2024,6,4,0200,26,26,100.0,0,9999.0,YES,1011,2,0,2024-06-04 02:00:00
5224,2024,6,4,0230,26,26,100.0,2,7000.0,YES,1011,2,30,2024-06-04 02:30:00
5225,2024,6,4,0300,26,26,100.0,2,7000.0,YES,1011,3,0,2024-06-04 03:00:00
5226,2024,6,4,0330,26,26,100.0,0,8000.0,NO,1011,3,30,2024-06-04 03:30:00
5227,2024,6,4,0400,26,26,100.0,0,8000.0,NO,1011,4,0,2024-06-04 04:00:00
5228,2024,6,4,0430,26,26,100.0,2,8000.0,NO,1011,4,30,2024-06-04 04:30:00
5229,2024,6,4,0500,26,26,100.0,2,6000.0,NO,1011,5,0,2024-06-04 05:00:00
5230,2024,6,4,0530,26,26,100.0,2,6000.0,YES,1012,5,30,2024-06-04 05:30:00
5231,2024,6,4,0600,26,26,100.0,3,8000.0,NO,1013,6,0,2024-06-04 06:00:00
5232,2024,6,4,0630,26,26,100.0,2,6000.0,NO,1013,6,30,2024-06-04 06:30:00
5233,2024,6,4,0700,27,26,94.3,1,6000.0,YES,1013,7,0,2024-06-04 07:00:00
5234,2024,6,4,0730,27,26,94.3,1,6000.0,YES,1014,7,30,2024-06-04 07:30:00
5235,2024,6,4,0800,27,26,94.3,2,6000.0,YES,1014,8,0,2024-06-04 08:00:00
5236,2024,6,4,0830,27,26,94.3,1,7000.0,YES,1014,8,30,2024-06-04 08:30:00
5237,2024,6,4,0900,28,26,88.9,4,8000.0,YES,1014,9,0,2024-06-04 09:00:00
5238,2024,6,4,0930,28,26,88.9,3,8000.0,YES,1014,9,30,2024-06-04 09:30:00
5239,2024,6,4,1000,28,26,88.9,3,9999.0,YES,1014,10,0,2024-06-04 10:00:00
5240,2024,6,4,1030,28,26,88.9,3,9999.0,NO,1014,10,30,2024-06-04 10:30:00
5241,2024,6,4,1100,29,26,83.9,3,9999.0,NO,1014,11,0,2024-06-04 11:00:00
5242,2024,6,4,1130,30,26,79.2,5,9999.0,NO,1013,11,30,2024-06-04 11:30:00
5243,2024,6,4,1200,30,25,74.6,5,9999.0,YES,1012,12,0,2024-06-04 12:00:00
5244,2024,6,4,1230,28,26,88.9,3,9999.0,YES,1012,12,30,2024-06-04 12:30:00
5245,2024,6,4,1300,27,25,88.8,4,9999.0,YES,1012,13,0,2024-06-04 13:00:00
5246,2024,6,4,1330,27,25,88.8,5,9999.0,YES,1011,13,30,2024-06-04 13:30:00
5247,2024,6,4,1400,29,26,83.9,4,9999.0,NO,1011,14,0,2024-06-04 14:00:00
5248,2024,6,4,1430,29,26,83.9,5,9999.0,NO,1011,14,30,2024-06-04 14:30:00
5249,2024,6,4,1500,29,26,83.9,4,9999.0,NO,1010,15,0,2024-06-04 15:00:00
5250,2024,6,4,1530,28,26,88.9,3,9999.0,NO,1010,15,30,2024-06-04 15:30:00
5251,2024,6,4,1600,29,26,83.9,3,9999.0,NO,1010,16,0,2024-06-04 16:00:00
5252,2024,6,4,1630,28,26,88.9,3,9999.0,NO,1010,16,30,2024-06-04 16:30:00
5253,2024,6,4,1700,27,26,94.3,2,3200.0,YES,1011,17,0,2024-06-04 17:00:00
5254,2024,6,4,1730,27,26,94.3,2,6000.0,NO,1011,17,30,2024-06-04 17:30:00
5255,2024,6,4,1800,26,26,100.0,2,9999.0,NO,1011,18,0,2024-06-04 18:00:00
5256,2024,6,4,1830,26,26,100.0,2,9999.0,NO,1011,18,30,2024-06-04 18:30:00
5257,2024,6,4,1900,27,26,94.3,0,9999.0,YES,1011,19,0,2024-06-04 19:00:00
5258,2024,6,4,1930,26,26,100.0,3,4000.0,YES,1011,19,30,2024-06-04 19:30:00
5259,2024,6,4,2000,26,25,94.2,2,8000.0,YES,1012,20,0,2024-06-04 20:00:00
5260,2024,6,4,2030,26,26,100.0,0,9999.0,YES,1012,20,30,2024-06-04 20:30:00
5261,2024,6,4,2100,26,26,100.0,0,9999.0,YES,1012,21,0,2024-06-04 21:00:00
5262,2024,6,4,2130,26,26,100.0,1,9999.0,YES,1012,21,30,2024-06-04 21:30:00
5263,2024,6,4,2200,26,26,100.0,2,9999.0,NO,1012,22,0,2024-06-04 22:00:00
5264,2024,6,4,2230,26,26,100.0,2,9999.0,NO,1013,22,30,2024-06-04 22:30:00
5265,2024,6,4,2300,26,26,100.0,2,9999.0,NO,1013,23,0,2024-06-04 23:00:00
5266,2024,6,4,2330,26,26,100.0,2,9999.0,NO,1012,23,30,2024-06-04 23:30:00
5267,2024,6,5,0000,26,26,100.0,2,9999.0,NO,1012,0,0,2024-06-05 00:00:00
5268,2024,6,5,0030,26,26,100.0,1,9999.0,NO,1012,0,30,2024-06-05 00:30:00
5269,2024,6,5,0100,26,26,100.0,1,9999.0,NO,1012,1,0,2024-06-05 01:00:00
5270,2024,6,5,0130,26,26,100.0,0,9999.0,NO,1011,1,30,2024-06-05 01:30:00
5271,2024,6,5,0200,26,26,100.0,0,9999.0,NO,1012,2,0,2024-06-05 02:00:00
5272,2024,6,5,0230,26,26,100.0,0,9999.0,NO,1012,2,30,2024-06-05 02:30:00
5273,2024,6,5,0300,26,25,94.2,0,9999.0,NO,1011,3,0,2024-06-05 03:00:00
5274,2024,6,5,0330,25,25,100.0,0,9999.0,NO,1011,3,30,2024-06-05 03:30:00
5275,2024,6,5,0400,25,25,100.0,2,9999.0,NO,1011,4,0,2024-06-05 04:00:00
5276,2024,6,5,0430,25,25,100.0,3,9999.0,NO,1012,4,30,2024-06-05 04:30:00
5277,2024,6,5,0500,25,25,100.0,2,9999.0,NO,1012,5,0,2024-06-05 05:00:00
5278,2024,6,5,0530,25,25,100.0,2,9999.0,NO,1012,5,30,2024-06-05 05:30:00
5279,2024,6,5,0600,25,25,100.0,2,9999.0,NO,1013,6,0,2024-06-05 06:00:00
5280,2024,6,5,0630,26,25,94.2,4,8000.0,NO,1013,6,30,2024-06-05 06:30:00
5281,2024,6,5,0700,26,25,94.2,3,8000.0,YES,1014,7,0,2024-06-05 07:00:00
5282,2024,6,5,0730,27,26,94.3,3,8000.0,YES,1014,7,30,2024-06-05 07:30:00
5283,2024,6,5,0800,27,25,88.8,2,8000.0,YES,1014,8,0,2024-06-05 08:00:00
5284,2024,6,5,0830,28,25,83.8,3,8000.0,NO,1014,8,30,2024-06-05 08:30:00
5285,2024,6,5,0900,29,26,83.9,3,8000.0,NO,1014,9,0,2024-06-05 09:00:00
5286,2024,6,5,0930,30,26,79.2,2,8000.0,NO,1014,9,30,2024-06-05 09:30:00
5287,2024,6,5,1000,29,26,83.9,4,9999.0,YES,1014,10,0,2024-06-05 10:00:00
5288,2024,6,5,1030,29,26,83.9,2,9999.0,YES,1014,10,30,2024-06-05 10:30:00
5289,2024,6,5,1100,29,26,83.9,2,3500.0,YES,1014,11,0,2024-06-05 11:00:00
5290,2024,6,5,1130,28,26,88.9,2,8000.0,YES,1013,11,30,2024-06-05 11:30:00
5291,2024,6,5,1200,26,25,94.2,6,6000.0,YES,1013,12,0,2024-06-05 12:00:00
5292,2024,6,5,1230,26,25,94.2,4,1600.0,YES,1013,12,30,2024-06-05 12:30:00
5293,2024,6,5,1300,27,26,94.3,2,9999.0,YES,1012,13,0,2024-06-05 13:00:00
5294,2024,6,5,1330,30,28,89.1,3,9999.0,YES,1012,13,30,2024-06-05 13:30:00
5295,2024,6,5,1400,25,23,88.7,17,8000.0,YES,1012,14,0,2024-06-05 14:00:00
5296,2024,6,5,1430,23,23,100.0,4,2500.0,YES,1011,14,30,2024-06-05 14:30:00
5297,2024,6,5,1500,23,23,100.0,2,9999.0,YES,1010,15,0,2024-06-05 15:00:00
5298,2024,6,5,1530,23,23,100.0,4,9999.0,YES,1011,15,30,2024-06-05 15:30:00
5299,2024,6,5,1600,24,23,94.1,2,7000.0,YES,1011,16,0,2024-06-05 16:00:00
5300,2024,6,5,1630,24,24,100.0,0,7000.0,YES,1010,16,30,2024-06-05 16:30:00
5301,2024,6,5,1700,24,24,100.0,4,9999.0,YES,1010,17,0,2024-06-05 17:00:00
5302,2024,6,5,1730,24,24,100.0,3,9999.0,NO,1011,17,30,2024-06-05 17:30:00
5303,2024,6,5,1800,24,24,100.0,2,9999.0,NO,1011,18,0,2024-06-05 18:00:00
5304,2024,6,5,1830,24,24,100.0,2,7000.0,NO,1012,18,30,2024-06-05 18:30:00
5305,2024,6,5,1900,24,24,100.0,2,7000.0,NO,1012,19,0,2024-06-05 19:00:00
5306,2024,6,5,1930,24,23,94.1,0,8000.0,NO,1012,19,30,2024-06-05 19:30:00
5307,2024,6,5,2000,24,23,94.1,3,8000.0,NO,1013,20,0,2024-06-05 20:00:00
5308,2024,6,5,2030,24,24,100.0,1,8000.0,NO,1013,20,30,2024-06-05 20:30:00
5309,2024,6,5,2100,24,24,100.0,2,9999.0,NO,1013,21,0,2024-06-05 21:00:00
5310,2024,6,5,2130,24,24,100.0,3,9999.0,NO,1014,21,30,2024-06-05 21:30:00
5311,2024,6,5,2200,24,23,94.1,2,9999.0,NO,1014,22,0,2024-06-05 22:00:00
5312,2024,6,5,2230,24,23,94.1,2,9999.0,NO,1014,22,30,2024-06-05 22:30:00
5313,2024,6,5,2300,24,23,94.1,3,9999.0,NO,1013,23,0,2024-06-05 23:00:00
5314,2024,6,5,2330,24,23,94.1,3,9999.0,NO,1013,23,30,2024-06-05 23:30:00
5315,2024,6,6,0000,24,23,94.1,3,9999.0,NO,1013,0,0,2024-06-06 00:00:00
5316,2024,6,6,0100,24,23,94.1,2,9999.0,NO,1012,1,0,2024-06-06 01:00:00
5317,2024,6,6,0130,24,23,94.1,0,9999.0,NO,1012,1,30,2024-06-06 01:30:00
5318,2024,6,6,0200,24,23,94.1,0,9999.0,NO,1012,2,0,2024-06-06 02:00:00
5319,2024,6,6,0230,23,23,100.0,1,9999.0,NO,1012,2,30,2024-06-06 02:30:00
5320,2024,6,6,0300,23,23,100.0,0,8000.0,NO,1012,3,0,2024-06-06 03:00:00
5321,2024,6,6,0330,23,23,100.0,0,8000.0,NO,1012,3,30,2024-06-06 03:30:00
5322,2024,6,6,0400,23,23,100.0,1,8000.0,NO,1012,4,0,2024-06-06 04:00:00
5323,2024,6,6,0430,23,23,100.0,0,8000.0,NO,1012,4,30,2024-06-06 04:30:00
5324,2024,6,6,0500,23,23,100.0,0,7000.0,NO,1013,5,0,2024-06-06 05:00:00
5325,2024,6,6,0530,24,23,94.1,1,6000.0,NO,1013,5,30,2024-06-06 05:30:00
5326,2024,6,6,0600,24,24,100.0,0,4000.0,NO,1013,6,0,2024-06-06 06:00:00
5327,2024,6,6,0630,24,24,100.0,1,1800.0,YES,1013,6,30,2024-06-06 06:30:00
5328,2024,6,6,0700,25,25,100.0,2,3000.0,YES,1014,7,0,2024-06-06 07:00:00
5329,2024,6,6,0730,26,25,94.2,2,6000.0,YES,1014,7,30,2024-06-06 07:30:00
5330,2024,6,6,1500,30,25,74.6,6,9999.0,NO,1011,15,0,2024-06-06 15:00:00
5331,2024,6,7,0000,26,25,94.2,0,9999.0,NO,1014,0,0,2024-06-07 00:00:00
5332,2024,6,7,0030,26,25,94.2,1,9999.0,NO,1013,0,30,2024-06-07 00:30:00
5333,2024,6,7,0100,26,25,94.2,2,9999.0,NO,1013,1,0,2024-06-07 01:00:00
5334,2024,6,7,0200,26,25,94.2,2,9999.0,NO,1013,2,0,2024-06-07 02:00:00
5335,2024,6,7,0300,26,25,94.2,0,9999.0,NO,1013,3,0,2024-06-07 03:00:00
5336,2024,6,7,0400,26,25,94.2,2,9999.0,NO,1013,4,0,2024-06-07 04:00:00
5337,2024,6,7,1830,27,25,88.8,2,9999.0,NO,1014,18,30,2024-06-07 18:30:00
5338,2024,6,7,1900,27,24,83.7,2,9999.0,NO,1014,19,0,2024-06-07 19:00:00
5339,2024,6,7,1930,27,24,83.7,2,9999.0,NO,1015,19,30,2024-06-07 19:30:00
5340,2024,6,7,2000,27,25,88.8,2,9999.0,NO,1015,20,0,2024-06-07 20:00:00
5341,2024,6,7,2030,27,25,88.8,2,9999.0,NO,1016,20,30,2024-06-07 20:30:00
5342,2024,6,7,2100,27,25,88.8,2,9999.0,NO,1016,21,0,2024-06-07 21:00:00
5343,2024,6,7,2130,27,25,88.8,0,9999.0,NO,1016,21,30,2024-06-07 21:30:00
5344,2024,6,7,2200,26,25,94.2,0,9999.0,NO,1016,22,0,2024-06-07 22:00:00
5345,2024,6,7,2230,26,25,94.2,0,9999.0,NO,1016,22,30,2024-06-07 22:30:00
5346,2024,6,7,2300,26,25,94.2,1,9999.0,NO,1015,23,0,2024-06-07 23:00:00
5347,2024,6,7,2330,26,25,94.2,0,9999.0,YES,1015,23,30,2024-06-07 23:30:00
5348,2024,6,8,0000,26,25,94.2,1,9999.0,NO,1014,0,0,2024-06-08 00:00:00
5349,2024,6,8,0030,26,25,94.2,0,9999.0,NO,1014,0,30,2024-06-08 00:30:00
5350,2024,6,8,0100,26,24,88.7,5,7000.0,YES,1014,1,0,2024-06-08 01:00:00
5351,2024,6,8,0130,24,23,94.1,2,9999.0,YES,1013,1,30,2024-06-08 01:30:00
5352,2024,6,8,0200,24,23,94.1,1,9999.0,YES,1013,2,0,2024-06-08 02:00:00
5353,2024,6,8,0230,24,24,100.0,2,9999.0,NO,1012,2,30,2024-06-08 02:30:00
5354,2024,6,8,0300,24,24,100.0,0,9999.0,NO,1013,3,0,2024-06-08 03:00:00
5355,2024,6,8,0330,24,24,100.0,2,9999.0,NO,1013,3,30,2024-06-08 03:30:00
5356,2024,6,8,0400,24,24,100.0,0,9999.0,NO,1013,4,0,2024-06-08 04:00:00
5357,2024,6,8,0430,24,23,94.1,4,9999.0,NO,1013,4,30,2024-06-08 04:30:00
5358,2024,6,8,0500,24,24,100.0,4,9999.0,NO,1013,5,0,2024-06-08 05:00:00
5359,2024,6,8,0530,24,23,94.1,3,9999.0,NO,1014,5,30,2024-06-08 05:30:00
5360,2024,6,8,0600,24,23,94.1,2,8000.0,NO,1014,6,0,2024-06-08 06:00:00
5361,2024,6,8,0630,25,23,88.7,4,8000.0,NO,1014,6,30,2024-06-08 06:30:00
5362,2024,6,8,0700,26,24,88.7,2,9999.0,NO,1015,7,0,2024-06-08 07:00:00
5363,2024,6,8,0730,28,24,78.9,2,9999.0,NO,1015,7,30,2024-06-08 07:30:00
5364,2024,6,8,0800,29,24,74.4,3,9999.0,NO,1015,8,0,2024-06-08 08:00:00
5365,2024,6,8,0830,31,23,62.5,2,9999.0,NO,1015,8,30,2024-06-08 08:30:00
5366,2024,6,8,0900,31,24,66.4,0,9999.0,NO,1015,9,0,2024-06-08 09:00:00
5367,2024,6,8,0930,29,25,79.0,0,9999.0,NO,1015,9,30,2024-06-08 09:30:00
5368,2024,6,8,1000,30,24,70.3,3,9999.0,NO,1014,10,0,2024-06-08 10:00:00
5369,2024,6,8,1030,30,25,74.6,3,9999.0,NO,1014,10,30,2024-06-08 10:30:00
5370,2024,6,8,1100,31,25,70.4,3,9999.0,NO,1013,11,0,2024-06-08 11:00:00
5371,2024,6,8,1130,31,25,70.4,3,9999.0,NO,1013,11,30,2024-06-08 11:30:00
5372,2024,6,8,1200,31,26,74.8,4,9999.0,NO,1013,12,0,2024-06-08 12:00:00
5373,2024,6,8,1230,31,26,74.8,4,9999.0,NO,1013,12,30,2024-06-08 12:30:00
5374,2024,6,8,1300,30,26,79.2,4,9999.0,NO,1012,13,0,2024-06-08 13:00:00
5375,2024,6,8,1330,30,26,79.2,4,9999.0,NO,1012,13,30,2024-06-08 13:30:00
5376,2024,6,8,1400,30,26,79.2,6,9999.0,NO,1012,14,0,2024-06-08 14:00:00
5377,2024,6,8,1430,29,26,83.9,5,9999.0,NO,1012,14,30,2024-06-08 14:30:00
5378,2024,6,8,1500,30,26,79.2,4,9999.0,NO,1011,15,0,2024-06-08 15:00:00
5379,2024,6,8,1530,30,26,79.2,4,9999.0,NO,1011,15,30,2024-06-08 15:30:00
5380,2024,6,8,1600,29,25,79.0,5,9999.0,NO,1011,16,0,2024-06-08 16:00:00
5381,2024,6,8,1630,28,25,83.8,5,9999.0,NO,1012,16,30,2024-06-08 16:30:00
5382,2024,6,8,1700,28,25,83.8,4,9999.0,NO,1012,17,0,2024-06-08 17:00:00
5383,2024,6,8,1730,28,25,83.8,4,9999.0,YES,1012,17,30,2024-06-08 17:30:00
5384,2024,6,8,1800,28,25,83.8,3,9999.0,YES,1012,18,0,2024-06-08 18:00:00
5385,2024,6,8,1830,27,25,88.8,3,9999.0,YES,1013,18,30,2024-06-08 18:30:00
5386,2024,6,8,1900,27,25,88.8,3,9999.0,YES,1013,19,0,2024-06-08 19:00:00
5387,2024,6,8,1930,27,25,88.8,2,9999.0,YES,1014,19,30,2024-06-08 19:30:00
5388,2024,6,8,2000,27,25,88.8,3,9999.0,YES,1014,20,0,2024-06-08 20:00:00
5389,2024,6,8,2030,27,25,88.8,2,9999.0,YES,1014,20,30,2024-06-08 20:30:00
5390,2024,6,8,2100,27,25,88.8,2,9999.0,YES,1014,21,0,2024-06-08 21:00:00
5391,2024,6,8,2130,26,26,100.0,3,8000.0,YES,1015,21,30,2024-06-08 21:30:00
5392,2024,6,8,2200,26,26,100.0,1,9999.0,YES,1014,22,0,2024-06-08 22:00:00
5393,2024,6,8,2230,26,25,94.2,1,9999.0,NO,1014,22,30,2024-06-08 22:30:00
5394,2024,6,8,2300,26,25,94.2,2,9999.0,NO,1014,23,0,2024-06-08 23:00:00
5395,2024,6,8,2330,26,25,94.2,2,9999.0,NO,1013,23,30,2024-06-08 23:30:00
5396,2024,6,9,0000,26,25,94.2,1,9999.0,NO,1013,0,0,2024-06-09 00:00:00
5397,2024,6,9,0030,26,25,94.2,1,9999.0,NO,1013,0,30,2024-06-09 00:30:00
5398,2024,6,9,0100,26,25,94.2,2,9999.0,NO,1013,1,0,2024-06-09 01:00:00
5399,2024,6,9,0130,26,25,94.2,2,9999.0,NO,1013,1,30,2024-06-09 01:30:00
5400,2024,6,9,0200,26,25,94.2,3,9999.0,NO,1013,2,0,2024-06-09 02:00:00
5401,2024,6,9,0230,26,25,94.2,4,9999.0,NO,1012,2,30,2024-06-09 02:30:00
5402,2024,6,9,0300,26,25,94.2,2,9999.0,NO,1012,3,0,2024-06-09 03:00:00
5403,2024,6,9,0330,26,25,94.2,2,9999.0,NO,1012,3,30,2024-06-09 03:30:00
5404,2024,6,9,0400,26,25,94.2,2,9999.0,NO,1012,4,0,2024-06-09 04:00:00
5405,2024,6,9,0430,26,25,94.2,3,9999.0,NO,1012,4,30,2024-06-09 04:30:00
5406,2024,6,9,0500,26,25,94.2,3,9999.0,NO,1013,5,0,2024-06-09 05:00:00
5407,2024,6,9,0530,26,25,94.2,3,9999.0,YES,1013,5,30,2024-06-09 05:30:00
5408,2024,6,9,0630,26,25,94.2,4,8000.0,NO,1014,6,30,2024-06-09 06:30:00
5409,2024,6,9,0700,27,26,94.3,4,8000.0,NO,1014,7,0,2024-06-09 07:00:00
5410,2024,6,9,0730,27,25,88.8,5,9999.0,NO,1014,7,30,2024-06-09 07:30:00
5411,2024,6,9,0800,28,26,88.9,4,9999.0,NO,1015,8,0,2024-06-09 08:00:00
5412,2024,6,9,0830,27,25,88.8,3,9999.0,YES,1015,8,30,2024-06-09 08:30:00
5413,2024,6,9,0900,25,24,94.2,3,6000.0,YES,1015,9,0,2024-06-09 09:00:00
5414,2024,6,9,0930,25,23,88.7,2,8000.0,YES,1015,9,30,2024-06-09 09:30:00
5415,2024,6,9,1000,26,25,94.2,1,6000.0,YES,1015,10,0,2024-06-09 10:00:00
5416,2024,6,9,1030,27,24,83.7,3,9999.0,NO,1014,10,30,2024-06-09 10:30:00
5417,2024,6,9,1100,27,25,88.8,3,9999.0,NO,1014,11,0,2024-06-09 11:00:00
5418,2024,6,9,1130,28,25,83.8,3,9999.0,NO,1014,11,30,2024-06-09 11:30:00
5419,2024,6,9,1200,29,26,83.9,4,9999.0,NO,1013,12,0,2024-06-09 12:00:00
5420,2024,6,9,1230,29,25,79.0,4,9999.0,NO,1013,12,30,2024-06-09 12:30:00
5421,2024,6,9,1300,29,25,79.0,3,9999.0,NO,1012,13,0,2024-06-09 13:00:00
5422,2024,6,9,1330,29,26,83.9,5,9999.0,NO,1012,13,30,2024-06-09 13:30:00
5423,2024,6,9,1400,27,25,88.8,6,,YES,1012,14,0,2024-06-09 14:00:00
5424,2024,6,9,1430,28,25,83.8,4,9999.0,NO,1011,14,30,2024-06-09 14:30:00
5425,2024,6,9,1500,29,25,79.0,4,9999.0,NO,1011,15,0,2024-06-09 15:00:00
5426,2024,6,9,1530,28,25,83.8,4,9999.0,NO,1011,15,30,2024-06-09 15:30:00
5427,2024,6,9,1600,27,25,88.8,3,9999.0,NO,1011,16,0,2024-06-09 16:00:00
5428,2024,6,9,1630,27,24,83.7,3,9999.0,NO,1011,16,30,2024-06-09 16:30:00
5429,2024,6,9,1700,27,24,83.7,3,9999.0,NO,1011,17,0,2024-06-09 17:00:00
5430,2024,6,9,1730,27,24,83.7,2,9999.0,NO,1012,17,30,2024-06-09 17:30:00
5431,2024,6,9,1800,27,24,83.7,3,9999.0,NO,1012,18,0,2024-06-09 18:00:00
5432,2024,6,9,1830,27,24,83.7,3,9999.0,NO,1012,18,30,2024-06-09 18:30:00
5433,2024,6,9,1900,27,24,83.7,2,9999.0,NO,1013,19,0,2024-06-09 19:00:00
5434,2024,6,9,1930,26,24,88.7,2,9999.0,NO,1013,19,30,2024-06-09 19:30:00
5435,2024,6,9,2000,26,25,94.2,0,9999.0,NO,1013,20,0,2024-06-09 20:00:00
5436,2024,6,9,2030,25,24,94.2,1,9999.0,NO,1014,20,30,2024-06-09 20:30:00
5437,2024,6,9,2100,25,24,94.2,0,9999.0,NO,1014,21,0,2024-06-09 21:00:00
5438,2024,6,9,2130,25,24,94.2,0,9999.0,NO,1014,21,30,2024-06-09 21:30:00
5439,2024,6,9,2200,25,25,100.0,0,9999.0,NO,1015,22,0,2024-06-09 22:00:00
5440,2024,6,9,2230,26,25,94.2,0,9999.0,NO,1014,22,30,2024-06-09 22:30:00
5441,2024,6,9,2300,25,25,100.0,1,9999.0,NO,1014,23,0,2024-06-09 23:00:00
5442,2024,6,9,2330,25,25,100.0,0,9999.0,NO,1014,23,30,2024-06-09 23:30:00
5443,2024,6,10,0000,25,25,100.0,0,9999.0,NO,1013,0,0,2024-06-10 00:00:00
5444,2024,6,10,0030,25,25,100.0,0,7000.0,NO,1013,0,30,2024-06-10 00:30:00
5445,2024,6,10,0100,25,25,100.0,0,9999.0,NO,1013,1,0,2024-06-10 01:00:00
5446,2024,6,10,0130,26,25,94.2,0,9999.0,NO,1013,1,30,2024-06-10 01:30:00
5447,2024,6,10,0200,25,25,100.0,2,9999.0,NO,1013,2,0,2024-06-10 02:00:00
5448,2024,6,10,0230,25,25,100.0,3,9999.0,NO,1013,2,30,2024-06-10 02:30:00
5449,2024,6,10,0300,25,25,100.0,2,9999.0,NO,1012,3,0,2024-06-10 03:00:00
5450,2024,6,10,0330,25,24,94.2,1,9999.0,NO,1013,3,30,2024-06-10 03:30:00
5451,2024,6,10,0400,25,24,94.2,2,8000.0,NO,1013,4,0,2024-06-10 04:00:00
5452,2024,6,10,0430,25,24,94.2,1,8000.0,NO,1013,4,30,2024-06-10 04:30:00
5453,2024,6,10,0500,25,25,100.0,1,7000.0,YES,1013,5,0,2024-06-10 05:00:00
5454,2024,6,10,0530,25,25,100.0,3,6000.0,YES,1014,5,30,2024-06-10 05:30:00
5455,2024,6,10,0600,25,25,100.0,3,6000.0,NO,1014,6,0,2024-06-10 06:00:00
5456,2024,6,10,0630,25,25,100.0,3,3500.0,YES,1014,6,30,2024-06-10 06:30:00
5457,2024,6,10,0700,25,25,100.0,2,800.0,YES,1015,7,0,2024-06-10 07:00:00
5458,2024,6,10,0730,24,23,94.1,2,1600.0,YES,1015,7,30,2024-06-10 07:30:00
5459,2024,6,10,0800,23,23,100.0,4,4000.0,YES,1016,8,0,2024-06-10 08:00:00
5460,2024,6,10,0830,23,23,100.0,0,6000.0,YES,1016,8,30,2024-06-10 08:30:00
5461,2024,6,10,0900,24,23,94.1,3,1600.0,YES,1016,9,0,2024-06-10 09:00:00
5462,2024,6,10,0930,24,24,100.0,2,4000.0,YES,1015,9,30,2024-06-10 09:30:00
5463,2024,6,10,1000,25,25,100.0,2,6000.0,YES,1015,10,0,2024-06-10 10:00:00
5464,2024,6,10,1030,27,25,88.8,3,8000.0,YES,1015,10,30,2024-06-10 10:30:00
5465,2024,6,10,1100,28,25,83.8,4,9999.0,YES,1014,11,0,2024-06-10 11:00:00
5466,2024,6,10,1130,28,25,83.8,2,9999.0,YES,1014,11,30,2024-06-10 11:30:00
5467,2024,6,10,1200,28,25,83.8,1,9999.0,NO,1013,12,0,2024-06-10 12:00:00
5468,2024,6,10,1230,28,25,83.8,2,9999.0,YES,1013,12,30,2024-06-10 12:30:00
5469,2024,6,10,1300,30,25,74.6,1,9999.0,YES,1013,13,0,2024-06-10 13:00:00
5470,2024,6,10,1330,29,25,79.0,2,9999.0,YES,1013,13,30,2024-06-10 13:30:00
5471,2024,6,10,1400,29,25,79.0,3,9999.0,YES,1012,14,0,2024-06-10 14:00:00
5472,2024,6,10,1430,29,26,83.9,3,9999.0,YES,1012,14,30,2024-06-10 14:30:00
5473,2024,6,10,1500,29,25,79.0,3,9999.0,NO,1011,15,0,2024-06-10 15:00:00
5474,2024,6,10,1530,29,26,83.9,2,9999.0,NO,1011,15,30,2024-06-10 15:30:00
5475,2024,6,10,1600,29,25,79.0,2,9999.0,NO,1011,16,0,2024-06-10 16:00:00
5476,2024,6,10,1630,28,25,83.8,2,9999.0,NO,1011,16,30,2024-06-10 16:30:00
5477,2024,6,10,1700,28,25,83.8,0,9999.0,NO,1012,17,0,2024-06-10 17:00:00
5478,2024,6,10,1730,27,26,94.3,0,9999.0,NO,1012,17,30,2024-06-10 17:30:00
5479,2024,6,10,1800,27,26,94.3,0,9999.0,NO,1012,18,0,2024-06-10 18:00:00
5480,2024,6,10,1830,27,25,88.8,2,9999.0,NO,1012,18,30,2024-06-10 18:30:00
5481,2024,6,10,1900,27,25,88.8,1,9999.0,NO,1012,19,0,2024-06-10 19:00:00
5482,2024,6,10,1930,26,26,100.0,0,9999.0,NO,1012,19,30,2024-06-10 19:30:00
5483,2024,6,10,2000,26,25,94.2,0,9999.0,NO,1013,20,0,2024-06-10 20:00:00
5484,2024,6,10,2030,26,25,94.2,0,9999.0,NO,1013,20,30,2024-06-10 20:30:00
5485,2024,6,10,2100,26,25,94.2,0,9999.0,NO,1013,21,0,2024-06-10 21:00:00
5486,2024,6,10,2130,26,25,94.2,0,9999.0,NO,1013,21,30,2024-06-10 21:30:00
5487,2024,6,10,2200,26,26,100.0,0,9999.0,NO,1013,22,0,2024-06-10 22:00:00
5488,2024,6,10,2230,26,26,100.0,0,9999.0,NO,1013,22,30,2024-06-10 22:30:00
5489,2024,6,10,2300,26,26,100.0,2,9999.0,NO,1013,23,0,2024-06-10 23:00:00
5490,2024,6,10,2330,26,26,100.0,0,9999.0,NO,1013,23,30,2024-06-10 23:30:00
5491,2024,6,11,0000,26,25,94.2,0,9999.0,NO,1013,0,0,2024-06-11 00:00:00
5492,2024,6,11,0030,26,26,100.0,2,9999.0,NO,1013,0,30,2024-06-11 00:30:00
5493,2024,6,11,0100,26,25,94.2,0,9999.0,NO,1013,1,0,2024-06-11 01:00:00
5494,2024,6,11,0130,26,25,94.2,0,9999.0,NO,1013,1,30,2024-06-11 01:30:00
5495,2024,6,11,0200,26,25,94.2,0,9999.0,NO,1013,2,0,2024-06-11 02:00:00
5496,2024,6,11,0230,26,25,94.2,1,9999.0,NO,1013,2,30,2024-06-11 02:30:00
5497,2024,6,11,0300,26,25,94.2,2,9999.0,NO,1013,3,0,2024-06-11 03:00:00
5498,2024,6,11,0330,26,25,94.2,0,8000.0,NO,1013,3,30,2024-06-11 03:30:00
5499,2024,6,11,0400,25,25,100.0,0,8000.0,YES,1013,4,0,2024-06-11 04:00:00
5500,2024,6,11,0430,26,25,94.2,1,8000.0,YES,1013,4,30,2024-06-11 04:30:00
5501,2024,6,11,0500,26,25,94.2,2,1800.0,NO,1013,5,0,2024-06-11 05:00:00
5502,2024,6,11,0530,26,25,94.2,0,2500.0,NO,1014,5,30,2024-06-11 05:30:00
5503,2024,6,11,0600,26,26,100.0,1,2500.0,NO,1014,6,0,2024-06-11 06:00:00
5504,2024,6,11,0630,26,26,100.0,0,2500.0,NO,1014,6,30,2024-06-11 06:30:00
5505,2024,6,11,0700,27,26,94.3,0,2500.0,NO,1014,7,0,2024-06-11 07:00:00
5506,2024,6,11,0730,27,26,94.3,2,6000.0,YES,1014,7,30,2024-06-11 07:30:00
5507,2024,6,11,0800,27,26,94.3,2,6000.0,YES,1015,8,0,2024-06-11 08:00:00
5508,2024,6,11,0830,27,26,94.3,2,4000.0,NO,1015,8,30,2024-06-11 08:30:00
5509,2024,6,11,0900,29,26,83.9,2,8000.0,NO,1015,9,0,2024-06-11 09:00:00
5510,2024,6,11,0930,29,26,83.9,1,8000.0,NO,1014,9,30,2024-06-11 09:30:00
5511,2024,6,11,1000,30,26,79.2,1,9999.0,NO,1014,10,0,2024-06-11 10:00:00
5512,2024,6,11,1030,30,26,79.2,2,9999.0,NO,1014,10,30,2024-06-11 10:30:00
5513,2024,6,11,1100,31,26,74.8,4,9999.0,NO,1014,11,0,2024-06-11 11:00:00
5514,2024,6,11,1130,31,26,74.8,4,9999.0,NO,1014,11,30,2024-06-11 11:30:00
5515,2024,6,11,1200,31,25,70.4,4,9999.0,NO,1013,12,0,2024-06-11 12:00:00
5516,2024,6,11,1230,32,25,66.6,4,9999.0,NO,1013,12,30,2024-06-11 12:30:00
5517,2024,6,11,1300,31,26,74.8,4,9999.0,NO,1013,13,0,2024-06-11 13:00:00
5518,2024,6,11,1330,31,26,74.8,4,9999.0,NO,1012,13,30,2024-06-11 13:30:00
5519,2024,6,11,1400,31,26,74.8,4,9999.0,NO,1012,14,0,2024-06-11 14:00:00
5520,2024,6,11,1430,31,26,74.8,4,9999.0,NO,1012,14,30,2024-06-11 14:30:00
5521,2024,6,11,1500,31,26,74.8,4,9999.0,NO,1012,15,0,2024-06-11 15:00:00
5522,2024,6,11,1530,30,26,79.2,4,9999.0,NO,1012,15,30,2024-06-11 15:30:00
5523,2024,6,11,1600,30,26,79.2,4,9999.0,NO,1012,16,0,2024-06-11 16:00:00
5524,2024,6,11,1630,30,26,79.2,4,9999.0,NO,1012,16,30,2024-06-11 16:30:00
5525,2024,6,11,1700,29,25,79.0,4,9999.0,NO,1012,17,0,2024-06-11 17:00:00
5526,2024,6,11,1730,28,25,83.8,2,9999.0,NO,1012,17,30,2024-06-11 17:30:00
5527,2024,6,11,1800,28,25,83.8,2,9999.0,NO,1012,18,0,2024-06-11 18:00:00
5528,2024,6,11,1830,27,25,88.8,2,9999.0,YES,1013,18,30,2024-06-11 18:30:00
5529,2024,6,11,1900,27,26,94.3,0,9999.0,YES,1013,19,0,2024-06-11 19:00:00
5530,2024,6,11,1930,27,26,94.3,0,9999.0,NO,1014,19,30,2024-06-11 19:30:00
5531,2024,6,11,2000,27,26,94.3,0,9999.0,NO,1014,20,0,2024-06-11 20:00:00
5532,2024,6,11,2030,26,25,94.2,0,9999.0,NO,1014,20,30,2024-06-11 20:30:00
5533,2024,6,11,2100,26,25,94.2,0,9999.0,NO,1015,21,0,2024-06-11 21:00:00
5534,2024,6,11,2130,26,25,94.2,0,9999.0,NO,1015,21,30,2024-06-11 21:30:00
5535,2024,6,11,2200,26,25,94.2,1,9999.0,NO,1015,22,0,2024-06-11 22:00:00
5536,2024,6,11,2230,26,25,94.2,0,9999.0,NO,1015,22,30,2024-06-11 22:30:00
5537,2024,6,11,2300,25,25,100.0,0,9999.0,NO,1014,23,0,2024-06-11 23:00:00
5538,2024,6,12,0000,25,24,94.2,0,9999.0,NO,1014,0,0,2024-06-12 00:00:00
5539,2024,6,12,0030,25,25,100.0,0,9999.0,NO,1014,0,30,2024-06-12 00:30:00
5540,2024,6,12,0100,25,25,100.0,2,9999.0,NO,1014,1,0,2024-06-12 01:00:00
5541,2024,6,12,0130,25,25,100.0,0,8000.0,YES,1013,1,30,2024-06-12 01:30:00
5542,2024,6,12,0200,26,25,94.2,2,9999.0,YES,1013,2,0,2024-06-12 02:00:00
5543,2024,6,12,0230,26,25,94.2,0,9999.0,NO,1013,2,30,2024-06-12 02:30:00
5544,2024,6,12,0300,26,25,94.2,1,9999.0,NO,1013,3,0,2024-06-12 03:00:00
5545,2024,6,12,0330,25,25,100.0,2,9999.0,NO,1013,3,30,2024-06-12 03:30:00
5546,2024,6,12,0400,25,25,100.0,0,8000.0,NO,1013,4,0,2024-06-12 04:00:00
5547,2024,6,12,0430,25,25,100.0,2,8000.0,NO,1013,4,30,2024-06-12 04:30:00
5548,2024,6,12,0500,25,25,100.0,2,4000.0,NO,1013,5,0,2024-06-12 05:00:00
5549,2024,6,12,0530,25,25,100.0,0,2500.0,NO,1013,5,30,2024-06-12 05:30:00
5550,2024,6,12,0600,25,25,100.0,0,2000.0,NO,1013,6,0,2024-06-12 06:00:00
5551,2024,6,13,0000,26,26,100.0,2,9999.0,NO,1012,0,0,2024-06-13 00:00:00
5552,2024,6,13,0100,26,26,100.0,1,9999.0,NO,1011,1,0,2024-06-13 01:00:00
5553,2024,6,13,0200,26,26,100.0,1,9999.0,YES,1011,2,0,2024-06-13 02:00:00
5554,2024,6,13,0300,26,25,94.2,0,9999.0,NO,1011,3,0,2024-06-13 03:00:00
5555,2024,6,13,0400,25,25,100.0,0,8000.0,NO,1011,4,0,2024-06-13 04:00:00
5556,2024,6,13,0900,29,26,83.9,3,9999.0,NO,1013,9,0,2024-06-13 09:00:00
5557,2024,6,13,1200,32,27,74.9,4,9999.0,NO,1011,12,0,2024-06-13 12:00:00
5558,2024,6,13,2100,26,25,94.2,2,8000.0,YES,1012,21,0,2024-06-13 21:00:00
5559,2024,6,13,2130,26,25,94.2,1,8000.0,YES,1012,21,30,2024-06-13 21:30:00
5560,2024,6,13,2200,26,25,94.2,0,8000.0,YES,1012,22,0,2024-06-13 22:00:00
5561,2024,6,13,2230,26,26,100.0,2,8000.0,YES,1012,22,30,2024-06-13 22:30:00
5562,2024,6,13,2300,24,23,94.1,8,700.0,YES,1011,23,0,2024-06-13 23:00:00
5563,2024,6,13,2330,24,24,100.0,6,1000.0,YES,1011,23,30,2024-06-13 23:30:00
5564,2024,6,14,0000,23,23,100.0,6,6000.0,YES,1011,0,0,2024-06-14 00:00:00
5565,2024,6,14,0030,23,23,100.0,8,1000.0,YES,1011,0,30,2024-06-14 00:30:00
5566,2024,6,14,0100,23,23,100.0,4,8000.0,YES,1010,1,0,2024-06-14 01:00:00
5567,2024,6,14,0130,23,23,100.0,4,9999.0,YES,1011,1,30,2024-06-14 01:30:00
5568,2024,6,14,0200,23,23,100.0,4,9999.0,YES,1011,2,0,2024-06-14 02:00:00
5569,2024,6,14,0230,23,23,100.0,5,9999.0,YES,1011,2,30,2024-06-14 02:30:00
5570,2024,6,14,0300,23,23,100.0,4,9999.0,YES,1010,3,0,2024-06-14 03:00:00
5571,2024,6,14,0330,23,23,100.0,3,9999.0,YES,1010,3,30,2024-06-14 03:30:00
5572,2024,6,14,0400,23,23,100.0,3,9999.0,YES,1010,4,0,2024-06-14 04:00:00
5573,2024,6,14,0430,23,23,100.0,3,9999.0,YES,1011,4,30,2024-06-14 04:30:00
5574,2024,6,14,0500,23,23,100.0,0,9999.0,YES,1011,5,0,2024-06-14 05:00:00
5575,2024,6,14,0530,23,23,100.0,1,9999.0,YES,1012,5,30,2024-06-14 05:30:00
5576,2024,6,14,0600,23,23,100.0,1,9999.0,YES,1011,6,0,2024-06-14 06:00:00
5577,2024,6,14,0630,24,23,94.1,0,9999.0,YES,1012,6,30,2024-06-14 06:30:00
5578,2024,6,14,0700,24,23,94.1,2,8000.0,YES,1013,7,0,2024-06-14 07:00:00
5579,2024,6,14,0730,24,23,94.1,1,8000.0,YES,1013,7,30,2024-06-14 07:30:00
5580,2024,6,14,0800,24,23,94.1,1,6000.0,YES,1013,8,0,2024-06-14 08:00:00
5581,2024,6,14,0830,25,24,94.2,2,3500.0,YES,1014,8,30,2024-06-14 08:30:00
5582,2024,6,14,0900,25,24,94.2,2,6000.0,YES,1013,9,0,2024-06-14 09:00:00
5583,2024,6,14,0930,25,24,94.2,2,9999.0,NO,1014,9,30,2024-06-14 09:30:00
5584,2024,6,14,1000,27,24,83.7,1,9999.0,NO,1013,10,0,2024-06-14 10:00:00
5585,2024,6,14,1030,27,24,83.7,2,9999.0,NO,1013,10,30,2024-06-14 10:30:00
5586,2024,6,14,1100,29,25,79.0,3,9999.0,NO,1013,11,0,2024-06-14 11:00:00
5587,2024,6,14,1130,29,25,79.0,3,9999.0,NO,1012,11,30,2024-06-14 11:30:00
5588,2024,6,14,1200,28,25,83.8,3,9999.0,YES,1012,12,0,2024-06-14 12:00:00
5589,2024,6,14,1230,29,25,79.0,1,9999.0,YES,1012,12,30,2024-06-14 12:30:00
5590,2024,6,14,1300,29,25,79.0,2,9999.0,NO,1011,13,0,2024-06-14 13:00:00
5591,2024,6,14,1330,29,25,79.0,2,9999.0,YES,1010,13,30,2024-06-14 13:30:00
5592,2024,6,14,1400,28,25,83.8,2,9999.0,YES,1010,14,0,2024-06-14 14:00:00
5593,2024,6,14,1430,29,25,79.0,2,9999.0,YES,1010,14,30,2024-06-14 14:30:00
5594,2024,6,14,1500,29,25,79.0,3,9999.0,NO,1010,15,0,2024-06-14 15:00:00
5595,2024,6,14,1530,29,25,79.0,2,9999.0,NO,1010,15,30,2024-06-14 15:30:00
5596,2024,6,14,1600,28,25,83.8,2,9999.0,NO,1010,16,0,2024-06-14 16:00:00
5597,2024,6,14,1630,29,25,79.0,2,9999.0,NO,1010,16,30,2024-06-14 16:30:00
5598,2024,6,14,1700,28,25,83.8,3,9999.0,YES,1011,17,0,2024-06-14 17:00:00
5599,2024,6,14,1730,27,25,88.8,1,8000.0,YES,1011,17,30,2024-06-14 17:30:00
5600,2024,6,14,1800,27,26,94.3,0,9999.0,YES,1011,18,0,2024-06-14 18:00:00
5601,2024,6,14,1830,27,25,88.8,0,9999.0,YES,1011,18,30,2024-06-14 18:30:00
5602,2024,6,14,1900,27,25,88.8,2,9999.0,YES,1012,19,0,2024-06-14 19:00:00
5603,2024,6,14,1930,27,25,88.8,0,9999.0,YES,1012,19,30,2024-06-14 19:30:00
5604,2024,6,14,2000,26,26,100.0,0,9999.0,YES,1012,20,0,2024-06-14 20:00:00
5605,2024,6,14,2030,26,26,100.0,0,9999.0,YES,1012,20,30,2024-06-14 20:30:00
5606,2024,6,14,2100,26,26,100.0,1,9999.0,YES,1012,21,0,2024-06-14 21:00:00
5607,2024,6,14,2130,26,26,100.0,2,9999.0,YES,1012,21,30,2024-06-14 21:30:00
5608,2024,6,14,2200,26,26,100.0,4,6000.0,YES,1012,22,0,2024-06-14 22:00:00
5609,2024,6,14,2330,25,25,100.0,2,3500.0,YES,1012,23,30,2024-06-14 23:30:00
5610,2024,6,15,0000,25,25,100.0,2,6000.0,YES,1012,0,0,2024-06-15 00:00:00
5611,2024,6,15,0030,25,25,100.0,2,6000.0,YES,1012,0,30,2024-06-15 00:30:00
5612,2024,6,15,0100,25,25,100.0,8,1000.0,YES,1011,1,0,2024-06-15 01:00:00
5613,2024,6,15,0130,25,25,100.0,8,8000.0,YES,1011,1,30,2024-06-15 01:30:00
5614,2024,6,15,0200,25,25,100.0,3,9999.0,YES,1011,2,0,2024-06-15 02:00:00
5615,2024,6,15,0230,25,24,94.2,0,9999.0,YES,1010,2,30,2024-06-15 02:30:00
5616,2024,6,15,0300,25,25,100.0,0,9999.0,YES,1010,3,0,2024-06-15 03:00:00
5617,2024,6,15,0330,25,25,100.0,2,9999.0,YES,1011,3,30,2024-06-15 03:30:00
5618,2024,6,15,0400,25,25,100.0,0,6000.0,YES,1011,4,0,2024-06-15 04:00:00
5619,2024,6,15,0430,25,25,100.0,2,6000.0,YES,1011,4,30,2024-06-15 04:30:00
5620,2024,6,15,0500,25,25,100.0,2,6000.0,YES,1011,5,0,2024-06-15 05:00:00
5621,2024,6,15,0530,25,25,100.0,1,3500.0,NO,1011,5,30,2024-06-15 05:30:00
5622,2024,6,15,0600,25,25,100.0,1,2500.0,NO,1011,6,0,2024-06-15 06:00:00
5623,2024,6,15,0630,25,25,100.0,2,1600.0,NO,1012,6,30,2024-06-15 06:30:00
5624,2024,6,15,0700,25,25,100.0,1,2000.0,YES,1012,7,0,2024-06-15 07:00:00
5625,2024,6,15,0730,26,25,94.2,2,3500.0,YES,1013,7,30,2024-06-15 07:30:00
5626,2024,6,15,0800,26,25,94.2,2,4000.0,YES,1013,8,0,2024-06-15 08:00:00
5627,2024,6,15,0830,28,26,88.9,1,6000.0,NO,1013,8,30,2024-06-15 08:30:00
5628,2024,6,15,0900,30,25,74.6,1,6000.0,NO,1013,9,0,2024-06-15 09:00:00
5629,2024,6,15,0930,29,25,79.0,2,9999.0,NO,1013,9,30,2024-06-15 09:30:00
5630,2024,6,15,1000,28,26,88.9,2,8000.0,YES,1013,10,0,2024-06-15 10:00:00
5631,2024,6,15,1030,29,25,79.0,4,9999.0,NO,1012,10,30,2024-06-15 10:30:00
5632,2024,6,15,1100,30,25,74.6,2,9999.0,NO,1012,11,0,2024-06-15 11:00:00
5633,2024,6,15,1130,31,26,74.8,3,9999.0,NO,1011,11,30,2024-06-15 11:30:00
5634,2024,6,15,1200,31,26,74.8,3,9999.0,NO,1011,12,0,2024-06-15 12:00:00
5635,2024,6,15,1230,31,26,74.8,4,9999.0,NO,1011,12,30,2024-06-15 12:30:00
5636,2024,6,15,1300,30,26,79.2,5,9999.0,NO,1010,13,0,2024-06-15 13:00:00
5637,2024,6,15,1330,30,26,79.2,4,9999.0,NO,1010,13,30,2024-06-15 13:30:00
5638,2024,6,15,1400,30,25,74.6,4,9999.0,NO,1010,14,0,2024-06-15 14:00:00
5639,2024,6,15,1430,30,26,79.2,4,9999.0,NO,1009,14,30,2024-06-15 14:30:00
5640,2024,6,15,1500,30,26,79.2,5,9999.0,NO,1009,15,0,2024-06-15 15:00:00
5641,2024,6,15,1530,29,25,79.0,5,9999.0,NO,1009,15,30,2024-06-15 15:30:00
5642,2024,6,15,1600,28,25,83.8,3,9999.0,NO,1009,16,0,2024-06-15 16:00:00
5643,2024,6,15,1630,28,25,83.8,3,9999.0,NO,1010,16,30,2024-06-15 16:30:00
5644,2024,6,15,1700,28,25,83.8,2,9999.0,NO,1010,17,0,2024-06-15 17:00:00
5645,2024,6,15,1730,28,25,83.8,2,9999.0,NO,1010,17,30,2024-06-15 17:30:00
5646,2024,6,15,1800,28,25,83.8,2,9999.0,NO,1011,18,0,2024-06-15 18:00:00
5647,2024,6,15,1830,27,25,88.8,0,9999.0,NO,1011,18,30,2024-06-15 18:30:00
5648,2024,6,15,1900,26,25,94.2,0,9999.0,NO,1011,19,0,2024-06-15 19:00:00
5649,2024,6,15,1930,26,25,94.2,0,9999.0,NO,1012,19,30,2024-06-15 19:30:00
5650,2024,6,15,2000,26,25,94.2,0,9999.0,NO,1012,20,0,2024-06-15 20:00:00
5651,2024,6,15,2030,26,25,94.2,0,9999.0,NO,1012,20,30,2024-06-15 20:30:00
5652,2024,6,15,2100,26,25,94.2,0,9999.0,NO,1012,21,0,2024-06-15 21:00:00
5653,2024,6,15,2130,26,25,94.2,2,9999.0,NO,1012,21,30,2024-06-15 21:30:00
5654,2024,6,15,2200,26,25,94.2,3,8000.0,NO,1012,22,0,2024-06-15 22:00:00
5655,2024,6,15,2230,26,25,94.2,3,8000.0,NO,1013,22,30,2024-06-15 22:30:00
5656,2024,6,15,2300,26,25,94.2,2,8000.0,NO,1012,23,0,2024-06-15 23:00:00
5657,2024,6,15,2330,26,25,94.2,1,9999.0,NO,1012,23,30,2024-06-15 23:30:00
5658,2024,6,16,0000,26,25,94.2,2,9999.0,NO,1012,0,0,2024-06-16 00:00:00
5659,2024,6,16,0030,26,25,94.2,3,9999.0,NO,1012,0,30,2024-06-16 00:30:00
5660,2024,6,16,0100,26,25,94.2,3,9999.0,NO,1012,1,0,2024-06-16 01:00:00
5661,2024,6,16,0130,25,25,100.0,2,9999.0,NO,1011,1,30,2024-06-16 01:30:00
5662,2024,6,16,0200,25,25,100.0,2,9999.0,YES,1011,2,0,2024-06-16 02:00:00
5663,2024,6,16,0230,25,25,100.0,3,9999.0,YES,1011,2,30,2024-06-16 02:30:00
5664,2024,6,16,0300,25,25,100.0,3,6000.0,YES,1011,3,0,2024-06-16 03:00:00
5665,2024,6,16,0330,25,25,100.0,0,6000.0,YES,1011,3,30,2024-06-16 03:30:00
5666,2024,6,16,0400,25,25,100.0,1,8000.0,YES,1011,4,0,2024-06-16 04:00:00
5667,2024,6,16,0430,25,25,100.0,2,8000.0,NO,1012,4,30,2024-06-16 04:30:00
5668,2024,6,16,0500,25,25,100.0,2,8000.0,NO,1012,5,0,2024-06-16 05:00:00
5669,2024,6,16,0530,25,25,100.0,2,8000.0,YES,1012,5,30,2024-06-16 05:30:00
5670,2024,6,16,0600,25,25,100.0,3,8000.0,YES,1012,6,0,2024-06-16 06:00:00
5671,2024,6,16,0630,26,25,94.2,4,6000.0,YES,1013,6,30,2024-06-16 06:30:00
5672,2024,6,16,0700,26,25,94.2,3,6000.0,YES,1013,7,0,2024-06-16 07:00:00
5673,2024,6,16,0730,26,25,94.2,2,9999.0,YES,1013,7,30,2024-06-16 07:30:00
5674,2024,6,16,0800,26,24,88.7,4,9999.0,YES,1014,8,0,2024-06-16 08:00:00
5675,2024,6,16,0830,27,25,88.8,3,9999.0,YES,1014,8,30,2024-06-16 08:30:00
5676,2024,6,16,0900,26,24,88.7,3,9999.0,YES,1014,9,0,2024-06-16 09:00:00
5677,2024,6,16,0930,27,24,83.7,2,9999.0,YES,1014,9,30,2024-06-16 09:30:00
5678,2024,6,16,1000,28,25,83.8,1,9999.0,NO,1014,10,0,2024-06-16 10:00:00
5679,2024,6,16,1030,30,25,74.6,1,9999.0,NO,1013,10,30,2024-06-16 10:30:00
5680,2024,6,16,1400,26,25,94.2,1,3500.0,YES,1011,14,0,2024-06-16 14:00:00
5681,2024,6,16,1430,26,26,100.0,2,4000.0,YES,1011,14,30,2024-06-16 14:30:00
5682,2024,6,16,1500,26,26,100.0,1,4500.0,YES,1011,15,0,2024-06-16 15:00:00
5683,2024,6,16,1530,27,26,94.3,1,9999.0,NO,1011,15,30,2024-06-16 15:30:00
5684,2024,6,16,1600,27,25,88.8,0,9999.0,NO,1010,16,0,2024-06-16 16:00:00
5685,2024,6,16,1630,27,25,88.8,2,9999.0,YES,1011,16,30,2024-06-16 16:30:00
5686,2024,6,16,1700,27,25,88.8,2,9999.0,YES,1011,17,0,2024-06-16 17:00:00
5687,2024,6,16,1730,27,25,88.8,2,9999.0,YES,1011,17,30,2024-06-16 17:30:00
5688,2024,6,16,1800,26,25,94.2,2,9999.0,YES,1012,18,0,2024-06-16 18:00:00
5689,2024,6,17,0000,24,24,100.0,3,9999.0,NO,1012,0,0,2024-06-17 00:00:00
5690,2024,6,17,0100,24,24,100.0,1,9999.0,NO,1011,1,0,2024-06-17 01:00:00
5691,2024,6,17,0200,24,24,100.0,2,7000.0,NO,1011,2,0,2024-06-17 02:00:00
5692,2024,6,17,0300,24,24,100.0,2,9999.0,NO,1011,3,0,2024-06-17 03:00:00
5693,2024,6,17,0330,24,24,100.0,2,9999.0,NO,1011,3,30,2024-06-17 03:30:00
5694,2024,6,17,0400,23,23,100.0,2,9999.0,NO,1012,4,0,2024-06-17 04:00:00
5695,2024,6,17,0430,23,23,100.0,2,9999.0,NO,1012,4,30,2024-06-17 04:30:00
5696,2024,6,17,0530,23,23,100.0,1,1800.0,NO,1013,5,30,2024-06-17 05:30:00
5697,2024,6,17,0600,24,23,94.1,0,1800.0,NO,1013,6,0,2024-06-17 06:00:00
5698,2024,6,17,0630,24,24,100.0,0,1800.0,NO,1013,6,30,2024-06-17 06:30:00
5699,2024,6,17,0700,24,24,100.0,0,1800.0,NO,1013,7,0,2024-06-17 07:00:00
5700,2024,6,17,0730,26,24,88.7,2,2000.0,NO,1014,7,30,2024-06-17 07:30:00
5701,2024,6,17,0800,27,24,83.7,2,6000.0,NO,1013,8,0,2024-06-17 08:00:00
5702,2024,6,17,0830,28,24,78.9,2,6000.0,NO,1013,8,30,2024-06-17 08:30:00
5703,2024,6,17,0900,29,24,74.4,2,8000.0,NO,1013,9,0,2024-06-17 09:00:00
5704,2024,6,17,0930,30,25,74.6,2,8000.0,NO,1013,9,30,2024-06-17 09:30:00
5705,2024,6,17,1000,30,24,70.3,2,8000.0,NO,1013,10,0,2024-06-17 10:00:00
5706,2024,6,17,1030,30,25,74.6,3,8000.0,NO,1012,10,30,2024-06-17 10:30:00
5707,2024,6,17,1130,31,24,66.4,3,9999.0,NO,1011,11,30,2024-06-17 11:30:00
5708,2024,6,17,1200,31,24,66.4,4,9999.0,NO,1011,12,0,2024-06-17 12:00:00
5709,2024,6,17,1230,32,24,62.7,4,9999.0,NO,1011,12,30,2024-06-17 12:30:00
5710,2024,6,17,1300,31,25,70.4,4,9999.0,NO,1010,13,0,2024-06-17 13:00:00
5711,2024,6,17,1330,31,25,70.4,5,9999.0,NO,1010,13,30,2024-06-17 13:30:00
5712,2024,6,17,1400,31,25,70.4,4,9999.0,NO,1010,14,0,2024-06-17 14:00:00
5713,2024,6,17,1430,31,25,70.4,5,9999.0,NO,1009,14,30,2024-06-17 14:30:00
5714,2024,6,17,1500,31,25,70.4,5,9999.0,NO,1009,15,0,2024-06-17 15:00:00
5715,2024,6,17,1530,30,25,74.6,4,9999.0,NO,1009,15,30,2024-06-17 15:30:00
5716,2024,6,17,1600,30,25,74.6,5,9999.0,NO,1009,16,0,2024-06-17 16:00:00
5717,2024,6,17,1630,29,25,79.0,4,9999.0,NO,1010,16,30,2024-06-17 16:30:00
5718,2024,6,17,1700,29,25,79.0,3,9999.0,NO,1010,17,0,2024-06-17 17:00:00
5719,2024,6,17,1730,28,25,83.8,2,9999.0,NO,1010,17,30,2024-06-17 17:30:00
5720,2024,6,17,1800,28,25,83.8,2,9999.0,NO,1011,18,0,2024-06-17 18:00:00
5721,2024,6,17,1830,27,25,88.8,0,9999.0,NO,1011,18,30,2024-06-17 18:30:00
5722,2024,6,17,1900,27,26,94.3,0,9999.0,YES,1011,19,0,2024-06-17 19:00:00
5723,2024,6,17,1930,27,26,94.3,0,9999.0,YES,1011,19,30,2024-06-17 19:30:00
5724,2024,6,17,2000,27,25,88.8,2,9999.0,NO,1012,20,0,2024-06-17 20:00:00
5725,2024,6,17,2030,27,26,94.3,2,9999.0,NO,1012,20,30,2024-06-17 20:30:00
5726,2024,6,17,2100,27,26,94.3,0,9999.0,NO,1012,21,0,2024-06-17 21:00:00
5727,2024,6,17,2130,26,26,100.0,0,9999.0,NO,1012,21,30,2024-06-17 21:30:00
5728,2024,6,17,2300,26,25,94.2,4,6000.0,YES,1012,23,0,2024-06-17 23:00:00
5729,2024,6,18,0000,25,25,100.0,2,9999.0,NO,1011,0,0,2024-06-18 00:00:00
5730,2024,6,18,0100,25,25,100.0,0,9999.0,NO,1010,1,0,2024-06-18 01:00:00
5731,2024,6,18,0130,25,25,100.0,2,9999.0,NO,1011,1,30,2024-06-18 01:30:00
5732,2024,6,18,0200,25,24,94.2,0,9999.0,NO,1010,2,0,2024-06-18 02:00:00
5733,2024,6,18,0230,25,25,100.0,2,9999.0,NO,1010,2,30,2024-06-18 02:30:00
5734,2024,6,18,0300,25,25,100.0,0,9999.0,NO,1011,3,0,2024-06-18 03:00:00
5735,2024,6,18,0330,25,25,100.0,0,9999.0,NO,1011,3,30,2024-06-18 03:30:00
5736,2024,6,18,0400,25,25,100.0,0,9999.0,NO,1011,4,0,2024-06-18 04:00:00
5737,2024,6,18,0430,25,25,100.0,0,9999.0,NO,1011,4,30,2024-06-18 04:30:00
5738,2024,6,18,0500,25,24,94.2,1,9999.0,NO,1011,5,0,2024-06-18 05:00:00
5739,2024,6,18,0600,25,25,100.0,2,4800.0,NO,1012,6,0,2024-06-18 06:00:00
5740,2024,6,18,0630,25,25,100.0,1,6000.0,NO,1013,6,30,2024-06-18 06:30:00
5741,2024,6,18,0700,26,25,94.2,2,6000.0,NO,1013,7,0,2024-06-18 07:00:00
5742,2024,6,18,0730,26,25,94.2,3,6000.0,NO,1013,7,30,2024-06-18 07:30:00
5743,2024,6,18,0800,28,25,83.8,4,6000.0,NO,1013,8,0,2024-06-18 08:00:00
5744,2024,6,18,0830,30,26,79.2,2,7000.0,NO,1013,8,30,2024-06-18 08:30:00
5745,2024,6,18,0900,31,26,74.8,1,8000.0,NO,1013,9,0,2024-06-18 09:00:00
5746,2024,6,18,0930,30,25,74.6,3,9999.0,NO,1013,9,30,2024-06-18 09:30:00
5747,2024,6,18,1000,30,26,79.2,2,9999.0,NO,1013,10,0,2024-06-18 10:00:00
5748,2024,6,18,1030,32,25,66.6,3,9999.0,NO,1013,10,30,2024-06-18 10:30:00
5749,2024,6,18,1100,32,26,70.6,3,9999.0,NO,1012,11,0,2024-06-18 11:00:00
5750,2024,6,18,1130,32,25,66.6,4,9999.0,NO,1011,11,30,2024-06-18 11:30:00
5751,2024,6,18,1200,32,27,74.9,3,9999.0,NO,1011,12,0,2024-06-18 12:00:00
5752,2024,6,18,1230,32,27,74.9,4,9999.0,NO,1011,12,30,2024-06-18 12:30:00
5753,2024,6,18,1300,31,26,74.8,5,9999.0,NO,1011,13,0,2024-06-18 13:00:00
5754,2024,6,18,1330,31,26,74.8,6,9999.0,NO,1010,13,30,2024-06-18 13:30:00
5755,2024,6,18,1400,31,26,74.8,5,9999.0,NO,1010,14,0,2024-06-18 14:00:00
5756,2024,6,18,1430,31,26,74.8,4,9999.0,NO,1009,14,30,2024-06-18 14:30:00
5757,2024,6,18,1500,31,26,74.8,4,9999.0,YES,1009,15,0,2024-06-18 15:00:00
5758,2024,6,18,1530,31,26,74.8,4,9999.0,YES,1009,15,30,2024-06-18 15:30:00
5759,2024,6,18,1600,29,25,79.0,3,9999.0,YES,1009,16,0,2024-06-18 16:00:00
5760,2024,6,18,1630,29,25,79.0,3,9999.0,YES,1009,16,30,2024-06-18 16:30:00
5761,2024,6,18,1700,28,25,83.8,2,9999.0,YES,1009,17,0,2024-06-18 17:00:00
5762,2024,6,18,1730,28,25,83.8,3,9999.0,YES,1009,17,30,2024-06-18 17:30:00
5763,2024,6,18,1800,28,26,88.9,3,9999.0,YES,1009,18,0,2024-06-18 18:00:00
5764,2024,6,18,1830,28,26,88.9,1,9999.0,NO,1010,18,30,2024-06-18 18:30:00
5765,2024,6,18,1900,27,26,94.3,1,9999.0,NO,1011,19,0,2024-06-18 19:00:00
5766,2024,6,18,1930,27,25,88.8,2,9999.0,NO,1011,19,30,2024-06-18 19:30:00
5767,2024,6,18,2000,27,25,88.8,2,9999.0,NO,1011,20,0,2024-06-18 20:00:00
5768,2024,6,18,2030,27,25,88.8,1,9999.0,NO,1011,20,30,2024-06-18 20:30:00
5769,2024,6,18,2100,27,25,88.8,1,9999.0,NO,1011,21,0,2024-06-18 21:00:00
5770,2024,6,18,2130,27,25,88.8,1,9999.0,NO,1011,21,30,2024-06-18 21:30:00
5771,2024,6,18,2200,27,25,88.8,1,9999.0,YES,1011,22,0,2024-06-18 22:00:00
5772,2024,6,18,2230,26,26,100.0,2,9999.0,NO,1011,22,30,2024-06-18 22:30:00
5773,2024,6,18,2300,27,26,94.3,2,9999.0,NO,1011,23,0,2024-06-18 23:00:00
5774,2024,6,18,2330,27,26,94.3,2,9999.0,NO,1011,23,30,2024-06-18 23:30:00
5775,2024,6,19,0000,26,25,94.2,0,9999.0,NO,1011,0,0,2024-06-19 00:00:00
5776,2024,6,19,0030,26,25,94.2,0,9999.0,NO,1010,0,30,2024-06-19 00:30:00
5777,2024,6,19,0100,26,25,94.2,0,9999.0,NO,1010,1,0,2024-06-19 01:00:00
5778,2024,6,19,0130,26,25,94.2,0,9999.0,NO,1010,1,30,2024-06-19 01:30:00
5779,2024,6,19,0200,25,25,100.0,0,9999.0,NO,1010,2,0,2024-06-19 02:00:00
5780,2024,6,19,0230,25,25,100.0,0,9999.0,YES,1010,2,30,2024-06-19 02:30:00
5781,2024,6,19,0300,26,26,100.0,0,9999.0,YES,1010,3,0,2024-06-19 03:00:00
5782,2024,6,19,0330,26,26,100.0,1,6000.0,YES,1010,3,30,2024-06-19 03:30:00
5783,2024,6,19,0400,26,26,100.0,3,6000.0,YES,1010,4,0,2024-06-19 04:00:00
5784,2024,6,19,0430,26,26,100.0,2,6000.0,NO,1010,4,30,2024-06-19 04:30:00
5785,2024,6,19,0500,26,26,100.0,2,6000.0,NO,1010,5,0,2024-06-19 05:00:00
5786,2024,6,19,0530,26,25,94.2,3,4000.0,NO,1010,5,30,2024-06-19 05:30:00
5787,2024,6,19,0600,26,25,94.2,3,4000.0,NO,1011,6,0,2024-06-19 06:00:00
5788,2024,6,19,0630,26,26,100.0,2,4000.0,NO,1011,6,30,2024-06-19 06:30:00
5789,2024,6,19,0700,27,26,94.3,4,4000.0,NO,1012,7,0,2024-06-19 07:00:00
5790,2024,6,19,0730,27,26,94.3,4,7000.0,NO,1012,7,30,2024-06-19 07:30:00
5791,2024,6,19,0800,28,26,88.9,5,8000.0,NO,1013,8,0,2024-06-19 08:00:00
5792,2024,6,19,0830,28,26,88.9,4,8000.0,NO,1013,8,30,2024-06-19 08:30:00
5793,2024,6,19,0900,29,26,83.9,4,9999.0,NO,1013,9,0,2024-06-19 09:00:00
5794,2024,6,19,0930,30,26,79.2,4,9999.0,NO,1013,9,30,2024-06-19 09:30:00
5795,2024,6,19,1000,31,26,74.8,3,9999.0,NO,1012,10,0,2024-06-19 10:00:00
5796,2024,6,19,1030,30,26,79.2,4,9999.0,NO,1012,10,30,2024-06-19 10:30:00
5797,2024,6,19,1100,30,26,79.2,4,9999.0,NO,1012,11,0,2024-06-19 11:00:00
5798,2024,6,19,1130,31,26,74.8,6,9999.0,NO,1011,11,30,2024-06-19 11:30:00
5799,2024,6,19,1200,31,26,74.8,6,9999.0,NO,1011,12,0,2024-06-19 12:00:00
5800,2024,6,19,1230,31,26,74.8,5,9999.0,NO,1011,12,30,2024-06-19 12:30:00
5801,2024,6,19,1300,31,26,74.8,6,9999.0,NO,1010,13,0,2024-06-19 13:00:00
5802,2024,6,19,1330,31,26,74.8,4,9999.0,NO,1010,13,30,2024-06-19 13:30:00
5803,2024,6,19,1400,32,27,74.9,3,9999.0,NO,1009,14,0,2024-06-19 14:00:00
5804,2024,6,19,1430,31,26,74.8,5,9999.0,NO,1009,14,30,2024-06-19 14:30:00
5805,2024,6,19,1500,30,26,79.2,6,9999.0,NO,1009,15,0,2024-06-19 15:00:00
5806,2024,6,19,1530,29,26,83.9,5,9999.0,NO,1009,15,30,2024-06-19 15:30:00
5807,2024,6,19,1600,30,26,79.2,5,9999.0,NO,1009,16,0,2024-06-19 16:00:00
5808,2024,6,19,1630,30,25,74.6,4,9999.0,NO,1009,16,30,2024-06-19 16:30:00
5809,2024,6,19,1700,29,26,83.9,4,9999.0,NO,1009,17,0,2024-06-19 17:00:00
5810,2024,6,19,1730,28,25,83.8,4,9999.0,NO,1009,17,30,2024-06-19 17:30:00
5811,2024,6,19,1800,28,25,83.8,4,9999.0,NO,1010,18,0,2024-06-19 18:00:00
5812,2024,6,19,1830,28,25,83.8,4,9999.0,NO,1010,18,30,2024-06-19 18:30:00
5813,2024,6,19,1900,27,25,88.8,2,9999.0,NO,1010,19,0,2024-06-19 19:00:00
5814,2024,6,19,1930,27,26,94.3,3,9999.0,NO,1010,19,30,2024-06-19 19:30:00
5815,2024,6,19,2000,27,25,88.8,2,9999.0,NO,1011,20,0,2024-06-19 20:00:00
5816,2024,6,19,2030,27,26,94.3,3,9999.0,NO,1012,20,30,2024-06-19 20:30:00
5817,2024,6,19,2100,27,25,88.8,2,9999.0,NO,1012,21,0,2024-06-19 21:00:00
5818,2024,6,19,2130,28,25,83.8,3,9999.0,NO,1012,21,30,2024-06-19 21:30:00
5819,2024,6,19,2200,28,25,83.8,2,9999.0,NO,1012,22,0,2024-06-19 22:00:00
5820,2024,6,19,2230,27,26,94.3,2,9999.0,NO,1012,22,30,2024-06-19 22:30:00
5821,2024,6,19,2300,27,26,94.3,0,9999.0,NO,1012,23,0,2024-06-19 23:00:00
5822,2024,6,19,2330,27,26,94.3,2,9999.0,NO,1012,23,30,2024-06-19 23:30:00
5823,2024,6,20,0000,27,26,94.3,2,9999.0,NO,1012,0,0,2024-06-20 00:00:00
5824,2024,6,20,0030,27,25,88.8,2,9999.0,NO,1011,0,30,2024-06-20 00:30:00
5825,2024,6,20,0100,27,26,94.3,2,9999.0,NO,1011,1,0,2024-06-20 01:00:00
5826,2024,6,20,0130,27,26,94.3,2,9999.0,NO,1011,1,30,2024-06-20 01:30:00
5827,2024,6,20,0200,26,26,100.0,4,9999.0,NO,1011,2,0,2024-06-20 02:00:00
5828,2024,6,20,0230,26,26,100.0,3,9999.0,NO,1011,2,30,2024-06-20 02:30:00
5829,2024,6,20,0300,26,25,94.2,2,9999.0,NO,1011,3,0,2024-06-20 03:00:00
5830,2024,6,20,0330,26,25,94.2,3,9999.0,NO,1011,3,30,2024-06-20 03:30:00
5831,2024,6,20,0400,26,25,94.2,4,9999.0,NO,1011,4,0,2024-06-20 04:00:00
5832,2024,6,20,0430,26,25,94.2,3,9999.0,NO,1010,4,30,2024-06-20 04:30:00
5833,2024,6,20,0500,26,25,94.2,2,8000.0,NO,1011,5,0,2024-06-20 05:00:00
5834,2024,6,20,0530,26,25,94.2,3,4000.0,NO,1011,5,30,2024-06-20 05:30:00
5835,2024,6,20,0600,26,25,94.2,4,4000.0,NO,1011,6,0,2024-06-20 06:00:00
5836,2024,6,20,0630,26,25,94.2,4,4000.0,NO,1011,6,30,2024-06-20 06:30:00
5837,2024,6,20,0700,27,26,94.3,4,6000.0,NO,1012,7,0,2024-06-20 07:00:00
5838,2024,6,20,0730,27,25,88.8,5,7000.0,NO,1012,7,30,2024-06-20 07:30:00
5839,2024,6,20,0800,27,25,88.8,5,7000.0,NO,1012,8,0,2024-06-20 08:00:00
5840,2024,6,20,0830,28,26,88.9,5,7000.0,NO,1012,8,30,2024-06-20 08:30:00
5841,2024,6,20,0900,28,26,88.9,4,8000.0,NO,1012,9,0,2024-06-20 09:00:00
5842,2024,6,20,0930,29,26,83.9,3,8000.0,NO,1012,9,30,2024-06-20 09:30:00
5843,2024,6,20,1000,30,25,74.6,3,8000.0,NO,1012,10,0,2024-06-20 10:00:00
5844,2024,6,20,1030,30,26,79.2,3,9999.0,NO,1012,10,30,2024-06-20 10:30:00
5845,2024,6,20,1100,30,26,79.2,3,9999.0,NO,1012,11,0,2024-06-20 11:00:00
5846,2024,6,20,1130,30,26,79.2,2,9999.0,NO,1011,11,30,2024-06-20 11:30:00
5847,2024,6,20,1200,30,26,79.2,3,9999.0,YES,1011,12,0,2024-06-20 12:00:00
5848,2024,6,20,1230,31,26,74.8,4,9999.0,YES,1010,12,30,2024-06-20 12:30:00
5849,2024,6,20,1300,31,26,74.8,3,9999.0,YES,1010,13,0,2024-06-20 13:00:00
5850,2024,6,20,1330,31,26,74.8,4,9999.0,YES,1010,13,30,2024-06-20 13:30:00
5851,2024,6,20,1400,31,26,74.8,3,9999.0,NO,1009,14,0,2024-06-20 14:00:00
5852,2024,6,20,1430,31,26,74.8,3,9999.0,NO,1009,14,30,2024-06-20 14:30:00
5853,2024,6,20,1500,30,25,74.6,4,9999.0,NO,1009,15,0,2024-06-20 15:00:00
5854,2024,6,20,1530,30,25,74.6,4,9999.0,NO,1008,15,30,2024-06-20 15:30:00
5855,2024,6,20,1600,30,26,79.2,4,9999.0,NO,1008,16,0,2024-06-20 16:00:00
5856,2024,6,20,1630,29,25,79.0,4,9999.0,NO,1009,16,30,2024-06-20 16:30:00
5857,2024,6,20,1700,29,25,79.0,3,9999.0,NO,1009,17,0,2024-06-20 17:00:00
5858,2024,6,20,1730,28,25,83.8,3,9999.0,NO,1009,17,30,2024-06-20 17:30:00
5859,2024,6,20,1800,28,25,83.8,3,9999.0,NO,1009,18,0,2024-06-20 18:00:00
5860,2024,6,20,1830,28,25,83.8,2,9999.0,NO,1010,18,30,2024-06-20 18:30:00
5861,2024,6,20,1900,28,25,83.8,2,9999.0,NO,1010,19,0,2024-06-20 19:00:00
5862,2024,6,20,1930,28,25,83.8,3,9999.0,NO,1010,19,30,2024-06-20 19:30:00
5863,2024,6,20,2000,28,25,83.8,3,9999.0,NO,1011,20,0,2024-06-20 20:00:00
5864,2024,6,20,2030,28,25,83.8,2,9999.0,NO,1011,20,30,2024-06-20 20:30:00
5865,2024,6,20,2100,27,25,88.8,2,9999.0,NO,1011,21,0,2024-06-20 21:00:00
5866,2024,6,20,2130,27,25,88.8,2,9999.0,NO,1012,21,30,2024-06-20 21:30:00
5867,2024,6,20,2200,27,25,88.8,1,9999.0,NO,1012,22,0,2024-06-20 22:00:00
5868,2024,6,20,2230,27,25,88.8,2,9999.0,NO,1012,22,30,2024-06-20 22:30:00
5869,2024,6,20,2300,26,25,94.2,1,9999.0,NO,1012,23,0,2024-06-20 23:00:00
5870,2024,6,20,2330,26,25,94.2,2,9999.0,NO,1012,23,30,2024-06-20 23:30:00
5871,2024,6,21,0000,26,25,94.2,2,9999.0,NO,1011,0,0,2024-06-21 00:00:00
5872,2024,6,21,0030,26,25,94.2,2,9999.0,NO,1011,0,30,2024-06-21 00:30:00
5873,2024,6,21,0100,26,25,94.2,2,9999.0,NO,1011,1,0,2024-06-21 01:00:00
5874,2024,6,21,0130,26,25,94.2,3,9999.0,NO,1011,1,30,2024-06-21 01:30:00
5875,2024,6,21,0200,26,25,94.2,3,9999.0,NO,1011,2,0,2024-06-21 02:00:00
5876,2024,6,21,0230,26,25,94.2,2,9999.0,NO,1011,2,30,2024-06-21 02:30:00
5877,2024,6,21,0300,26,25,94.2,2,9999.0,YES,1011,3,0,2024-06-21 03:00:00
5878,2024,6,21,0330,26,25,94.2,2,9999.0,YES,1011,3,30,2024-06-21 03:30:00
5879,2024,6,21,0400,26,25,94.2,1,9999.0,YES,1011,4,0,2024-06-21 04:00:00
5880,2024,6,21,0430,26,25,94.2,2,9999.0,YES,1012,4,30,2024-06-21 04:30:00
5881,2024,6,21,0500,26,25,94.2,2,9999.0,YES,1012,5,0,2024-06-21 05:00:00
5882,2024,6,21,0530,26,25,94.2,2,4000.0,YES,1012,5,30,2024-06-21 05:30:00
5883,2024,6,21,0600,26,25,94.2,1,4000.0,YES,1012,6,0,2024-06-21 06:00:00
5884,2024,6,21,0630,26,25,94.2,4,6000.0,YES,1013,6,30,2024-06-21 06:30:00
5885,2024,6,21,0700,25,25,100.0,4,8000.0,YES,1013,7,0,2024-06-21 07:00:00
5886,2024,6,21,0730,25,24,94.2,2,9000.0,NO,1014,7,30,2024-06-21 07:30:00
5887,2024,6,21,0800,25,25,100.0,2,2500.0,YES,1014,8,0,2024-06-21 08:00:00
5888,2024,6,21,0830,25,25,100.0,1,7000.0,NO,1014,8,30,2024-06-21 08:30:00
5889,2024,6,21,0900,26,25,94.2,2,8000.0,NO,1014,9,0,2024-06-21 09:00:00
5890,2024,6,21,0930,27,25,88.8,4,9999.0,NO,1015,9,30,2024-06-21 09:30:00
5891,2024,6,21,1000,27,25,88.8,7,9999.0,NO,1014,10,0,2024-06-21 10:00:00
5892,2024,6,21,1030,27,25,88.8,7,1800.0,YES,1014,10,30,2024-06-21 10:30:00
5893,2024,6,21,1100,27,25,88.8,5,9999.0,NO,1013,11,0,2024-06-21 11:00:00
5894,2024,6,21,1130,29,25,79.0,6,9999.0,NO,1013,11,30,2024-06-21 11:30:00
5895,2024,6,21,1200,30,25,74.6,4,9999.0,NO,1012,12,0,2024-06-21 12:00:00
5896,2024,6,21,1230,30,24,70.3,3,9999.0,NO,1012,12,30,2024-06-21 12:30:00
5897,2024,6,21,1300,31,24,66.4,3,9999.0,NO,1011,13,0,2024-06-21 13:00:00
5898,2024,6,21,1330,31,25,70.4,3,9999.0,NO,1011,13,30,2024-06-21 13:30:00
5899,2024,6,22,0000,26,25,94.2,0,6000.0,YES,1012,0,0,2024-06-22 00:00:00
5900,2024,6,22,0100,26,26,100.0,1,6000.0,YES,1012,1,0,2024-06-22 01:00:00
5901,2024,6,22,0200,26,25,94.2,0,9999.0,NO,1011,2,0,2024-06-22 02:00:00
5902,2024,6,22,0300,25,25,100.0,2,9999.0,NO,1012,3,0,2024-06-22 03:00:00
5903,2024,6,22,0400,25,25,100.0,0,9999.0,NO,1012,4,0,2024-06-22 04:00:00
5904,2024,6,22,0430,25,25,100.0,0,9999.0,NO,1012,4,30,2024-06-22 04:30:00
5905,2024,6,22,0500,26,25,94.2,0,6000.0,NO,1012,5,0,2024-06-22 05:00:00
5906,2024,6,22,0600,25,25,100.0,1,8000.0,YES,1013,6,0,2024-06-22 06:00:00
5907,2024,6,22,0900,30,26,79.2,0,9999.0,NO,1014,9,0,2024-06-22 09:00:00
5908,2024,6,22,1000,29,26,83.9,2,9999.0,NO,1014,10,0,2024-06-22 10:00:00
5909,2024,6,22,1100,30,26,79.2,4,9999.0,NO,1013,11,0,2024-06-22 11:00:00
5910,2024,6,22,1200,30,26,79.2,3,9999.0,NO,1013,12,0,2024-06-22 12:00:00
5911,2024,6,22,1330,28,25,83.8,4,8000.0,NO,1012,13,30,2024-06-22 13:30:00
5912,2024,6,22,1430,30,25,74.6,4,9999.0,NO,1011,14,30,2024-06-22 14:30:00
5913,2024,6,22,1600,29,24,74.4,3,9999.0,NO,1010,16,0,2024-06-22 16:00:00
5914,2024,6,23,0000,26,25,94.2,3,9999.0,NO,1012,0,0,2024-06-23 00:00:00
5915,2024,6,23,0100,25,25,100.0,2,9999.0,NO,1012,1,0,2024-06-23 01:00:00
5916,2024,6,23,0200,25,24,94.2,0,9999.0,NO,1011,2,0,2024-06-23 02:00:00
5917,2024,6,23,0300,25,24,94.2,2,6000.0,NO,1011,3,0,2024-06-23 03:00:00
5918,2024,6,23,0400,25,24,94.2,0,6000.0,NO,1011,4,0,2024-06-23 04:00:00
5919,2024,6,23,0700,26,25,94.2,3,4000.0,NO,1013,7,0,2024-06-23 07:00:00
5920,2024,6,23,0800,28,25,83.8,0,6000.0,YES,1013,8,0,2024-06-23 08:00:00
5921,2024,6,23,1704,28,25,83.8,4,9999.0,NO,1010,17,4,2024-06-23 17:04:00
5922,2024,6,23,1830,27,25,88.8,2,9999.0,NO,1011,18,30,2024-06-23 18:30:00
5923,2024,6,23,1900,27,25,88.8,2,9999.0,NO,1011,19,0,2024-06-23 19:00:00
5924,2024,6,23,1930,27,25,88.8,2,9999.0,NO,1011,19,30,2024-06-23 19:30:00
5925,2024,6,23,2000,26,25,94.2,0,9999.0,NO,1012,20,0,2024-06-23 20:00:00
5926,2024,6,23,2130,26,25,94.2,0,9999.0,NO,1012,21,30,2024-06-23 21:30:00
5927,2024,6,23,2200,26,25,94.2,2,9999.0,NO,1013,22,0,2024-06-23 22:00:00
5928,2024,6,23,2330,26,25,94.2,3,9999.0,YES,1012,23,30,2024-06-23 23:30:00
5929,2024,6,24,0000,26,25,94.2,3,9999.0,NO,1012,0,0,2024-06-24 00:00:00
5930,2024,6,24,0100,26,25,94.2,0,9999.0,NO,1011,1,0,2024-06-24 01:00:00
5931,2024,6,24,0130,25,25,100.0,0,9999.0,NO,1011,1,30,2024-06-24 01:30:00
5932,2024,6,24,0200,25,25,100.0,0,9999.0,NO,1010,2,0,2024-06-24 02:00:00
5933,2024,6,24,0230,25,25,100.0,2,9999.0,NO,1010,2,30,2024-06-24 02:30:00
5934,2024,6,24,0300,25,25,100.0,2,9999.0,NO,1010,3,0,2024-06-24 03:00:00
5935,2024,6,24,0400,25,25,100.0,2,9999.0,YES,1011,4,0,2024-06-24 04:00:00
5936,2024,6,24,0430,25,25,100.0,3,9999.0,YES,1011,4,30,2024-06-24 04:30:00
5937,2024,6,24,0600,25,25,100.0,0,8000.0,YES,1012,6,0,2024-06-24 06:00:00
5938,2024,6,24,0730,27,25,88.8,0,9999.0,YES,1013,7,30,2024-06-24 07:30:00
5939,2024,6,24,0800,27,25,88.8,2,9999.0,YES,1013,8,0,2024-06-24 08:00:00
5940,2024,6,25,0000,26,25,94.2,3,9999.0,YES,1011,0,0,2024-06-25 00:00:00
5941,2024,6,25,0100,26,26,100.0,3,9999.0,YES,1011,1,0,2024-06-25 01:00:00
5942,2024,6,25,0200,26,25,94.2,1,9999.0,YES,1011,2,0,2024-06-25 02:00:00
5943,2024,6,25,0300,26,25,94.2,2,9999.0,YES,1011,3,0,2024-06-25 03:00:00
5944,2024,6,25,0400,26,25,94.2,3,9999.0,YES,1011,4,0,2024-06-25 04:00:00
5945,2024,6,25,0730,25,24,94.2,0,9999.0,YES,1013,7,30,2024-06-25 07:30:00
5946,2024,6,25,0900,26,25,94.2,2,9999.0,NO,1013,9,0,2024-06-25 09:00:00
5947,2024,6,25,1000,26,25,94.2,3,3200.0,YES,1012,10,0,2024-06-25 10:00:00
5948,2024,6,25,1130,27,25,88.8,3,3200.0,YES,1012,11,30,2024-06-25 11:30:00
5949,2024,6,25,1230,27,25,88.8,4,4500.0,YES,1011,12,30,2024-06-25 12:30:00
5950,2024,6,25,1330,28,25,83.8,3,9000.0,NO,1010,13,30,2024-06-25 13:30:00
5951,2024,6,25,1400,29,25,79.0,2,9999.0,NO,1010,14,0,2024-06-25 14:00:00
5952,2024,6,25,1430,29,25,79.0,1,9999.0,NO,1010,14,30,2024-06-25 14:30:00
5953,2024,6,25,1500,28,25,83.8,3,9999.0,YES,1009,15,0,2024-06-25 15:00:00
5954,2024,6,25,1530,28,26,88.9,3,9999.0,NO,1009,15,30,2024-06-25 15:30:00
5955,2024,6,25,1600,28,25,83.8,2,9999.0,NO,1010,16,0,2024-06-25 16:00:00
5956,2024,6,25,1700,27,25,88.8,2,9999.0,NO,1010,17,0,2024-06-25 17:00:00
5957,2024,6,25,1830,26,25,94.2,0,9999.0,NO,1009,18,30,2024-06-25 18:30:00
5958,2024,6,25,1900,25,25,100.0,0,9999.0,NO,1010,19,0,2024-06-25 19:00:00
5959,2024,6,25,1930,25,25,100.0,0,9999.0,NO,1010,19,30,2024-06-25 19:30:00
5960,2024,6,25,2000,25,25,100.0,2,9999.0,NO,1010,20,0,2024-06-25 20:00:00
5961,2024,6,25,2030,26,25,94.2,4,9999.0,YES,1011,20,30,2024-06-25 20:30:00
5962,2024,6,25,2100,26,25,94.2,4,9999.0,YES,1012,21,0,2024-06-25 21:00:00
5963,2024,6,25,2130,26,25,94.2,4,9999.0,YES,1012,21,30,2024-06-25 21:30:00
5964,2024,6,25,2200,26,25,94.2,3,9999.0,YES,1012,22,0,2024-06-25 22:00:00
5965,2024,6,25,2230,26,25,94.2,3,9999.0,YES,1011,22,30,2024-06-25 22:30:00
5966,2024,6,25,2300,26,25,94.2,2,9999.0,YES,1011,23,0,2024-06-25 23:00:00
5967,2024,6,25,2330,26,25,94.2,2,9999.0,YES,1011,23,30,2024-06-25 23:30:00
5968,2024,6,26,0000,25,24,94.2,0,9999.0,YES,1011,0,0,2024-06-26 00:00:00
5969,2024,6,26,0030,25,24,94.2,1,9999.0,YES,1011,0,30,2024-06-26 00:30:00
5970,2024,6,26,0100,25,25,100.0,2,9999.0,NO,1011,1,0,2024-06-26 01:00:00
5971,2024,6,26,0200,25,24,94.2,1,9999.0,NO,1010,2,0,2024-06-26 02:00:00
5972,2024,6,26,0230,25,25,100.0,0,9999.0,NO,1010,2,30,2024-06-26 02:30:00
5973,2024,6,26,0300,25,25,100.0,1,9999.0,NO,1010,3,0,2024-06-26 03:00:00
5974,2024,6,26,0330,25,24,94.2,3,9999.0,YES,1011,3,30,2024-06-26 03:30:00
5975,2024,6,26,0400,25,24,94.2,2,9999.0,YES,1011,4,0,2024-06-26 04:00:00
5976,2024,6,26,0430,25,24,94.2,1,9999.0,NO,1011,4,30,2024-06-26 04:30:00
5977,2024,6,26,0500,25,24,94.2,3,9999.0,NO,1011,5,0,2024-06-26 05:00:00
5978,2024,6,26,0530,25,24,94.2,2,9999.0,NO,1011,5,30,2024-06-26 05:30:00
5979,2024,6,26,0600,25,24,94.2,1,9999.0,NO,1012,6,0,2024-06-26 06:00:00
5980,2024,6,26,0630,25,24,94.2,2,9999.0,NO,1012,6,30,2024-06-26 06:30:00
5981,2024,6,26,0700,25,24,94.2,3,8000.0,NO,1012,7,0,2024-06-26 07:00:00
5982,2024,6,26,0730,26,24,88.7,2,8000.0,NO,1013,7,30,2024-06-26 07:30:00
5983,2024,6,26,0900,29,25,79.0,2,9999.0,NO,1013,9,0,2024-06-26 09:00:00
5984,2024,6,26,0930,28,24,78.9,3,9999.0,NO,1013,9,30,2024-06-26 09:30:00
5985,2024,6,26,1000,29,25,79.0,1,9999.0,NO,1013,10,0,2024-06-26 10:00:00
5986,2024,6,26,1030,30,24,70.3,2,9999.0,NO,1012,10,30,2024-06-26 10:30:00
5987,2024,6,26,1100,30,25,74.6,2,9999.0,YES,1012,11,0,2024-06-26 11:00:00
5988,2024,6,26,1130,28,25,83.8,1,9999.0,YES,1012,11,30,2024-06-26 11:30:00
5989,2024,6,26,1230,26,25,94.2,2,9999.0,YES,1011,12,30,2024-06-26 12:30:00
5990,2024,6,26,1430,25,25,100.0,3,7000.0,YES,1011,14,30,2024-06-26 14:30:00
5991,2024,6,26,1500,25,25,100.0,2,6000.0,YES,1011,15,0,2024-06-26 15:00:00
5992,2024,6,26,1530,25,25,100.0,1,8000.0,YES,1011,15,30,2024-06-26 15:30:00
5993,2024,6,26,1600,25,24,94.2,3,8000.0,YES,1010,16,0,2024-06-26 16:00:00
5994,2024,6,26,1630,25,24,94.2,0,8000.0,YES,1011,16,30,2024-06-26 16:30:00
5995,2024,6,26,1700,25,24,94.2,2,8000.0,YES,1011,17,0,2024-06-26 17:00:00
5996,2024,6,26,1730,25,24,94.2,0,8000.0,YES,1011,17,30,2024-06-26 17:30:00
5997,2024,6,26,1800,25,24,94.2,0,9999.0,YES,1011,18,0,2024-06-26 18:00:00
5998,2024,6,26,1900,24,24,100.0,1,8000.0,NO,1011,19,0,2024-06-26 19:00:00
5999,2024,6,26,2030,25,24,94.2,1,6000.0,NO,1012,20,30,2024-06-26 20:30:00
6000,2024,6,26,2200,25,24,94.2,2,7000.0,NO,1013,22,0,2024-06-26 22:00:00
6001,2024,6,26,2300,24,24,100.0,0,7000.0,NO,1012,23,0,2024-06-26 23:00:00
6002,2024,6,27,0000,24,24,100.0,1,7000.0,NO,1012,0,0,2024-06-27 00:00:00
6003,2024,6,27,0030,24,24,100.0,2,7000.0,NO,1012,0,30,2024-06-27 00:30:00
6004,2024,6,27,0100,24,24,100.0,0,7000.0,NO,1012,1,0,2024-06-27 01:00:00
6005,2024,6,27,0130,24,24,100.0,2,7000.0,NO,1012,1,30,2024-06-27 01:30:00
6006,2024,6,27,0200,24,24,100.0,3,7000.0,NO,1011,2,0,2024-06-27 02:00:00
6007,2024,6,27,0300,24,24,100.0,3,9999.0,NO,1011,3,0,2024-06-27 03:00:00
6008,2024,6,27,0330,24,23,94.1,3,9999.0,NO,1011,3,30,2024-06-27 03:30:00
6009,2024,6,27,0400,24,24,100.0,1,9999.0,NO,1011,4,0,2024-06-27 04:00:00
6010,2024,6,27,0430,24,24,100.0,2,9999.0,NO,1011,4,30,2024-06-27 04:30:00
6011,2024,6,27,0500,24,24,100.0,2,9999.0,NO,1012,5,0,2024-06-27 05:00:00
6012,2024,6,27,0600,24,24,100.0,1,8000.0,NO,1013,6,0,2024-06-27 06:00:00
6013,2024,6,27,0630,24,24,100.0,2,6000.0,NO,1013,6,30,2024-06-27 06:30:00
6014,2024,6,27,0700,24,24,100.0,2,6000.0,NO,1013,7,0,2024-06-27 07:00:00
6015,2024,6,27,0730,25,24,94.2,2,6000.0,NO,1013,7,30,2024-06-27 07:30:00
6016,2024,6,27,0800,26,24,88.7,2,6000.0,NO,1013,8,0,2024-06-27 08:00:00
6017,2024,6,27,0830,27,24,83.7,2,7000.0,NO,1014,8,30,2024-06-27 08:30:00
6018,2024,6,27,1000,29,25,79.0,2,8000.0,NO,1013,10,0,2024-06-27 10:00:00
6019,2024,6,27,1030,30,25,74.6,2,8000.0,NO,1012,10,30,2024-06-27 10:30:00
6020,2024,6,27,1100,30,25,74.6,3,8000.0,NO,1012,11,0,2024-06-27 11:00:00
6021,2024,6,27,1130,31,25,70.4,3,9999.0,NO,1012,11,30,2024-06-27 11:30:00
6022,2024,6,27,1200,32,25,66.6,2,9999.0,NO,1011,12,0,2024-06-27 12:00:00
6023,2024,6,27,1230,32,24,62.7,3,9999.0,NO,1011,12,30,2024-06-27 12:30:00
6024,2024,6,27,1330,31,25,70.4,3,9999.0,NO,1010,13,30,2024-06-27 13:30:00
6025,2024,6,27,1430,32,25,66.6,4,9999.0,NO,1010,14,30,2024-06-27 14:30:00
6026,2024,6,27,1500,31,23,62.5,3,9999.0,NO,1010,15,0,2024-06-27 15:00:00
6027,2024,6,27,1630,29,25,79.0,3,9999.0,NO,1010,16,30,2024-06-27 16:30:00
6028,2024,6,27,1700,29,25,79.0,2,9999.0,NO,1010,17,0,2024-06-27 17:00:00
6029,2024,6,27,1730,29,25,79.0,2,9999.0,NO,1010,17,30,2024-06-27 17:30:00
6030,2024,6,27,1800,28,25,83.8,2,9999.0,NO,1010,18,0,2024-06-27 18:00:00
6031,2024,6,27,1930,27,25,88.8,2,9999.0,NO,1011,19,30,2024-06-27 19:30:00
6032,2024,6,27,2000,26,25,94.2,2,9999.0,NO,1011,20,0,2024-06-27 20:00:00
6033,2024,6,27,2030,26,25,94.2,2,9999.0,NO,1011,20,30,2024-06-27 20:30:00
6034,2024,6,27,2100,26,25,94.2,2,9999.0,NO,1011,21,0,2024-06-27 21:00:00
6035,2024,6,27,2130,26,25,94.2,1,9999.0,NO,1011,21,30,2024-06-27 21:30:00
6036,2024,6,27,2200,25,25,100.0,1,9999.0,NO,1011,22,0,2024-06-27 22:00:00
6037,2024,6,27,2230,25,25,100.0,2,9999.0,NO,1011,22,30,2024-06-27 22:30:00
6038,2024,6,28,0000,25,25,100.0,3,9999.0,NO,1012,0,0,2024-06-28 00:00:00
6039,2024,6,28,0030,25,25,100.0,2,9999.0,NO,1011,0,30,2024-06-28 00:30:00
6040,2024,6,28,0100,25,25,100.0,2,9999.0,NO,1011,1,0,2024-06-28 01:00:00
6041,2024,6,28,0130,25,25,100.0,4,9999.0,NO,1012,1,30,2024-06-28 01:30:00
6042,2024,6,28,0200,25,25,100.0,3,9999.0,NO,1011,2,0,2024-06-28 02:00:00
6043,2024,6,28,0230,25,25,100.0,3,9999.0,NO,1011,2,30,2024-06-28 02:30:00
6044,2024,6,28,0300,25,24,94.2,2,9999.0,YES,1011,3,0,2024-06-28 03:00:00
6045,2024,6,28,0330,25,24,94.2,0,9999.0,YES,1011,3,30,2024-06-28 03:30:00
6046,2024,6,28,0400,25,24,94.2,0,9999.0,YES,1011,4,0,2024-06-28 04:00:00
6047,2024,6,28,0430,25,24,94.2,0,9999.0,NO,1011,4,30,2024-06-28 04:30:00
6048,2024,6,28,0600,25,25,100.0,0,4000.0,NO,1011,6,0,2024-06-28 06:00:00
6049,2024,6,28,0630,26,25,94.2,2,2200.0,NO,1012,6,30,2024-06-28 06:30:00
6050,2024,6,28,0700,26,25,94.2,2,2200.0,NO,1012,7,0,2024-06-28 07:00:00
6051,2024,6,28,0730,27,25,88.8,4,2200.0,NO,1012,7,30,2024-06-28 07:30:00
6052,2024,6,28,0800,28,25,83.8,4,4000.0,NO,1012,8,0,2024-06-28 08:00:00
6053,2024,6,28,0830,29,26,83.9,2,9999.0,NO,1012,8,30,2024-06-28 08:30:00
6054,2024,6,28,0900,29,25,79.0,3,9999.0,NO,1012,9,0,2024-06-28 09:00:00
6055,2024,6,28,0930,29,26,83.9,3,9999.0,NO,1012,9,30,2024-06-28 09:30:00
6056,2024,6,28,1000,30,26,79.2,3,9999.0,NO,1012,10,0,2024-06-28 10:00:00
6057,2024,6,28,1130,31,25,70.4,3,9999.0,NO,1011,11,30,2024-06-28 11:30:00
6058,2024,6,28,1200,31,25,70.4,3,9999.0,NO,1011,12,0,2024-06-28 12:00:00
6059,2024,6,28,1230,31,25,70.4,4,9999.0,NO,1011,12,30,2024-06-28 12:30:00
6060,2024,6,28,1300,32,26,70.6,5,9999.0,NO,1010,13,0,2024-06-28 13:00:00
6061,2024,6,28,1330,32,26,70.6,4,9999.0,NO,1010,13,30,2024-06-28 13:30:00
6062,2024,6,28,1400,31,26,74.8,4,9999.0,NO,1010,14,0,2024-06-28 14:00:00
6063,2024,6,28,1430,31,26,74.8,5,9999.0,NO,1010,14,30,2024-06-28 14:30:00
6064,2024,6,28,1500,31,26,74.8,5,9999.0,NO,1009,15,0,2024-06-28 15:00:00
6065,2024,6,28,1530,31,26,74.8,3,9999.0,NO,1009,15,30,2024-06-28 15:30:00
6066,2024,6,28,1600,30,26,79.2,3,9999.0,NO,1009,16,0,2024-06-28 16:00:00
6067,2024,6,28,1630,29,25,79.0,4,9999.0,YES,1009,16,30,2024-06-28 16:30:00
6068,2024,6,28,1700,28,25,83.8,3,9999.0,YES,1009,17,0,2024-06-28 17:00:00
6069,2024,6,28,1730,28,25,83.8,1,9999.0,YES,1010,17,30,2024-06-28 17:30:00
6070,2024,6,28,1800,28,25,83.8,2,9999.0,NO,1010,18,0,2024-06-28 18:00:00
6071,2024,6,28,1830,27,25,88.8,1,9999.0,NO,1010,18,30,2024-06-28 18:30:00
6072,2024,6,28,1900,27,25,88.8,1,9999.0,NO,1010,19,0,2024-06-28 19:00:00
6073,2024,6,28,1930,27,26,94.3,1,9999.0,NO,1011,19,30,2024-06-28 19:30:00
6074,2024,6,28,2000,27,25,88.8,1,9999.0,NO,1012,20,0,2024-06-28 20:00:00
6075,2024,6,28,2030,27,25,88.8,1,9999.0,NO,1012,20,30,2024-06-28 20:30:00
6076,2024,6,28,2100,26,26,100.0,0,9999.0,NO,1012,21,0,2024-06-28 21:00:00
6077,2024,6,28,2130,26,25,94.2,0,9999.0,NO,1012,21,30,2024-06-28 21:30:00
6078,2024,6,28,2200,26,26,100.0,1,9999.0,NO,1013,22,0,2024-06-28 22:00:00
6079,2024,6,28,2230,26,26,100.0,0,9999.0,NO,1013,22,30,2024-06-28 22:30:00
6080,2024,6,28,2300,26,26,100.0,1,9999.0,NO,1012,23,0,2024-06-28 23:00:00
6081,2024,6,28,2330,26,26,100.0,0,9999.0,NO,1012,23,30,2024-06-28 23:30:00
6082,2024,6,29,0000,26,26,100.0,1,9999.0,NO,1012,0,0,2024-06-29 00:00:00
6083,2024,6,29,0030,26,25,94.2,5,9999.0,YES,1011,0,30,2024-06-29 00:30:00
6084,2024,6,29,0100,25,24,94.2,3,9999.0,YES,1012,1,0,2024-06-29 01:00:00
6085,2024,6,29,0130,25,24,94.2,1,9999.0,YES,1011,1,30,2024-06-29 01:30:00
6086,2024,6,29,0200,25,24,94.2,1,9999.0,YES,1011,2,0,2024-06-29 02:00:00
6087,2024,6,29,0230,25,24,94.2,1,9999.0,YES,1011,2,30,2024-06-29 02:30:00
6088,2024,6,29,0300,24,24,100.0,1,9999.0,YES,1011,3,0,2024-06-29 03:00:00
6089,2024,6,29,0330,25,24,94.2,1,9999.0,NO,1012,3,30,2024-06-29 03:30:00
6090,2024,6,29,0400,24,24,100.0,1,9999.0,NO,1011,4,0,2024-06-29 04:00:00
6091,2024,6,29,0430,24,24,100.0,1,9999.0,NO,1012,4,30,2024-06-29 04:30:00
6092,2024,6,29,0500,24,24,100.0,1,5000.0,NO,1012,5,0,2024-06-29 05:00:00
6093,2024,6,29,0530,24,24,100.0,1,2500.0,NO,1012,5,30,2024-06-29 05:30:00
6094,2024,6,29,0600,24,24,100.0,1,1600.0,NO,1012,6,0,2024-06-29 06:00:00
6095,2024,6,29,0630,25,25,100.0,2,1600.0,NO,1012,6,30,2024-06-29 06:30:00
6096,2024,6,29,0700,26,25,94.2,2,1800.0,NO,1013,7,0,2024-06-29 07:00:00
6097,2024,6,29,0730,26,25,94.2,2,2500.0,NO,1013,7,30,2024-06-29 07:30:00
6098,2024,6,29,0800,28,25,83.8,3,4000.0,NO,1013,8,0,2024-06-29 08:00:00
6099,2024,6,29,0830,28,25,83.8,2,6000.0,NO,1013,8,30,2024-06-29 08:30:00
6100,2024,6,29,0900,28,26,88.9,3,7000.0,NO,1013,9,0,2024-06-29 09:00:00
6101,2024,6,29,0930,30,26,79.2,2,8000.0,NO,1013,9,30,2024-06-29 09:30:00
6102,2024,6,29,1000,30,26,79.2,3,9999.0,NO,1012,10,0,2024-06-29 10:00:00
6103,2024,6,29,1030,29,25,79.0,2,9999.0,NO,1012,10,30,2024-06-29 10:30:00
6104,2024,6,29,1100,31,26,74.8,4,9999.0,NO,1012,11,0,2024-06-29 11:00:00
6105,2024,6,29,1130,31,26,74.8,4,9999.0,NO,1011,11,30,2024-06-29 11:30:00
6106,2024,6,29,1200,31,26,74.8,5,9999.0,NO,1011,12,0,2024-06-29 12:00:00
6107,2024,6,29,1230,30,26,79.2,4,9999.0,NO,1010,12,30,2024-06-29 12:30:00
6108,2024,6,29,1300,30,25,74.6,4,9999.0,NO,1010,13,0,2024-06-29 13:00:00
6109,2024,6,29,1330,30,26,79.2,4,9999.0,NO,1010,13,30,2024-06-29 13:30:00
6110,2024,6,29,1400,31,25,70.4,4,9999.0,NO,1009,14,0,2024-06-29 14:00:00
6111,2024,6,29,1430,31,25,70.4,4,9999.0,NO,1009,14,30,2024-06-29 14:30:00
6112,2024,6,29,1500,30,26,79.2,4,9999.0,NO,1009,15,0,2024-06-29 15:00:00
6113,2024,6,29,1530,30,25,74.6,4,9999.0,NO,1009,15,30,2024-06-29 15:30:00
6114,2024,6,29,1600,29,25,79.0,5,9999.0,NO,1009,16,0,2024-06-29 16:00:00
6115,2024,6,29,1630,29,25,79.0,5,9999.0,NO,1009,16,30,2024-06-29 16:30:00
6116,2024,6,29,1700,28,25,83.8,3,9999.0,NO,1009,17,0,2024-06-29 17:00:00
6117,2024,6,29,1730,28,25,83.8,2,9999.0,NO,1010,17,30,2024-06-29 17:30:00
6118,2024,6,29,1800,27,25,88.8,0,9999.0,NO,1010,18,0,2024-06-29 18:00:00
6119,2024,6,29,1830,27,25,88.8,0,9999.0,NO,1010,18,30,2024-06-29 18:30:00
6120,2024,6,29,1900,26,25,94.2,0,9999.0,NO,1010,19,0,2024-06-29 19:00:00
6121,2024,6,29,1930,26,25,94.2,0,9999.0,NO,1011,19,30,2024-06-29 19:30:00
6122,2024,6,29,2000,26,25,94.2,1,9999.0,NO,1011,20,0,2024-06-29 20:00:00
6123,2024,6,29,2030,25,25,100.0,1,9999.0,NO,1012,20,30,2024-06-29 20:30:00
6124,2024,6,29,2100,25,25,100.0,0,9999.0,NO,1012,21,0,2024-06-29 21:00:00
6125,2024,6,29,2130,25,25,100.0,0,9999.0,NO,1012,21,30,2024-06-29 21:30:00
6126,2024,6,29,2200,25,25,100.0,0,9999.0,NO,1012,22,0,2024-06-29 22:00:00
6127,2024,6,29,2230,25,25,100.0,0,9999.0,NO,1012,22,30,2024-06-29 22:30:00
6128,2024,6,29,2300,25,25,100.0,0,9999.0,NO,1012,23,0,2024-06-29 23:00:00
6129,2024,6,30,0000,25,25,100.0,0,9999.0,NO,1011,0,0,2024-06-30 00:00:00
6130,2024,6,30,0030,25,25,100.0,0,9999.0,NO,1011,0,30,2024-06-30 00:30:00
6131,2024,6,30,0100,25,25,100.0,2,9999.0,NO,1011,1,0,2024-06-30 01:00:00
6132,2024,6,30,0130,25,25,100.0,0,9999.0,YES,1011,1,30,2024-06-30 01:30:00
6133,2024,6,30,0200,25,25,100.0,0,9999.0,YES,1011,2,0,2024-06-30 02:00:00
6134,2024,6,30,0230,25,25,100.0,0,9999.0,YES,1010,2,30,2024-06-30 02:30:00
6135,2024,6,30,0300,25,25,100.0,0,9999.0,NO,1010,3,0,2024-06-30 03:00:00
6136,2024,6,30,0330,25,25,100.0,2,9999.0,NO,1011,3,30,2024-06-30 03:30:00
6137,2024,6,30,0400,25,25,100.0,2,9999.0,NO,1011,4,0,2024-06-30 04:00:00
6138,2024,6,30,0430,25,25,100.0,2,9999.0,YES,1011,4,30,2024-06-30 04:30:00
6139,2024,6,30,0530,24,24,100.0,3,6000.0,YES,1012,5,30,2024-06-30 05:30:00
6140,2024,6,30,0600,24,24,100.0,1,7000.0,YES,1012,6,0,2024-06-30 06:00:00
6141,2024,6,30,0630,25,24,94.2,0,6000.0,YES,1013,6,30,2024-06-30 06:30:00
6142,2024,6,30,0700,26,24,88.7,0,3000.0,NO,1013,7,0,2024-06-30 07:00:00
6143,2024,6,30,0800,28,25,83.8,2,6000.0,NO,1013,8,0,2024-06-30 08:00:00
6144,2024,6,30,0830,29,26,83.9,2,8000.0,NO,1013,8,30,2024-06-30 08:30:00
6145,2024,6,30,0900,29,25,79.0,2,8000.0,NO,1014,9,0,2024-06-30 09:00:00
6146,2024,6,30,0930,30,25,74.6,1,9999.0,NO,1013,9,30,2024-06-30 09:30:00
6147,2024,6,30,1000,30,25,74.6,3,9999.0,NO,1013,10,0,2024-06-30 10:00:00
6148,2024,6,30,1030,30,25,74.6,2,9999.0,NO,1013,10,30,2024-06-30 10:30:00
6149,2024,6,30,1100,30,26,79.2,4,9999.0,NO,1012,11,0,2024-06-30 11:00:00
6150,2024,6,30,1130,32,25,66.6,3,9999.0,NO,1012,11,30,2024-06-30 11:30:00
6151,2024,6,30,1200,32,25,66.6,3,9999.0,NO,1012,12,0,2024-06-30 12:00:00
6152,2024,6,30,1230,31,25,70.4,4,9999.0,NO,1012,12,30,2024-06-30 12:30:00
6153,2024,6,30,1300,31,25,70.4,4,9999.0,NO,1011,13,0,2024-06-30 13:00:00
6154,2024,6,30,1330,31,24,66.4,5,9999.0,NO,1011,13,30,2024-06-30 13:30:00
6155,2024,6,30,1400,31,25,70.4,4,9999.0,NO,1011,14,0,2024-06-30 14:00:00
6156,2024,6,30,1430,31,25,70.4,5,9999.0,NO,1011,14,30,2024-06-30 14:30:00
6157,2024,6,30,1500,30,25,74.6,5,9999.0,NO,1010,15,0,2024-06-30 15:00:00
6158,2024,6,30,1530,29,25,79.0,5,9999.0,NO,1010,15,30,2024-06-30 15:30:00
6159,2024,6,30,1600,29,25,79.0,5,9999.0,NO,1010,16,0,2024-06-30 16:00:00
6160,2024,6,30,1630,29,25,79.0,4,9999.0,NO,1010,16,30,2024-06-30 16:30:00
6161,2024,6,30,1700,28,25,83.8,4,9999.0,NO,1011,17,0,2024-06-30 17:00:00
6162,2024,6,30,1730,28,25,83.8,4,9999.0,YES,1011,17,30,2024-06-30 17:30:00
6163,2024,6,30,1800,27,25,88.8,4,9999.0,NO,1011,18,0,2024-06-30 18:00:00
6164,2024,6,30,1830,27,25,88.8,3,9999.0,NO,1012,18,30,2024-06-30 18:30:00
6165,2024,6,30,1900,27,25,88.8,1,9999.0,NO,1012,19,0,2024-06-30 19:00:00
6166,2024,6,30,1930,27,25,88.8,2,9999.0,NO,1012,19,30,2024-06-30 19:30:00
6167,2024,6,30,2000,26,25,94.2,2,9999.0,YES,1013,20,0,2024-06-30 20:00:00
6168,2024,6,30,2030,26,25,94.2,3,9999.0,YES,1013,20,30,2024-06-30 20:30:00
6169,2024,6,30,2100,26,25,94.2,0,9999.0,NO,1013,21,0,2024-06-30 21:00:00
6170,2024,6,30,2130,26,25,94.2,1,9999.0,YES,1013,21,30,2024-06-30 21:30:00
6171,2024,6,30,2200,26,25,94.2,0,9999.0,NO,1013,22,0,2024-06-30 22:00:00
6172,2024,6,30,2230,25,25,100.0,0,9999.0,NO,1013,22,30,2024-06-30 22:30:00
6173,2024,6,30,2300,25,25,100.0,1,9999.0,NO,1013,23,0,2024-06-30 23:00:00
6174,2024,8,1,0000,24,24,100.0,1,8000.0,NO,1014,0,0,2024-08-01 00:00:00
6175,2024,8,1,0030,24,24,100.0,2,8000.0,NO,1014,0,30,2024-08-01 00:30:00
6176,2024,8,1,0100,24,24,100.0,2,9999.0,NO,1013,1,0,2024-08-01 01:00:00
6177,2024,8,1,0130,24,24,100.0,1,9999.0,NO,1013,1,30,2024-08-01 01:30:00
6178,2024,8,1,0200,24,24,100.0,0,7000.0,YES,1013,2,0,2024-08-01 02:00:00
6179,2024,8,1,0230,24,24,100.0,2,6000.0,YES,1013,2,30,2024-08-01 02:30:00
6180,2024,8,1,0300,24,24,100.0,2,7000.0,YES,1013,3,0,2024-08-01 03:00:00
6181,2024,8,1,0330,24,24,100.0,2,8000.0,YES,1013,3,30,2024-08-01 03:30:00
6182,2024,8,1,0400,24,24,100.0,0,8000.0,YES,1013,4,0,2024-08-01 04:00:00
6183,2024,8,1,0500,24,24,100.0,2,8000.0,YES,1014,5,0,2024-08-01 05:00:00
6184,2024,8,1,0530,24,24,100.0,2,8000.0,YES,1014,5,30,2024-08-01 05:30:00
6185,2024,8,1,0600,24,24,100.0,2,8000.0,YES,1014,6,0,2024-08-01 06:00:00
6186,2024,8,1,0630,24,24,100.0,0,4500.0,YES,1014,6,30,2024-08-01 06:30:00
6187,2024,8,1,0700,25,24,94.2,2,6000.0,YES,1015,7,0,2024-08-01 07:00:00
6188,2024,8,1,0730,25,24,94.2,2,8000.0,NO,1015,7,30,2024-08-01 07:30:00
6189,2024,8,1,0800,26,24,88.7,4,9999.0,YES,1015,8,0,2024-08-01 08:00:00
6190,2024,8,1,0830,26,24,88.7,2,9999.0,YES,1015,8,30,2024-08-01 08:30:00
6191,2024,8,1,0900,27,24,83.7,2,9999.0,YES,1015,9,0,2024-08-01 09:00:00
6192,2024,8,1,0930,26,24,88.7,4,4000.0,YES,1016,9,30,2024-08-01 09:30:00
6193,2024,8,1,1000,25,24,94.2,3,9999.0,YES,1015,10,0,2024-08-01 10:00:00
6194,2024,8,1,1030,26,24,88.7,2,9999.0,YES,1015,10,30,2024-08-01 10:30:00
6195,2024,8,1,1100,27,25,88.8,2,9999.0,YES,1014,11,0,2024-08-01 11:00:00
6196,2024,8,1,1130,27,24,83.7,4,9999.0,YES,1014,11,30,2024-08-01 11:30:00
6197,2024,8,1,1200,28,25,83.8,3,8000.0,YES,1014,12,0,2024-08-01 12:00:00
6198,2024,8,1,1230,28,24,78.9,4,9999.0,YES,1013,12,30,2024-08-01 12:30:00
6199,2024,8,1,1300,26,24,88.7,4,8000.0,YES,1013,13,0,2024-08-01 13:00:00
6200,2024,8,1,1330,27,24,83.7,4,9999.0,YES,1013,13,30,2024-08-01 13:30:00
6201,2024,8,1,1400,27,24,83.7,3,9999.0,NO,1012,14,0,2024-08-01 14:00:00
6202,2024,8,1,1430,28,24,78.9,4,9999.0,NO,1012,14,30,2024-08-01 14:30:00
6203,2024,8,1,1500,27,24,83.7,4,9999.0,NO,1012,15,0,2024-08-01 15:00:00
6204,2024,8,1,1530,27,24,83.7,3,9999.0,NO,1012,15,30,2024-08-01 15:30:00
6205,2024,8,1,1600,27,24,83.7,3,9999.0,NO,1012,16,0,2024-08-01 16:00:00
6206,2024,8,1,1630,27,24,83.7,4,9999.0,NO,1012,16,30,2024-08-01 16:30:00
6207,2024,8,1,1700,26,24,88.7,3,9999.0,NO,1012,17,0,2024-08-01 17:00:00
6208,2024,8,1,1730,26,24,88.7,3,9999.0,NO,1013,17,30,2024-08-01 17:30:00
6209,2024,8,1,1800,26,24,88.7,1,9999.0,NO,1013,18,0,2024-08-01 18:00:00
6210,2024,8,1,1830,26,24,88.7,2,9999.0,NO,1013,18,30,2024-08-01 18:30:00
6211,2024,8,1,1900,25,24,94.2,2,9999.0,NO,1013,19,0,2024-08-01 19:00:00
6212,2024,8,1,1930,25,24,94.2,0,9999.0,NO,1014,19,30,2024-08-01 19:30:00
6213,2024,8,1,2000,24,23,94.1,0,9999.0,NO,1014,20,0,2024-08-01 20:00:00
6214,2024,8,1,2030,24,24,100.0,2,9999.0,NO,1014,20,30,2024-08-01 20:30:00
6215,2024,8,1,2100,24,24,100.0,1,9999.0,NO,1014,21,0,2024-08-01 21:00:00
6216,2024,8,1,2130,24,24,100.0,1,9999.0,YES,1014,21,30,2024-08-01 21:30:00
6217,2024,8,1,2200,24,24,100.0,2,9999.0,YES,1014,22,0,2024-08-01 22:00:00
6218,2024,8,2,0000,24,24,100.0,1,9999.0,YES,1013,0,0,2024-08-02 00:00:00
6219,2024,8,2,0100,24,24,100.0,0,9999.0,YES,1013,1,0,2024-08-02 01:00:00
6220,2024,8,2,0200,24,24,100.0,2,9999.0,NO,1013,2,0,2024-08-02 02:00:00
6221,2024,8,2,0300,24,24,100.0,0,9999.0,NO,1013,3,0,2024-08-02 03:00:00
6222,2024,8,2,0400,24,24,100.0,2,9999.0,NO,1013,4,0,2024-08-02 04:00:00
6223,2024,8,2,1100,29,24,74.4,4,9999.0,NO,1015,11,0,2024-08-02 11:00:00
6224,2024,8,2,2130,24,24,100.0,2,9999.0,NO,1014,21,30,2024-08-02 21:30:00
6225,2024,8,3,0000,24,23,94.1,1,9999.0,NO,1013,0,0,2024-08-03 00:00:00
6226,2024,8,3,0100,24,24,100.0,0,9999.0,NO,1013,1,0,2024-08-03 01:00:00
6227,2024,8,3,0200,24,24,100.0,0,9999.0,YES,1013,2,0,2024-08-03 02:00:00
6228,2024,8,3,0300,24,24,100.0,0,9999.0,YES,1012,3,0,2024-08-03 03:00:00
6229,2024,8,3,0400,24,24,100.0,1,7000.0,YES,1013,4,0,2024-08-03 04:00:00
6230,2024,8,3,1900,26,24,88.7,2,9999.0,NO,1014,19,0,2024-08-03 19:00:00
6231,2024,8,4,0000,25,24,94.2,0,9999.0,NO,1015,0,0,2024-08-04 00:00:00
6232,2024,8,4,0100,25,24,94.2,1,9999.0,NO,1015,1,0,2024-08-04 01:00:00
6233,2024,8,4,0200,24,24,100.0,0,9999.0,NO,1014,2,0,2024-08-04 02:00:00
6234,2024,8,4,0300,24,24,100.0,2,9999.0,YES,1014,3,0,2024-08-04 03:00:00
6235,2024,8,4,0400,24,24,100.0,2,9999.0,YES,1015,4,0,2024-08-04 04:00:00
6236,2024,8,4,1600,27,23,78.8,4,9999.0,NO,1013,16,0,2024-08-04 16:00:00
6237,2024,8,5,0000,24,24,100.0,0,8000.0,NO,1015,0,0,2024-08-05 00:00:00
6238,2024,8,5,0100,24,24,100.0,3,6000.0,YES,1014,1,0,2024-08-05 01:00:00
6239,2024,8,5,0200,24,24,100.0,2,8000.0,YES,1014,2,0,2024-08-05 02:00:00
6240,2024,8,5,0300,24,24,100.0,2,7000.0,YES,1014,3,0,2024-08-05 03:00:00
6241,2024,8,5,0400,24,23,94.1,2,6000.0,YES,1014,4,0,2024-08-05 04:00:00
6242,2024,8,5,1230,26,25,94.2,3,9999.0,NO,1014,12,30,2024-08-05 12:30:00
6243,2024,8,5,1300,27,24,83.7,3,9999.0,NO,1013,13,0,2024-08-05 13:00:00
6244,2024,8,5,1330,27,24,83.7,3,9999.0,NO,1013,13,30,2024-08-05 13:30:00
6245,2024,8,5,1400,26,24,88.7,3,9999.0,NO,1013,14,0,2024-08-05 14:00:00
6246,2024,8,5,1430,26,24,88.7,3,4000.0,YES,1012,14,30,2024-08-05 14:30:00
6247,2024,8,5,1500,26,24,88.7,3,4000.0,YES,1012,15,0,2024-08-05 15:00:00
6248,2024,8,5,1530,26,24,88.7,3,6000.0,YES,1012,15,30,2024-08-05 15:30:00
6249,2024,8,5,1600,26,24,88.7,4,8000.0,NO,1012,16,0,2024-08-05 16:00:00
6250,2024,8,5,1630,26,24,88.7,4,8000.0,NO,1013,16,30,2024-08-05 16:30:00
6251,2024,8,5,1700,26,24,88.7,4,8000.0,NO,1013,17,0,2024-08-05 17:00:00
6252,2024,8,5,1730,25,24,94.2,2,9999.0,NO,1013,17,30,2024-08-05 17:30:00
6253,2024,8,5,1800,25,24,94.2,4,9999.0,NO,1013,18,0,2024-08-05 18:00:00
6254,2024,8,5,1830,25,24,94.2,2,9999.0,NO,1013,18,30,2024-08-05 18:30:00
6255,2024,8,5,1900,25,24,94.2,2,9999.0,NO,1013,19,0,2024-08-05 19:00:00
6256,2024,8,5,1930,25,24,94.2,2,9999.0,NO,1013,19,30,2024-08-05 19:30:00
6257,2024,8,5,2000,25,24,94.2,2,9999.0,NO,1014,20,0,2024-08-05 20:00:00
6258,2024,8,5,2030,25,24,94.2,1,9999.0,NO,1014,20,30,2024-08-05 20:30:00
6259,2024,8,5,2100,25,24,94.2,3,9999.0,NO,1014,21,0,2024-08-05 21:00:00
6260,2024,8,5,2130,25,24,94.2,2,9999.0,NO,1014,21,30,2024-08-05 21:30:00
6261,2024,8,5,2200,25,24,94.2,1,9999.0,NO,1014,22,0,2024-08-05 22:00:00
6262,2024,8,5,2230,25,24,94.2,1,9999.0,NO,1014,22,30,2024-08-05 22:30:00
6263,2024,8,5,2300,25,24,94.2,2,6000.0,YES,1014,23,0,2024-08-05 23:00:00
6264,2024,8,5,2330,25,24,94.2,2,8000.0,YES,1014,23,30,2024-08-05 23:30:00
6265,2024,8,6,0000,24,24,100.0,2,2000.0,YES,1014,0,0,2024-08-06 00:00:00
6266,2024,8,6,0030,24,24,100.0,0,9999.0,YES,1013,0,30,2024-08-06 00:30:00
6267,2024,8,6,0100,24,24,100.0,0,9999.0,YES,1013,1,0,2024-08-06 01:00:00
6268,2024,8,6,0130,24,24,100.0,1,9999.0,YES,1013,1,30,2024-08-06 01:30:00
6269,2024,8,6,0200,24,24,100.0,1,9999.0,YES,1013,2,0,2024-08-06 02:00:00
6270,2024,8,6,0230,24,24,100.0,1,9999.0,YES,1013,2,30,2024-08-06 02:30:00
6271,2024,8,6,0300,24,24,100.0,0,9999.0,YES,1013,3,0,2024-08-06 03:00:00
6272,2024,8,6,0330,24,24,100.0,1,9999.0,YES,1013,3,30,2024-08-06 03:30:00
6273,2024,8,6,0400,24,24,100.0,2,9999.0,YES,1013,4,0,2024-08-06 04:00:00
6274,2024,8,6,0430,24,24,100.0,1,9999.0,YES,1013,4,30,2024-08-06 04:30:00
6275,2024,8,6,0500,24,24,100.0,1,9999.0,YES,1013,5,0,2024-08-06 05:00:00
6276,2024,8,6,0600,24,24,100.0,4,4000.0,YES,1014,6,0,2024-08-06 06:00:00
6277,2024,8,6,0630,24,24,100.0,2,4000.0,YES,1014,6,30,2024-08-06 06:30:00
6278,2024,8,6,0700,24,24,100.0,2,2000.0,YES,1014,7,0,2024-08-06 07:00:00
6279,2024,8,6,0730,25,24,94.2,1,2000.0,YES,1014,7,30,2024-08-06 07:30:00
6280,2024,8,6,0800,25,24,94.2,1,2000.0,YES,1014,8,0,2024-08-06 08:00:00
6281,2024,8,6,0830,25,24,94.2,1,1800.0,YES,1015,8,30,2024-08-06 08:30:00
6282,2024,8,6,0900,24,24,100.0,3,2500.0,YES,1015,9,0,2024-08-06 09:00:00
6283,2024,8,6,0930,25,24,94.2,3,6000.0,YES,1014,9,30,2024-08-06 09:30:00
6284,2024,8,6,1000,25,25,100.0,2,2500.0,YES,1014,10,0,2024-08-06 10:00:00
6285,2024,8,6,1030,26,24,88.7,5,9999.0,NO,1014,10,30,2024-08-06 10:30:00
6286,2024,8,6,1100,26,24,88.7,5,9999.0,NO,1014,11,0,2024-08-06 11:00:00
6287,2024,8,6,1130,27,24,83.7,4,9999.0,NO,1013,11,30,2024-08-06 11:30:00
6288,2024,8,6,1200,27,24,83.7,4,9999.0,NO,1013,12,0,2024-08-06 12:00:00
6289,2024,8,6,1230,26,25,94.2,4,8000.0,YES,1013,12,30,2024-08-06 12:30:00
6290,2024,8,6,1300,25,25,100.0,3,9999.0,YES,1012,13,0,2024-08-06 13:00:00
6291,2024,8,6,1330,27,24,83.7,4,9999.0,NO,1012,13,30,2024-08-06 13:30:00
6292,2024,8,6,1400,27,24,83.7,4,9999.0,NO,1011,14,0,2024-08-06 14:00:00
6293,2024,8,6,1430,27,24,83.7,4,9999.0,NO,1011,14,30,2024-08-06 14:30:00
6294,2024,8,6,1500,27,24,83.7,3,9999.0,NO,1011,15,0,2024-08-06 15:00:00
6295,2024,8,6,1530,27,24,83.7,3,1600.0,YES,1011,15,30,2024-08-06 15:30:00
6296,2024,8,6,1600,25,24,94.2,3,1800.0,YES,1011,16,0,2024-08-06 16:00:00
6297,2024,8,6,1630,25,24,94.2,1,6000.0,YES,1011,16,30,2024-08-06 16:30:00
6298,2024,8,6,1700,25,24,94.2,3,6000.0,YES,1011,17,0,2024-08-06 17:00:00
6299,2024,8,6,1730,24,24,100.0,2,6000.0,YES,1011,17,30,2024-08-06 17:30:00
6300,2024,8,6,1800,24,24,100.0,3,6000.0,YES,1012,18,0,2024-08-06 18:00:00
6301,2024,8,6,1830,24,24,100.0,3,2000.0,YES,1012,18,30,2024-08-06 18:30:00
6302,2024,8,6,1900,24,24,100.0,3,6000.0,YES,1012,19,0,2024-08-06 19:00:00
6303,2024,8,6,1930,24,24,100.0,3,6000.0,YES,1013,19,30,2024-08-06 19:30:00
6304,2024,8,6,2000,24,24,100.0,3,6000.0,YES,1013,20,0,2024-08-06 20:00:00
6305,2024,8,6,2030,24,24,100.0,2,6000.0,YES,1013,20,30,2024-08-06 20:30:00
6306,2024,8,6,2100,24,24,100.0,3,9999.0,YES,1013,21,0,2024-08-06 21:00:00
6307,2024,8,6,2130,24,24,100.0,3,8000.0,YES,1013,21,30,2024-08-06 21:30:00
6308,2024,8,6,2200,24,24,100.0,0,8000.0,YES,1013,22,0,2024-08-06 22:00:00
6309,2024,8,6,2230,24,24,100.0,1,3200.0,YES,1013,22,30,2024-08-06 22:30:00
6310,2024,8,6,2300,24,24,100.0,1,9999.0,NO,1013,23,0,2024-08-06 23:00:00
6311,2024,8,6,2330,24,24,100.0,1,9999.0,NO,1012,23,30,2024-08-06 23:30:00
6312,2024,8,7,0000,24,24,100.0,2,9999.0,NO,1012,0,0,2024-08-07 00:00:00
6313,2024,8,7,0030,24,24,100.0,2,9999.0,NO,1012,0,30,2024-08-07 00:30:00
6314,2024,8,7,0100,24,24,100.0,2,9999.0,NO,1011,1,0,2024-08-07 01:00:00
6315,2024,8,7,0130,24,24,100.0,2,9999.0,NO,1011,1,30,2024-08-07 01:30:00
6316,2024,8,7,0200,24,24,100.0,2,9999.0,NO,1011,2,0,2024-08-07 02:00:00
6317,2024,8,7,0230,24,24,100.0,2,8000.0,NO,1011,2,30,2024-08-07 02:30:00
6318,2024,8,7,0300,24,24,100.0,2,9999.0,NO,1011,3,0,2024-08-07 03:00:00
6319,2024,8,7,0400,24,24,100.0,2,9999.0,NO,1011,4,0,2024-08-07 04:00:00
6320,2024,8,7,0430,24,24,100.0,2,8000.0,YES,1011,4,30,2024-08-07 04:30:00
6321,2024,8,7,0500,24,24,100.0,2,8000.0,YES,1012,5,0,2024-08-07 05:00:00
6322,2024,8,7,0530,24,24,100.0,2,5000.0,YES,1012,5,30,2024-08-07 05:30:00
6323,2024,8,7,0600,24,24,100.0,2,8000.0,YES,1012,6,0,2024-08-07 06:00:00
6324,2024,8,7,0630,24,24,100.0,2,8000.0,YES,1012,6,30,2024-08-07 06:30:00
6325,2024,8,7,0700,24,24,100.0,3,8000.0,YES,1013,7,0,2024-08-07 07:00:00
6326,2024,8,7,0730,25,24,94.2,3,6000.0,YES,1013,7,30,2024-08-07 07:30:00
6327,2024,8,7,0800,25,24,94.2,4,8000.0,YES,1013,8,0,2024-08-07 08:00:00
6328,2024,8,7,0830,26,24,88.7,3,8000.0,YES,1013,8,30,2024-08-07 08:30:00
6329,2024,8,7,0900,26,25,94.2,4,3500.0,YES,1013,9,0,2024-08-07 09:00:00
6330,2024,8,7,0930,26,25,94.2,3,8000.0,YES,1013,9,30,2024-08-07 09:30:00
6331,2024,8,7,1000,27,24,83.7,5,6000.0,YES,1013,10,0,2024-08-07 10:00:00
6332,2024,8,7,1030,27,25,88.8,5,8000.0,NO,1013,10,30,2024-08-07 10:30:00
6333,2024,8,7,1100,28,25,83.8,5,9999.0,NO,1013,11,0,2024-08-07 11:00:00
6334,2024,8,7,1130,28,25,83.8,5,9999.0,NO,1013,11,30,2024-08-07 11:30:00
6335,2024,8,7,1200,28,24,78.9,5,9999.0,NO,1012,12,0,2024-08-07 12:00:00
6336,2024,8,7,1230,29,24,74.4,4,9999.0,NO,1012,12,30,2024-08-07 12:30:00
6337,2024,8,7,1300,28,24,78.9,6,9999.0,NO,1012,13,0,2024-08-07 13:00:00
6338,2024,8,7,1330,28,24,78.9,4,9999.0,NO,1011,13,30,2024-08-07 13:30:00
6339,2024,8,7,1400,27,24,83.7,4,9999.0,NO,1011,14,0,2024-08-07 14:00:00
6340,2024,8,7,1430,27,24,83.7,4,8000.0,NO,1011,14,30,2024-08-07 14:30:00
6341,2024,8,7,1500,27,24,83.7,4,9999.0,NO,1011,15,0,2024-08-07 15:00:00
6342,2024,8,7,1530,26,24,88.7,2,9999.0,NO,1011,15,30,2024-08-07 15:30:00
6343,2024,8,7,1600,26,24,88.7,3,2000.0,YES,1011,16,0,2024-08-07 16:00:00
6344,2024,8,7,1630,25,24,94.2,3,4000.0,YES,1011,16,30,2024-08-07 16:30:00
6345,2024,8,7,1700,25,24,94.2,2,7000.0,YES,1011,17,0,2024-08-07 17:00:00
6346,2024,8,7,1730,25,24,94.2,2,8000.0,YES,1011,17,30,2024-08-07 17:30:00
6347,2024,8,7,1800,25,24,94.2,2,8000.0,YES,1011,18,0,2024-08-07 18:00:00
6348,2024,8,7,1830,25,24,94.2,2,8000.0,YES,1011,18,30,2024-08-07 18:30:00
6349,2024,8,7,1900,25,24,94.2,1,8000.0,YES,1012,19,0,2024-08-07 19:00:00
6350,2024,8,7,1930,25,24,94.2,2,8000.0,YES,1012,19,30,2024-08-07 19:30:00
6351,2024,8,7,2000,25,24,94.2,2,8000.0,YES,1012,20,0,2024-08-07 20:00:00
6352,2024,8,7,2030,25,24,94.2,2,8000.0,YES,1013,20,30,2024-08-07 20:30:00
6353,2024,8,7,2100,25,24,94.2,1,8000.0,YES,1013,21,0,2024-08-07 21:00:00
6354,2024,8,7,2130,25,24,94.2,0,8000.0,YES,1013,21,30,2024-08-07 21:30:00
6355,2024,8,7,2200,25,24,94.2,0,8000.0,YES,1013,22,0,2024-08-07 22:00:00
6356,2024,8,7,2230,25,24,94.2,0,8000.0,YES,1013,22,30,2024-08-07 22:30:00
6357,2024,8,7,2300,25,24,94.2,1,8000.0,YES,1013,23,0,2024-08-07 23:00:00
6358,2024,8,7,2330,25,24,94.2,2,8000.0,YES,1012,23,30,2024-08-07 23:30:00
6359,2024,8,8,0000,25,24,94.2,1,8000.0,YES,1012,0,0,2024-08-08 00:00:00
6360,2024,8,8,0030,25,24,94.2,0,6000.0,YES,1012,0,30,2024-08-08 00:30:00
6361,2024,8,8,0100,25,24,94.2,2,8000.0,YES,1012,1,0,2024-08-08 01:00:00
6362,2024,8,8,0130,24,24,100.0,3,8000.0,YES,1012,1,30,2024-08-08 01:30:00
6363,2024,8,8,0200,24,24,100.0,2,6000.0,YES,1012,2,0,2024-08-08 02:00:00
6364,2024,8,8,0230,24,24,100.0,1,9000.0,YES,1012,2,30,2024-08-08 02:30:00
6365,2024,8,8,0300,24,24,100.0,0,9999.0,YES,1011,3,0,2024-08-08 03:00:00
6366,2024,8,8,0330,24,24,100.0,2,9999.0,YES,1011,3,30,2024-08-08 03:30:00
6367,2024,8,8,0400,24,24,100.0,1,9999.0,YES,1012,4,0,2024-08-08 04:00:00
6368,2024,8,8,0430,24,24,100.0,1,8000.0,YES,1012,4,30,2024-08-08 04:30:00
6369,2024,8,8,0500,24,24,100.0,0,8000.0,YES,1012,5,0,2024-08-08 05:00:00
6370,2024,8,8,0530,24,24,100.0,0,2500.0,YES,1012,5,30,2024-08-08 05:30:00
6371,2024,8,8,0600,24,24,100.0,2,2500.0,YES,1012,6,0,2024-08-08 06:00:00
6372,2024,8,8,0630,24,24,100.0,2,2000.0,YES,1013,6,30,2024-08-08 06:30:00
6373,2024,8,8,0700,24,24,100.0,2,1600.0,YES,1013,7,0,2024-08-08 07:00:00
6374,2024,8,8,0730,24,24,100.0,3,2600.0,YES,1014,7,30,2024-08-08 07:30:00
6375,2024,8,8,0800,25,24,94.2,3,1400.0,YES,1014,8,0,2024-08-08 08:00:00
6376,2024,8,8,0830,25,24,94.2,1,2000.0,YES,1014,8,30,2024-08-08 08:30:00
6377,2024,8,8,0900,25,24,94.2,2,1600.0,YES,1014,9,0,2024-08-08 09:00:00
6378,2024,8,8,0930,25,24,94.2,4,2500.0,YES,1014,9,30,2024-08-08 09:30:00
6379,2024,8,8,1000,25,24,94.2,3,2000.0,YES,1014,10,0,2024-08-08 10:00:00
6380,2024,8,8,1030,25,25,100.0,3,4000.0,YES,1013,10,30,2024-08-08 10:30:00
6381,2024,8,8,1100,26,25,94.2,2,6000.0,YES,1013,11,0,2024-08-08 11:00:00
6382,2024,8,8,1130,26,24,88.7,3,6000.0,YES,1013,11,30,2024-08-08 11:30:00
6383,2024,8,8,1200,26,25,94.2,3,9999.0,NO,1012,12,0,2024-08-08 12:00:00
6384,2024,8,8,1230,28,25,83.8,3,9999.0,NO,1012,12,30,2024-08-08 12:30:00
6385,2024,8,8,1300,29,25,79.0,5,9999.0,NO,1012,13,0,2024-08-08 13:00:00
6386,2024,8,8,1330,29,24,74.4,4,9999.0,NO,1012,13,30,2024-08-08 13:30:00
6387,2024,8,8,1400,29,24,74.4,4,9999.0,NO,1011,14,0,2024-08-08 14:00:00
6388,2024,8,8,1430,29,24,74.4,4,9999.0,NO,1011,14,30,2024-08-08 14:30:00
6389,2024,8,8,1500,28,24,78.9,4,9999.0,NO,1011,15,0,2024-08-08 15:00:00
6390,2024,8,8,1530,28,24,78.9,3,9999.0,NO,1011,15,30,2024-08-08 15:30:00
6391,2024,8,8,1600,28,25,83.8,3,9999.0,NO,1011,16,0,2024-08-08 16:00:00
6392,2024,8,8,1630,28,24,78.9,3,9999.0,YES,1011,16,30,2024-08-08 16:30:00
6393,2024,8,8,1700,27,24,83.7,2,9999.0,YES,1011,17,0,2024-08-08 17:00:00
6394,2024,8,8,1730,26,24,88.7,2,9999.0,YES,1011,17,30,2024-08-08 17:30:00
6395,2024,8,8,1800,26,24,88.7,1,9999.0,YES,1011,18,0,2024-08-08 18:00:00
6396,2024,8,8,1830,26,24,88.7,1,9999.0,YES,1011,18,30,2024-08-08 18:30:00
6397,2024,8,8,1900,26,24,88.7,1,9999.0,YES,1012,19,0,2024-08-08 19:00:00
6398,2024,8,8,1930,25,24,94.2,0,8000.0,YES,1012,19,30,2024-08-08 19:30:00
6399,2024,8,8,2000,25,24,94.2,1,8000.0,YES,1012,20,0,2024-08-08 20:00:00
6400,2024,8,8,2030,25,24,94.2,1,9999.0,NO,1013,20,30,2024-08-08 20:30:00
6401,2024,8,8,2100,25,24,94.2,1,9999.0,NO,1013,21,0,2024-08-08 21:00:00
6402,2024,8,8,2130,24,24,100.0,0,9999.0,NO,1013,21,30,2024-08-08 21:30:00
6403,2024,8,8,2200,25,24,94.2,1,9999.0,NO,1013,22,0,2024-08-08 22:00:00
6404,2024,8,8,2230,25,24,94.2,0,9999.0,NO,1013,22,30,2024-08-08 22:30:00
6405,2024,8,8,2300,25,24,94.2,1,9999.0,NO,1013,23,0,2024-08-08 23:00:00
6406,2024,8,8,2330,25,24,94.2,2,9999.0,NO,1013,23,30,2024-08-08 23:30:00
6407,2024,8,9,0000,25,24,94.2,2,9999.0,NO,1013,0,0,2024-08-09 00:00:00
6408,2024,8,9,0030,25,24,94.2,2,8000.0,YES,1012,0,30,2024-08-09 00:30:00
6409,2024,8,9,0100,25,24,94.2,2,9999.0,YES,1012,1,0,2024-08-09 01:00:00
6410,2024,8,9,0130,25,24,94.2,1,9999.0,YES,1012,1,30,2024-08-09 01:30:00
6411,2024,8,9,0200,25,24,94.2,1,9999.0,YES,1012,2,0,2024-08-09 02:00:00
6412,2024,8,9,0230,24,24,100.0,1,8000.0,YES,1012,2,30,2024-08-09 02:30:00
6413,2024,8,9,0330,24,24,100.0,2,9999.0,NO,1012,3,30,2024-08-09 03:30:00
6414,2024,8,9,0400,24,24,100.0,1,9999.0,NO,1012,4,0,2024-08-09 04:00:00
6415,2024,8,9,0430,24,24,100.0,1,9999.0,NO,1013,4,30,2024-08-09 04:30:00
6416,2024,8,9,0500,24,24,100.0,1,9999.0,NO,1013,5,0,2024-08-09 05:00:00
6417,2024,8,9,0530,24,24,100.0,0,8000.0,NO,1013,5,30,2024-08-09 05:30:00
6418,2024,8,9,0600,24,24,100.0,0,4500.0,YES,1013,6,0,2024-08-09 06:00:00
6419,2024,8,9,0630,24,24,100.0,2,6000.0,YES,1013,6,30,2024-08-09 06:30:00
6420,2024,8,9,0700,25,24,94.2,1,8000.0,YES,1014,7,0,2024-08-09 07:00:00
6421,2024,8,9,0730,25,25,100.0,2,8000.0,YES,1014,7,30,2024-08-09 07:30:00
6422,2024,8,9,0800,25,25,100.0,3,8000.0,YES,1015,8,0,2024-08-09 08:00:00
6423,2024,8,9,0830,25,25,100.0,1,2000.0,YES,1015,8,30,2024-08-09 08:30:00
6424,2024,8,9,0900,25,24,94.2,3,1800.0,YES,1015,9,0,2024-08-09 09:00:00
6425,2024,8,9,0930,25,24,94.2,2,2500.0,YES,1015,9,30,2024-08-09 09:30:00
6426,2024,8,9,1000,25,24,94.2,2,2000.0,YES,1014,10,0,2024-08-09 10:00:00
6427,2024,8,9,1030,26,25,94.2,2,3500.0,YES,1014,10,30,2024-08-09 10:30:00
6428,2024,8,9,1130,27,25,88.8,4,9999.0,YES,1013,11,30,2024-08-09 11:30:00
6429,2024,8,9,1200,28,25,83.8,3,9999.0,NO,1012,12,0,2024-08-09 12:00:00
6430,2024,8,9,1230,29,25,79.0,2,9999.0,NO,1011,12,30,2024-08-09 12:30:00
6431,2024,8,9,1300,29,25,79.0,4,9999.0,NO,1011,13,0,2024-08-09 13:00:00
6432,2024,8,9,1330,29,25,79.0,3,9999.0,NO,1011,13,30,2024-08-09 13:30:00
6433,2024,8,9,1400,28,24,78.9,3,9999.0,NO,1011,14,0,2024-08-09 14:00:00
6434,2024,8,9,1430,28,25,83.8,3,9999.0,NO,1010,14,30,2024-08-09 14:30:00
6435,2024,8,9,1500,28,24,78.9,3,9999.0,NO,1011,15,0,2024-08-09 15:00:00
6436,2024,8,9,1530,29,25,79.0,3,9999.0,NO,1011,15,30,2024-08-09 15:30:00
6437,2024,8,9,1600,28,24,78.9,3,9999.0,NO,1010,16,0,2024-08-09 16:00:00
6438,2024,8,9,1630,28,25,83.8,3,9999.0,NO,1010,16,30,2024-08-09 16:30:00
6439,2024,8,9,1700,28,24,78.9,2,9999.0,NO,1010,17,0,2024-08-09 17:00:00
6440,2024,8,9,1730,26,24,88.7,3,9999.0,NO,1011,17,30,2024-08-09 17:30:00
6441,2024,8,9,1800,26,24,88.7,2,9999.0,NO,1011,18,0,2024-08-09 18:00:00
6442,2024,8,9,1830,26,24,88.7,0,9999.0,NO,1011,18,30,2024-08-09 18:30:00
6443,2024,8,9,1900,25,24,94.2,0,9999.0,NO,1011,19,0,2024-08-09 19:00:00
6444,2024,8,9,1930,25,24,94.2,0,9999.0,NO,1012,19,30,2024-08-09 19:30:00
6445,2024,8,9,2000,26,25,94.2,0,9999.0,NO,1012,20,0,2024-08-09 20:00:00
6446,2024,8,9,2030,26,25,94.2,0,9999.0,NO,1012,20,30,2024-08-09 20:30:00
6447,2024,8,9,2100,26,25,94.2,1,9999.0,NO,1013,21,0,2024-08-09 21:00:00
6448,2024,8,9,2130,26,25,94.2,1,9999.0,NO,1013,21,30,2024-08-09 21:30:00
6449,2024,8,9,2200,26,25,94.2,0,9999.0,NO,1013,22,0,2024-08-09 22:00:00
6450,2024,8,9,2230,25,25,100.0,1,9999.0,NO,1013,22,30,2024-08-09 22:30:00
6451,2024,8,9,2300,25,25,100.0,1,9999.0,NO,1013,23,0,2024-08-09 23:00:00
6452,2024,8,9,2330,25,25,100.0,1,9999.0,NO,1013,23,30,2024-08-09 23:30:00
6453,2024,8,10,0000,25,25,100.0,0,9999.0,NO,1012,0,0,2024-08-10 00:00:00
6454,2024,8,10,0030,25,25,100.0,2,9999.0,NO,1012,0,30,2024-08-10 00:30:00
6455,2024,8,10,0100,25,25,100.0,2,9999.0,NO,1012,1,0,2024-08-10 01:00:00
6456,2024,8,10,0130,25,25,100.0,2,9999.0,NO,1012,1,30,2024-08-10 01:30:00
6457,2024,8,10,0200,25,25,100.0,1,9999.0,NO,1012,2,0,2024-08-10 02:00:00
6458,2024,8,10,0230,25,25,100.0,1,9999.0,NO,1012,2,30,2024-08-10 02:30:00
6459,2024,8,10,0300,25,25,100.0,0,9999.0,NO,1012,3,0,2024-08-10 03:00:00
6460,2024,8,10,0330,25,25,100.0,1,9999.0,YES,1012,3,30,2024-08-10 03:30:00
6461,2024,8,10,0400,25,25,100.0,0,9999.0,YES,1012,4,0,2024-08-10 04:00:00
6462,2024,8,10,0430,25,25,100.0,0,6000.0,YES,1012,4,30,2024-08-10 04:30:00
6463,2024,8,10,0500,25,25,100.0,0,6000.0,YES,1012,5,0,2024-08-10 05:00:00
6464,2024,8,10,0530,25,25,100.0,2,4000.0,YES,1012,5,30,2024-08-10 05:30:00
6465,2024,8,10,0600,25,25,100.0,3,6000.0,YES,1013,6,0,2024-08-10 06:00:00
6466,2024,8,10,0630,25,25,100.0,2,3500.0,YES,1013,6,30,2024-08-10 06:30:00
6467,2024,8,10,0700,25,25,100.0,3,3500.0,YES,1013,7,0,2024-08-10 07:00:00
6468,2024,8,10,0730,25,25,100.0,2,3500.0,YES,1014,7,30,2024-08-10 07:30:00
6469,2024,8,10,0800,26,25,94.2,2,8000.0,YES,1014,8,0,2024-08-10 08:00:00
6470,2024,8,10,0830,27,25,88.8,2,9999.0,YES,1014,8,30,2024-08-10 08:30:00
6471,2024,8,10,0930,28,25,83.8,2,9999.0,NO,1014,9,30,2024-08-10 09:30:00
6472,2024,8,10,1000,28,25,83.8,2,9999.0,NO,1014,10,0,2024-08-10 10:00:00
6473,2024,8,10,1100,28,25,83.8,3,9999.0,NO,1013,11,0,2024-08-10 11:00:00
6474,2024,8,10,1130,28,25,83.8,3,8000.0,NO,1013,11,30,2024-08-10 11:30:00
6475,2024,8,10,1200,28,25,83.8,3,6000.0,NO,1012,12,0,2024-08-10 12:00:00
6476,2024,8,10,1230,28,25,83.8,3,8000.0,NO,1012,12,30,2024-08-10 12:30:00
6477,2024,8,10,1300,29,25,79.0,6,9999.0,NO,1011,13,0,2024-08-10 13:00:00
6478,2024,8,10,1330,29,25,79.0,5,9999.0,NO,1011,13,30,2024-08-10 13:30:00
6479,2024,8,10,1400,28,25,83.8,4,9999.0,NO,1011,14,0,2024-08-10 14:00:00
6480,2024,8,10,1430,28,25,83.8,4,9999.0,NO,1011,14,30,2024-08-10 14:30:00
6481,2024,8,10,1500,28,25,83.8,4,9999.0,NO,1010,15,0,2024-08-10 15:00:00
6482,2024,8,10,1530,29,25,79.0,5,9999.0,NO,1010,15,30,2024-08-10 15:30:00
6483,2024,8,10,1600,28,25,83.8,4,9999.0,NO,1010,16,0,2024-08-10 16:00:00
6484,2024,8,10,1630,27,25,88.8,4,9999.0,NO,1010,16,30,2024-08-10 16:30:00
6485,2024,8,10,1700,27,25,88.8,2,9999.0,NO,1010,17,0,2024-08-10 17:00:00
6486,2024,8,10,1730,27,25,88.8,2,9999.0,NO,1010,17,30,2024-08-10 17:30:00
6487,2024,8,10,1800,26,25,94.2,2,9999.0,NO,1011,18,0,2024-08-10 18:00:00
6488,2024,8,10,1830,25,24,94.2,3,9999.0,NO,1011,18,30,2024-08-10 18:30:00
6489,2024,8,10,1900,25,25,100.0,0,9999.0,YES,1012,19,0,2024-08-10 19:00:00
6490,2024,8,10,1930,25,25,100.0,0,8000.0,YES,1012,19,30,2024-08-10 19:30:00
6491,2024,8,10,2000,25,25,100.0,1,9999.0,YES,1012,20,0,2024-08-10 20:00:00
6492,2024,8,10,2030,25,25,100.0,2,9999.0,YES,1013,20,30,2024-08-10 20:30:00
6493,2024,8,10,2100,25,25,100.0,0,9999.0,YES,1013,21,0,2024-08-10 21:00:00
6494,2024,8,10,2130,25,25,100.0,2,9999.0,YES,1013,21,30,2024-08-10 21:30:00
6495,2024,8,10,2200,25,25,100.0,0,9999.0,YES,1013,22,0,2024-08-10 22:00:00
6496,2024,8,10,2230,25,25,100.0,2,9999.0,YES,1013,22,30,2024-08-10 22:30:00
6497,2024,8,10,2300,25,25,100.0,0,9999.0,YES,1013,23,0,2024-08-10 23:00:00
6498,2024,8,10,2330,25,25,100.0,2,8000.0,YES,1013,23,30,2024-08-10 23:30:00
6499,2024,8,11,0000,25,25,100.0,3,3500.0,YES,1013,0,0,2024-08-11 00:00:00
6500,2024,8,11,0030,25,24,94.2,2,6000.0,YES,1012,0,30,2024-08-11 00:30:00
6501,2024,8,11,0100,25,24,94.2,3,3500.0,YES,1012,1,0,2024-08-11 01:00:00
6502,2024,8,11,0130,25,24,94.2,2,9999.0,YES,1012,1,30,2024-08-11 01:30:00
6503,2024,8,11,0200,25,24,94.2,2,9999.0,YES,1012,2,0,2024-08-11 02:00:00
6504,2024,8,11,0300,24,24,100.0,0,9999.0,YES,1012,3,0,2024-08-11 03:00:00
6505,2024,8,11,0330,25,24,94.2,1,9999.0,YES,1012,3,30,2024-08-11 03:30:00
6506,2024,8,11,0400,25,24,94.2,3,9999.0,NO,1012,4,0,2024-08-11 04:00:00
6507,2024,8,11,0430,25,25,100.0,0,8000.0,NO,1012,4,30,2024-08-11 04:30:00
6508,2024,8,11,0500,25,25,100.0,0,9999.0,NO,1012,5,0,2024-08-11 05:00:00
6509,2024,8,11,0600,25,25,100.0,0,8000.0,YES,1013,6,0,2024-08-11 06:00:00
6510,2024,8,11,0700,25,25,100.0,2,6000.0,YES,1014,7,0,2024-08-11 07:00:00
6511,2024,8,11,0730,26,25,94.2,3,2500.0,YES,1014,7,30,2024-08-11 07:30:00
6512,2024,8,11,0800,25,25,100.0,2,6000.0,YES,1014,8,0,2024-08-11 08:00:00
6513,2024,8,11,0830,25,25,100.0,3,4000.0,YES,1014,8,30,2024-08-11 08:30:00
6514,2024,8,11,1130,29,25,79.0,4,9999.0,NO,1012,11,30,2024-08-11 11:30:00
6515,2024,8,11,1200,29,25,79.0,4,9999.0,NO,1012,12,0,2024-08-11 12:00:00
6516,2024,8,11,1230,28,25,83.8,4,6000.0,YES,1012,12,30,2024-08-11 12:30:00
6517,2024,8,11,1300,26,25,94.2,3,7000.0,YES,1012,13,0,2024-08-11 13:00:00
6518,2024,8,11,1400,28,25,83.8,4,8000.0,NO,1011,14,0,2024-08-11 14:00:00
6519,2024,8,11,1630,27,25,88.8,4,9999.0,NO,1010,16,30,2024-08-11 16:30:00
6520,2024,8,11,1700,26,25,94.2,3,9999.0,NO,1010,17,0,2024-08-11 17:00:00
6521,2024,8,11,1730,26,24,88.7,3,9999.0,NO,1010,17,30,2024-08-11 17:30:00
6522,2024,8,11,1930,25,25,100.0,2,9999.0,NO,1011,19,30,2024-08-11 19:30:00
6523,2024,8,11,2030,25,25,100.0,1,9999.0,NO,1013,20,30,2024-08-11 20:30:00
6524,2024,8,11,2100,25,25,100.0,2,9999.0,NO,1013,21,0,2024-08-11 21:00:00
6525,2024,8,11,2230,25,24,94.2,2,9999.0,NO,1013,22,30,2024-08-11 22:30:00
6526,2024,8,12,0000,25,24,94.2,1,9999.0,NO,1012,0,0,2024-08-12 00:00:00
6527,2024,8,12,0100,25,25,100.0,1,9999.0,NO,1012,1,0,2024-08-12 01:00:00
6528,2024,8,12,0130,25,24,94.2,2,9999.0,NO,1012,1,30,2024-08-12 01:30:00
6529,2024,8,12,0200,25,24,94.2,3,9999.0,NO,1012,2,0,2024-08-12 02:00:00
6530,2024,8,12,0300,25,24,94.2,2,9999.0,NO,1011,3,0,2024-08-12 03:00:00
6531,2024,8,12,0400,25,24,94.2,2,9999.0,YES,1011,4,0,2024-08-12 04:00:00
6532,2024,8,12,0500,25,24,94.2,2,9999.0,YES,1012,5,0,2024-08-12 05:00:00
6533,2024,8,12,0530,25,24,94.2,3,8000.0,YES,1012,5,30,2024-08-12 05:30:00
6534,2024,8,12,1130,25,25,100.0,3,4000.0,YES,1013,11,30,2024-08-12 11:30:00
6535,2024,8,13,0000,25,24,94.2,1,9999.0,NO,1013,0,0,2024-08-13 00:00:00
6536,2024,8,13,0100,24,24,100.0,2,9999.0,NO,1012,1,0,2024-08-13 01:00:00
6537,2024,8,13,0200,24,24,100.0,1,9999.0,NO,1012,2,0,2024-08-13 02:00:00
6538,2024,8,13,0300,24,24,100.0,2,9999.0,NO,1012,3,0,2024-08-13 03:00:00
6539,2024,8,13,0400,24,24,100.0,0,6000.0,YES,1012,4,0,2024-08-13 04:00:00
6540,2024,8,13,0500,25,24,94.2,3,6000.0,YES,1012,5,0,2024-08-13 05:00:00
6541,2024,8,13,0700,25,24,94.2,3,9999.0,YES,1014,7,0,2024-08-13 07:00:00
6542,2024,8,13,0800,25,24,94.2,3,3500.0,YES,1015,8,0,2024-08-13 08:00:00
6543,2024,8,13,0900,24,24,100.0,3,1600.0,YES,1015,9,0,2024-08-13 09:00:00
6544,2024,8,13,1000,24,24,100.0,2,5000.0,YES,1015,10,0,2024-08-13 10:00:00
6545,2024,8,13,1300,24,24,100.0,4,6000.0,YES,1013,13,0,2024-08-13 13:00:00
6546,2024,8,13,1400,24,24,100.0,3,2000.0,YES,1013,14,0,2024-08-13 14:00:00
6547,2024,8,13,1500,24,24,100.0,2,2000.0,YES,1012,15,0,2024-08-13 15:00:00
6548,2024,8,13,1530,24,23,94.1,2,3200.0,YES,1012,15,30,2024-08-13 15:30:00
6549,2024,8,13,1600,24,23,94.1,3,6000.0,YES,1012,16,0,2024-08-13 16:00:00
6550,2024,8,13,1630,24,23,94.1,3,6000.0,YES,1012,16,30,2024-08-13 16:30:00
6551,2024,8,13,1700,24,23,94.1,2,6000.0,YES,1013,17,0,2024-08-13 17:00:00
6552,2024,8,13,1730,24,23,94.1,2,9999.0,NO,1013,17,30,2024-08-13 17:30:00
6553,2024,8,13,1800,24,23,94.1,2,9999.0,NO,1013,18,0,2024-08-13 18:00:00
6554,2024,8,13,1830,24,23,94.1,2,9999.0,NO,1013,18,30,2024-08-13 18:30:00
6555,2024,8,13,1900,24,23,94.1,2,9999.0,NO,1013,19,0,2024-08-13 19:00:00
6556,2024,8,13,1930,23,23,100.0,2,9999.0,NO,1013,19,30,2024-08-13 19:30:00
6557,2024,8,13,2000,23,23,100.0,0,9999.0,NO,1014,20,0,2024-08-13 20:00:00
6558,2024,8,13,2100,24,23,94.1,2,9999.0,NO,1015,21,0,2024-08-13 21:00:00
6559,2024,8,13,2130,24,23,94.1,0,9999.0,NO,1015,21,30,2024-08-13 21:30:00
6560,2024,8,13,2200,24,23,94.1,0,9999.0,NO,1015,22,0,2024-08-13 22:00:00
6561,2024,8,13,2230,24,23,94.1,2,9999.0,NO,1015,22,30,2024-08-13 22:30:00
6562,2024,8,13,2300,24,23,94.1,2,9999.0,NO,1014,23,0,2024-08-13 23:00:00
6563,2024,8,13,2330,24,23,94.1,3,9999.0,NO,1014,23,30,2024-08-13 23:30:00
6564,2024,8,14,0000,24,23,94.1,2,9999.0,NO,1014,0,0,2024-08-14 00:00:00
6565,2024,8,14,0100,24,23,94.1,0,9999.0,NO,1013,1,0,2024-08-14 01:00:00
6566,2024,8,14,0130,24,23,94.1,2,9999.0,NO,1013,1,30,2024-08-14 01:30:00
6567,2024,8,14,0200,24,23,94.1,0,9999.0,NO,1013,2,0,2024-08-14 02:00:00
6568,2024,8,14,0230,24,23,94.1,1,9999.0,NO,1013,2,30,2024-08-14 02:30:00
6569,2024,8,14,0300,24,23,94.1,2,9999.0,NO,1013,3,0,2024-08-14 03:00:00
6570,2024,8,14,0330,24,24,100.0,2,6000.0,YES,1013,3,30,2024-08-14 03:30:00
6571,2024,8,14,0400,24,24,100.0,2,4000.0,YES,1014,4,0,2024-08-14 04:00:00
6572,2024,8,14,0430,24,24,100.0,1,6000.0,YES,1014,4,30,2024-08-14 04:30:00
6573,2024,8,14,0500,24,23,94.1,1,6000.0,YES,1014,5,0,2024-08-14 05:00:00
6574,2024,8,14,0530,23,23,100.0,0,2000.0,YES,1014,5,30,2024-08-14 05:30:00
6575,2024,8,14,0600,24,24,100.0,1,1600.0,YES,1015,6,0,2024-08-14 06:00:00
6576,2024,8,14,0630,24,24,100.0,1,1800.0,YES,1015,6,30,2024-08-14 06:30:00
6577,2024,8,14,0700,24,24,100.0,2,3500.0,YES,1015,7,0,2024-08-14 07:00:00
6578,2024,8,14,0730,25,24,94.2,2,6000.0,YES,1016,7,30,2024-08-14 07:30:00
6579,2024,8,14,0800,27,24,83.7,0,7000.0,YES,1016,8,0,2024-08-14 08:00:00
6580,2024,8,14,0830,28,24,78.9,1,7000.0,YES,1016,8,30,2024-08-14 08:30:00
6581,2024,8,14,0900,28,24,78.9,2,9999.0,YES,1016,9,0,2024-08-14 09:00:00
6582,2024,8,14,0930,28,24,78.9,1,9999.0,NO,1015,9,30,2024-08-14 09:30:00
6583,2024,8,14,1000,28,24,78.9,3,9999.0,NO,1015,10,0,2024-08-14 10:00:00
6584,2024,8,14,1500,28,24,78.9,4,9999.0,NO,1012,15,0,2024-08-14 15:00:00
6585,2024,8,14,1530,28,24,78.9,4,9999.0,NO,1012,15,30,2024-08-14 15:30:00
6586,2024,8,14,1600,27,24,83.7,3,9999.0,NO,1012,16,0,2024-08-14 16:00:00
6587,2024,8,14,1630,28,24,78.9,4,9999.0,NO,1012,16,30,2024-08-14 16:30:00
6588,2024,8,14,1700,27,24,83.7,3,9999.0,NO,1012,17,0,2024-08-14 17:00:00
6589,2024,8,14,1730,26,24,88.7,2,9999.0,NO,1013,17,30,2024-08-14 17:30:00
6590,2024,8,14,1800,26,24,88.7,2,9999.0,NO,1013,18,0,2024-08-14 18:00:00
6591,2024,8,14,1830,26,24,88.7,2,9999.0,NO,1013,18,30,2024-08-14 18:30:00
6592,2024,8,14,1900,25,24,94.2,1,9999.0,NO,1013,19,0,2024-08-14 19:00:00
6593,2024,8,14,1930,25,24,94.2,1,9999.0,NO,1014,19,30,2024-08-14 19:30:00
6594,2024,8,14,2000,25,24,94.2,2,9999.0,NO,1014,20,0,2024-08-14 20:00:00
6595,2024,8,14,2030,24,24,100.0,2,9999.0,NO,1015,20,30,2024-08-14 20:30:00
6596,2024,8,14,2100,24,24,100.0,2,9999.0,NO,1015,21,0,2024-08-14 21:00:00
6597,2024,8,14,2130,25,24,94.2,2,9999.0,NO,1015,21,30,2024-08-14 21:30:00
6598,2024,8,14,2200,24,24,100.0,2,9999.0,NO,1015,22,0,2024-08-14 22:00:00
6599,2024,8,14,2300,24,24,100.0,2,9999.0,NO,1014,23,0,2024-08-14 23:00:00
6600,2024,8,14,2330,24,24,100.0,2,9999.0,NO,1014,23,30,2024-08-14 23:30:00
6601,2024,8,15,0000,24,24,100.0,2,9999.0,NO,1013,0,0,2024-08-15 00:00:00
6602,2024,8,15,0030,24,24,100.0,2,9999.0,NO,1013,0,30,2024-08-15 00:30:00
6603,2024,8,15,0100,24,24,100.0,3,9999.0,NO,1013,1,0,2024-08-15 01:00:00
6604,2024,8,15,0130,24,24,100.0,3,9999.0,NO,1012,1,30,2024-08-15 01:30:00
6605,2024,8,15,0200,24,24,100.0,3,9999.0,YES,1012,2,0,2024-08-15 02:00:00
6606,2024,8,15,0230,24,24,100.0,2,9999.0,YES,1012,2,30,2024-08-15 02:30:00
6607,2024,8,15,0300,24,24,100.0,2,9999.0,YES,1013,3,0,2024-08-15 03:00:00
6608,2024,8,15,0330,24,24,100.0,1,9999.0,YES,1013,3,30,2024-08-15 03:30:00
6609,2024,8,15,0400,24,24,100.0,3,9999.0,YES,1013,4,0,2024-08-15 04:00:00
6610,2024,8,15,0730,25,25,100.0,1,4500.0,NO,1015,7,30,2024-08-15 07:30:00
6611,2024,8,15,0800,26,24,88.7,0,7000.0,NO,1016,8,0,2024-08-15 08:00:00
6612,2024,8,15,0930,27,23,78.8,2,9999.0,NO,1015,9,30,2024-08-15 09:30:00
6613,2024,8,15,1130,29,24,74.4,4,9999.0,NO,1014,11,30,2024-08-15 11:30:00
6614,2024,8,15,1600,27,24,83.7,3,9999.0,NO,1012,16,0,2024-08-15 16:00:00
6615,2024,8,15,1700,26,24,88.7,3,6000.0,YES,1012,17,0,2024-08-15 17:00:00
6616,2024,8,15,1800,25,24,94.2,2,6000.0,YES,1012,18,0,2024-08-15 18:00:00
6617,2024,8,15,1900,25,24,94.2,0,9999.0,NO,1013,19,0,2024-08-15 19:00:00
6618,2024,8,15,2000,25,25,100.0,0,9999.0,NO,1014,20,0,2024-08-15 20:00:00
6619,2024,8,15,2030,25,25,100.0,0,9999.0,NO,1014,20,30,2024-08-15 20:30:00
6620,2024,8,15,2100,25,25,100.0,0,9999.0,NO,1014,21,0,2024-08-15 21:00:00
6621,2024,8,15,2130,25,25,100.0,2,9999.0,NO,1014,21,30,2024-08-15 21:30:00
6622,2024,8,15,2200,25,25,100.0,1,9999.0,NO,1014,22,0,2024-08-15 22:00:00
6623,2024,8,15,2300,25,24,94.2,4,9999.0,NO,1014,23,0,2024-08-15 23:00:00
6624,2024,8,15,2330,24,24,100.0,4,2500.0,YES,1014,23,30,2024-08-15 23:30:00
6625,2024,8,16,0000,24,24,100.0,1,3500.0,YES,1013,0,0,2024-08-16 00:00:00
6626,2024,8,16,0100,24,24,100.0,2,2500.0,YES,1013,1,0,2024-08-16 01:00:00
6627,2024,8,16,0200,25,24,94.2,0,9999.0,YES,1012,2,0,2024-08-16 02:00:00
6628,2024,8,16,0300,25,24,94.2,0,4000.0,YES,1013,3,0,2024-08-16 03:00:00
6629,2024,8,16,0400,25,24,94.2,2,9999.0,YES,1013,4,0,2024-08-16 04:00:00
6630,2024,8,16,0500,24,24,100.0,2,7000.0,YES,1013,5,0,2024-08-16 05:00:00
6631,2024,8,16,0630,24,24,100.0,2,4000.0,YES,1014,6,30,2024-08-16 06:30:00
6632,2024,8,16,0700,24,24,100.0,2,4000.0,YES,1015,7,0,2024-08-16 07:00:00
6633,2024,8,16,0730,24,24,100.0,3,4000.0,YES,1015,7,30,2024-08-16 07:30:00
6634,2024,8,16,0800,24,24,100.0,4,4000.0,YES,1015,8,0,2024-08-16 08:00:00
6635,2024,8,16,1100,26,24,88.7,2,9999.0,NO,1014,11,0,2024-08-16 11:00:00
6636,2024,8,16,1130,26,24,88.7,3,9999.0,NO,1014,11,30,2024-08-16 11:30:00
6637,2024,8,16,1200,26,24,88.7,4,9999.0,NO,1013,12,0,2024-08-16 12:00:00
6638,2024,8,16,1230,26,24,88.7,5,9999.0,NO,1013,12,30,2024-08-16 12:30:00
6639,2024,8,16,1500,27,24,83.7,3,8000.0,YES,1011,15,0,2024-08-16 15:00:00
6640,2024,8,16,1700,25,24,94.2,0,8000.0,NO,1012,17,0,2024-08-16 17:00:00
6641,2024,8,16,1830,25,24,94.2,1,9999.0,NO,1013,18,30,2024-08-16 18:30:00
6642,2024,8,16,1900,25,24,94.2,0,9999.0,NO,1013,19,0,2024-08-16 19:00:00
6643,2024,8,16,2000,25,24,94.2,0,9999.0,NO,1014,20,0,2024-08-16 20:00:00
6644,2024,8,16,2030,25,24,94.2,2,9999.0,NO,1014,20,30,2024-08-16 20:30:00
6645,2024,8,16,2100,25,24,94.2,5,4000.0,YES,1014,21,0,2024-08-16 21:00:00
6646,2024,8,16,2130,25,24,94.2,2,4000.0,YES,1014,21,30,2024-08-16 21:30:00
6647,2024,8,16,2200,24,24,100.0,2,6000.0,YES,1014,22,0,2024-08-16 22:00:00
6648,2024,8,16,2230,24,24,100.0,0,8000.0,NO,1014,22,30,2024-08-16 22:30:00
6649,2024,8,16,2300,24,24,100.0,0,8000.0,NO,1014,23,0,2024-08-16 23:00:00
6650,2024,8,16,2330,25,24,94.2,0,8000.0,NO,1014,23,30,2024-08-16 23:30:00
6651,2024,8,17,0000,24,24,100.0,0,8000.0,YES,1014,0,0,2024-08-17 00:00:00
6652,2024,8,17,0030,24,24,100.0,1,9999.0,YES,1013,0,30,2024-08-17 00:30:00
6653,2024,8,17,0100,24,24,100.0,0,9999.0,YES,1013,1,0,2024-08-17 01:00:00
6654,2024,8,17,0200,24,24,100.0,0,9999.0,NO,1013,2,0,2024-08-17 02:00:00
6655,2024,8,17,0300,24,23,94.1,1,8000.0,YES,1013,3,0,2024-08-17 03:00:00
6656,2024,8,17,0330,24,24,100.0,2,8000.0,YES,1013,3,30,2024-08-17 03:30:00
6657,2024,8,17,0400,24,23,94.1,0,9999.0,YES,1013,4,0,2024-08-17 04:00:00
6658,2024,8,17,0430,24,23,94.1,0,9999.0,NO,1013,4,30,2024-08-17 04:30:00
6659,2024,8,17,0500,24,24,100.0,0,9999.0,NO,1013,5,0,2024-08-17 05:00:00
6660,2024,8,17,0530,24,24,100.0,0,8000.0,NO,1014,5,30,2024-08-17 05:30:00
6661,2024,8,17,0600,24,24,100.0,3,6000.0,NO,1014,6,0,2024-08-17 06:00:00
6662,2024,8,17,0630,24,24,100.0,3,6000.0,YES,1014,6,30,2024-08-17 06:30:00
6663,2024,8,17,0700,24,24,100.0,2,6000.0,YES,1015,7,0,2024-08-17 07:00:00
6664,2024,8,17,0730,25,24,94.2,2,6000.0,YES,1015,7,30,2024-08-17 07:30:00
6665,2024,8,17,0800,25,24,94.2,1,2500.0,YES,1015,8,0,2024-08-17 08:00:00
6666,2024,8,17,0900,25,24,94.2,1,6000.0,YES,1015,9,0,2024-08-17 09:00:00
6667,2024,8,17,0930,26,24,88.7,2,9999.0,YES,1015,9,30,2024-08-17 09:30:00
6668,2024,8,17,1000,27,25,88.8,3,9999.0,YES,1015,10,0,2024-08-17 10:00:00
6669,2024,8,17,1030,28,25,83.8,3,9999.0,YES,1015,10,30,2024-08-17 10:30:00
6670,2024,8,17,1100,28,25,83.8,3,9999.0,YES,1014,11,0,2024-08-17 11:00:00
6671,2024,8,17,1130,29,24,74.4,4,9999.0,YES,1014,11,30,2024-08-17 11:30:00
6672,2024,8,17,1200,28,24,78.9,4,9999.0,YES,1014,12,0,2024-08-17 12:00:00
6673,2024,8,17,1230,27,25,88.8,5,8000.0,YES,1013,12,30,2024-08-17 12:30:00
6674,2024,8,17,1300,25,24,94.2,4,8000.0,YES,1013,13,0,2024-08-17 13:00:00
6675,2024,8,17,1330,27,25,88.8,4,9999.0,YES,1013,13,30,2024-08-17 13:30:00
6676,2024,8,17,1400,27,24,83.7,4,9999.0,NO,1012,14,0,2024-08-17 14:00:00
6677,2024,8,17,1430,28,24,78.9,4,9999.0,NO,1012,14,30,2024-08-17 14:30:00
6678,2024,8,17,1500,28,25,83.8,3,9999.0,YES,1012,15,0,2024-08-17 15:00:00
6679,2024,8,17,1530,26,24,88.7,4,8000.0,YES,1012,15,30,2024-08-17 15:30:00
6680,2024,8,17,1600,26,24,88.7,3,9999.0,NO,1012,16,0,2024-08-17 16:00:00
6681,2024,8,17,1630,26,24,88.7,3,9999.0,NO,1012,16,30,2024-08-17 16:30:00
6682,2024,8,17,1700,26,24,88.7,2,9999.0,NO,1012,17,0,2024-08-17 17:00:00
6683,2024,8,17,1800,26,24,88.7,0,9999.0,YES,1012,18,0,2024-08-17 18:00:00
6684,2024,8,17,1830,25,24,94.2,1,9999.0,NO,1013,18,30,2024-08-17 18:30:00
6685,2024,8,17,1900,25,24,94.2,0,9999.0,NO,1013,19,0,2024-08-17 19:00:00
6686,2024,8,17,1930,24,24,100.0,0,9999.0,NO,1014,19,30,2024-08-17 19:30:00
6687,2024,8,17,2000,25,24,94.2,2,9999.0,NO,1014,20,0,2024-08-17 20:00:00
6688,2024,8,17,2030,25,24,94.2,2,9999.0,NO,1014,20,30,2024-08-17 20:30:00
6689,2024,8,17,2100,25,24,94.2,0,9999.0,NO,1014,21,0,2024-08-17 21:00:00
6690,2024,8,17,2200,24,24,100.0,2,9999.0,NO,1015,22,0,2024-08-17 22:00:00
6691,2024,8,17,2230,24,24,100.0,0,9999.0,NO,1015,22,30,2024-08-17 22:30:00
6692,2024,8,17,2300,24,24,100.0,0,9999.0,NO,1015,23,0,2024-08-17 23:00:00
6693,2024,8,18,0000,24,24,100.0,0,6000.0,NO,1014,0,0,2024-08-18 00:00:00
6694,2024,8,18,0030,24,24,100.0,0,6000.0,NO,1014,0,30,2024-08-18 00:30:00
6695,2024,8,18,0100,24,24,100.0,0,6000.0,NO,1014,1,0,2024-08-18 01:00:00
6696,2024,8,18,0130,24,24,100.0,0,6000.0,YES,1014,1,30,2024-08-18 01:30:00
6697,2024,8,18,0200,24,24,100.0,0,6000.0,YES,1013,2,0,2024-08-18 02:00:00
6698,2024,8,18,0230,24,24,100.0,0,7000.0,YES,1013,2,30,2024-08-18 02:30:00
6699,2024,8,18,0300,24,24,100.0,0,7000.0,YES,1014,3,0,2024-08-18 03:00:00
6700,2024,8,18,0330,24,24,100.0,0,6000.0,YES,1014,3,30,2024-08-18 03:30:00
6701,2024,8,18,0400,24,24,100.0,1,4000.0,YES,1014,4,0,2024-08-18 04:00:00
6702,2024,8,18,0430,24,24,100.0,0,1600.0,YES,1014,4,30,2024-08-18 04:30:00
6703,2024,8,18,0500,24,24,100.0,0,2000.0,YES,1014,5,0,2024-08-18 05:00:00
6704,2024,8,18,0530,24,24,100.0,1,1600.0,YES,1014,5,30,2024-08-18 05:30:00
6705,2024,8,18,0600,24,24,100.0,0,2500.0,YES,1015,6,0,2024-08-18 06:00:00
6706,2024,8,18,0630,24,24,100.0,1,3500.0,YES,1015,6,30,2024-08-18 06:30:00
6707,2024,8,18,0700,25,24,94.2,2,3500.0,YES,1016,7,0,2024-08-18 07:00:00
6708,2024,8,18,0800,25,24,94.2,3,6000.0,YES,1016,8,0,2024-08-18 08:00:00
6709,2024,8,18,0830,25,24,94.2,2,1800.0,YES,1016,8,30,2024-08-18 08:30:00
6710,2024,8,18,0900,25,24,94.2,3,1600.0,YES,1016,9,0,2024-08-18 09:00:00
6711,2024,8,18,0930,25,24,94.2,4,1600.0,YES,1016,9,30,2024-08-18 09:30:00
6712,2024,8,18,1000,25,24,94.2,3,1800.0,YES,1016,10,0,2024-08-18 10:00:00
6713,2024,8,18,1030,25,24,94.2,1,4000.0,YES,1016,10,30,2024-08-18 10:30:00
6714,2024,8,18,1100,25,25,100.0,1,2000.0,YES,1015,11,0,2024-08-18 11:00:00
6715,2024,8,18,1130,25,24,94.2,3,2500.0,YES,1015,11,30,2024-08-18 11:30:00
6716,2024,8,18,1200,25,24,94.2,3,6000.0,YES,1014,12,0,2024-08-18 12:00:00
6717,2024,8,18,1230,26,25,94.2,3,9999.0,YES,1014,12,30,2024-08-18 12:30:00
6718,2024,8,18,1300,27,24,83.7,3,9999.0,NO,1013,13,0,2024-08-18 13:00:00
6719,2024,8,18,1330,26,24,88.7,1,9999.0,YES,1013,13,30,2024-08-18 13:30:00
6720,2024,8,18,1400,25,24,94.2,1,2500.0,YES,1013,14,0,2024-08-18 14:00:00
6721,2024,8,18,1500,26,24,88.7,2,7000.0,YES,1011,15,0,2024-08-18 15:00:00
6722,2024,8,18,1530,26,24,88.7,2,8000.0,YES,1012,15,30,2024-08-18 15:30:00
6723,2024,8,18,1600,26,24,88.7,2,8000.0,YES,1012,16,0,2024-08-18 16:00:00
6724,2024,8,18,1630,26,24,88.7,0,8000.0,NO,1012,16,30,2024-08-18 16:30:00
6725,2024,8,18,1700,26,24,88.7,0,8000.0,NO,1013,17,0,2024-08-18 17:00:00
6726,2024,8,18,1730,25,25,100.0,0,8000.0,NO,1013,17,30,2024-08-18 17:30:00
6727,2024,8,18,1800,25,24,94.2,0,8000.0,NO,1013,18,0,2024-08-18 18:00:00
6728,2024,8,18,1900,25,24,94.2,2,9999.0,NO,1013,19,0,2024-08-18 19:00:00
6729,2024,8,18,2000,25,24,94.2,0,9999.0,NO,1014,20,0,2024-08-18 20:00:00
6730,2024,8,18,2030,25,24,94.2,0,9999.0,NO,1015,20,30,2024-08-18 20:30:00
6731,2024,8,18,2100,25,24,94.2,0,9999.0,NO,1015,21,0,2024-08-18 21:00:00
6732,2024,8,18,2200,24,24,100.0,0,9999.0,NO,1015,22,0,2024-08-18 22:00:00
6733,2024,8,18,2230,24,24,100.0,2,9999.0,NO,1015,22,30,2024-08-18 22:30:00
6734,2024,8,18,2300,24,24,100.0,2,9999.0,YES,1014,23,0,2024-08-18 23:00:00
6735,2024,8,18,2330,24,24,100.0,2,9999.0,YES,1014,23,30,2024-08-18 23:30:00
6736,2024,8,19,0000,24,24,100.0,2,9999.0,YES,1013,0,0,2024-08-19 00:00:00
6737,2024,8,19,0030,24,24,100.0,1,9999.0,YES,1013,0,30,2024-08-19 00:30:00
6738,2024,8,19,0100,24,24,100.0,0,9999.0,YES,1013,1,0,2024-08-19 01:00:00
6739,2024,8,19,0130,24,24,100.0,0,9999.0,YES,1012,1,30,2024-08-19 01:30:00
6740,2024,8,19,0200,24,24,100.0,2,9999.0,YES,1012,2,0,2024-08-19 02:00:00
6741,2024,8,19,0230,24,24,100.0,1,9999.0,NO,1012,2,30,2024-08-19 02:30:00
6742,2024,8,19,0300,24,24,100.0,2,9999.0,NO,1012,3,0,2024-08-19 03:00:00
6743,2024,8,19,0400,24,24,100.0,1,9999.0,YES,1012,4,0,2024-08-19 04:00:00
6744,2024,8,19,0430,24,24,100.0,2,6000.0,YES,1012,4,30,2024-08-19 04:30:00
6745,2024,8,19,0500,24,24,100.0,2,8000.0,YES,1012,5,0,2024-08-19 05:00:00
6746,2024,8,19,0530,24,24,100.0,2,2500.0,YES,1013,5,30,2024-08-19 05:30:00
6747,2024,8,19,0600,24,24,100.0,1,3500.0,YES,1013,6,0,2024-08-19 06:00:00
6748,2024,8,19,0630,24,24,100.0,1,1600.0,YES,1013,6,30,2024-08-19 06:30:00
6749,2024,8,19,0700,24,24,100.0,2,1600.0,NO,1014,7,0,2024-08-19 07:00:00
6750,2024,8,19,0730,25,25,100.0,0,3200.0,NO,1014,7,30,2024-08-19 07:30:00
6751,2024,8,19,0830,25,25,100.0,3,2500.0,YES,1015,8,30,2024-08-19 08:30:00
6752,2024,8,19,0930,26,25,94.2,3,9999.0,YES,1015,9,30,2024-08-19 09:30:00
6753,2024,8,19,1000,27,25,88.8,3,9999.0,NO,1014,10,0,2024-08-19 10:00:00
6754,2024,8,19,1030,28,25,83.8,4,9999.0,NO,1015,10,30,2024-08-19 10:30:00
6755,2024,8,19,1100,27,25,88.8,3,9999.0,NO,1015,11,0,2024-08-19 11:00:00
6756,2024,8,19,1200,28,25,83.8,2,6000.0,YES,1013,12,0,2024-08-19 12:00:00
6757,2024,8,19,1300,26,25,94.2,3,9999.0,YES,1012,13,0,2024-08-19 13:00:00
6758,2024,8,19,1330,26,25,94.2,3,9999.0,YES,1012,13,30,2024-08-19 13:30:00
6759,2024,8,19,1400,26,24,88.7,3,9999.0,YES,1012,14,0,2024-08-19 14:00:00
6760,2024,8,19,1430,26,24,88.7,4,9999.0,YES,1011,14,30,2024-08-19 14:30:00
6761,2024,8,19,1500,26,24,88.7,4,9999.0,YES,1011,15,0,2024-08-19 15:00:00
6762,2024,8,19,1530,25,24,94.2,4,9999.0,YES,1012,15,30,2024-08-19 15:30:00
6763,2024,8,19,1600,26,24,88.7,3,9999.0,NO,1012,16,0,2024-08-19 16:00:00
6764,2024,8,19,1630,26,24,88.7,2,9999.0,NO,1012,16,30,2024-08-19 16:30:00
6765,2024,8,19,1700,25,24,94.2,3,9999.0,YES,1012,17,0,2024-08-19 17:00:00
6766,2024,8,19,1730,25,24,94.2,2,9999.0,YES,1013,17,30,2024-08-19 17:30:00
6767,2024,8,19,1800,25,24,94.2,1,6000.0,YES,1013,18,0,2024-08-19 18:00:00
6768,2024,8,19,1900,25,24,94.2,2,9999.0,YES,1013,19,0,2024-08-19 19:00:00
6769,2024,8,19,1930,25,24,94.2,1,9999.0,YES,1014,19,30,2024-08-19 19:30:00
6770,2024,8,19,2000,25,24,94.2,0,9999.0,YES,1014,20,0,2024-08-19 20:00:00
6771,2024,8,19,2030,25,24,94.2,0,9999.0,YES,1015,20,30,2024-08-19 20:30:00
6772,2024,8,19,2100,24,24,100.0,0,9999.0,YES,1015,21,0,2024-08-19 21:00:00
6773,2024,8,19,2130,24,24,100.0,0,9999.0,YES,1015,21,30,2024-08-19 21:30:00
6774,2024,8,19,2200,24,24,100.0,0,9999.0,YES,1015,22,0,2024-08-19 22:00:00
6775,2024,8,19,2300,24,24,100.0,0,9999.0,YES,1015,23,0,2024-08-19 23:00:00
6776,2024,8,19,2330,24,24,100.0,0,9999.0,NO,1014,23,30,2024-08-19 23:30:00
6777,2024,8,20,0000,24,24,100.0,0,9999.0,NO,1014,0,0,2024-08-20 00:00:00
6778,2024,8,20,0100,24,24,100.0,0,6000.0,YES,1013,1,0,2024-08-20 01:00:00
6779,2024,8,20,0130,24,24,100.0,2,3200.0,YES,1013,1,30,2024-08-20 01:30:00
6780,2024,8,20,0200,24,24,100.0,1,8000.0,YES,1013,2,0,2024-08-20 02:00:00
6781,2024,8,20,0300,24,24,100.0,0,8000.0,NO,1013,3,0,2024-08-20 03:00:00
6782,2024,8,20,0330,24,24,100.0,0,6000.0,YES,1013,3,30,2024-08-20 03:30:00
6783,2024,8,20,0400,24,23,94.1,2,6000.0,YES,1013,4,0,2024-08-20 04:00:00
6784,2024,8,20,0430,24,23,94.1,2,2000.0,YES,1013,4,30,2024-08-20 04:30:00
6785,2024,8,20,0500,24,23,94.1,1,3500.0,YES,1013,5,0,2024-08-20 05:00:00
6786,2024,8,20,0630,23,23,100.0,3,1600.0,YES,1014,6,30,2024-08-20 06:30:00
6787,2024,8,20,0700,23,23,100.0,3,1200.0,YES,1015,7,0,2024-08-20 07:00:00
6788,2024,8,20,0730,23,22,94.1,3,1800.0,YES,1015,7,30,2024-08-20 07:30:00
6789,2024,8,20,0800,23,23,100.0,0,1600.0,YES,1016,8,0,2024-08-20 08:00:00
6790,2024,8,20,0830,23,23,100.0,2,800.0,YES,1016,8,30,2024-08-20 08:30:00
6791,2024,8,20,0900,23,23,100.0,3,2500.0,YES,1016,9,0,2024-08-20 09:00:00
6792,2024,8,20,0930,24,23,94.1,3,3500.0,YES,1015,9,30,2024-08-20 09:30:00
6793,2024,8,20,1000,25,24,94.2,3,7000.0,YES,1015,10,0,2024-08-20 10:00:00
6794,2024,8,20,1030,25,24,94.2,3,3000.0,YES,1015,10,30,2024-08-20 10:30:00
6795,2024,8,20,1100,25,24,94.2,4,7000.0,YES,1015,11,0,2024-08-20 11:00:00
6796,2024,8,20,1130,26,24,88.7,3,6000.0,YES,1014,11,30,2024-08-20 11:30:00
6797,2024,8,20,1200,26,24,88.7,3,8000.0,YES,1014,12,0,2024-08-20 12:00:00
6798,2024,8,20,1230,26,25,94.2,2,2500.0,YES,1014,12,30,2024-08-20 12:30:00
6799,2024,8,20,1300,26,24,88.7,2,6000.0,YES,1013,13,0,2024-08-20 13:00:00
6800,2024,8,20,1330,26,25,94.2,2,2000.0,YES,1013,13,30,2024-08-20 13:30:00
6801,2024,8,20,1400,26,25,94.2,2,1600.0,YES,1013,14,0,2024-08-20 14:00:00
6802,2024,8,20,1430,25,25,100.0,2,1600.0,YES,1013,14,30,2024-08-20 14:30:00
6803,2024,8,20,1500,25,24,94.2,2,3500.0,YES,1013,15,0,2024-08-20 15:00:00
6804,2024,8,20,1530,25,24,94.2,3,1800.0,YES,1013,15,30,2024-08-20 15:30:00
6805,2024,8,20,1600,24,24,100.0,2,2500.0,YES,1013,16,0,2024-08-20 16:00:00
6806,2024,8,20,1630,24,24,100.0,2,1800.0,YES,1013,16,30,2024-08-20 16:30:00
6807,2024,8,20,1700,24,24,100.0,1,2000.0,YES,1013,17,0,2024-08-20 17:00:00
6808,2024,8,20,1730,24,24,100.0,1,2500.0,YES,1014,17,30,2024-08-20 17:30:00
6809,2024,8,20,1800,24,24,100.0,0,2500.0,YES,1014,18,0,2024-08-20 18:00:00
6810,2024,8,20,1830,24,24,100.0,0,8000.0,YES,1014,18,30,2024-08-20 18:30:00
6811,2024,8,20,1900,24,24,100.0,0,8000.0,YES,1014,19,0,2024-08-20 19:00:00
6812,2024,8,20,1930,24,24,100.0,1,8000.0,YES,1014,19,30,2024-08-20 19:30:00
6813,2024,8,20,2000,24,24,100.0,1,8000.0,YES,1014,20,0,2024-08-20 20:00:00
6814,2024,8,20,2030,24,24,100.0,0,8000.0,YES,1015,20,30,2024-08-20 20:30:00
6815,2024,8,20,2100,24,24,100.0,1,6000.0,YES,1015,21,0,2024-08-20 21:00:00
6816,2024,8,20,2200,24,24,100.0,2,2500.0,YES,1016,22,0,2024-08-20 22:00:00
6817,2024,8,20,2300,24,24,100.0,0,4500.0,YES,1015,23,0,2024-08-20 23:00:00
6818,2024,8,20,2330,24,24,100.0,1,4000.0,YES,1015,23,30,2024-08-20 23:30:00
6819,2024,8,21,0000,24,24,100.0,0,7000.0,YES,1015,0,0,2024-08-21 00:00:00
6820,2024,8,21,0030,24,24,100.0,2,3500.0,YES,1015,0,30,2024-08-21 00:30:00
6821,2024,8,21,0100,24,24,100.0,0,7000.0,YES,1014,1,0,2024-08-21 01:00:00
6822,2024,8,21,0130,24,24,100.0,0,6000.0,YES,1014,1,30,2024-08-21 01:30:00
6823,2024,8,21,0200,24,24,100.0,2,6000.0,YES,1014,2,0,2024-08-21 02:00:00
6824,2024,8,21,0230,24,24,100.0,0,8000.0,YES,1014,2,30,2024-08-21 02:30:00
6825,2024,8,21,0300,24,24,100.0,1,6000.0,YES,1014,3,0,2024-08-21 03:00:00
6826,2024,8,21,0330,24,24,100.0,2,2500.0,YES,1014,3,30,2024-08-21 03:30:00
6827,2024,8,21,0400,24,24,100.0,2,8000.0,YES,1014,4,0,2024-08-21 04:00:00
6828,2024,8,21,0430,24,24,100.0,0,8000.0,YES,1014,4,30,2024-08-21 04:30:00
6829,2024,8,21,0500,24,24,100.0,0,6000.0,YES,1014,5,0,2024-08-21 05:00:00
6830,2024,8,21,0530,24,24,100.0,1,6000.0,YES,1015,5,30,2024-08-21 05:30:00
6831,2024,8,21,0600,24,24,100.0,0,7000.0,YES,1015,6,0,2024-08-21 06:00:00
6832,2024,8,21,0630,24,24,100.0,2,6000.0,YES,1015,6,30,2024-08-21 06:30:00
6833,2024,8,21,0700,24,24,100.0,2,6000.0,YES,1016,7,0,2024-08-21 07:00:00
6834,2024,8,21,0730,25,24,94.2,0,2500.0,YES,1016,7,30,2024-08-21 07:30:00
6835,2024,8,21,0800,25,24,94.2,0,3500.0,YES,1016,8,0,2024-08-21 08:00:00
6836,2024,8,21,0830,25,24,94.2,0,2000.0,YES,1016,8,30,2024-08-21 08:30:00
6837,2024,8,21,0900,25,24,94.2,2,1600.0,YES,1016,9,0,2024-08-21 09:00:00
6838,2024,8,21,0930,25,24,94.2,0,2000.0,YES,1016,9,30,2024-08-21 09:30:00
6839,2024,8,21,1000,26,24,88.7,2,2500.0,YES,1015,10,0,2024-08-21 10:00:00
6840,2024,8,21,1030,26,25,94.2,2,1600.0,YES,1015,10,30,2024-08-21 10:30:00
6841,2024,8,21,1100,26,25,94.2,3,1600.0,YES,1014,11,0,2024-08-21 11:00:00
6842,2024,8,21,1130,26,25,94.2,2,2000.0,YES,1014,11,30,2024-08-21 11:30:00
6843,2024,8,21,1200,27,25,88.8,2,9999.0,YES,1013,12,0,2024-08-21 12:00:00
6844,2024,8,21,1300,29,25,79.0,4,9999.0,YES,1013,13,0,2024-08-21 13:00:00
6845,2024,8,21,1330,28,24,78.9,4,9999.0,YES,1012,13,30,2024-08-21 13:30:00
6846,2024,8,21,1400,28,24,78.9,3,9999.0,YES,1012,14,0,2024-08-21 14:00:00
6847,2024,8,21,1430,27,24,83.7,3,8000.0,YES,1011,14,30,2024-08-21 14:30:00
6848,2024,8,21,1500,28,24,78.9,3,9999.0,NO,1011,15,0,2024-08-21 15:00:00
6849,2024,8,21,1530,27,24,83.7,3,9999.0,NO,1011,15,30,2024-08-21 15:30:00
6850,2024,8,21,1600,27,24,83.7,3,9999.0,NO,1011,16,0,2024-08-21 16:00:00
6851,2024,8,21,1630,26,24,88.7,3,9999.0,YES,1011,16,30,2024-08-21 16:30:00
6852,2024,8,21,1700,26,24,88.7,4,9999.0,YES,1012,17,0,2024-08-21 17:00:00
6853,2024,8,21,1730,25,24,94.2,3,3500.0,YES,1012,17,30,2024-08-21 17:30:00
6854,2024,8,21,1800,25,24,94.2,3,9999.0,YES,1012,18,0,2024-08-21 18:00:00
6855,2024,8,21,1830,25,24,94.2,2,9999.0,YES,1012,18,30,2024-08-21 18:30:00
6856,2024,8,21,1900,25,24,94.2,1,9999.0,YES,1013,19,0,2024-08-21 19:00:00
6857,2024,8,21,1930,25,24,94.2,1,9999.0,YES,1013,19,30,2024-08-21 19:30:00
6858,2024,8,21,2000,25,24,94.2,2,9999.0,YES,1013,20,0,2024-08-21 20:00:00
6859,2024,8,21,2030,25,24,94.2,1,9999.0,YES,1014,20,30,2024-08-21 20:30:00
6860,2024,8,21,2100,25,24,94.2,1,9999.0,YES,1014,21,0,2024-08-21 21:00:00
6861,2024,8,21,2130,25,25,100.0,0,9999.0,NO,1014,21,30,2024-08-21 21:30:00
6862,2024,8,21,2200,25,25,100.0,0,9999.0,NO,1014,22,0,2024-08-21 22:00:00
6863,2024,8,21,2230,25,25,100.0,0,7000.0,YES,1014,22,30,2024-08-21 22:30:00
6864,2024,8,21,2300,25,25,100.0,2,7000.0,YES,1013,23,0,2024-08-21 23:00:00
6865,2024,8,21,2330,25,25,100.0,2,7000.0,YES,1013,23,30,2024-08-21 23:30:00
6866,2024,8,22,0000,25,24,94.2,1,9999.0,YES,1013,0,0,2024-08-22 00:00:00
6867,2024,8,22,0030,25,24,94.2,0,9999.0,YES,1013,0,30,2024-08-22 00:30:00
6868,2024,8,22,0100,25,24,94.2,1,9999.0,YES,1013,1,0,2024-08-22 01:00:00
6869,2024,8,22,0130,25,24,94.2,2,9999.0,NO,1012,1,30,2024-08-22 01:30:00
6870,2024,8,22,0200,25,24,94.2,2,9999.0,NO,1012,2,0,2024-08-22 02:00:00
6871,2024,8,22,0230,25,24,94.2,1,9999.0,NO,1012,2,30,2024-08-22 02:30:00
6872,2024,8,22,0300,24,24,100.0,1,9999.0,NO,1012,3,0,2024-08-22 03:00:00
6873,2024,8,22,0330,25,24,94.2,0,9999.0,YES,1012,3,30,2024-08-22 03:30:00
6874,2024,8,22,0400,24,24,100.0,1,9999.0,YES,1013,4,0,2024-08-22 04:00:00
6875,2024,8,22,0430,24,24,100.0,2,9999.0,YES,1013,4,30,2024-08-22 04:30:00
6876,2024,8,22,0500,24,24,100.0,2,9999.0,YES,1013,5,0,2024-08-22 05:00:00
6877,2024,8,22,0530,24,24,100.0,2,2500.0,YES,1013,5,30,2024-08-22 05:30:00
6878,2024,8,22,0600,24,24,100.0,1,2000.0,YES,1013,6,0,2024-08-22 06:00:00
6879,2024,8,22,0630,24,24,100.0,2,1600.0,YES,1014,6,30,2024-08-22 06:30:00
6880,2024,8,22,0700,24,24,100.0,4,6000.0,YES,1014,7,0,2024-08-22 07:00:00
6881,2024,8,22,0730,24,24,100.0,1,8000.0,YES,1014,7,30,2024-08-22 07:30:00
6882,2024,8,22,0800,25,24,94.2,2,3500.0,YES,1014,8,0,2024-08-22 08:00:00
6883,2024,8,22,0830,25,24,94.2,2,1800.0,YES,1015,8,30,2024-08-22 08:30:00
6884,2024,8,22,0900,24,24,100.0,3,1600.0,YES,1015,9,0,2024-08-22 09:00:00
6885,2024,8,22,0930,25,24,94.2,2,3500.0,YES,1015,9,30,2024-08-22 09:30:00
6886,2024,8,22,1000,25,25,100.0,2,2500.0,YES,1014,10,0,2024-08-22 10:00:00
6887,2024,8,22,1030,25,25,100.0,2,7000.0,YES,1014,10,30,2024-08-22 10:30:00
6888,2024,8,22,1100,26,25,94.2,2,3500.0,YES,1014,11,0,2024-08-22 11:00:00
6889,2024,8,22,1130,25,24,94.2,3,4000.0,YES,1013,11,30,2024-08-22 11:30:00
6890,2024,8,22,1200,25,24,94.2,2,8000.0,YES,1013,12,0,2024-08-22 12:00:00
6891,2024,8,22,2230,25,24,94.2,0,7000.0,YES,1013,22,30,2024-08-22 22:30:00
6892,2024,8,22,2300,25,24,94.2,2,2500.0,YES,1013,23,0,2024-08-22 23:00:00
6893,2024,8,22,2330,24,24,100.0,3,2500.0,YES,1013,23,30,2024-08-22 23:30:00
6894,2024,8,23,0000,24,24,100.0,1,3500.0,YES,1012,0,0,2024-08-23 00:00:00
6895,2024,8,23,0030,24,24,100.0,3,2500.0,YES,1012,0,30,2024-08-23 00:30:00
6896,2024,8,23,0100,24,24,100.0,2,3000.0,YES,1011,1,0,2024-08-23 01:00:00
6897,2024,8,23,0430,24,24,100.0,4,8000.0,YES,1011,4,30,2024-08-23 04:30:00
6898,2024,8,23,0500,24,24,100.0,2,8000.0,YES,1011,5,0,2024-08-23 05:00:00
6899,2024,8,24,1900,24,24,100.0,0,9999.0,NO,1013,19,0,2024-08-24 19:00:00
6900,2024,8,24,2300,24,24,100.0,1,8000.0,YES,1015,23,0,2024-08-24 23:00:00
6901,2024,8,25,0000,24,24,100.0,0,9999.0,NO,1014,0,0,2024-08-25 00:00:00
6902,2024,8,25,0100,25,24,94.2,1,9999.0,YES,1014,1,0,2024-08-25 01:00:00
6903,2024,8,25,0200,25,24,94.2,2,8000.0,YES,1013,2,0,2024-08-25 02:00:00
6904,2024,8,25,0300,24,24,100.0,0,9999.0,NO,1013,3,0,2024-08-25 03:00:00
6905,2024,8,25,0400,24,24,100.0,1,9999.0,YES,1013,4,0,2024-08-25 04:00:00
6906,2024,8,25,1030,26,25,94.2,3,8000.0,NO,1014,10,30,2024-08-25 10:30:00
6907,2024,8,25,1100,29,25,79.0,4,8000.0,NO,1013,11,0,2024-08-25 11:00:00
6908,2024,8,26,0000,24,24,100.0,0,6000.0,YES,1013,0,0,2024-08-26 00:00:00
6909,2024,8,26,0100,24,24,100.0,2,6000.0,YES,1012,1,0,2024-08-26 01:00:00
6910,2024,8,26,0200,24,24,100.0,0,3500.0,YES,1012,2,0,2024-08-26 02:00:00
6911,2024,8,26,0300,24,24,100.0,3,4000.0,YES,1011,3,0,2024-08-26 03:00:00
6912,2024,8,26,0400,24,24,100.0,2,7000.0,YES,1011,4,0,2024-08-26 04:00:00
6913,2024,8,27,0000,24,24,100.0,2,6000.0,YES,1012,0,0,2024-08-27 00:00:00
6914,2024,8,27,0100,24,24,100.0,0,8000.0,YES,1012,1,0,2024-08-27 01:00:00
6915,2024,8,27,0200,24,24,100.0,2,6000.0,YES,1012,2,0,2024-08-27 02:00:00
6916,2024,8,27,0300,24,24,100.0,2,6000.0,YES,1012,3,0,2024-08-27 03:00:00
6917,2024,8,27,0400,24,24,100.0,2,8000.0,YES,1012,4,0,2024-08-27 04:00:00
6918,2024,8,27,0730,23,23,100.0,3,2500.0,YES,1014,7,30,2024-08-27 07:30:00
6919,2024,8,27,0741,23,23,100.0,3,4000.0,YES,1014,7,41,2024-08-27 07:41:00
6920,2024,8,27,2200,25,24,94.2,2,9999.0,NO,1014,22,0,2024-08-27 22:00:00
6921,2024,8,28,0000,25,24,94.2,0,9999.0,NO,1013,0,0,2024-08-28 00:00:00
6922,2024,8,28,0100,25,24,94.2,0,9999.0,NO,1013,1,0,2024-08-28 01:00:00
6923,2024,8,28,0200,25,24,94.2,0,9999.0,NO,1013,2,0,2024-08-28 02:00:00
6924,2024,8,28,0300,24,24,100.0,0,6000.0,NO,1013,3,0,2024-08-28 03:00:00
6925,2024,8,28,0400,24,24,100.0,0,6000.0,NO,1013,4,0,2024-08-28 04:00:00
6926,2024,8,28,0600,24,24,100.0,0,2000.0,NO,1014,6,0,2024-08-28 06:00:00
6927,2024,8,28,0630,25,24,94.2,1,2000.0,NO,1015,6,30,2024-08-28 06:30:00
6928,2024,8,28,1730,27,25,88.8,3,9999.0,NO,1012,17,30,2024-08-28 17:30:00
6929,2024,8,28,2000,26,25,94.2,0,9999.0,NO,1013,20,0,2024-08-28 20:00:00
6930,2024,8,28,2030,26,25,94.2,0,9999.0,NO,1014,20,30,2024-08-28 20:30:00
6931,2024,8,29,0000,25,25,100.0,1,9999.0,NO,1013,0,0,2024-08-29 00:00:00
6932,2024,8,29,0100,25,25,100.0,0,9999.0,NO,1013,1,0,2024-08-29 01:00:00
6933,2024,8,29,0200,25,25,100.0,2,9999.0,NO,1012,2,0,2024-08-29 02:00:00
6934,2024,8,29,0300,25,25,100.0,1,6000.0,YES,1013,3,0,2024-08-29 03:00:00
6935,2024,8,29,0400,25,25,100.0,0,6000.0,YES,1013,4,0,2024-08-29 04:00:00
6936,2024,8,29,1400,29,25,79.0,5,9999.0,NO,1011,14,0,2024-08-29 14:00:00
6937,2024,8,29,1600,28,25,83.8,4,9999.0,NO,1011,16,0,2024-08-29 16:00:00
6938,2024,8,29,1630,27,25,88.8,3,9999.0,NO,1011,16,30,2024-08-29 16:30:00
6939,2024,8,29,1700,27,25,88.8,4,9999.0,NO,1011,17,0,2024-08-29 17:00:00
6940,2024,8,29,1730,26,24,88.7,3,9999.0,NO,1011,17,30,2024-08-29 17:30:00
6941,2024,8,29,1800,26,24,88.7,2,9999.0,NO,1011,18,0,2024-08-29 18:00:00
6942,2024,8,29,1830,26,24,88.7,3,9999.0,NO,1012,18,30,2024-08-29 18:30:00
6943,2024,8,29,1900,26,24,88.7,2,9999.0,NO,1012,19,0,2024-08-29 19:00:00
6944,2024,8,29,1930,26,24,88.7,2,9999.0,NO,1013,19,30,2024-08-29 19:30:00
6945,2024,8,29,2000,26,24,88.7,2,9999.0,NO,1013,20,0,2024-08-29 20:00:00
6946,2024,8,29,2030,26,24,88.7,2,9999.0,NO,1013,20,30,2024-08-29 20:30:00
6947,2024,8,29,2100,26,25,94.2,2,9999.0,NO,1014,21,0,2024-08-29 21:00:00
6948,2024,8,29,2130,26,25,94.2,3,9999.0,NO,1014,21,30,2024-08-29 21:30:00
6949,2024,8,29,2200,26,25,94.2,2,9999.0,NO,1014,22,0,2024-08-29 22:00:00
6950,2024,8,29,2230,26,25,94.2,2,9999.0,NO,1013,22,30,2024-08-29 22:30:00
6951,2024,8,29,2300,25,25,100.0,2,9999.0,NO,1013,23,0,2024-08-29 23:00:00
6952,2024,8,29,2330,25,24,94.2,2,9999.0,NO,1013,23,30,2024-08-29 23:30:00
6953,2024,8,30,0000,25,24,94.2,2,9999.0,NO,1012,0,0,2024-08-30 00:00:00
6954,2024,8,30,0030,25,25,100.0,2,9999.0,NO,1012,0,30,2024-08-30 00:30:00
6955,2024,8,30,0100,25,25,100.0,2,9999.0,NO,1012,1,0,2024-08-30 01:00:00
6956,2024,8,30,0130,25,25,100.0,3,9999.0,NO,1012,1,30,2024-08-30 01:30:00
6957,2024,8,30,0200,25,24,94.2,3,9999.0,NO,1012,2,0,2024-08-30 02:00:00
6958,2024,8,30,0230,25,24,94.2,3,9999.0,NO,1012,2,30,2024-08-30 02:30:00
6959,2024,8,30,0300,25,24,94.2,3,9999.0,NO,1012,3,0,2024-08-30 03:00:00
6960,2024,8,30,0330,25,24,94.2,3,9999.0,NO,1012,3,30,2024-08-30 03:30:00
6961,2024,8,30,0400,25,24,94.2,3,9999.0,NO,1012,4,0,2024-08-30 04:00:00
6962,2024,8,30,0430,25,24,94.2,2,9999.0,NO,1012,4,30,2024-08-30 04:30:00
6963,2024,8,30,0500,25,24,94.2,2,9999.0,NO,1012,5,0,2024-08-30 05:00:00
6964,2024,8,30,0530,25,24,94.2,3,9999.0,YES,1012,5,30,2024-08-30 05:30:00
6965,2024,8,30,0600,25,24,94.2,2,9999.0,NO,1013,6,0,2024-08-30 06:00:00
6966,2024,8,30,0630,25,25,100.0,3,9999.0,YES,1013,6,30,2024-08-30 06:30:00
6967,2024,8,30,0700,25,24,94.2,2,8000.0,YES,1014,7,0,2024-08-30 07:00:00
6968,2024,8,30,0730,26,25,94.2,3,8000.0,YES,1014,7,30,2024-08-30 07:30:00
6969,2024,8,30,0800,25,25,100.0,3,4000.0,YES,1014,8,0,2024-08-30 08:00:00
6970,2024,8,30,0830,25,24,94.2,1,4000.0,YES,1014,8,30,2024-08-30 08:30:00
6971,2024,8,30,0900,24,24,100.0,4,7000.0,YES,1014,9,0,2024-08-30 09:00:00
6972,2024,8,30,0930,24,24,100.0,4,6000.0,YES,1014,9,30,2024-08-30 09:30:00
6973,2024,8,30,1000,24,24,100.0,3,6000.0,YES,1014,10,0,2024-08-30 10:00:00
6974,2024,8,30,1030,25,24,94.2,3,6000.0,YES,1014,10,30,2024-08-30 10:30:00
6975,2024,8,30,1100,25,25,100.0,4,6000.0,YES,1014,11,0,2024-08-30 11:00:00
6976,2024,8,30,1130,25,25,100.0,2,6000.0,YES,1014,11,30,2024-08-30 11:30:00
6977,2024,8,30,1200,25,25,100.0,2,4000.0,YES,1013,12,0,2024-08-30 12:00:00
6978,2024,8,30,1230,25,25,100.0,2,4000.0,YES,1013,12,30,2024-08-30 12:30:00
6979,2024,8,30,1300,25,25,100.0,2,6000.0,YES,1013,13,0,2024-08-30 13:00:00
6980,2024,8,30,1330,25,25,100.0,2,6000.0,YES,1012,13,30,2024-08-30 13:30:00
6981,2024,8,30,1400,26,25,94.2,3,8000.0,NO,1012,14,0,2024-08-30 14:00:00
6982,2024,8,30,1430,26,25,94.2,3,8000.0,NO,1012,14,30,2024-08-30 14:30:00
6983,2024,8,30,1500,26,25,94.2,3,7000.0,NO,1011,15,0,2024-08-30 15:00:00
6984,2024,8,30,1530,26,25,94.2,2,8000.0,NO,1011,15,30,2024-08-30 15:30:00
6985,2024,8,30,1600,26,25,94.2,2,8000.0,NO,1011,16,0,2024-08-30 16:00:00
6986,2024,8,30,1630,26,25,94.2,2,8000.0,NO,1011,16,30,2024-08-30 16:30:00
6987,2024,8,30,1700,26,25,94.2,2,8000.0,NO,1011,17,0,2024-08-30 17:00:00
6988,2024,8,30,1730,25,24,94.2,2,8000.0,NO,1012,17,30,2024-08-30 17:30:00
6989,2024,8,30,1800,25,24,94.2,2,8000.0,YES,1012,18,0,2024-08-30 18:00:00
6990,2024,8,30,1830,25,24,94.2,0,8000.0,YES,1012,18,30,2024-08-30 18:30:00
6991,2024,8,30,1900,25,24,94.2,1,8000.0,NO,1012,19,0,2024-08-30 19:00:00
6992,2024,8,30,1930,25,24,94.2,2,8000.0,NO,1012,19,30,2024-08-30 19:30:00
6993,2024,8,30,2000,25,24,94.2,2,8000.0,YES,1013,20,0,2024-08-30 20:00:00
6994,2024,8,30,2030,25,25,100.0,1,8000.0,NO,1013,20,30,2024-08-30 20:30:00
6995,2024,8,30,2100,25,24,94.2,0,8000.0,NO,1013,21,0,2024-08-30 21:00:00
6996,2024,8,30,2130,25,24,94.2,0,8000.0,NO,1013,21,30,2024-08-30 21:30:00
6997,2024,8,30,2200,25,25,100.0,1,8000.0,YES,1013,22,0,2024-08-30 22:00:00
6998,2024,8,30,2230,24,24,100.0,2,7000.0,YES,1013,22,30,2024-08-30 22:30:00
6999,2024,8,30,2300,24,24,100.0,0,8000.0,YES,1013,23,0,2024-08-30 23:00:00
7000,2024,8,30,2330,24,24,100.0,0,9000.0,NO,1013,23,30,2024-08-30 23:30:00
7001,2024,8,31,0000,24,24,100.0,0,9999.0,NO,1013,0,0,2024-08-31 00:00:00
7002,2024,8,31,0030,24,24,100.0,2,9999.0,NO,1012,0,30,2024-08-31 00:30:00
7003,2024,8,31,0100,25,24,94.2,0,9999.0,NO,1012,1,0,2024-08-31 01:00:00
7004,2024,8,31,0130,24,24,100.0,0,9999.0,NO,1012,1,30,2024-08-31 01:30:00
7005,2024,8,31,0200,24,24,100.0,2,9999.0,NO,1012,2,0,2024-08-31 02:00:00
7006,2024,8,31,0230,25,24,94.2,1,9999.0,NO,1012,2,30,2024-08-31 02:30:00
7007,2024,8,31,0300,25,24,94.2,2,9999.0,NO,1012,3,0,2024-08-31 03:00:00
7008,2024,8,31,0330,25,24,94.2,2,9999.0,NO,1013,3,30,2024-08-31 03:30:00
7009,2024,8,31,0400,25,24,94.2,2,9999.0,YES,1013,4,0,2024-08-31 04:00:00
7010,2024,8,31,0430,25,24,94.2,2,9999.0,YES,1013,4,30,2024-08-31 04:30:00
7011,2024,8,31,0500,24,24,100.0,2,9999.0,YES,1013,5,0,2024-08-31 05:00:00
7012,2024,8,31,0530,24,24,100.0,2,7000.0,NO,1013,5,30,2024-08-31 05:30:00
7013,2024,8,31,0600,24,24,100.0,2,6000.0,YES,1013,6,0,2024-08-31 06:00:00
7014,2024,8,31,0630,25,24,94.2,2,4500.0,YES,1014,6,30,2024-08-31 06:30:00
7015,2024,8,31,0700,26,25,94.2,2,6000.0,YES,1014,7,0,2024-08-31 07:00:00
7016,2024,8,31,0730,26,25,94.2,2,6000.0,YES,1014,7,30,2024-08-31 07:30:00
7017,2024,8,31,0800,27,25,88.8,3,8000.0,YES,1014,8,0,2024-08-31 08:00:00
7018,2024,8,31,0830,28,25,83.8,5,8000.0,NO,1015,8,30,2024-08-31 08:30:00
7019,2024,8,31,0900,29,25,79.0,4,9999.0,NO,1015,9,0,2024-08-31 09:00:00
7020,2024,8,31,0930,29,25,79.0,4,9999.0,NO,1015,9,30,2024-08-31 09:30:00
7021,2024,8,31,1000,30,25,74.6,5,9999.0,NO,1015,10,0,2024-08-31 10:00:00
7022,2024,8,31,1030,28,24,78.9,6,9999.0,NO,1015,10,30,2024-08-31 10:30:00
7023,2024,8,31,1100,28,25,83.8,5,9999.0,NO,1014,11,0,2024-08-31 11:00:00
7024,2024,8,31,1130,28,25,83.8,4,9999.0,NO,1014,11,30,2024-08-31 11:30:00
7025,2024,8,31,1200,28,24,78.9,4,9999.0,NO,1013,12,0,2024-08-31 12:00:00
7026,2024,8,31,1230,30,24,70.3,4,9999.0,NO,1012,12,30,2024-08-31 12:30:00
7027,2024,8,31,1300,29,24,74.4,5,9999.0,NO,1012,13,0,2024-08-31 13:00:00
7028,2024,8,31,1330,30,24,70.3,6,9999.0,NO,1012,13,30,2024-08-31 13:30:00
7029,2024,8,31,1400,30,24,70.3,4,9999.0,NO,1011,14,0,2024-08-31 14:00:00
7030,2024,8,31,1430,30,25,74.6,4,9999.0,NO,1011,14,30,2024-08-31 14:30:00
7031,2024,8,31,1500,30,24,70.3,5,9999.0,NO,1011,15,0,2024-08-31 15:00:00
7032,2024,8,31,1530,30,24,70.3,4,9999.0,NO,1011,15,30,2024-08-31 15:30:00
7033,2024,8,31,1600,29,24,74.4,3,9999.0,NO,1011,16,0,2024-08-31 16:00:00
7034,2024,8,31,1630,29,24,74.4,4,9999.0,NO,1011,16,30,2024-08-31 16:30:00
7035,2024,8,31,1700,28,24,78.9,3,9999.0,NO,1011,17,0,2024-08-31 17:00:00
7036,2024,8,31,1730,27,24,83.7,3,9999.0,NO,1011,17,30,2024-08-31 17:30:00
7037,2024,8,31,1800,26,24,88.7,0,9999.0,NO,1012,18,0,2024-08-31 18:00:00
7038,2024,8,31,1830,25,24,94.2,0,9999.0,NO,1012,18,30,2024-08-31 18:30:00
7039,2024,8,31,1900,25,24,94.2,0,9999.0,NO,1012,19,0,2024-08-31 19:00:00
7040,2024,8,31,1930,24,24,100.0,0,9999.0,NO,1013,19,30,2024-08-31 19:30:00
7041,2024,8,31,2000,24,24,100.0,0,9999.0,NO,1013,20,0,2024-08-31 20:00:00
7042,2024,8,31,2030,24,24,100.0,1,9999.0,NO,1013,20,30,2024-08-31 20:30:00
7043,2024,8,31,2100,24,24,100.0,2,9999.0,NO,1014,21,0,2024-08-31 21:00:00
7044,2024,8,31,2130,24,24,100.0,1,9999.0,NO,1014,21,30,2024-08-31 21:30:00
7045,2024,8,31,2200,24,24,100.0,0,9999.0,NO,1014,22,0,2024-08-31 22:00:00
7046,2024,8,31,2230,24,24,100.0,1,9999.0,NO,1013,22,30,2024-08-31 22:30:00
7047,2024,8,31,2300,24,23,94.1,1,9999.0,NO,1013,23,0,2024-08-31 23:00:00
7048,2024,9,1,0000,24,24,100.0,1,8000.0,NO,1013,0,0,2024-09-01 00:00:00
7049,2024,9,1,0030,24,24,100.0,0,8000.0,NO,1012,0,30,2024-09-01 00:30:00
7050,2024,9,1,0100,24,24,100.0,1,8000.0,NO,1012,1,0,2024-09-01 01:00:00
7051,2024,9,1,0130,24,24,100.0,0,9999.0,NO,1012,1,30,2024-09-01 01:30:00
7052,2024,9,1,0200,24,24,100.0,1,9999.0,NO,1012,2,0,2024-09-01 02:00:00
7053,2024,9,1,0230,24,24,100.0,2,9999.0,NO,1012,2,30,2024-09-01 02:30:00
7054,2024,9,1,0300,24,24,100.0,3,9999.0,NO,1012,3,0,2024-09-01 03:00:00
7055,2024,9,1,0330,24,24,100.0,2,9999.0,NO,1013,3,30,2024-09-01 03:30:00
7056,2024,9,1,0400,24,24,100.0,2,9999.0,NO,1013,4,0,2024-09-01 04:00:00
7057,2024,9,1,0430,24,23,94.1,2,9999.0,YES,1013,4,30,2024-09-01 04:30:00
7058,2024,9,1,0500,24,24,100.0,0,3500.0,YES,1013,5,0,2024-09-01 05:00:00
7059,2024,9,1,0530,24,24,100.0,0,2500.0,YES,1013,5,30,2024-09-01 05:30:00
7060,2024,9,1,0600,24,24,100.0,1,6000.0,YES,1014,6,0,2024-09-01 06:00:00
7061,2024,9,1,0630,24,24,100.0,2,6000.0,YES,1014,6,30,2024-09-01 06:30:00
7062,2024,9,1,0700,25,24,94.2,1,8000.0,YES,1014,7,0,2024-09-01 07:00:00
7063,2024,9,1,0730,25,24,94.2,0,8000.0,YES,1014,7,30,2024-09-01 07:30:00
7064,2024,9,1,0800,26,24,88.7,0,9999.0,YES,1015,8,0,2024-09-01 08:00:00
7065,2024,9,1,0830,26,25,94.2,0,9999.0,YES,1015,8,30,2024-09-01 08:30:00
7066,2024,9,1,0900,27,25,88.8,1,9999.0,NO,1015,9,0,2024-09-01 09:00:00
7067,2024,9,1,0930,28,25,83.8,1,9999.0,NO,1015,9,30,2024-09-01 09:30:00
7068,2024,9,1,1000,28,24,78.9,3,9999.0,NO,1014,10,0,2024-09-01 10:00:00
7069,2024,9,1,1030,28,24,78.9,2,9999.0,NO,1014,10,30,2024-09-01 10:30:00
7070,2024,9,1,1100,29,24,74.4,2,9999.0,NO,1014,11,0,2024-09-01 11:00:00
7071,2024,9,1,1130,30,24,70.3,3,9999.0,NO,1013,11,30,2024-09-01 11:30:00
7072,2024,9,1,1200,30,24,70.3,3,9999.0,NO,1013,12,0,2024-09-01 12:00:00
7073,2024,9,1,1230,28,23,74.3,3,9999.0,NO,1013,12,30,2024-09-01 12:30:00
7074,2024,9,1,1300,28,24,78.9,3,9999.0,NO,1012,13,0,2024-09-01 13:00:00
7075,2024,9,1,1330,29,25,79.0,3,9999.0,NO,1011,13,30,2024-09-01 13:30:00
7076,2024,9,1,1400,29,25,79.0,3,9999.0,NO,1011,14,0,2024-09-01 14:00:00
7077,2024,9,1,1430,30,25,74.6,3,9999.0,NO,1011,14,30,2024-09-01 14:30:00
7078,2024,9,1,1500,29,24,74.4,4,9999.0,NO,1011,15,0,2024-09-01 15:00:00
7079,2024,9,1,1530,29,25,79.0,3,9999.0,NO,1010,15,30,2024-09-01 15:30:00
7080,2024,9,1,1600,28,24,78.9,4,9999.0,NO,1010,16,0,2024-09-01 16:00:00
7081,2024,9,1,1630,28,24,78.9,3,9999.0,NO,1011,16,30,2024-09-01 16:30:00
7082,2024,9,1,1700,27,24,83.7,3,9999.0,NO,1011,17,0,2024-09-01 17:00:00
7083,2024,9,1,1730,27,24,83.7,2,9999.0,NO,1011,17,30,2024-09-01 17:30:00
7084,2024,9,1,1800,26,24,88.7,1,9999.0,NO,1011,18,0,2024-09-01 18:00:00
7085,2024,9,1,1830,26,24,88.7,2,9999.0,NO,1012,18,30,2024-09-01 18:30:00
7086,2024,9,1,1900,26,24,88.7,1,9999.0,NO,1013,19,0,2024-09-01 19:00:00
7087,2024,9,1,1930,25,24,94.2,0,9999.0,NO,1013,19,30,2024-09-01 19:30:00
7088,2024,9,1,2000,25,24,94.2,0,9999.0,NO,1013,20,0,2024-09-01 20:00:00
7089,2024,9,1,2030,24,24,100.0,0,9999.0,NO,1014,20,30,2024-09-01 20:30:00
7090,2024,9,1,2100,25,24,94.2,0,9999.0,NO,1014,21,0,2024-09-01 21:00:00
7091,2024,9,1,2130,25,25,100.0,0,9999.0,NO,1014,21,30,2024-09-01 21:30:00
7092,2024,9,1,2200,25,25,100.0,1,9999.0,YES,1015,22,0,2024-09-01 22:00:00
7093,2024,9,1,2230,25,25,100.0,0,9999.0,NO,1014,22,30,2024-09-01 22:30:00
7094,2024,9,1,2300,25,25,100.0,1,9999.0,NO,1014,23,0,2024-09-01 23:00:00
7095,2024,9,1,2330,25,24,94.2,0,9999.0,NO,1014,23,30,2024-09-01 23:30:00
7096,2024,9,2,0000,25,25,100.0,0,9999.0,YES,1014,0,0,2024-09-02 00:00:00
7097,2024,9,2,0030,25,24,94.2,1,9999.0,YES,1013,0,30,2024-09-02 00:30:00
7098,2024,9,2,0100,25,24,94.2,2,9999.0,YES,1013,1,0,2024-09-02 01:00:00
7099,2024,9,2,0130,25,25,100.0,1,9999.0,YES,1013,1,30,2024-09-02 01:30:00
7100,2024,9,2,0200,25,25,100.0,0,9999.0,YES,1013,2,0,2024-09-02 02:00:00
7101,2024,9,2,0230,25,24,94.2,2,9999.0,YES,1013,2,30,2024-09-02 02:30:00
7102,2024,9,2,0300,25,24,94.2,2,9999.0,YES,1013,3,0,2024-09-02 03:00:00
7103,2024,9,2,0330,25,25,100.0,1,9999.0,YES,1013,3,30,2024-09-02 03:30:00
7104,2024,9,2,0400,25,25,100.0,0,9999.0,YES,1013,4,0,2024-09-02 04:00:00
7105,2024,9,2,0430,25,25,100.0,0,6000.0,YES,1013,4,30,2024-09-02 04:30:00
7106,2024,9,2,0500,25,25,100.0,0,6000.0,NO,1013,5,0,2024-09-02 05:00:00
7107,2024,9,2,0530,25,25,100.0,0,4000.0,YES,1013,5,30,2024-09-02 05:30:00
7108,2024,9,2,0600,25,25,100.0,3,4000.0,YES,1013,6,0,2024-09-02 06:00:00
7109,2024,9,2,0630,25,25,100.0,0,4000.0,NO,1014,6,30,2024-09-02 06:30:00
7110,2024,9,2,0700,26,25,94.2,0,4000.0,NO,1014,7,0,2024-09-02 07:00:00
7111,2024,9,2,0730,26,25,94.2,0,4000.0,NO,1014,7,30,2024-09-02 07:30:00
7112,2024,9,2,0800,27,25,88.8,0,8000.0,NO,1014,8,0,2024-09-02 08:00:00
7113,2024,9,2,0830,28,25,83.8,2,9999.0,NO,1015,8,30,2024-09-02 08:30:00
7114,2024,9,2,0900,28,24,78.9,2,9999.0,NO,1015,9,0,2024-09-02 09:00:00
7115,2024,9,2,0930,28,24,78.9,2,9999.0,NO,1015,9,30,2024-09-02 09:30:00
7116,2024,9,2,1000,29,24,74.4,2,9999.0,NO,1014,10,0,2024-09-02 10:00:00
7117,2024,9,2,1030,29,25,79.0,4,9999.0,NO,1014,10,30,2024-09-02 10:30:00
7118,2024,9,2,1100,29,25,79.0,3,9999.0,NO,1013,11,0,2024-09-02 11:00:00
7119,2024,9,2,1130,28,25,83.8,4,9999.0,NO,1013,11,30,2024-09-02 11:30:00
7120,2024,9,2,1200,28,25,83.8,4,9999.0,NO,1013,12,0,2024-09-02 12:00:00
7121,2024,9,2,1230,28,24,78.9,4,9999.0,NO,1012,12,30,2024-09-02 12:30:00
7122,2024,9,2,1300,27,25,88.8,4,9999.0,NO,1012,13,0,2024-09-02 13:00:00
7123,2024,9,2,1330,27,24,83.7,3,9999.0,NO,1012,13,30,2024-09-02 13:30:00
7124,2024,9,2,1400,27,25,88.8,4,9999.0,YES,1011,14,0,2024-09-02 14:00:00
7125,2024,9,2,1430,28,24,78.9,5,9999.0,NO,1011,14,30,2024-09-02 14:30:00
7126,2024,9,2,1500,28,24,78.9,5,9999.0,NO,1011,15,0,2024-09-02 15:00:00
7127,2024,9,2,1530,27,24,83.7,4,9999.0,NO,1011,15,30,2024-09-02 15:30:00
7128,2024,9,2,1600,27,24,83.7,4,9999.0,NO,1011,16,0,2024-09-02 16:00:00
7129,2024,9,2,1630,26,24,88.7,2,9999.0,NO,1011,16,30,2024-09-02 16:30:00
7130,2024,9,2,1700,26,24,88.7,2,9999.0,YES,1012,17,0,2024-09-02 17:00:00
7131,2024,9,2,1730,25,24,94.2,2,9999.0,YES,1012,17,30,2024-09-02 17:30:00
7132,2024,9,2,1800,25,24,94.2,1,9999.0,YES,1012,18,0,2024-09-02 18:00:00
7133,2024,9,2,1830,25,24,94.2,2,9999.0,YES,1012,18,30,2024-09-02 18:30:00
7134,2024,9,2,1900,25,24,94.2,3,9999.0,YES,1012,19,0,2024-09-02 19:00:00
7135,2024,9,2,1930,25,24,94.2,2,9999.0,YES,1013,19,30,2024-09-02 19:30:00
7136,2024,9,2,2000,25,24,94.2,3,9999.0,YES,1013,20,0,2024-09-02 20:00:00
7137,2024,9,2,2030,25,24,94.2,3,9999.0,NO,1014,20,30,2024-09-02 20:30:00
7138,2024,9,2,2100,25,24,94.2,2,9999.0,NO,1014,21,0,2024-09-02 21:00:00
7139,2024,9,2,2130,25,24,94.2,2,9999.0,NO,1014,21,30,2024-09-02 21:30:00
7140,2024,9,2,2200,25,24,94.2,1,9999.0,NO,1014,22,0,2024-09-02 22:00:00
7141,2024,9,2,2230,25,24,94.2,2,9999.0,NO,1014,22,30,2024-09-02 22:30:00
7142,2024,9,2,2300,25,24,94.2,0,9999.0,NO,1014,23,0,2024-09-02 23:00:00
7143,2024,9,2,2330,24,24,100.0,2,9999.0,NO,1013,23,30,2024-09-02 23:30:00
7144,2024,9,3,0000,24,24,100.0,3,9999.0,NO,1013,0,0,2024-09-03 00:00:00
7145,2024,9,3,0030,25,24,94.2,3,9999.0,NO,1012,0,30,2024-09-03 00:30:00
7146,2024,9,3,0100,24,24,100.0,3,9999.0,NO,1012,1,0,2024-09-03 01:00:00
7147,2024,9,3,0130,24,24,100.0,3,9999.0,YES,1012,1,30,2024-09-03 01:30:00
7148,2024,9,3,0200,24,24,100.0,4,9999.0,YES,1012,2,0,2024-09-03 02:00:00
7149,2024,9,3,0230,24,24,100.0,3,9999.0,NO,1012,2,30,2024-09-03 02:30:00
7150,2024,9,3,0300,24,24,100.0,3,9999.0,NO,1012,3,0,2024-09-03 03:00:00
7151,2024,9,3,0330,24,24,100.0,0,9999.0,NO,1012,3,30,2024-09-03 03:30:00
7152,2024,9,3,0400,24,24,100.0,1,9999.0,NO,1012,4,0,2024-09-03 04:00:00
7153,2024,9,3,0430,24,24,100.0,0,9999.0,NO,1012,4,30,2024-09-03 04:30:00
7154,2024,9,3,0500,24,24,100.0,1,9999.0,NO,1012,5,0,2024-09-03 05:00:00
7155,2024,9,3,0530,24,24,100.0,0,9999.0,NO,1013,5,30,2024-09-03 05:30:00
7156,2024,9,3,0600,24,24,100.0,2,6000.0,NO,1013,6,0,2024-09-03 06:00:00
7157,2024,9,3,0630,25,24,94.2,1,6000.0,NO,1013,6,30,2024-09-03 06:30:00
7158,2024,9,3,0700,25,24,94.2,3,7000.0,NO,1014,7,0,2024-09-03 07:00:00
7159,2024,9,3,0730,26,24,88.7,3,7000.0,NO,1014,7,30,2024-09-03 07:30:00
7160,2024,9,3,0800,27,24,83.7,3,7000.0,NO,1014,8,0,2024-09-03 08:00:00
7161,2024,9,3,0830,27,24,83.7,3,8000.0,NO,1014,8,30,2024-09-03 08:30:00
7162,2024,9,3,0900,28,24,78.9,2,8000.0,NO,1014,9,0,2024-09-03 09:00:00
7163,2024,9,3,0930,28,24,78.9,0,8000.0,NO,1014,9,30,2024-09-03 09:30:00
7164,2024,9,3,1000,28,24,78.9,1,8000.0,NO,1014,10,0,2024-09-03 10:00:00
7165,2024,9,3,1030,29,24,74.4,2,9999.0,NO,1014,10,30,2024-09-03 10:30:00
7166,2024,9,3,1100,30,24,70.3,2,9999.0,NO,1013,11,0,2024-09-03 11:00:00
7167,2024,9,3,1130,30,24,70.3,2,9999.0,NO,1013,11,30,2024-09-03 11:30:00
7168,2024,9,3,1200,29,25,79.0,2,9999.0,NO,1012,12,0,2024-09-03 12:00:00
7169,2024,9,3,1230,30,25,74.6,4,9999.0,NO,1012,12,30,2024-09-03 12:30:00
7170,2024,9,3,1300,31,24,66.4,4,9999.0,NO,1011,13,0,2024-09-03 13:00:00
7171,2024,9,3,1330,31,24,66.4,4,9999.0,NO,1011,13,30,2024-09-03 13:30:00
7172,2024,9,3,1400,31,24,66.4,4,9999.0,NO,1011,14,0,2024-09-03 14:00:00
7173,2024,9,3,1430,30,23,66.2,4,9999.0,NO,1011,14,30,2024-09-03 14:30:00
7174,2024,9,3,1500,30,24,70.3,4,9999.0,NO,1010,15,0,2024-09-03 15:00:00
7175,2024,9,3,1530,29,24,74.4,3,9999.0,NO,1010,15,30,2024-09-03 15:30:00
7176,2024,9,3,1600,28,24,78.9,4,9999.0,NO,1010,16,0,2024-09-03 16:00:00
7177,2024,9,3,1630,28,24,78.9,4,9999.0,NO,1010,16,30,2024-09-03 16:30:00
7178,2024,9,3,1700,28,24,78.9,3,9999.0,NO,1011,17,0,2024-09-03 17:00:00
7179,2024,9,3,1730,27,24,83.7,2,9999.0,NO,1011,17,30,2024-09-03 17:30:00
7180,2024,9,3,1800,26,24,88.7,2,9999.0,NO,1011,18,0,2024-09-03 18:00:00
7181,2024,9,3,1830,26,24,88.7,1,9999.0,NO,1012,18,30,2024-09-03 18:30:00
7182,2024,9,3,1900,26,24,88.7,0,9999.0,NO,1012,19,0,2024-09-03 19:00:00
7183,2024,9,3,1930,26,25,94.2,0,9999.0,NO,1013,19,30,2024-09-03 19:30:00
7184,2024,9,3,2000,25,24,94.2,0,9999.0,NO,1013,20,0,2024-09-03 20:00:00
7185,2024,9,3,2030,25,24,94.2,0,9999.0,NO,1013,20,30,2024-09-03 20:30:00
7186,2024,9,3,2100,25,24,94.2,0,9999.0,NO,1014,21,0,2024-09-03 21:00:00
7187,2024,9,3,2130,25,24,94.2,1,9999.0,NO,1014,21,30,2024-09-03 21:30:00
7188,2024,9,3,2200,25,24,94.2,0,9999.0,NO,1014,22,0,2024-09-03 22:00:00
7189,2024,9,3,2230,25,24,94.2,0,9999.0,NO,1014,22,30,2024-09-03 22:30:00
7190,2024,9,3,2300,25,25,100.0,0,9999.0,NO,1014,23,0,2024-09-03 23:00:00
7191,2024,9,3,2330,25,25,100.0,2,9999.0,NO,1013,23,30,2024-09-03 23:30:00
7192,2024,9,4,0000,25,25,100.0,1,9999.0,NO,1013,0,0,2024-09-04 00:00:00
7193,2024,9,4,0030,25,25,100.0,3,9999.0,NO,1013,0,30,2024-09-04 00:30:00
7194,2024,9,4,0100,25,25,100.0,3,8000.0,NO,1013,1,0,2024-09-04 01:00:00
7195,2024,9,4,0130,25,25,100.0,3,8000.0,YES,1012,1,30,2024-09-04 01:30:00
7196,2024,9,4,0200,25,24,94.2,1,8000.0,YES,1012,2,0,2024-09-04 02:00:00
7197,2024,9,4,0230,25,24,94.2,3,8000.0,YES,1012,2,30,2024-09-04 02:30:00
7198,2024,9,4,0300,25,24,94.2,3,8000.0,YES,1012,3,0,2024-09-04 03:00:00
7199,2024,9,4,0330,25,24,94.2,2,8000.0,NO,1012,3,30,2024-09-04 03:30:00
7200,2024,9,4,0400,25,24,94.2,2,8000.0,NO,1013,4,0,2024-09-04 04:00:00
7201,2024,9,4,0430,25,24,94.2,3,8000.0,NO,1013,4,30,2024-09-04 04:30:00
7202,2024,9,4,0500,25,24,94.2,1,6000.0,NO,1013,5,0,2024-09-04 05:00:00
7203,2024,9,4,0530,25,24,94.2,1,6000.0,NO,1013,5,30,2024-09-04 05:30:00
7204,2024,9,4,0600,25,25,100.0,3,3500.0,NO,1013,6,0,2024-09-04 06:00:00
7205,2024,9,4,0630,25,25,100.0,3,4500.0,NO,1014,6,30,2024-09-04 06:30:00
7206,2024,9,4,0700,26,25,94.2,2,6000.0,NO,1014,7,0,2024-09-04 07:00:00
7207,2024,9,4,0730,27,25,88.8,4,7000.0,YES,1014,7,30,2024-09-04 07:30:00
7208,2024,9,4,0800,28,24,78.9,2,8000.0,YES,1015,8,0,2024-09-04 08:00:00
7209,2024,9,4,0830,27,24,83.7,2,8000.0,YES,1015,8,30,2024-09-04 08:30:00
7210,2024,9,4,0900,28,25,83.8,4,8000.0,YES,1015,9,0,2024-09-04 09:00:00
7211,2024,9,4,0930,29,24,74.4,2,9999.0,YES,1014,9,30,2024-09-04 09:30:00
7212,2024,9,4,1000,29,24,74.4,3,9999.0,NO,1014,10,0,2024-09-04 10:00:00
7213,2024,9,4,1030,30,25,74.6,3,9999.0,NO,1014,10,30,2024-09-04 10:30:00
7214,2024,9,4,1100,30,24,70.3,2,9999.0,NO,1014,11,0,2024-09-04 11:00:00
7215,2024,9,4,1130,31,25,70.4,4,9999.0,NO,1013,11,30,2024-09-04 11:30:00
7216,2024,9,4,1200,30,25,74.6,4,9999.0,NO,1013,12,0,2024-09-04 12:00:00
7217,2024,9,4,1230,29,25,79.0,4,9999.0,NO,1012,12,30,2024-09-04 12:30:00
7218,2024,9,4,1300,29,25,79.0,5,9999.0,NO,1012,13,0,2024-09-04 13:00:00
7219,2024,9,4,1330,29,25,79.0,3,9999.0,NO,1011,13,30,2024-09-04 13:30:00
7220,2024,9,4,1400,30,25,74.6,4,9999.0,NO,1011,14,0,2024-09-04 14:00:00
7221,2024,9,4,1430,29,25,79.0,6,9999.0,NO,1011,14,30,2024-09-04 14:30:00
7222,2024,9,4,1500,29,25,79.0,5,9999.0,NO,1011,15,0,2024-09-04 15:00:00
7223,2024,9,4,1530,29,25,79.0,4,9999.0,NO,1010,15,30,2024-09-04 15:30:00
7224,2024,9,4,1600,29,25,79.0,4,9999.0,NO,1011,16,0,2024-09-04 16:00:00
7225,2024,9,4,1630,29,25,79.0,4,9999.0,NO,1011,16,30,2024-09-04 16:30:00
7226,2024,9,4,1700,27,25,88.8,4,9999.0,NO,1011,17,0,2024-09-04 17:00:00
7227,2024,9,4,1730,27,25,88.8,2,9999.0,NO,1011,17,30,2024-09-04 17:30:00
7228,2024,9,4,1800,27,25,88.8,3,9999.0,YES,1011,18,0,2024-09-04 18:00:00
7229,2024,9,4,1830,27,25,88.8,3,9999.0,NO,1012,18,30,2024-09-04 18:30:00
7230,2024,9,4,1900,26,25,94.2,2,9999.0,NO,1012,19,0,2024-09-04 19:00:00
7231,2024,9,4,1930,26,25,94.2,1,9999.0,NO,1013,19,30,2024-09-04 19:30:00
7232,2024,9,4,2000,26,25,94.2,1,9999.0,NO,1013,20,0,2024-09-04 20:00:00
7233,2024,9,4,2030,26,25,94.2,0,9999.0,NO,1013,20,30,2024-09-04 20:30:00
7234,2024,9,4,2100,25,25,100.0,2,9999.0,NO,1013,21,0,2024-09-04 21:00:00
7235,2024,9,4,2130,25,25,100.0,1,9999.0,NO,1014,21,30,2024-09-04 21:30:00
7236,2024,9,4,2200,25,25,100.0,1,9999.0,NO,1014,22,0,2024-09-04 22:00:00
7237,2024,9,4,2230,25,25,100.0,2,9999.0,NO,1014,22,30,2024-09-04 22:30:00
7238,2024,9,4,2300,26,25,94.2,3,9999.0,YES,1014,23,0,2024-09-04 23:00:00
7239,2024,9,4,2330,25,25,100.0,4,8000.0,YES,1013,23,30,2024-09-04 23:30:00
7240,2024,9,5,0000,25,25,100.0,3,2000.0,YES,1013,0,0,2024-09-05 00:00:00
7241,2024,9,5,0030,25,25,100.0,1,6000.0,YES,1013,0,30,2024-09-05 00:30:00
7242,2024,9,5,0100,25,25,100.0,2,2000.0,YES,1013,1,0,2024-09-05 01:00:00
7243,2024,9,5,0130,25,25,100.0,2,2000.0,YES,1012,1,30,2024-09-05 01:30:00
7244,2024,9,5,0200,25,25,100.0,5,8000.0,YES,1012,2,0,2024-09-05 02:00:00
7245,2024,9,5,0230,25,25,100.0,0,9999.0,YES,1012,2,30,2024-09-05 02:30:00
7246,2024,9,5,0300,25,25,100.0,4,8000.0,YES,1012,3,0,2024-09-05 03:00:00
7247,2024,9,5,0330,25,24,94.2,1,6000.0,YES,1012,3,30,2024-09-05 03:30:00
7248,2024,9,5,0400,25,24,94.2,2,6000.0,YES,1012,4,0,2024-09-05 04:00:00
7249,2024,9,5,0430,25,24,94.2,0,9999.0,YES,1012,4,30,2024-09-05 04:30:00
7250,2024,9,5,0500,25,24,94.2,0,9999.0,YES,1012,5,0,2024-09-05 05:00:00
7251,2024,9,5,0530,25,24,94.2,2,9999.0,YES,1013,5,30,2024-09-05 05:30:00
7252,2024,9,5,0600,25,25,100.0,3,6000.0,YES,1013,6,0,2024-09-05 06:00:00
7253,2024,9,5,0630,25,25,100.0,2,7000.0,NO,1013,6,30,2024-09-05 06:30:00
7254,2024,9,5,0700,25,25,100.0,0,8000.0,NO,1014,7,0,2024-09-05 07:00:00
7255,2024,9,5,0730,26,25,94.2,1,9999.0,NO,1014,7,30,2024-09-05 07:30:00
7256,2024,9,5,0800,28,25,83.8,2,9999.0,NO,1014,8,0,2024-09-05 08:00:00
7257,2024,9,5,0900,27,25,88.8,2,9999.0,YES,1014,9,0,2024-09-05 09:00:00
7258,2024,9,5,0930,27,25,88.8,1,9999.0,NO,1014,9,30,2024-09-05 09:30:00
7259,2024,9,5,1000,29,26,83.9,4,9999.0,NO,1014,10,0,2024-09-05 10:00:00
7260,2024,9,5,1030,29,25,79.0,4,9999.0,NO,1013,10,30,2024-09-05 10:30:00
7261,2024,9,5,1100,29,25,79.0,4,9999.0,NO,1013,11,0,2024-09-05 11:00:00
7262,2024,9,5,1130,30,25,74.6,4,9999.0,NO,1013,11,30,2024-09-05 11:30:00
7263,2024,9,5,1200,30,25,74.6,5,9999.0,NO,1011,12,0,2024-09-05 12:00:00
7264,2024,9,5,1230,28,25,83.8,4,9999.0,YES,1011,12,30,2024-09-05 12:30:00
7265,2024,9,5,1300,27,25,88.8,2,9999.0,YES,1010,13,0,2024-09-05 13:00:00
7266,2024,9,5,1330,27,25,88.8,2,8000.0,YES,1011,13,30,2024-09-05 13:30:00
7267,2024,9,5,1400,26,25,94.2,2,8000.0,YES,1010,14,0,2024-09-05 14:00:00
7268,2024,9,5,1430,26,25,94.2,2,8000.0,YES,1010,14,30,2024-09-05 14:30:00
7269,2024,9,5,1500,26,25,94.2,2,9999.0,NO,1010,15,0,2024-09-05 15:00:00
7270,2024,9,5,1530,26,25,94.2,3,9999.0,NO,1010,15,30,2024-09-05 15:30:00
7271,2024,9,5,1600,26,25,94.2,2,9999.0,NO,1010,16,0,2024-09-05 16:00:00
7272,2024,9,5,1630,26,25,94.2,2,9999.0,NO,1010,16,30,2024-09-05 16:30:00
7273,2024,9,5,1700,26,25,94.2,1,9999.0,NO,1010,17,0,2024-09-05 17:00:00
7274,2024,9,5,1730,26,25,94.2,0,9999.0,NO,1011,17,30,2024-09-05 17:30:00
7275,2024,9,5,1800,26,25,94.2,1,9999.0,NO,1011,18,0,2024-09-05 18:00:00
7276,2024,9,5,1830,26,24,88.7,2,9999.0,NO,1011,18,30,2024-09-05 18:30:00
7277,2024,9,5,1900,26,24,88.7,2,9999.0,NO,1011,19,0,2024-09-05 19:00:00
7278,2024,9,5,1930,26,24,88.7,2,9999.0,NO,1012,19,30,2024-09-05 19:30:00
7279,2024,9,5,2000,26,25,94.2,1,9999.0,NO,1013,20,0,2024-09-05 20:00:00
7280,2024,9,5,2030,26,25,94.2,1,9999.0,NO,1013,20,30,2024-09-05 20:30:00
7281,2024,9,5,2100,26,25,94.2,0,9999.0,NO,1013,21,0,2024-09-05 21:00:00
7282,2024,9,5,2130,26,25,94.2,2,9999.0,NO,1013,21,30,2024-09-05 21:30:00
7283,2024,9,5,2200,26,25,94.2,1,9999.0,NO,1013,22,0,2024-09-05 22:00:00
7284,2024,9,5,2230,26,25,94.2,1,9999.0,NO,1013,22,30,2024-09-05 22:30:00
7285,2024,9,5,2300,26,25,94.2,1,9999.0,NO,1012,23,0,2024-09-05 23:00:00
7286,2024,9,5,2330,26,24,88.7,1,9999.0,NO,1012,23,30,2024-09-05 23:30:00
7287,2024,9,6,0000,25,24,94.2,1,9999.0,YES,1012,0,0,2024-09-06 00:00:00
7288,2024,9,6,0030,25,24,94.2,1,9999.0,YES,1012,0,30,2024-09-06 00:30:00
7289,2024,9,6,0100,25,24,94.2,3,9999.0,YES,1012,1,0,2024-09-06 01:00:00
7290,2024,9,6,0130,25,24,94.2,1,9999.0,YES,1011,1,30,2024-09-06 01:30:00
7291,2024,9,6,0200,25,24,94.2,0,9999.0,YES,1012,2,0,2024-09-06 02:00:00
7292,2024,9,6,0230,25,24,94.2,2,9999.0,YES,1012,2,30,2024-09-06 02:30:00
7293,2024,9,6,0300,24,24,100.0,2,7000.0,YES,1012,3,0,2024-09-06 03:00:00
7294,2024,9,6,0330,24,24,100.0,0,9999.0,YES,1012,3,30,2024-09-06 03:30:00
7295,2024,9,6,0400,24,24,100.0,2,9999.0,YES,1012,4,0,2024-09-06 04:00:00
7296,2024,9,6,0430,24,23,94.1,2,9999.0,YES,1012,4,30,2024-09-06 04:30:00
7297,2024,9,6,0500,24,23,94.1,2,9999.0,YES,1012,5,0,2024-09-06 05:00:00
7298,2024,9,6,0530,24,24,100.0,2,9999.0,YES,1012,5,30,2024-09-06 05:30:00
7299,2024,9,6,0600,24,24,100.0,1,9999.0,YES,1013,6,0,2024-09-06 06:00:00
7300,2024,9,6,0630,25,24,94.2,2,9999.0,NO,1013,6,30,2024-09-06 06:30:00
7301,2024,9,6,0700,25,25,100.0,1,9999.0,NO,1013,7,0,2024-09-06 07:00:00
7302,2024,9,6,0730,26,25,94.2,2,9999.0,NO,1014,7,30,2024-09-06 07:30:00
7303,2024,9,6,0800,26,25,94.2,2,9999.0,NO,1014,8,0,2024-09-06 08:00:00
7304,2024,9,6,0830,26,25,94.2,3,9999.0,NO,1015,8,30,2024-09-06 08:30:00
7305,2024,9,6,0900,26,24,88.7,2,9999.0,NO,1014,9,0,2024-09-06 09:00:00
7306,2024,9,6,0930,25,24,94.2,4,7000.0,YES,1015,9,30,2024-09-06 09:30:00
7307,2024,9,6,1000,26,25,94.2,4,9999.0,NO,1015,10,0,2024-09-06 10:00:00
7308,2024,9,6,1030,26,24,88.7,4,9999.0,NO,1015,10,30,2024-09-06 10:30:00
7309,2024,9,6,1100,26,24,88.7,5,8000.0,YES,1014,11,0,2024-09-06 11:00:00
7310,2024,9,6,1130,26,25,94.2,4,9999.0,NO,1014,11,30,2024-09-06 11:30:00
7311,2024,9,6,1200,26,24,88.7,6,9999.0,NO,1013,12,0,2024-09-06 12:00:00
7312,2024,9,6,1230,26,24,88.7,4,9999.0,NO,1013,12,30,2024-09-06 12:30:00
7313,2024,9,6,1300,26,24,88.7,3,9999.0,YES,1012,13,0,2024-09-06 13:00:00
7314,2024,9,6,1330,26,24,88.7,2,9999.0,YES,1012,13,30,2024-09-06 13:30:00
7315,2024,9,6,1400,26,24,88.7,2,7000.0,YES,1012,14,0,2024-09-06 14:00:00
7316,2024,9,6,1430,26,25,94.2,0,7000.0,YES,1012,14,30,2024-09-06 14:30:00
7317,2024,9,6,1500,25,24,94.2,1,7000.0,YES,1011,15,0,2024-09-06 15:00:00
7318,2024,9,6,1530,25,24,94.2,2,7000.0,YES,1011,15,30,2024-09-06 15:30:00
7319,2024,9,6,1600,25,24,94.2,2,9999.0,YES,1011,16,0,2024-09-06 16:00:00
7320,2024,9,6,1630,25,24,94.2,1,9999.0,NO,1011,16,30,2024-09-06 16:30:00
7321,2024,9,6,1700,25,24,94.2,0,9999.0,NO,1012,17,0,2024-09-06 17:00:00
7322,2024,9,6,1730,25,24,94.2,0,9999.0,NO,1012,17,30,2024-09-06 17:30:00
7323,2024,9,6,1800,24,24,100.0,1,9999.0,NO,1012,18,0,2024-09-06 18:00:00
7324,2024,9,6,1830,24,24,100.0,0,9999.0,NO,1012,18,30,2024-09-06 18:30:00
7325,2024,9,6,1900,24,24,100.0,3,6000.0,YES,1012,19,0,2024-09-06 19:00:00
7326,2024,9,6,1930,24,24,100.0,3,6000.0,NO,1012,19,30,2024-09-06 19:30:00
7327,2024,9,6,2000,24,24,100.0,0,6000.0,NO,1013,20,0,2024-09-06 20:00:00
7328,2024,9,6,2030,24,24,100.0,0,6000.0,NO,1013,20,30,2024-09-06 20:30:00
7329,2024,9,6,2100,24,24,100.0,0,6000.0,NO,1013,21,0,2024-09-06 21:00:00
7330,2024,9,6,2130,24,24,100.0,0,6000.0,NO,1013,21,30,2024-09-06 21:30:00
7331,2024,9,6,2200,24,24,100.0,0,6000.0,NO,1014,22,0,2024-09-06 22:00:00
7332,2024,9,6,2230,24,24,100.0,0,6000.0,NO,1014,22,30,2024-09-06 22:30:00
7333,2024,9,6,2300,24,24,100.0,2,6000.0,NO,1014,23,0,2024-09-06 23:00:00
7334,2024,9,6,2330,24,24,100.0,2,6000.0,NO,1014,23,30,2024-09-06 23:30:00
7335,2024,9,7,0000,24,24,100.0,3,6000.0,NO,1013,0,0,2024-09-07 00:00:00
7336,2024,9,7,0030,24,24,100.0,3,7000.0,NO,1013,0,30,2024-09-07 00:30:00
7337,2024,9,7,0100,24,24,100.0,3,7000.0,NO,1013,1,0,2024-09-07 01:00:00
7338,2024,9,7,0200,24,24,100.0,4,6000.0,NO,1013,2,0,2024-09-07 02:00:00
7339,2024,9,7,0230,24,24,100.0,4,6000.0,NO,1013,2,30,2024-09-07 02:30:00
7340,2024,9,7,0300,24,24,100.0,2,6000.0,NO,1013,3,0,2024-09-07 03:00:00
7341,2024,9,7,0330,24,24,100.0,3,6000.0,NO,1013,3,30,2024-09-07 03:30:00
7342,2024,9,7,0400,24,24,100.0,2,8000.0,NO,1013,4,0,2024-09-07 04:00:00
7343,2024,9,7,0430,24,24,100.0,3,8000.0,NO,1013,4,30,2024-09-07 04:30:00
7344,2024,9,7,0500,24,23,94.1,3,8000.0,NO,1013,5,0,2024-09-07 05:00:00
7345,2024,9,7,0530,24,23,94.1,1,8000.0,NO,1013,5,30,2024-09-07 05:30:00
7346,2024,9,7,0600,24,24,100.0,0,8000.0,NO,1013,6,0,2024-09-07 06:00:00
7347,2024,9,7,0630,24,24,100.0,2,8000.0,NO,1014,6,30,2024-09-07 06:30:00
7348,2024,9,7,0700,26,24,88.7,3,7000.0,NO,1014,7,0,2024-09-07 07:00:00
7349,2024,9,7,0730,27,24,83.7,2,7000.0,NO,1015,7,30,2024-09-07 07:30:00
7350,2024,9,7,0800,27,24,83.7,3,7000.0,NO,1015,8,0,2024-09-07 08:00:00
7351,2024,9,7,0830,29,24,74.4,2,7000.0,NO,1015,8,30,2024-09-07 08:30:00
7352,2024,9,7,0900,27,24,83.7,3,8000.0,NO,1015,9,0,2024-09-07 09:00:00
7353,2024,9,7,0930,28,24,78.9,2,8000.0,NO,1015,9,30,2024-09-07 09:30:00
7354,2024,9,7,1000,28,24,78.9,3,8000.0,NO,1014,10,0,2024-09-07 10:00:00
7355,2024,9,7,1100,31,24,66.4,3,8000.0,NO,1014,11,0,2024-09-07 11:00:00
7356,2024,9,7,1130,31,24,66.4,2,9999.0,NO,1013,11,30,2024-09-07 11:30:00
7357,2024,9,7,1200,31,25,70.4,2,9999.0,NO,1013,12,0,2024-09-07 12:00:00
7358,2024,9,7,1230,30,25,74.6,1,9999.0,NO,1012,12,30,2024-09-07 12:30:00
7359,2024,9,7,1300,30,24,70.3,3,9999.0,NO,1012,13,0,2024-09-07 13:00:00
7360,2024,9,7,1330,31,24,66.4,5,9999.0,NO,1012,13,30,2024-09-07 13:30:00
7361,2024,9,7,1400,31,24,66.4,4,9999.0,NO,1011,14,0,2024-09-07 14:00:00
7362,2024,9,7,1430,31,24,66.4,4,9999.0,NO,1011,14,30,2024-09-07 14:30:00
7363,2024,9,7,1500,30,24,70.3,4,9999.0,NO,1011,15,0,2024-09-07 15:00:00
7364,2024,9,7,1530,30,25,74.6,4,9999.0,NO,1011,15,30,2024-09-07 15:30:00
7365,2024,9,7,1600,29,25,79.0,4,9999.0,NO,1011,16,0,2024-09-07 16:00:00
7366,2024,9,7,1630,28,24,78.9,4,9999.0,NO,1011,16,30,2024-09-07 16:30:00
7367,2024,9,7,1700,27,24,83.7,3,9999.0,NO,1011,17,0,2024-09-07 17:00:00
7368,2024,9,7,1730,27,24,83.7,3,9999.0,NO,1012,17,30,2024-09-07 17:30:00
7369,2024,9,7,1800,26,24,88.7,2,9999.0,NO,1012,18,0,2024-09-07 18:00:00
7370,2024,9,7,1830,26,24,88.7,2,9999.0,NO,1012,18,30,2024-09-07 18:30:00
7371,2024,9,7,1900,26,24,88.7,2,9999.0,NO,1013,19,0,2024-09-07 19:00:00
7372,2024,9,7,1930,26,24,88.7,2,9999.0,NO,1013,19,30,2024-09-07 19:30:00
7373,2024,9,7,2000,26,24,88.7,1,9999.0,NO,1014,20,0,2024-09-07 20:00:00
7374,2024,9,7,2030,25,24,94.2,0,9999.0,NO,1014,20,30,2024-09-07 20:30:00
7375,2024,9,7,2100,25,25,100.0,1,9999.0,NO,1014,21,0,2024-09-07 21:00:00
7376,2024,9,7,2130,25,25,100.0,0,9999.0,NO,1014,21,30,2024-09-07 21:30:00
7377,2024,9,7,2200,25,25,100.0,0,9999.0,NO,1014,22,0,2024-09-07 22:00:00
7378,2024,9,7,2230,25,25,100.0,0,9999.0,NO,1015,22,30,2024-09-07 22:30:00
7379,2024,9,7,2300,26,25,94.2,0,9999.0,NO,1014,23,0,2024-09-07 23:00:00
7380,2024,9,7,2330,26,25,94.2,1,9999.0,NO,1014,23,30,2024-09-07 23:30:00
7381,2024,9,8,0000,25,25,100.0,2,9999.0,NO,1014,0,0,2024-09-08 00:00:00
7382,2024,9,8,0030,25,25,100.0,3,9999.0,NO,1014,0,30,2024-09-08 00:30:00
7383,2024,9,8,0100,25,25,100.0,2,9999.0,NO,1014,1,0,2024-09-08 01:00:00
7384,2024,9,8,0130,25,25,100.0,4,9999.0,NO,1014,1,30,2024-09-08 01:30:00
7385,2024,9,8,0200,25,25,100.0,3,9999.0,NO,1014,2,0,2024-09-08 02:00:00
7386,2024,9,8,0230,25,25,100.0,2,9999.0,NO,1013,2,30,2024-09-08 02:30:00
7387,2024,9,8,0300,25,25,100.0,4,9999.0,NO,1013,3,0,2024-09-08 03:00:00
7388,2024,9,8,0330,25,24,94.2,2,9999.0,NO,1013,3,30,2024-09-08 03:30:00
7389,2024,9,8,0400,24,24,100.0,2,9999.0,NO,1013,4,0,2024-09-08 04:00:00
7390,2024,9,8,0430,25,24,94.2,2,9999.0,YES,1014,4,30,2024-09-08 04:30:00
7391,2024,9,8,0500,25,24,94.2,2,9999.0,YES,1014,5,0,2024-09-08 05:00:00
7392,2024,9,8,0530,25,24,94.2,2,8000.0,NO,1014,5,30,2024-09-08 05:30:00
7393,2024,9,8,0600,25,24,94.2,3,8000.0,NO,1014,6,0,2024-09-08 06:00:00
7394,2024,9,8,0630,25,24,94.2,2,6000.0,NO,1014,6,30,2024-09-08 06:30:00
7395,2024,9,8,0700,26,25,94.2,3,4500.0,NO,1015,7,0,2024-09-08 07:00:00
7396,2024,9,8,0730,28,25,83.8,2,4500.0,NO,1015,7,30,2024-09-08 07:30:00
7397,2024,9,8,0800,29,25,79.0,3,9999.0,NO,1015,8,0,2024-09-08 08:00:00
7398,2024,9,8,0830,29,24,74.4,4,9999.0,NO,1015,8,30,2024-09-08 08:30:00
7399,2024,9,8,0900,29,24,74.4,3,9999.0,NO,1015,9,0,2024-09-08 09:00:00
7400,2024,9,8,0930,31,24,66.4,4,9999.0,NO,1015,9,30,2024-09-08 09:30:00
7401,2024,9,8,1000,32,24,62.7,4,9999.0,NO,1015,10,0,2024-09-08 10:00:00
7402,2024,9,8,1030,32,24,62.7,3,9999.0,NO,1015,10,30,2024-09-08 10:30:00
7403,2024,9,8,1100,31,25,70.4,2,9999.0,NO,1014,11,0,2024-09-08 11:00:00
7404,2024,9,8,1130,31,24,66.4,0,9999.0,NO,1013,11,30,2024-09-08 11:30:00
7405,2024,9,8,1200,32,25,66.6,4,9999.0,NO,1013,12,0,2024-09-08 12:00:00
7406,2024,9,8,1230,32,25,66.6,3,9999.0,NO,1013,12,30,2024-09-08 12:30:00
7407,2024,9,8,1300,32,25,66.6,3,9999.0,NO,1012,13,0,2024-09-08 13:00:00
7408,2024,9,8,1330,32,25,66.6,4,9999.0,NO,1011,13,30,2024-09-08 13:30:00
7409,2024,9,8,1400,32,25,66.6,4,9999.0,NO,1011,14,0,2024-09-08 14:00:00
7410,2024,9,8,1430,31,25,70.4,4,9999.0,NO,1011,14,30,2024-09-08 14:30:00
7411,2024,9,8,1500,30,25,74.6,5,9999.0,NO,1011,15,0,2024-09-08 15:00:00
7412,2024,9,8,1530,30,25,74.6,5,9999.0,NO,1011,15,30,2024-09-08 15:30:00
7413,2024,9,8,1600,28,25,83.8,5,9999.0,NO,1011,16,0,2024-09-08 16:00:00
7414,2024,9,8,1630,28,25,83.8,4,9999.0,NO,1011,16,30,2024-09-08 16:30:00
7415,2024,9,8,1700,27,25,88.8,4,9999.0,NO,1011,17,0,2024-09-08 17:00:00
7416,2024,9,8,1730,27,24,83.7,4,9999.0,NO,1011,17,30,2024-09-08 17:30:00
7417,2024,9,8,1800,27,25,88.8,3,9999.0,NO,1011,18,0,2024-09-08 18:00:00
7418,2024,9,8,1830,26,25,94.2,2,9999.0,NO,1012,18,30,2024-09-08 18:30:00
7419,2024,9,8,1900,26,25,94.2,2,9999.0,NO,1013,19,0,2024-09-08 19:00:00
7420,2024,9,8,1930,26,25,94.2,2,9999.0,NO,1013,19,30,2024-09-08 19:30:00
7421,2024,9,8,2000,26,25,94.2,2,9999.0,NO,1013,20,0,2024-09-08 20:00:00
7422,2024,9,8,2030,26,25,94.2,0,9999.0,NO,1014,20,30,2024-09-08 20:30:00
7423,2024,9,8,2100,26,25,94.2,2,9999.0,NO,1014,21,0,2024-09-08 21:00:00
7424,2024,9,8,2130,25,25,100.0,3,9999.0,NO,1015,21,30,2024-09-08 21:30:00
7425,2024,9,8,2200,26,25,94.2,4,9999.0,NO,1015,22,0,2024-09-08 22:00:00
7426,2024,9,8,2230,26,25,94.2,3,9999.0,NO,1014,22,30,2024-09-08 22:30:00
7427,2024,9,8,2300,25,24,94.2,0,9999.0,NO,1013,23,0,2024-09-08 23:00:00
7428,2024,9,8,2330,25,24,94.2,0,9999.0,NO,1013,23,30,2024-09-08 23:30:00
7429,2024,9,9,0000,25,25,100.0,0,9999.0,NO,1013,0,0,2024-09-09 00:00:00
7430,2024,9,9,0030,25,25,100.0,2,9999.0,NO,1013,0,30,2024-09-09 00:30:00
7431,2024,9,9,0100,25,25,100.0,0,9999.0,NO,1013,1,0,2024-09-09 01:00:00
7432,2024,9,9,0130,25,25,100.0,1,9999.0,NO,1012,1,30,2024-09-09 01:30:00
7433,2024,9,9,0200,25,25,100.0,2,9999.0,YES,1012,2,0,2024-09-09 02:00:00
7434,2024,9,9,0230,25,25,100.0,3,9999.0,YES,1012,2,30,2024-09-09 02:30:00
7435,2024,9,9,0300,26,25,94.2,3,9999.0,YES,1012,3,0,2024-09-09 03:00:00
7436,2024,9,9,0330,26,25,94.2,3,9999.0,YES,1013,3,30,2024-09-09 03:30:00
7437,2024,9,9,0400,26,25,94.2,2,9999.0,YES,1012,4,0,2024-09-09 04:00:00
7438,2024,9,9,0430,26,25,94.2,0,9999.0,YES,1013,4,30,2024-09-09 04:30:00
7439,2024,9,9,0500,25,25,100.0,2,1800.0,YES,1013,5,0,2024-09-09 05:00:00
7440,2024,9,9,0530,25,25,100.0,4,800.0,YES,1013,5,30,2024-09-09 05:30:00
7441,2024,9,9,0600,25,25,100.0,3,4000.0,YES,1013,6,0,2024-09-09 06:00:00
7442,2024,9,9,0630,25,25,100.0,2,4000.0,YES,1014,6,30,2024-09-09 06:30:00
7443,2024,9,9,0700,25,25,100.0,3,2000.0,YES,1014,7,0,2024-09-09 07:00:00
7444,2024,9,9,0730,25,25,100.0,3,4000.0,YES,1014,7,30,2024-09-09 07:30:00
7445,2024,9,9,0800,25,25,100.0,2,6000.0,YES,1015,8,0,2024-09-09 08:00:00
7446,2024,9,9,0830,25,25,100.0,3,2000.0,YES,1014,8,30,2024-09-09 08:30:00
7447,2024,9,9,0900,26,25,94.2,2,6000.0,YES,1014,9,0,2024-09-09 09:00:00
7448,2024,9,9,0930,27,25,88.8,3,8000.0,YES,1014,9,30,2024-09-09 09:30:00
7449,2024,9,9,1000,27,25,88.8,2,9999.0,NO,1014,10,0,2024-09-09 10:00:00
7450,2024,9,9,1030,27,25,88.8,2,9999.0,NO,1014,10,30,2024-09-09 10:30:00
7451,2024,9,9,1100,27,25,88.8,2,9999.0,NO,1014,11,0,2024-09-09 11:00:00
7452,2024,9,9,1130,27,25,88.8,3,8000.0,YES,1014,11,30,2024-09-09 11:30:00
7453,2024,9,9,1200,28,25,83.8,4,8000.0,YES,1012,12,0,2024-09-09 12:00:00
7454,2024,9,9,1230,29,25,79.0,4,8000.0,NO,1012,12,30,2024-09-09 12:30:00
7455,2024,9,9,1300,30,25,74.6,3,9999.0,NO,1011,13,0,2024-09-09 13:00:00
7456,2024,9,9,1330,30,25,74.6,5,9999.0,NO,1011,13,30,2024-09-09 13:30:00
7457,2024,9,9,1400,29,25,79.0,5,9999.0,YES,1011,14,0,2024-09-09 14:00:00
7458,2024,9,9,1430,27,24,83.7,4,9999.0,YES,1011,14,30,2024-09-09 14:30:00
7459,2024,9,9,1500,27,25,88.8,4,9999.0,YES,1010,15,0,2024-09-09 15:00:00
7460,2024,9,9,1530,26,24,88.7,3,9999.0,YES,1011,15,30,2024-09-09 15:30:00
7461,2024,9,9,1600,26,25,94.2,3,9999.0,YES,1010,16,0,2024-09-09 16:00:00
7462,2024,9,9,1630,26,25,94.2,0,9999.0,YES,1010,16,30,2024-09-09 16:30:00
7463,2024,9,9,1700,26,25,94.2,2,9999.0,NO,1010,17,0,2024-09-09 17:00:00
7464,2024,9,9,1730,26,25,94.2,0,9999.0,YES,1011,17,30,2024-09-09 17:30:00
7465,2024,9,9,1800,25,25,100.0,2,9999.0,YES,1011,18,0,2024-09-09 18:00:00
7466,2024,9,9,1830,25,25,100.0,2,9999.0,YES,1012,18,30,2024-09-09 18:30:00
7467,2024,9,9,1900,25,25,100.0,1,9999.0,YES,1012,19,0,2024-09-09 19:00:00
7468,2024,9,9,1930,25,25,100.0,2,9999.0,YES,1013,19,30,2024-09-09 19:30:00
7469,2024,9,9,2000,25,25,100.0,0,7000.0,YES,1013,20,0,2024-09-09 20:00:00
7470,2024,9,9,2030,25,25,100.0,2,9999.0,YES,1013,20,30,2024-09-09 20:30:00
7471,2024,9,9,2100,25,25,100.0,1,9999.0,YES,1013,21,0,2024-09-09 21:00:00
7472,2024,9,9,2130,25,25,100.0,2,9999.0,NO,1014,21,30,2024-09-09 21:30:00
7473,2024,9,9,2200,25,25,100.0,2,9999.0,NO,1014,22,0,2024-09-09 22:00:00
7474,2024,9,9,2230,25,25,100.0,1,9999.0,NO,1013,22,30,2024-09-09 22:30:00
7475,2024,9,9,2300,25,25,100.0,2,9999.0,NO,1013,23,0,2024-09-09 23:00:00
7476,2024,9,9,2330,25,25,100.0,2,9999.0,YES,1013,23,30,2024-09-09 23:30:00
7477,2024,9,10,0000,25,25,100.0,2,9999.0,YES,1012,0,0,2024-09-10 00:00:00
7478,2024,9,10,0030,25,25,100.0,2,9999.0,NO,1012,0,30,2024-09-10 00:30:00
7479,2024,9,10,0100,25,25,100.0,2,9999.0,NO,1012,1,0,2024-09-10 01:00:00
7480,2024,9,10,0130,25,25,100.0,2,9999.0,NO,1012,1,30,2024-09-10 01:30:00
7481,2024,9,10,0200,25,25,100.0,1,9999.0,NO,1011,2,0,2024-09-10 02:00:00
7482,2024,9,10,0230,25,25,100.0,0,9999.0,NO,1011,2,30,2024-09-10 02:30:00
7483,2024,9,10,0300,25,25,100.0,4,9999.0,NO,1011,3,0,2024-09-10 03:00:00
7484,2024,9,10,0330,25,25,100.0,3,9999.0,NO,1011,3,30,2024-09-10 03:30:00
7485,2024,9,10,0400,25,24,94.2,2,9999.0,NO,1012,4,0,2024-09-10 04:00:00
7486,2024,9,10,0430,24,24,100.0,2,9999.0,NO,1012,4,30,2024-09-10 04:30:00
7487,2024,9,10,0500,24,24,100.0,2,9999.0,NO,1012,5,0,2024-09-10 05:00:00
7488,2024,9,10,0530,24,24,100.0,1,6000.0,NO,1012,5,30,2024-09-10 05:30:00
7489,2024,9,10,0600,25,24,94.2,2,6000.0,NO,1012,6,0,2024-09-10 06:00:00
7490,2024,9,10,0630,26,25,94.2,2,4000.0,NO,1013,6,30,2024-09-10 06:30:00
7491,2024,9,10,0700,27,25,88.8,3,4000.0,NO,1013,7,0,2024-09-10 07:00:00
7492,2024,9,10,0730,29,25,79.0,2,7000.0,NO,1013,7,30,2024-09-10 07:30:00
7493,2024,9,10,0800,29,25,79.0,1,8000.0,NO,1014,8,0,2024-09-10 08:00:00
7494,2024,9,10,1230,30,25,74.6,4,9999.0,NO,1010,12,30,2024-09-10 12:30:00
7495,2024,9,10,1300,30,25,74.6,3,9999.0,NO,1010,13,0,2024-09-10 13:00:00
7496,2024,9,10,1530,30,25,74.6,6,9999.0,YES,1009,15,30,2024-09-10 15:30:00
7497,2024,9,10,1830,27,25,88.8,2,9999.0,YES,1011,18,30,2024-09-10 18:30:00
7498,2024,9,10,1930,26,25,94.2,2,6000.0,YES,1011,19,30,2024-09-10 19:30:00
7499,2024,9,10,2000,26,25,94.2,1,6000.0,YES,1011,20,0,2024-09-10 20:00:00
7500,2024,9,10,2030,26,25,94.2,2,8000.0,YES,1012,20,30,2024-09-10 20:30:00
7501,2024,9,10,2100,26,25,94.2,1,8000.0,YES,1012,21,0,2024-09-10 21:00:00
7502,2024,9,10,2330,25,25,100.0,2,3500.0,YES,1012,23,30,2024-09-10 23:30:00
7503,2024,9,11,0000,25,25,100.0,3,8000.0,YES,1011,0,0,2024-09-11 00:00:00
7504,2024,9,11,0030,25,24,94.2,3,8000.0,YES,1011,0,30,2024-09-11 00:30:00
7505,2024,9,11,0100,25,24,94.2,2,4000.0,YES,1011,1,0,2024-09-11 01:00:00
7506,2024,9,11,0130,25,24,94.2,0,4500.0,YES,1011,1,30,2024-09-11 01:30:00
7507,2024,9,11,0200,25,24,94.2,0,9999.0,NO,1010,2,0,2024-09-11 02:00:00
7508,2024,9,11,0300,25,25,100.0,0,9999.0,YES,1010,3,0,2024-09-11 03:00:00
7509,2024,9,11,0400,25,24,94.2,1,1400.0,YES,1011,4,0,2024-09-11 04:00:00
7510,2024,9,11,0430,24,24,100.0,2,8000.0,YES,1011,4,30,2024-09-11 04:30:00
7511,2024,9,11,0500,24,24,100.0,4,6000.0,YES,1011,5,0,2024-09-11 05:00:00
7512,2024,9,11,0600,24,24,100.0,2,1200.0,YES,1012,6,0,2024-09-11 06:00:00
7513,2024,9,11,0700,24,24,100.0,3,2500.0,YES,1013,7,0,2024-09-11 07:00:00
7514,2024,9,11,0800,25,24,94.2,1,8000.0,YES,1014,8,0,2024-09-11 08:00:00
7515,2024,9,11,0830,25,24,94.2,2,8000.0,YES,1014,8,30,2024-09-11 08:30:00
7516,2024,9,11,0900,26,25,94.2,5,8000.0,YES,1014,9,0,2024-09-11 09:00:00
7517,2024,9,11,1130,28,24,78.9,2,8000.0,YES,1012,11,30,2024-09-11 11:30:00
7518,2024,9,11,1200,30,25,74.6,3,9999.0,NO,1012,12,0,2024-09-11 12:00:00
7519,2024,9,11,1430,29,24,74.4,4,9999.0,NO,1010,14,30,2024-09-11 14:30:00
7520,2024,9,11,1500,29,24,74.4,4,9999.0,NO,1010,15,0,2024-09-11 15:00:00
7521,2024,9,11,1530,29,25,79.0,4,9999.0,NO,1009,15,30,2024-09-11 15:30:00
7522,2024,9,11,1630,29,24,74.4,3,9999.0,NO,1010,16,30,2024-09-11 16:30:00
7523,2024,9,11,2000,25,24,94.2,0,9999.0,NO,1013,20,0,2024-09-11 20:00:00
7524,2024,9,11,2030,25,24,94.2,1,9999.0,NO,1013,20,30,2024-09-11 20:30:00
7525,2024,9,11,2100,25,24,94.2,1,9999.0,NO,1013,21,0,2024-09-11 21:00:00
7526,2024,9,11,2130,25,24,94.2,1,9999.0,NO,1014,21,30,2024-09-11 21:30:00
7527,2024,9,11,2230,24,24,100.0,0,9999.0,NO,1014,22,30,2024-09-11 22:30:00
7528,2024,9,11,2300,24,24,100.0,2,9999.0,NO,1013,23,0,2024-09-11 23:00:00
7529,2024,9,12,0000,24,24,100.0,2,9999.0,NO,1012,0,0,2024-09-12 00:00:00
7530,2024,9,12,0100,24,24,100.0,2,9999.0,NO,1012,1,0,2024-09-12 01:00:00
7531,2024,9,12,0200,24,24,100.0,3,9999.0,NO,1012,2,0,2024-09-12 02:00:00
7532,2024,9,12,0230,24,24,100.0,3,9999.0,NO,1012,2,30,2024-09-12 02:30:00
7533,2024,9,12,0300,24,24,100.0,2,9999.0,NO,1012,3,0,2024-09-12 03:00:00
7534,2024,9,12,0330,24,24,100.0,0,9999.0,NO,1012,3,30,2024-09-12 03:30:00
7535,2024,9,12,0400,24,24,100.0,0,8000.0,NO,1012,4,0,2024-09-12 04:00:00
7536,2024,9,12,0430,24,24,100.0,2,8000.0,NO,1013,4,30,2024-09-12 04:30:00
7537,2024,9,12,0530,24,24,100.0,0,8000.0,NO,1013,5,30,2024-09-12 05:30:00
7538,2024,9,12,0600,24,24,100.0,2,3500.0,NO,1014,6,0,2024-09-12 06:00:00
7539,2024,9,12,0630,25,24,94.2,2,6000.0,NO,1014,6,30,2024-09-12 06:30:00
7540,2024,9,12,0700,25,24,94.2,0,6000.0,NO,1015,7,0,2024-09-12 07:00:00
7541,2024,9,12,0730,26,24,88.7,3,6000.0,NO,1015,7,30,2024-09-12 07:30:00
7542,2024,9,12,0800,27,25,88.8,1,6000.0,NO,1015,8,0,2024-09-12 08:00:00
7543,2024,9,12,0830,28,24,78.9,2,8000.0,NO,1015,8,30,2024-09-12 08:30:00
7544,2024,9,12,0900,29,25,79.0,2,8000.0,NO,1015,9,0,2024-09-12 09:00:00
7545,2024,9,12,0930,29,25,79.0,2,9999.0,NO,1014,9,30,2024-09-12 09:30:00
7546,2024,9,12,1000,30,24,70.3,3,9999.0,NO,1014,10,0,2024-09-12 10:00:00
7547,2024,9,12,1030,32,25,66.6,2,9999.0,NO,1013,10,30,2024-09-12 10:30:00
7548,2024,9,12,1100,32,25,66.6,2,9999.0,NO,1013,11,0,2024-09-12 11:00:00
7549,2024,9,12,1130,32,25,66.6,2,9999.0,NO,1012,11,30,2024-09-12 11:30:00
7550,2024,9,12,1200,33,24,59.2,3,9999.0,NO,1012,12,0,2024-09-12 12:00:00
7551,2024,9,12,1230,30,26,79.2,3,9999.0,NO,1011,12,30,2024-09-12 12:30:00
7552,2024,9,12,1300,31,25,70.4,3,9999.0,NO,1010,13,0,2024-09-12 13:00:00
7553,2024,9,12,1330,31,25,70.4,4,9999.0,NO,1010,13,30,2024-09-12 13:30:00
7554,2024,9,12,1400,29,25,79.0,4,9999.0,NO,1010,14,0,2024-09-12 14:00:00
7555,2024,9,12,1430,30,25,74.6,5,9999.0,NO,1010,14,30,2024-09-12 14:30:00
7556,2024,9,12,1500,29,25,79.0,5,9999.0,NO,1010,15,0,2024-09-12 15:00:00
7557,2024,9,12,1530,29,25,79.0,4,9999.0,NO,1010,15,30,2024-09-12 15:30:00
7558,2024,9,12,1600,29,25,79.0,4,9999.0,NO,1010,16,0,2024-09-12 16:00:00
7559,2024,9,12,1630,29,25,79.0,4,9999.0,YES,1010,16,30,2024-09-12 16:30:00
7560,2024,9,12,1700,28,24,78.9,2,9999.0,YES,1010,17,0,2024-09-12 17:00:00
7561,2024,9,12,1730,28,24,78.9,2,9999.0,YES,1010,17,30,2024-09-12 17:30:00
7562,2024,9,12,1800,27,25,88.8,1,9999.0,NO,1011,18,0,2024-09-12 18:00:00
7563,2024,9,12,1900,26,25,94.2,2,9999.0,YES,1012,19,0,2024-09-12 19:00:00
7564,2024,9,12,1930,26,25,94.2,1,9999.0,YES,1012,19,30,2024-09-12 19:30:00
7565,2024,9,12,2000,26,25,94.2,2,9999.0,YES,1012,20,0,2024-09-12 20:00:00
7566,2024,9,12,2030,26,25,94.2,2,9999.0,YES,1013,20,30,2024-09-12 20:30:00
7567,2024,9,12,2100,26,25,94.2,2,9999.0,NO,1013,21,0,2024-09-12 21:00:00
7568,2024,9,12,2130,26,25,94.2,2,9999.0,YES,1013,21,30,2024-09-12 21:30:00
7569,2024,9,12,2200,26,25,94.2,2,9999.0,YES,1013,22,0,2024-09-12 22:00:00
7570,2024,9,12,2230,26,25,94.2,2,9999.0,NO,1013,22,30,2024-09-12 22:30:00
7571,2024,9,12,2300,26,25,94.2,1,9999.0,NO,1013,23,0,2024-09-12 23:00:00
7572,2024,9,12,2330,25,25,100.0,2,9999.0,NO,1012,23,30,2024-09-12 23:30:00
7573,2024,9,13,0000,26,25,94.2,4,9999.0,YES,1012,0,0,2024-09-13 00:00:00
7574,2024,9,13,0030,26,25,94.2,4,2000.0,YES,1012,0,30,2024-09-13 00:30:00
7575,2024,9,13,0100,25,24,94.2,2,6000.0,YES,1012,1,0,2024-09-13 01:00:00
7576,2024,9,13,0130,25,24,94.2,0,7000.0,YES,1012,1,30,2024-09-13 01:30:00
7577,2024,9,13,0200,25,24,94.2,2,8000.0,YES,1012,2,0,2024-09-13 02:00:00
7578,2024,9,13,0230,25,24,94.2,0,6000.0,YES,1012,2,30,2024-09-13 02:30:00
7579,2024,9,13,0300,25,24,94.2,0,8000.0,YES,1012,3,0,2024-09-13 03:00:00
7580,2024,9,13,0330,25,24,94.2,1,8000.0,NO,1012,3,30,2024-09-13 03:30:00
7581,2024,9,13,0400,25,24,94.2,0,8000.0,NO,1012,4,0,2024-09-13 04:00:00
7582,2024,9,13,0430,25,24,94.2,0,8000.0,NO,1012,4,30,2024-09-13 04:30:00
7583,2024,9,13,0500,25,24,94.2,2,8000.0,NO,1012,5,0,2024-09-13 05:00:00
7584,2024,9,13,0530,25,24,94.2,2,8000.0,NO,1013,5,30,2024-09-13 05:30:00
7585,2024,9,13,0600,25,25,100.0,2,8000.0,NO,1013,6,0,2024-09-13 06:00:00
7586,2024,9,13,0630,25,25,100.0,0,8000.0,NO,1013,6,30,2024-09-13 06:30:00
7587,2024,9,13,0700,25,25,100.0,2,9999.0,NO,1014,7,0,2024-09-13 07:00:00
7588,2024,9,13,0730,26,25,94.2,2,9999.0,NO,1014,7,30,2024-09-13 07:30:00
7589,2024,9,13,0830,29,25,79.0,1,9999.0,NO,1014,8,30,2024-09-13 08:30:00
7590,2024,9,13,0900,28,25,83.8,2,8000.0,YES,1015,9,0,2024-09-13 09:00:00
7591,2024,9,13,0930,26,25,94.2,2,8000.0,NO,1014,9,30,2024-09-13 09:30:00
7592,2024,9,13,1000,27,26,94.3,2,9999.0,NO,1014,10,0,2024-09-13 10:00:00
7593,2024,9,13,1030,28,26,88.9,4,9999.0,NO,1014,10,30,2024-09-13 10:30:00
7594,2024,9,13,1100,30,26,79.2,5,9999.0,NO,1013,11,0,2024-09-13 11:00:00
7595,2024,9,13,1130,29,26,83.9,4,9999.0,YES,1012,11,30,2024-09-13 11:30:00
7596,2024,9,13,1200,28,25,83.8,4,9999.0,YES,1012,12,0,2024-09-13 12:00:00
7597,2024,9,13,1230,29,26,83.9,4,9999.0,YES,1011,12,30,2024-09-13 12:30:00
7598,2024,9,13,1300,30,26,79.2,5,9999.0,YES,1011,13,0,2024-09-13 13:00:00
7599,2024,9,13,1400,29,25,79.0,4,9999.0,NO,1010,14,0,2024-09-13 14:00:00
7600,2024,9,13,1430,29,25,79.0,6,9999.0,YES,1010,14,30,2024-09-13 14:30:00
7601,2024,9,13,1500,29,26,83.9,5,9999.0,YES,1010,15,0,2024-09-13 15:00:00
7602,2024,9,13,1530,29,25,79.0,5,9999.0,YES,1009,15,30,2024-09-13 15:30:00
7603,2024,9,13,1600,29,25,79.0,4,9999.0,YES,1010,16,0,2024-09-13 16:00:00
7604,2024,9,13,1630,29,25,79.0,4,9999.0,YES,1010,16,30,2024-09-13 16:30:00
7605,2024,9,13,1700,27,24,83.7,9,,YES,1011,17,0,2024-09-13 17:00:00
7606,2024,9,13,1730,27,25,88.8,3,9999.0,YES,1011,17,30,2024-09-13 17:30:00
7607,2024,9,13,1800,27,25,88.8,2,9999.0,YES,1011,18,0,2024-09-13 18:00:00
7608,2024,9,13,1830,27,25,88.8,3,9999.0,YES,1012,18,30,2024-09-13 18:30:00
7609,2024,9,13,1900,27,25,88.8,3,9999.0,YES,1012,19,0,2024-09-13 19:00:00
7610,2024,9,13,1930,26,25,94.2,1,9999.0,YES,1012,19,30,2024-09-13 19:30:00
7611,2024,9,13,2000,26,25,94.2,1,9999.0,YES,1013,20,0,2024-09-13 20:00:00
7612,2024,9,13,2030,26,25,94.2,1,9999.0,YES,1013,20,30,2024-09-13 20:30:00
7613,2024,9,13,2100,26,25,94.2,0,9999.0,YES,1014,21,0,2024-09-13 21:00:00
7614,2024,9,13,2130,26,25,94.2,0,9999.0,YES,1014,21,30,2024-09-13 21:30:00
7615,2024,9,13,2200,26,25,94.2,2,9999.0,YES,1014,22,0,2024-09-13 22:00:00
7616,2024,9,13,2230,26,25,94.2,1,8000.0,YES,1014,22,30,2024-09-13 22:30:00
7617,2024,9,13,2300,26,25,94.2,3,9999.0,YES,1014,23,0,2024-09-13 23:00:00
7618,2024,9,13,2330,25,25,100.0,2,9999.0,YES,1013,23,30,2024-09-13 23:30:00
7619,2024,9,14,0000,25,25,100.0,2,9999.0,YES,1013,0,0,2024-09-14 00:00:00
7620,2024,9,14,0030,25,25,100.0,2,9999.0,YES,1012,0,30,2024-09-14 00:30:00
7621,2024,9,14,0100,25,25,100.0,2,9999.0,YES,1012,1,0,2024-09-14 01:00:00
7622,2024,9,14,0830,27,25,88.8,2,9999.0,NO,1015,8,30,2024-09-14 08:30:00
7623,2024,9,14,0900,27,25,88.8,2,9999.0,NO,1015,9,0,2024-09-14 09:00:00
7624,2024,9,14,1100,29,25,79.0,3,9999.0,NO,1014,11,0,2024-09-14 11:00:00
7625,2024,9,14,1130,30,25,74.6,3,9999.0,NO,1013,11,30,2024-09-14 11:30:00
7626,2024,9,14,1200,30,26,79.2,4,9999.0,NO,1013,12,0,2024-09-14 12:00:00
7627,2024,9,14,1230,31,25,70.4,4,9999.0,NO,1012,12,30,2024-09-14 12:30:00
7628,2024,9,14,1300,30,25,74.6,4,9999.0,YES,1012,13,0,2024-09-14 13:00:00
7629,2024,9,14,1330,28,25,83.8,5,9999.0,YES,1011,13,30,2024-09-14 13:30:00
7630,2024,9,14,1400,26,24,88.7,5,4000.0,YES,1012,14,0,2024-09-14 14:00:00
7631,2024,9,14,1430,25,24,94.2,2,6000.0,YES,1011,14,30,2024-09-14 14:30:00
7632,2024,9,14,1500,25,25,100.0,3,6000.0,YES,1011,15,0,2024-09-14 15:00:00
7633,2024,9,14,1530,25,25,100.0,3,6000.0,YES,1011,15,30,2024-09-14 15:30:00
7634,2024,9,14,1600,25,25,100.0,3,6000.0,YES,1011,16,0,2024-09-14 16:00:00
7635,2024,9,14,1630,26,25,94.2,2,6000.0,YES,1011,16,30,2024-09-14 16:30:00
7636,2024,9,14,1700,26,25,94.2,2,6000.0,YES,1011,17,0,2024-09-14 17:00:00
7637,2024,9,14,1730,26,25,94.2,2,6000.0,YES,1012,17,30,2024-09-14 17:30:00
7638,2024,9,14,1800,25,25,100.0,2,8000.0,YES,1012,18,0,2024-09-14 18:00:00
7639,2024,9,14,1830,25,25,100.0,2,8000.0,YES,1013,18,30,2024-09-14 18:30:00
7640,2024,9,14,1900,25,25,100.0,1,9999.0,NO,1013,19,0,2024-09-14 19:00:00
7641,2024,9,14,2000,25,25,100.0,2,9999.0,NO,1014,20,0,2024-09-14 20:00:00
7642,2024,9,14,2030,25,25,100.0,1,8000.0,YES,1014,20,30,2024-09-14 20:30:00
7643,2024,9,14,2100,25,25,100.0,1,7000.0,YES,1014,21,0,2024-09-14 21:00:00
7644,2024,9,14,2130,25,25,100.0,0,7000.0,YES,1014,21,30,2024-09-14 21:30:00
7645,2024,9,14,2200,25,25,100.0,2,8000.0,NO,1014,22,0,2024-09-14 22:00:00
7646,2024,9,14,2230,25,25,100.0,2,8000.0,NO,1014,22,30,2024-09-14 22:30:00
7647,2024,9,14,2300,25,25,100.0,2,7000.0,YES,1013,23,0,2024-09-14 23:00:00
7648,2024,9,14,2330,25,25,100.0,3,7000.0,NO,1013,23,30,2024-09-14 23:30:00
7649,2024,9,15,0000,25,25,100.0,3,7000.0,NO,1013,0,0,2024-09-15 00:00:00
7650,2024,9,15,0030,25,24,94.2,3,7000.0,NO,1013,0,30,2024-09-15 00:30:00
7651,2024,9,15,0100,25,24,94.2,3,7000.0,NO,1013,1,0,2024-09-15 01:00:00
7652,2024,9,15,0130,25,24,94.2,3,8000.0,NO,1012,1,30,2024-09-15 01:30:00
7653,2024,9,15,0200,25,24,94.2,0,8000.0,NO,1012,2,0,2024-09-15 02:00:00
7654,2024,9,15,0300,25,24,94.2,3,8000.0,NO,1012,3,0,2024-09-15 03:00:00
7655,2024,9,15,0330,25,24,94.2,2,8000.0,NO,1012,3,30,2024-09-15 03:30:00
7656,2024,9,15,0400,25,24,94.2,2,8000.0,NO,1013,4,0,2024-09-15 04:00:00
7657,2024,9,15,0430,25,25,100.0,3,9999.0,NO,1013,4,30,2024-09-15 04:30:00
7658,2024,9,15,0500,25,24,94.2,1,9999.0,NO,1013,5,0,2024-09-15 05:00:00
7659,2024,9,15,0530,25,25,100.0,2,6000.0,NO,1013,5,30,2024-09-15 05:30:00
7660,2024,9,15,0600,25,25,100.0,2,3200.0,NO,1013,6,0,2024-09-15 06:00:00
7661,2024,9,15,0630,25,25,100.0,3,4000.0,NO,1014,6,30,2024-09-15 06:30:00
7662,2024,9,15,0700,26,25,94.2,2,7000.0,NO,1014,7,0,2024-09-15 07:00:00
7663,2024,9,15,0730,27,25,88.8,2,7000.0,NO,1014,7,30,2024-09-15 07:30:00
7664,2024,9,15,0800,27,25,88.8,2,7000.0,NO,1015,8,0,2024-09-15 08:00:00
7665,2024,9,15,0830,29,25,79.0,2,8000.0,NO,1015,8,30,2024-09-15 08:30:00
7666,2024,9,15,0900,29,24,74.4,2,8000.0,NO,1015,9,0,2024-09-15 09:00:00
7667,2024,9,15,0930,28,25,83.8,2,8000.0,NO,1015,9,30,2024-09-15 09:30:00
7668,2024,9,15,1000,28,25,83.8,0,8000.0,NO,1014,10,0,2024-09-15 10:00:00
7669,2024,9,15,1030,29,24,74.4,0,8000.0,NO,1014,10,30,2024-09-15 10:30:00
7670,2024,9,15,1100,29,25,79.0,0,8000.0,NO,1014,11,0,2024-09-15 11:00:00
7671,2024,9,15,1130,31,25,70.4,1,8000.0,NO,1013,11,30,2024-09-15 11:30:00
7672,2024,9,15,1200,31,25,70.4,3,8000.0,NO,1012,12,0,2024-09-15 12:00:00
7673,2024,9,15,1230,31,25,70.4,4,8000.0,NO,1012,12,30,2024-09-15 12:30:00
7674,2024,9,15,1300,30,26,79.2,3,8000.0,NO,1011,13,0,2024-09-15 13:00:00
7675,2024,9,15,1330,31,26,74.8,4,8000.0,NO,1011,13,30,2024-09-15 13:30:00
7676,2024,9,15,1400,29,25,79.0,3,8000.0,NO,1011,14,0,2024-09-15 14:00:00
7677,2024,9,15,1430,28,25,83.8,3,9999.0,NO,1010,14,30,2024-09-15 14:30:00
7678,2024,9,15,1500,28,25,83.8,4,9999.0,NO,1010,15,0,2024-09-15 15:00:00
7679,2024,9,15,1530,29,25,79.0,5,9999.0,NO,1010,15,30,2024-09-15 15:30:00
7680,2024,9,15,1600,29,25,79.0,4,9999.0,NO,1010,16,0,2024-09-15 16:00:00
7681,2024,9,15,1630,28,25,83.8,4,9999.0,NO,1011,16,30,2024-09-15 16:30:00
7682,2024,9,15,1700,27,25,88.8,3,9999.0,NO,1011,17,0,2024-09-15 17:00:00
7683,2024,9,15,1730,27,25,88.8,3,9999.0,NO,1011,17,30,2024-09-15 17:30:00
7684,2024,9,15,1800,27,25,88.8,1,9999.0,NO,1012,18,0,2024-09-15 18:00:00
7685,2024,9,15,1830,27,25,88.8,2,9999.0,NO,1012,18,30,2024-09-15 18:30:00
7686,2024,9,15,1900,27,25,88.8,2,9999.0,NO,1013,19,0,2024-09-15 19:00:00
7687,2024,9,15,1930,26,25,94.2,1,9999.0,NO,1013,19,30,2024-09-15 19:30:00
7688,2024,9,15,2000,26,25,94.2,2,9999.0,NO,1014,20,0,2024-09-15 20:00:00
7689,2024,9,15,2030,26,25,94.2,1,9999.0,NO,1014,20,30,2024-09-15 20:30:00
7690,2024,9,15,2100,26,25,94.2,0,9999.0,NO,1014,21,0,2024-09-15 21:00:00
7691,2024,9,15,2130,26,25,94.2,0,9999.0,NO,1014,21,30,2024-09-15 21:30:00
7692,2024,9,15,2200,25,25,100.0,0,9999.0,NO,1014,22,0,2024-09-15 22:00:00
7693,2024,9,15,2230,25,25,100.0,0,9999.0,NO,1014,22,30,2024-09-15 22:30:00
7694,2024,9,15,2300,25,25,100.0,1,9999.0,NO,1014,23,0,2024-09-15 23:00:00
7695,2024,9,15,2330,25,25,100.0,1,9999.0,NO,1013,23,30,2024-09-15 23:30:00
7696,2024,9,16,0000,25,25,100.0,2,9999.0,NO,1013,0,0,2024-09-16 00:00:00
7697,2024,9,16,0030,25,25,100.0,2,9999.0,NO,1013,0,30,2024-09-16 00:30:00
7698,2024,9,16,0100,26,25,94.2,3,9999.0,NO,1012,1,0,2024-09-16 01:00:00
7699,2024,9,16,0130,26,25,94.2,2,9999.0,NO,1012,1,30,2024-09-16 01:30:00
7700,2024,9,16,0200,26,25,94.2,0,9999.0,NO,1012,2,0,2024-09-16 02:00:00
7701,2024,9,16,0230,25,25,100.0,2,9999.0,NO,1012,2,30,2024-09-16 02:30:00
7702,2024,9,16,0300,26,25,94.2,2,9999.0,NO,1012,3,0,2024-09-16 03:00:00
7703,2024,9,16,0330,26,25,94.2,2,7000.0,NO,1012,3,30,2024-09-16 03:30:00
7704,2024,9,16,0400,25,25,100.0,2,7000.0,NO,1012,4,0,2024-09-16 04:00:00
7705,2024,9,16,0430,25,25,100.0,2,7000.0,YES,1013,4,30,2024-09-16 04:30:00
7706,2024,9,16,0500,25,24,94.2,2,6000.0,YES,1013,5,0,2024-09-16 05:00:00
7707,2024,9,16,0530,25,24,94.2,2,6000.0,YES,1013,5,30,2024-09-16 05:30:00
7708,2024,9,16,0600,25,24,94.2,3,6000.0,YES,1013,6,0,2024-09-16 06:00:00
7709,2024,9,16,0630,25,25,100.0,3,6000.0,NO,1013,6,30,2024-09-16 06:30:00
7710,2024,9,16,0700,26,25,94.2,3,6000.0,NO,1014,7,0,2024-09-16 07:00:00
7711,2024,9,16,0730,26,25,94.2,3,6000.0,NO,1014,7,30,2024-09-16 07:30:00
7712,2024,9,16,0800,26,25,94.2,2,6000.0,NO,1014,8,0,2024-09-16 08:00:00
7713,2024,9,16,0830,27,25,88.8,3,6000.0,NO,1014,8,30,2024-09-16 08:30:00
7714,2024,9,16,0900,29,25,79.0,2,9999.0,NO,1014,9,0,2024-09-16 09:00:00
7715,2024,9,16,0930,30,25,74.6,3,9999.0,NO,1014,9,30,2024-09-16 09:30:00
7716,2024,9,16,1000,31,26,74.8,3,9999.0,NO,1014,10,0,2024-09-16 10:00:00
7717,2024,9,16,1030,31,26,74.8,4,9999.0,NO,1014,10,30,2024-09-16 10:30:00
7718,2024,9,16,1100,32,26,70.6,4,9999.0,NO,1013,11,0,2024-09-16 11:00:00
7719,2024,9,16,1130,32,26,70.6,4,9999.0,NO,1012,11,30,2024-09-16 11:30:00
7720,2024,9,16,1200,32,26,70.6,4,9999.0,NO,1012,12,0,2024-09-16 12:00:00
7721,2024,9,16,1230,30,25,74.6,5,9999.0,YES,1012,12,30,2024-09-16 12:30:00
7722,2024,9,16,1300,30,25,74.6,4,9999.0,NO,1011,13,0,2024-09-16 13:00:00
7723,2024,9,16,1330,30,25,74.6,5,9999.0,NO,1011,13,30,2024-09-16 13:30:00
7724,2024,9,16,1400,31,26,74.8,4,9999.0,NO,1010,14,0,2024-09-16 14:00:00
7725,2024,9,16,1430,31,26,74.8,4,9999.0,NO,1010,14,30,2024-09-16 14:30:00
7726,2024,9,16,1500,30,26,79.2,9,,NO,1010,15,0,2024-09-16 15:00:00
7727,2024,9,16,1530,29,25,79.0,5,9999.0,NO,1010,15,30,2024-09-16 15:30:00
7728,2024,9,16,1600,29,25,79.0,6,9999.0,NO,1010,16,0,2024-09-16 16:00:00
7729,2024,9,16,1630,28,25,83.8,5,9999.0,NO,1010,16,30,2024-09-16 16:30:00
7730,2024,9,16,1700,27,25,88.8,4,9999.0,NO,1010,17,0,2024-09-16 17:00:00
7731,2024,9,16,1730,27,25,88.8,3,9999.0,NO,1010,17,30,2024-09-16 17:30:00
7732,2024,9,16,1800,27,25,88.8,2,9999.0,NO,1011,18,0,2024-09-16 18:00:00
7733,2024,9,16,1830,27,25,88.8,3,9999.0,NO,1011,18,30,2024-09-16 18:30:00
7734,2024,9,16,1900,27,25,88.8,4,6000.0,YES,1012,19,0,2024-09-16 19:00:00
7735,2024,9,16,1930,27,25,88.8,4,6000.0,YES,1012,19,30,2024-09-16 19:30:00
7736,2024,9,16,2000,27,25,88.8,4,9999.0,YES,1012,20,0,2024-09-16 20:00:00
7737,2024,9,16,2030,27,25,88.8,3,9999.0,YES,1013,20,30,2024-09-16 20:30:00
7738,2024,9,16,2100,27,25,88.8,4,9999.0,YES,1013,21,0,2024-09-16 21:00:00
7739,2024,9,16,2130,27,25,88.8,2,9999.0,YES,1013,21,30,2024-09-16 21:30:00
7740,2024,9,16,2200,27,25,88.8,2,9999.0,NO,1013,22,0,2024-09-16 22:00:00
7741,2024,9,16,2230,26,25,94.2,2,9999.0,NO,1013,22,30,2024-09-16 22:30:00
7742,2024,9,16,2300,26,25,94.2,2,9999.0,YES,1013,23,0,2024-09-16 23:00:00
7743,2024,9,16,2330,26,25,94.2,3,9999.0,YES,1013,23,30,2024-09-16 23:30:00
7744,2024,9,17,0000,25,25,100.0,2,9999.0,YES,1012,0,0,2024-09-17 00:00:00
7745,2024,9,17,0030,25,25,100.0,1,9999.0,YES,1012,0,30,2024-09-17 00:30:00
7746,2024,9,17,0100,25,25,100.0,1,9999.0,YES,1011,1,0,2024-09-17 01:00:00
7747,2024,9,17,0130,25,25,100.0,0,9999.0,YES,1011,1,30,2024-09-17 01:30:00
7748,2024,9,17,0200,26,25,94.2,1,9999.0,YES,1011,2,0,2024-09-17 02:00:00
7749,2024,9,17,0230,25,25,100.0,2,9999.0,YES,1011,2,30,2024-09-17 02:30:00
7750,2024,9,17,0300,25,25,100.0,2,9999.0,NO,1011,3,0,2024-09-17 03:00:00
7751,2024,9,17,0330,25,25,100.0,0,9999.0,NO,1011,3,30,2024-09-17 03:30:00
7752,2024,9,17,0400,25,25,100.0,2,9999.0,NO,1011,4,0,2024-09-17 04:00:00
7753,2024,9,17,0430,25,25,100.0,0,9999.0,NO,1011,4,30,2024-09-17 04:30:00
7754,2024,9,17,0500,25,25,100.0,0,9999.0,YES,1012,5,0,2024-09-17 05:00:00
7755,2024,9,17,0530,25,25,100.0,1,8000.0,YES,1012,5,30,2024-09-17 05:30:00
7756,2024,9,17,0600,26,25,94.2,2,8000.0,YES,1012,6,0,2024-09-17 06:00:00
7757,2024,9,17,0630,26,25,94.2,2,9999.0,YES,1012,6,30,2024-09-17 06:30:00
7758,2024,9,17,0700,26,25,94.2,3,9999.0,YES,1013,7,0,2024-09-17 07:00:00
7759,2024,9,17,0730,27,25,88.8,2,9999.0,YES,1014,7,30,2024-09-17 07:30:00
7760,2024,9,17,0800,27,25,88.8,2,9999.0,YES,1014,8,0,2024-09-17 08:00:00
7761,2024,9,17,0830,26,25,94.2,3,9999.0,YES,1014,8,30,2024-09-17 08:30:00
7762,2024,9,17,0900,26,25,94.2,3,9999.0,YES,1014,9,0,2024-09-17 09:00:00
7763,2024,9,17,0930,27,25,88.8,4,9999.0,NO,1014,9,30,2024-09-17 09:30:00
7764,2024,9,17,1000,29,26,83.9,2,9999.0,NO,1013,10,0,2024-09-17 10:00:00
7765,2024,9,17,1030,29,25,79.0,2,9999.0,NO,1013,10,30,2024-09-17 10:30:00
7766,2024,9,17,1100,29,25,79.0,2,9999.0,NO,1013,11,0,2024-09-17 11:00:00
7767,2024,9,17,1200,30,25,74.6,4,9999.0,NO,1011,12,0,2024-09-17 12:00:00
7768,2024,9,17,1230,31,25,70.4,4,9999.0,NO,1011,12,30,2024-09-17 12:30:00
7769,2024,9,17,1300,30,25,74.6,4,9999.0,NO,1010,13,0,2024-09-17 13:00:00
7770,2024,9,17,1330,30,24,70.3,9,,NO,1010,13,30,2024-09-17 13:30:00
7771,2024,9,17,1400,30,24,70.3,9,,NO,1010,14,0,2024-09-17 14:00:00
7772,2024,9,17,1430,29,24,74.4,9,,NO,1010,14,30,2024-09-17 14:30:00
7773,2024,9,17,1500,28,24,78.9,5,9999.0,YES,1010,15,0,2024-09-17 15:00:00
7774,2024,9,17,1530,28,24,78.9,3,9999.0,YES,1010,15,30,2024-09-17 15:30:00
7775,2024,9,17,1600,27,24,83.7,4,9999.0,YES,1011,16,0,2024-09-17 16:00:00
7776,2024,9,17,1630,27,24,83.7,4,9999.0,YES,1011,16,30,2024-09-17 16:30:00
7777,2024,9,17,1700,27,24,83.7,4,9999.0,YES,1011,17,0,2024-09-17 17:00:00
7778,2024,9,17,1800,26,24,88.7,4,9999.0,NO,1012,18,0,2024-09-17 18:00:00
7779,2024,9,17,1830,26,24,88.7,4,9999.0,YES,1012,18,30,2024-09-17 18:30:00
7780,2024,9,17,1900,26,24,88.7,3,9999.0,NO,1013,19,0,2024-09-17 19:00:00
7781,2024,9,17,1930,26,24,88.7,3,9999.0,NO,1013,19,30,2024-09-17 19:30:00
7782,2024,9,17,2000,26,24,88.7,2,9999.0,NO,1013,20,0,2024-09-17 20:00:00
7783,2024,9,17,2030,25,24,94.2,2,9999.0,NO,1013,20,30,2024-09-17 20:30:00
7784,2024,9,17,2100,25,24,94.2,2,9999.0,NO,1014,21,0,2024-09-17 21:00:00
7785,2024,9,17,2130,25,24,94.2,0,9999.0,YES,1014,21,30,2024-09-17 21:30:00
7786,2024,9,17,2200,25,24,94.2,0,9999.0,YES,1014,22,0,2024-09-17 22:00:00
7787,2024,9,17,2230,25,25,100.0,0,9999.0,YES,1014,22,30,2024-09-17 22:30:00
7788,2024,9,17,2300,25,25,100.0,1,9999.0,YES,1014,23,0,2024-09-17 23:00:00
7789,2024,9,17,2330,25,24,94.2,2,9999.0,YES,1013,23,30,2024-09-17 23:30:00
7790,2024,9,18,0000,25,24,94.2,1,9999.0,NO,1013,0,0,2024-09-18 00:00:00
7791,2024,9,18,0030,25,24,94.2,2,9999.0,NO,1012,0,30,2024-09-18 00:30:00
7792,2024,9,18,0100,25,24,94.2,4,9999.0,NO,1012,1,0,2024-09-18 01:00:00
7793,2024,9,18,0130,25,24,94.2,2,9999.0,NO,1012,1,30,2024-09-18 01:30:00
7794,2024,9,18,0200,25,24,94.2,2,9999.0,NO,1012,2,0,2024-09-18 02:00:00
7795,2024,9,18,0230,25,24,94.2,3,9999.0,NO,1012,2,30,2024-09-18 02:30:00
7796,2024,9,18,0300,25,24,94.2,2,9999.0,NO,1012,3,0,2024-09-18 03:00:00
7797,2024,9,18,0330,24,24,100.0,3,9999.0,NO,1012,3,30,2024-09-18 03:30:00
7798,2024,9,18,0400,24,24,100.0,2,9999.0,NO,1012,4,0,2024-09-18 04:00:00
7799,2024,9,18,0430,24,24,100.0,3,9999.0,NO,1012,4,30,2024-09-18 04:30:00
7800,2024,9,18,0500,24,24,100.0,3,7000.0,NO,1012,5,0,2024-09-18 05:00:00
7801,2024,9,18,0530,24,24,100.0,3,4000.0,NO,1012,5,30,2024-09-18 05:30:00
7802,2024,9,18,0600,24,24,100.0,1,4000.0,NO,1013,6,0,2024-09-18 06:00:00
7803,2024,9,18,0630,25,24,94.2,0,4500.0,NO,1013,6,30,2024-09-18 06:30:00
7804,2024,9,18,0700,25,25,100.0,1,2500.0,YES,1014,7,0,2024-09-18 07:00:00
7805,2024,9,18,0730,25,24,94.2,4,8000.0,NO,1014,7,30,2024-09-18 07:30:00
7806,2024,9,18,0800,25,24,94.2,3,8000.0,NO,1014,8,0,2024-09-18 08:00:00
7807,2024,9,18,0830,26,24,88.7,2,9999.0,NO,1014,8,30,2024-09-18 08:30:00
7808,2024,9,18,0900,27,24,83.7,2,9999.0,NO,1014,9,0,2024-09-18 09:00:00
7809,2024,9,18,0930,28,24,78.9,1,9999.0,NO,1014,9,30,2024-09-18 09:30:00
7810,2024,9,18,1000,29,24,74.4,3,9999.0,NO,1014,10,0,2024-09-18 10:00:00
7811,2024,9,18,1030,31,24,66.4,3,9999.0,NO,1014,10,30,2024-09-18 10:30:00
7812,2024,9,18,1100,31,24,66.4,4,9999.0,NO,1013,11,0,2024-09-18 11:00:00
7813,2024,9,18,1130,32,25,66.6,4,9999.0,NO,1013,11,30,2024-09-18 11:30:00
7814,2024,9,18,1200,32,24,62.7,5,9999.0,NO,1012,12,0,2024-09-18 12:00:00
7815,2024,9,18,1230,32,23,59.0,4,9999.0,NO,1011,12,30,2024-09-18 12:30:00
7816,2024,9,18,1300,32,24,62.7,3,9999.0,NO,1011,13,0,2024-09-18 13:00:00
7817,2024,9,18,1330,33,24,59.2,3,9999.0,NO,1011,13,30,2024-09-18 13:30:00
7818,2024,9,18,1400,33,24,59.2,4,9999.0,NO,1011,14,0,2024-09-18 14:00:00
7819,2024,9,18,1430,30,25,74.6,7,9999.0,NO,1010,14,30,2024-09-18 14:30:00
7820,2024,9,18,1500,30,25,74.6,6,9999.0,NO,1010,15,0,2024-09-18 15:00:00
7821,2024,9,18,1530,29,25,79.0,4,9999.0,NO,1010,15,30,2024-09-18 15:30:00
7822,2024,9,18,1600,29,25,79.0,4,9999.0,NO,1009,16,0,2024-09-18 16:00:00
7823,2024,9,18,1700,28,25,83.8,4,9999.0,NO,1010,17,0,2024-09-18 17:00:00
7824,2024,9,18,1730,27,24,83.7,3,9999.0,NO,1011,17,30,2024-09-18 17:30:00
7825,2024,9,18,1800,27,25,88.8,3,9999.0,NO,1011,18,0,2024-09-18 18:00:00
7826,2024,9,18,1830,26,24,88.7,3,9999.0,NO,1011,18,30,2024-09-18 18:30:00
7827,2024,9,18,1900,26,24,88.7,2,9999.0,NO,1012,19,0,2024-09-18 19:00:00
7828,2024,9,18,1930,26,25,94.2,3,9999.0,NO,1012,19,30,2024-09-18 19:30:00
7829,2024,9,18,2000,26,25,94.2,2,9999.0,NO,1012,20,0,2024-09-18 20:00:00
7830,2024,9,18,2030,25,25,100.0,2,9999.0,NO,1013,20,30,2024-09-18 20:30:00
7831,2024,9,18,2100,25,25,100.0,2,9999.0,NO,1013,21,0,2024-09-18 21:00:00
7832,2024,9,18,2130,25,25,100.0,2,9999.0,NO,1013,21,30,2024-09-18 21:30:00
7833,2024,9,18,2200,25,25,100.0,3,9999.0,NO,1013,22,0,2024-09-18 22:00:00
7834,2024,9,18,2230,25,24,94.2,4,9999.0,NO,1013,22,30,2024-09-18 22:30:00
7835,2024,9,18,2300,25,24,94.2,3,9999.0,YES,1013,23,0,2024-09-18 23:00:00
7836,2024,9,18,2330,25,25,100.0,0,3500.0,YES,1013,23,30,2024-09-18 23:30:00
7837,2024,9,19,0000,25,25,100.0,0,9999.0,YES,1012,0,0,2024-09-19 00:00:00
7838,2024,9,19,0030,25,25,100.0,1,9999.0,YES,1012,0,30,2024-09-19 00:30:00
7839,2024,9,19,0100,25,25,100.0,1,9999.0,YES,1012,1,0,2024-09-19 01:00:00
7840,2024,9,19,0130,25,25,100.0,3,9999.0,YES,1012,1,30,2024-09-19 01:30:00
7841,2024,9,19,0200,25,25,100.0,2,9999.0,YES,1011,2,0,2024-09-19 02:00:00
7842,2024,9,19,0230,25,25,100.0,2,9999.0,YES,1011,2,30,2024-09-19 02:30:00
7843,2024,9,19,0300,25,24,94.2,3,8000.0,YES,1011,3,0,2024-09-19 03:00:00
7844,2024,9,19,0330,25,24,94.2,3,9999.0,NO,1011,3,30,2024-09-19 03:30:00
7845,2024,9,19,0400,25,24,94.2,3,9999.0,NO,1011,4,0,2024-09-19 04:00:00
7846,2024,9,19,0430,25,24,94.2,1,9999.0,NO,1011,4,30,2024-09-19 04:30:00
7847,2024,9,19,0500,24,24,100.0,1,9999.0,NO,1012,5,0,2024-09-19 05:00:00
7848,2024,9,19,0530,24,24,100.0,1,9999.0,YES,1012,5,30,2024-09-19 05:30:00
7849,2024,9,19,0600,25,24,94.2,2,6000.0,YES,1012,6,0,2024-09-19 06:00:00
7850,2024,9,19,0630,25,25,100.0,2,2500.0,YES,1012,6,30,2024-09-19 06:30:00
7851,2024,9,19,0700,27,25,88.8,4,2500.0,NO,1013,7,0,2024-09-19 07:00:00
7852,2024,9,19,0730,28,25,83.8,2,8000.0,NO,1013,7,30,2024-09-19 07:30:00
7853,2024,9,19,0800,28,25,83.8,1,8000.0,NO,1014,8,0,2024-09-19 08:00:00
7854,2024,9,19,0830,27,25,88.8,3,8000.0,YES,1014,8,30,2024-09-19 08:30:00
7855,2024,9,19,0900,28,25,83.8,3,8000.0,YES,1014,9,0,2024-09-19 09:00:00
7856,2024,9,19,0930,28,25,83.8,3,9999.0,YES,1014,9,30,2024-09-19 09:30:00
7857,2024,9,19,1000,29,25,79.0,2,9999.0,YES,1014,10,0,2024-09-19 10:00:00
7858,2024,9,19,1030,30,24,70.3,2,9999.0,NO,1013,10,30,2024-09-19 10:30:00
7859,2024,9,19,1100,31,25,70.4,2,9999.0,NO,1013,11,0,2024-09-19 11:00:00
7860,2024,9,19,1130,31,26,74.8,4,9999.0,NO,1012,11,30,2024-09-19 11:30:00
7861,2024,9,19,1200,31,25,70.4,5,9999.0,NO,1011,12,0,2024-09-19 12:00:00
7862,2024,9,19,1230,31,25,70.4,4,9999.0,NO,1011,12,30,2024-09-19 12:30:00
7863,2024,9,19,1300,32,26,70.6,5,9999.0,NO,1010,13,0,2024-09-19 13:00:00
7864,2024,9,19,1330,30,25,74.6,5,9999.0,NO,1010,13,30,2024-09-19 13:30:00
7865,2024,9,19,1400,30,26,79.2,6,9999.0,NO,1010,14,0,2024-09-19 14:00:00
7866,2024,9,19,1430,29,25,79.0,9,,YES,1010,14,30,2024-09-19 14:30:00
7867,2024,9,19,1500,29,25,79.0,5,9999.0,YES,1009,15,0,2024-09-19 15:00:00
7868,2024,9,19,1530,27,25,88.8,6,9999.0,YES,1010,15,30,2024-09-19 15:30:00
7869,2024,9,19,1600,26,24,88.7,4,9999.0,YES,1010,16,0,2024-09-19 16:00:00
7870,2024,9,19,1630,26,24,88.7,3,9999.0,YES,1010,16,30,2024-09-19 16:30:00
7871,2024,9,19,1700,26,24,88.7,0,9999.0,NO,1010,17,0,2024-09-19 17:00:00
7872,2024,9,19,1730,25,24,94.2,2,9999.0,YES,1010,17,30,2024-09-19 17:30:00
7873,2024,9,19,1800,26,25,94.2,2,9999.0,YES,1010,18,0,2024-09-19 18:00:00
7874,2024,9,19,1830,26,25,94.2,2,8000.0,YES,1011,18,30,2024-09-19 18:30:00
7875,2024,9,19,1900,25,25,100.0,3,7000.0,YES,1011,19,0,2024-09-19 19:00:00
7876,2024,9,19,1930,25,25,100.0,5,6000.0,YES,1011,19,30,2024-09-19 19:30:00
7877,2024,9,19,2000,25,25,100.0,4,7000.0,YES,1011,20,0,2024-09-19 20:00:00
7878,2024,9,19,2100,25,24,94.2,3,7000.0,YES,1013,21,0,2024-09-19 21:00:00
7879,2024,9,19,2130,25,24,94.2,1,7000.0,YES,1013,21,30,2024-09-19 21:30:00
7880,2024,9,19,2200,25,25,100.0,0,7000.0,YES,1013,22,0,2024-09-19 22:00:00
7881,2024,9,19,2230,25,24,94.2,4,7000.0,YES,1012,22,30,2024-09-19 22:30:00
7882,2024,9,19,2300,25,24,94.2,2,8000.0,NO,1012,23,0,2024-09-19 23:00:00
7883,2024,9,20,0000,25,25,100.0,2,9999.0,YES,1012,0,0,2024-09-20 00:00:00
7884,2024,9,20,0030,25,25,100.0,2,9999.0,YES,1011,0,30,2024-09-20 00:30:00
7885,2024,9,20,0100,25,25,100.0,2,9999.0,YES,1011,1,0,2024-09-20 01:00:00
7886,2024,9,20,0130,25,25,100.0,2,9999.0,YES,1011,1,30,2024-09-20 01:30:00
7887,2024,9,20,0200,25,25,100.0,2,9999.0,YES,1011,2,0,2024-09-20 02:00:00
7888,2024,9,20,0230,24,24,100.0,2,9999.0,NO,1011,2,30,2024-09-20 02:30:00
7889,2024,9,20,0300,25,24,94.2,1,9999.0,NO,1011,3,0,2024-09-20 03:00:00
7890,2024,9,20,0330,24,24,100.0,3,9999.0,NO,1011,3,30,2024-09-20 03:30:00
7891,2024,9,20,0400,25,24,94.2,3,9999.0,NO,1011,4,0,2024-09-20 04:00:00
7892,2024,9,20,0430,25,24,94.2,2,9999.0,NO,1011,4,30,2024-09-20 04:30:00
7893,2024,9,20,0500,25,24,94.2,0,9999.0,NO,1011,5,0,2024-09-20 05:00:00
7894,2024,9,20,0530,25,24,94.2,2,9999.0,NO,1012,5,30,2024-09-20 05:30:00
7895,2024,9,20,0600,25,25,100.0,2,9999.0,YES,1012,6,0,2024-09-20 06:00:00
7896,2024,9,20,0630,25,25,100.0,4,9999.0,YES,1012,6,30,2024-09-20 06:30:00
7897,2024,9,20,0700,25,25,100.0,4,8000.0,YES,1013,7,0,2024-09-20 07:00:00
7898,2024,9,20,0730,26,25,94.2,4,9999.0,NO,1013,7,30,2024-09-20 07:30:00
7899,2024,9,20,0800,27,25,88.8,3,9999.0,NO,1013,8,0,2024-09-20 08:00:00
7900,2024,9,20,0830,28,25,83.8,4,9999.0,NO,1013,8,30,2024-09-20 08:30:00
7901,2024,9,20,0900,28,25,83.8,2,9999.0,NO,1013,9,0,2024-09-20 09:00:00
7902,2024,9,20,0930,28,25,83.8,0,9999.0,NO,1013,9,30,2024-09-20 09:30:00
7903,2024,9,20,1000,28,25,83.8,2,9999.0,NO,1013,10,0,2024-09-20 10:00:00
7904,2024,9,20,1030,28,25,83.8,3,9999.0,NO,1013,10,30,2024-09-20 10:30:00
7905,2024,9,20,1100,29,25,79.0,3,9999.0,NO,1013,11,0,2024-09-20 11:00:00
7906,2024,9,20,1130,28,25,83.8,4,9999.0,NO,1012,11,30,2024-09-20 11:30:00
7907,2024,9,20,1200,30,26,79.2,3,9999.0,NO,1011,12,0,2024-09-20 12:00:00
7908,2024,9,20,1230,30,25,74.6,4,9999.0,NO,1011,12,30,2024-09-20 12:30:00
7909,2024,9,20,1300,30,25,74.6,6,9999.0,NO,1010,13,0,2024-09-20 13:00:00
7910,2024,9,20,1330,30,25,74.6,4,9999.0,NO,1010,13,30,2024-09-20 13:30:00
7911,2024,9,20,1400,29,25,79.0,4,9999.0,NO,1010,14,0,2024-09-20 14:00:00
7912,2024,9,20,1430,29,25,79.0,4,9999.0,NO,1009,14,30,2024-09-20 14:30:00
7913,2024,9,20,1500,29,25,79.0,5,9999.0,NO,1009,15,0,2024-09-20 15:00:00
7914,2024,9,20,1530,29,25,79.0,3,9999.0,NO,1009,15,30,2024-09-20 15:30:00
7915,2024,9,20,1600,29,25,79.0,2,9999.0,NO,1009,16,0,2024-09-20 16:00:00
7916,2024,9,20,1630,28,25,83.8,2,9999.0,NO,1009,16,30,2024-09-20 16:30:00
7917,2024,9,20,1700,27,24,83.7,3,9999.0,NO,1009,17,0,2024-09-20 17:00:00
7918,2024,9,20,1730,27,24,83.7,3,9999.0,NO,1009,17,30,2024-09-20 17:30:00
7919,2024,9,20,1800,27,25,88.8,3,9999.0,NO,1009,18,0,2024-09-20 18:00:00
7920,2024,9,20,1830,27,24,83.7,2,9999.0,NO,1010,18,30,2024-09-20 18:30:00
7921,2024,9,20,1900,27,25,88.8,1,9999.0,NO,1010,19,0,2024-09-20 19:00:00
7922,2024,9,20,1930,27,25,88.8,2,9999.0,NO,1011,19,30,2024-09-20 19:30:00
7923,2024,9,20,2000,26,25,94.2,0,9999.0,NO,1011,20,0,2024-09-20 20:00:00
7924,2024,9,20,2030,26,25,94.2,0,9999.0,NO,1011,20,30,2024-09-20 20:30:00
7925,2024,9,20,2100,26,25,94.2,1,9999.0,NO,1011,21,0,2024-09-20 21:00:00
7926,2024,9,20,2130,26,25,94.2,3,9999.0,NO,1011,21,30,2024-09-20 21:30:00
7927,2024,9,20,2200,26,25,94.2,3,9999.0,NO,1011,22,0,2024-09-20 22:00:00
7928,2024,9,20,2230,26,25,94.2,2,9999.0,NO,1011,22,30,2024-09-20 22:30:00
7929,2024,9,20,2300,26,25,94.2,3,9999.0,NO,1011,23,0,2024-09-20 23:00:00
7930,2024,9,20,2330,26,25,94.2,2,9999.0,NO,1010,23,30,2024-09-20 23:30:00
7931,2024,9,21,0000,26,25,94.2,3,9999.0,NO,1010,0,0,2024-09-21 00:00:00
7932,2024,9,21,0030,25,25,100.0,2,9999.0,NO,1010,0,30,2024-09-21 00:30:00
7933,2024,9,21,0100,25,25,100.0,3,9999.0,NO,1009,1,0,2024-09-21 01:00:00
7934,2024,9,21,0130,25,25,100.0,4,8000.0,YES,1009,1,30,2024-09-21 01:30:00
7935,2024,9,21,0200,25,25,100.0,3,9999.0,NO,1009,2,0,2024-09-21 02:00:00
7936,2024,9,21,0230,25,25,100.0,3,9999.0,NO,1009,2,30,2024-09-21 02:30:00
7937,2024,9,21,0300,25,24,94.2,0,9999.0,NO,1009,3,0,2024-09-21 03:00:00
7938,2024,9,21,0330,25,24,94.2,3,9999.0,NO,1010,3,30,2024-09-21 03:30:00
7939,2024,9,21,0400,25,25,100.0,1,9999.0,NO,1010,4,0,2024-09-21 04:00:00
7940,2024,9,21,0430,25,25,100.0,2,2000.0,YES,1010,4,30,2024-09-21 04:30:00
7941,2024,9,21,0500,25,24,94.2,7,3200.0,YES,1010,5,0,2024-09-21 05:00:00
7942,2024,9,21,0530,25,24,94.2,3,2000.0,YES,1010,5,30,2024-09-21 05:30:00
7943,2024,9,21,0600,24,24,100.0,2,2000.0,YES,1011,6,0,2024-09-21 06:00:00
7944,2024,9,21,0630,25,24,94.2,0,4000.0,YES,1011,6,30,2024-09-21 06:30:00
7945,2024,9,21,0700,25,24,94.2,1,8000.0,YES,1011,7,0,2024-09-21 07:00:00
7946,2024,9,21,0730,25,25,100.0,3,9999.0,YES,1012,7,30,2024-09-21 07:30:00
7947,2024,9,21,0800,25,25,100.0,5,9999.0,YES,1012,8,0,2024-09-21 08:00:00
7948,2024,9,21,0830,25,25,100.0,3,2500.0,YES,1013,8,30,2024-09-21 08:30:00
7949,2024,9,21,0900,25,25,100.0,2,7000.0,YES,1013,9,0,2024-09-21 09:00:00
7950,2024,9,21,0930,25,25,100.0,3,9999.0,YES,1012,9,30,2024-09-21 09:30:00
7951,2024,9,21,1000,26,25,94.2,3,3500.0,YES,1012,10,0,2024-09-21 10:00:00
7952,2024,9,21,1030,26,25,94.2,3,,NO,1012,10,30,2024-09-21 10:30:00
7953,2024,9,21,1100,28,25,83.8,3,9999.0,NO,1011,11,0,2024-09-21 11:00:00
7954,2024,9,21,1130,29,25,79.0,3,9999.0,NO,1010,11,30,2024-09-21 11:30:00
7955,2024,9,21,1200,30,25,74.6,4,9999.0,NO,1010,12,0,2024-09-21 12:00:00
7956,2024,9,21,1230,30,25,74.6,3,9999.0,NO,1009,12,30,2024-09-21 12:30:00
7957,2024,9,21,1300,30,25,74.6,4,9999.0,NO,1009,13,0,2024-09-21 13:00:00
7958,2024,9,21,1330,30,25,74.6,3,9999.0,NO,1008,13,30,2024-09-21 13:30:00
7959,2024,9,21,1400,28,25,83.8,2,9999.0,YES,1008,14,0,2024-09-21 14:00:00
7960,2024,9,21,1430,29,25,79.0,3,9999.0,NO,1008,14,30,2024-09-21 14:30:00
7961,2024,9,21,1500,30,25,74.6,3,9999.0,NO,1008,15,0,2024-09-21 15:00:00
7962,2024,9,21,1530,29,25,79.0,4,9999.0,NO,1008,15,30,2024-09-21 15:30:00
7963,2024,9,21,1600,29,25,79.0,3,9999.0,NO,1008,16,0,2024-09-21 16:00:00
7964,2024,9,21,1630,29,25,79.0,3,9999.0,NO,1008,16,30,2024-09-21 16:30:00
7965,2024,9,21,1730,27,24,83.7,0,9999.0,NO,1009,17,30,2024-09-21 17:30:00
7966,2024,9,21,1800,26,25,94.2,0,9999.0,NO,1009,18,0,2024-09-21 18:00:00
7967,2024,9,21,2000,26,25,94.2,3,9999.0,NO,1011,20,0,2024-09-21 20:00:00
7968,2024,9,21,2030,26,25,94.2,4,9999.0,NO,1011,20,30,2024-09-21 20:30:00
7969,2024,9,21,2100,26,25,94.2,3,9999.0,NO,1011,21,0,2024-09-21 21:00:00
7970,2024,9,21,2130,25,25,100.0,3,9999.0,NO,1011,21,30,2024-09-21 21:30:00
7971,2024,9,22,0000,25,25,100.0,4,9999.0,NO,1010,0,0,2024-09-22 00:00:00
7972,2024,9,22,0100,25,25,100.0,3,9999.0,NO,1010,1,0,2024-09-22 01:00:00
7973,2024,9,22,0200,25,24,94.2,4,9999.0,YES,1010,2,0,2024-09-22 02:00:00
7974,2024,9,22,0300,25,25,100.0,3,6000.0,YES,1010,3,0,2024-09-22 03:00:00
7975,2024,9,22,0330,25,24,94.2,2,6000.0,YES,1010,3,30,2024-09-22 03:30:00
7976,2024,9,22,0400,25,24,94.2,2,6000.0,YES,1010,4,0,2024-09-22 04:00:00
7977,2024,9,22,0600,25,25,100.0,2,8000.0,NO,1011,6,0,2024-09-22 06:00:00
7978,2024,9,22,0800,27,25,88.8,2,2500.0,YES,1012,8,0,2024-09-22 08:00:00
7979,2024,9,22,0830,27,25,88.8,1,6000.0,NO,1013,8,30,2024-09-22 08:30:00
7980,2024,9,22,0900,29,25,79.0,0,9999.0,NO,1013,9,0,2024-09-22 09:00:00
7981,2024,9,22,1000,30,26,79.2,3,9999.0,NO,1012,10,0,2024-09-22 10:00:00
7982,2024,9,22,1030,30,25,74.6,3,9999.0,NO,1012,10,30,2024-09-22 10:30:00
7983,2024,9,22,1100,31,25,70.4,3,9999.0,NO,1011,11,0,2024-09-22 11:00:00
7984,2024,9,22,1200,30,25,74.6,4,9999.0,NO,1010,12,0,2024-09-22 12:00:00
7985,2024,9,22,1230,30,26,79.2,6,9999.0,NO,1010,12,30,2024-09-22 12:30:00
7986,2024,9,22,1630,28,25,83.8,4,9999.0,NO,1009,16,30,2024-09-22 16:30:00
7987,2024,9,22,1700,28,25,83.8,4,9999.0,NO,1009,17,0,2024-09-22 17:00:00
7988,2024,9,22,1730,27,25,88.8,3,9999.0,NO,1010,17,30,2024-09-22 17:30:00
7989,2024,9,22,1800,27,25,88.8,2,9999.0,NO,1010,18,0,2024-09-22 18:00:00
7990,2024,9,22,1830,27,25,88.8,1,9999.0,NO,1010,18,30,2024-09-22 18:30:00
7991,2024,9,22,1900,26,25,94.2,2,9999.0,NO,1011,19,0,2024-09-22 19:00:00
7992,2024,9,22,1930,26,25,94.2,2,9999.0,NO,1011,19,30,2024-09-22 19:30:00
7993,2024,9,22,2000,26,25,94.2,2,9999.0,NO,1012,20,0,2024-09-22 20:00:00
7994,2024,9,22,2030,26,25,94.2,2,9999.0,NO,1012,20,30,2024-09-22 20:30:00
7995,2024,9,22,2100,26,25,94.2,2,9999.0,YES,1012,21,0,2024-09-22 21:00:00
7996,2024,9,22,2300,25,25,100.0,2,9999.0,NO,1012,23,0,2024-09-22 23:00:00
7997,2024,9,22,2330,25,25,100.0,3,9999.0,NO,1012,23,30,2024-09-22 23:30:00
7998,2024,9,23,0000,25,25,100.0,3,9999.0,NO,1012,0,0,2024-09-23 00:00:00
7999,2024,9,23,0030,25,25,100.0,3,9999.0,YES,1011,0,30,2024-09-23 00:30:00
8000,2024,9,23,0100,25,25,100.0,4,9999.0,YES,1011,1,0,2024-09-23 01:00:00
8001,2024,9,23,0130,25,25,100.0,2,9999.0,YES,1011,1,30,2024-09-23 01:30:00
8002,2024,9,23,0200,25,24,94.2,3,9999.0,NO,1011,2,0,2024-09-23 02:00:00
8003,2024,9,23,0230,25,24,94.2,3,9999.0,NO,1010,2,30,2024-09-23 02:30:00
8004,2024,9,23,0300,24,24,100.0,2,9999.0,NO,1010,3,0,2024-09-23 03:00:00
8005,2024,9,23,0330,24,24,100.0,2,9999.0,NO,1011,3,30,2024-09-23 03:30:00
8006,2024,9,23,0400,24,24,100.0,2,9999.0,NO,1011,4,0,2024-09-23 04:00:00
8007,2024,9,23,0430,24,24,100.0,2,9999.0,NO,1011,4,30,2024-09-23 04:30:00
8008,2024,9,23,0500,24,24,100.0,2,9999.0,NO,1011,5,0,2024-09-23 05:00:00
8009,2024,9,23,0530,24,24,100.0,2,4000.0,NO,1012,5,30,2024-09-23 05:30:00
8010,2024,9,23,0630,25,25,100.0,3,9999.0,NO,1012,6,30,2024-09-23 06:30:00
8011,2024,9,23,0800,27,25,88.8,5,9999.0,NO,1013,8,0,2024-09-23 08:00:00
8012,2024,9,23,0830,28,25,83.8,5,9999.0,NO,1014,8,30,2024-09-23 08:30:00
8013,2024,9,23,0900,28,24,78.9,6,9999.0,NO,1014,9,0,2024-09-23 09:00:00
8014,2024,9,23,0930,27,24,83.7,4,9999.0,NO,1014,9,30,2024-09-23 09:30:00
8015,2024,9,23,1000,27,24,83.7,5,9999.0,NO,1014,10,0,2024-09-23 10:00:00
8016,2024,9,23,1130,28,25,83.8,5,9999.0,NO,1013,11,30,2024-09-23 11:30:00
8017,2024,9,23,1200,27,25,88.8,3,9999.0,YES,1012,12,0,2024-09-23 12:00:00
8018,2024,9,23,1230,28,25,83.8,6,9999.0,NO,1011,12,30,2024-09-23 12:30:00
8019,2024,9,23,1300,28,24,78.9,6,9999.0,NO,1011,13,0,2024-09-23 13:00:00
8020,2024,9,23,1330,29,24,74.4,5,9999.0,NO,1010,13,30,2024-09-23 13:30:00
8021,2024,9,23,1400,30,24,70.3,4,9999.0,NO,1010,14,0,2024-09-23 14:00:00
8022,2024,9,23,1500,30,24,70.3,3,9999.0,NO,1010,15,0,2024-09-23 15:00:00
8023,2024,9,23,1530,28,24,78.9,3,9999.0,NO,1010,15,30,2024-09-23 15:30:00
8024,2024,9,23,1600,28,24,78.9,2,9999.0,NO,1011,16,0,2024-09-23 16:00:00
8025,2024,9,23,1630,27,24,83.7,2,9999.0,NO,1011,16,30,2024-09-23 16:30:00
8026,2024,9,23,1700,26,24,88.7,3,9999.0,YES,1011,17,0,2024-09-23 17:00:00
8027,2024,9,23,1830,25,24,94.2,2,9999.0,NO,1012,18,30,2024-09-23 18:30:00
8028,2024,9,23,1900,25,24,94.2,0,9999.0,NO,1012,19,0,2024-09-23 19:00:00
8029,2024,9,23,2000,25,24,94.2,4,9999.0,NO,1012,20,0,2024-09-23 20:00:00
8030,2024,9,23,2030,24,24,100.0,2,9999.0,NO,1012,20,30,2024-09-23 20:30:00
8031,2024,9,23,2100,24,24,100.0,0,9999.0,YES,1012,21,0,2024-09-23 21:00:00
8032,2024,9,23,2130,24,24,100.0,0,7000.0,YES,1012,21,30,2024-09-23 21:30:00
8033,2024,9,23,2230,24,24,100.0,1,8000.0,YES,1012,22,30,2024-09-23 22:30:00
8034,2024,9,24,0000,24,24,100.0,0,8000.0,NO,1011,0,0,2024-09-24 00:00:00
8035,2024,9,24,0100,24,24,100.0,2,7000.0,NO,1011,1,0,2024-09-24 01:00:00
8036,2024,9,24,0200,24,24,100.0,3,8000.0,NO,1011,2,0,2024-09-24 02:00:00
8037,2024,9,24,0300,24,24,100.0,2,9999.0,NO,1011,3,0,2024-09-24 03:00:00
8038,2024,9,24,0400,24,24,100.0,3,9999.0,NO,1011,4,0,2024-09-24 04:00:00
8039,2024,9,24,0800,25,24,94.2,5,8000.0,YES,1014,8,0,2024-09-24 08:00:00
8040,2024,9,24,1100,27,24,83.7,4,9999.0,NO,1013,11,0,2024-09-24 11:00:00
8041,2024,9,24,2100,23,23,100.0,0,9999.0,NO,1013,21,0,2024-09-24 21:00:00
8042,2024,9,25,0000,23,23,100.0,0,7000.0,NO,1012,0,0,2024-09-25 00:00:00
8043,2024,9,25,0100,23,23,100.0,1,9999.0,NO,1012,1,0,2024-09-25 01:00:00
8044,2024,9,25,0200,23,22,94.1,1,9999.0,NO,1011,2,0,2024-09-25 02:00:00
8045,2024,9,25,0300,23,23,100.0,1,9999.0,NO,1011,3,0,2024-09-25 03:00:00
8046,2024,9,25,0400,24,24,100.0,2,9999.0,NO,1012,4,0,2024-09-25 04:00:00
8047,2024,9,25,0600,24,24,100.0,0,1200.0,NO,1012,6,0,2024-09-25 06:00:00
8048,2024,9,25,2000,25,25,100.0,0,9999.0,NO,1012,20,0,2024-09-25 20:00:00
8049,2024,9,25,2300,26,25,94.2,0,9999.0,NO,1013,23,0,2024-09-25 23:00:00
8050,2024,9,26,0000,26,25,94.2,0,9999.0,NO,1012,0,0,2024-09-26 00:00:00
8051,2024,9,26,0100,26,25,94.2,0,9999.0,NO,1012,1,0,2024-09-26 01:00:00
8052,2024,9,26,0200,26,25,94.2,0,9999.0,NO,1011,2,0,2024-09-26 02:00:00
8053,2024,9,26,0300,26,25,94.2,0,9999.0,NO,1011,3,0,2024-09-26 03:00:00
8054,2024,9,26,0400,25,25,100.0,1,9999.0,NO,1011,4,0,2024-09-26 04:00:00
8055,2024,9,27,0000,26,25,94.2,4,9999.0,NO,1012,0,0,2024-09-27 00:00:00
8056,2024,9,27,0100,25,25,100.0,2,9999.0,YES,1011,1,0,2024-09-27 01:00:00
8057,2024,9,27,0200,25,25,100.0,3,9999.0,YES,1011,2,0,2024-09-27 02:00:00
8058,2024,9,27,0300,25,25,100.0,0,9999.0,YES,1011,3,0,2024-09-27 03:00:00
8059,2024,9,27,0400,25,25,100.0,0,9999.0,YES,1012,4,0,2024-09-27 04:00:00
8060,2024,9,27,0900,26,24,88.7,4,4500.0,YES,1014,9,0,2024-09-27 09:00:00
8061,2024,9,27,1000,26,25,94.2,2,9999.0,YES,1014,10,0,2024-09-27 10:00:00
8062,2024,9,28,0000,24,24,100.0,2,4000.0,YES,1012,0,0,2024-09-28 00:00:00
8063,2024,9,29,0000,25,25,100.0,1,9999.0,NO,1012,0,0,2024-09-29 00:00:00
8064,2024,9,29,0100,25,24,94.2,1,9999.0,NO,1011,1,0,2024-09-29 01:00:00
8065,2024,9,29,0200,25,24,94.2,0,9999.0,NO,1011,2,0,2024-09-29 02:00:00
8066,2024,9,29,0300,25,24,94.2,2,9999.0,NO,1011,3,0,2024-09-29 03:00:00
8067,2024,9,29,0400,25,24,94.2,2,9999.0,YES,1012,4,0,2024-09-29 04:00:00
8068,2024,9,30,0000,25,24,94.2,5,9999.0,YES,1011,0,0,2024-09-30 00:00:00
8069,2024,9,30,0100,25,24,94.2,4,9999.0,NO,1010,1,0,2024-09-30 01:00:00
8070,2024,9,30,0200,25,24,94.2,3,7000.0,YES,1010,2,0,2024-09-30 02:00:00
8071,2024,9,30,0300,25,24,94.2,4,9999.0,NO,1010,3,0,2024-09-30 03:00:00
8072,2024,9,30,0400,25,25,100.0,3,9999.0,NO,1010,4,0,2024-09-30 04:00:00
8073,2024,9,30,0500,25,24,94.2,1,6000.0,YES,1010,5,0,2024-09-30 05:00:00
8074,2024,10,1,0000,26,25,94.2,2,8000.0,YES,1010,0,0,2024-10-01 00:00:00
8075,2024,10,1,0100,25,25,100.0,2,6000.0,YES,1010,1,0,2024-10-01 01:00:00
8076,2024,10,1,0200,25,25,100.0,0,6000.0,YES,1010,2,0,2024-10-01 02:00:00
8077,2024,10,1,0300,25,25,100.0,0,9999.0,YES,1010,3,0,2024-10-01 03:00:00
8078,2024,10,1,0400,25,24,94.2,2,9999.0,NO,1010,4,0,2024-10-01 04:00:00
8079,2024,10,3,0300,25,24,94.2,1,9999.0,YES,1008,3,0,2024-10-03 03:00:00
8080,2024,10,3,0900,25,25,100.0,2,2000.0,YES,1012,9,0,2024-10-03 09:00:00
8081,2024,10,4,0000,24,24,100.0,1,6000.0,YES,1012,0,0,2024-10-04 00:00:00
8082,2024,10,4,0100,24,24,100.0,2,6000.0,YES,1011,1,0,2024-10-04 01:00:00
8083,2024,10,4,0200,24,24,100.0,2,8000.0,YES,1011,2,0,2024-10-04 02:00:00
8084,2024,10,4,0300,24,24,100.0,0,9999.0,YES,1010,3,0,2024-10-04 03:00:00
8085,2024,10,4,0400,24,24,100.0,1,9999.0,NO,1011,4,0,2024-10-04 04:00:00
8086,2024,10,4,1400,26,25,94.2,2,3200.0,YES,1011,14,0,2024-10-04 14:00:00
8087,2024,10,5,0000,24,24,100.0,3,8000.0,YES,1014,0,0,2024-10-05 00:00:00
8088,2024,10,5,0100,24,24,100.0,3,9999.0,YES,1013,1,0,2024-10-05 01:00:00
8089,2024,10,5,0200,24,23,94.1,2,9999.0,YES,1013,2,0,2024-10-05 02:00:00
8090,2024,10,5,0300,24,24,100.0,2,9999.0,YES,1013,3,0,2024-10-05 03:00:00
8091,2024,10,5,0400,24,24,100.0,0,9999.0,YES,1013,4,0,2024-10-05 04:00:00
8092,2024,10,6,0000,25,25,100.0,2,9999.0,YES,1013,0,0,2024-10-06 00:00:00
8093,2024,10,6,0100,25,24,94.2,1,9999.0,NO,1013,1,0,2024-10-06 01:00:00
8094,2024,10,6,0200,25,24,94.2,1,9999.0,NO,1012,2,0,2024-10-06 02:00:00
8095,2024,10,6,0300,24,24,100.0,0,9999.0,NO,1012,3,0,2024-10-06 03:00:00
8096,2024,10,6,0400,25,24,94.2,2,9999.0,NO,1012,4,0,2024-10-06 04:00:00
8097,2024,10,7,0000,26,24,88.7,1,9999.0,NO,1013,0,0,2024-10-07 00:00:00
8098,2024,10,7,0100,26,25,94.2,1,9999.0,NO,1012,1,0,2024-10-07 01:00:00
8099,2024,10,7,0200,25,24,94.2,0,9999.0,NO,1012,2,0,2024-10-07 02:00:00
8100,2024,10,7,0300,25,25,100.0,0,9999.0,YES,1012,3,0,2024-10-07 03:00:00
8101,2024,10,7,0400,25,25,100.0,0,9999.0,YES,1012,4,0,2024-10-07 04:00:00
8102,2024,10,8,0000,25,24,94.2,0,8000.0,NO,1013,0,0,2024-10-08 00:00:00
8103,2024,10,8,0100,25,24,94.2,1,8000.0,YES,1013,1,0,2024-10-08 01:00:00
8104,2024,10,8,0200,24,24,100.0,3,9999.0,NO,1013,2,0,2024-10-08 02:00:00
8105,2024,10,8,0300,24,24,100.0,4,9999.0,YES,1013,3,0,2024-10-08 03:00:00
8106,2024,10,8,0400,24,24,100.0,3,9999.0,YES,1013,4,0,2024-10-08 04:00:00
8107,2024,10,8,0900,27,24,83.7,3,9999.0,NO,1016,9,0,2024-10-08 09:00:00
8108,2024,10,9,1500,28,25,83.8,4,9999.0,NO,1011,15,0,2024-10-09 15:00:00
8109,2024,10,10,0000,24,24,100.0,1,9999.0,NO,1013,0,0,2024-10-10 00:00:00
8110,2024,10,10,0100,24,24,100.0,4,9999.0,NO,1013,1,0,2024-10-10 01:00:00
8111,2024,10,10,0200,24,24,100.0,4,9999.0,NO,1013,2,0,2024-10-10 02:00:00
8112,2024,10,10,0300,23,23,100.0,0,9999.0,NO,1013,3,0,2024-10-10 03:00:00
8113,2024,10,10,0400,24,23,94.1,0,9999.0,NO,1013,4,0,2024-10-10 04:00:00
8114,2024,10,11,0000,25,25,100.0,2,9999.0,NO,1010,0,0,2024-10-11 00:00:00
8115,2024,10,11,0100,25,24,94.2,0,9999.0,NO,1010,1,0,2024-10-11 01:00:00
8116,2024,10,11,0200,24,24,100.0,0,9999.0,NO,1010,2,0,2024-10-11 02:00:00
8117,2024,10,11,0300,24,24,100.0,1,9999.0,NO,1011,3,0,2024-10-11 03:00:00
8118,2024,10,11,0400,25,25,100.0,1,9999.0,NO,1011,4,0,2024-10-11 04:00:00
8119,2024,10,11,1100,31,25,70.4,3,9999.0,NO,1012,11,0,2024-10-11 11:00:00
8120,2024,10,11,1400,31,26,74.8,4,9999.0,NO,1009,14,0,2024-10-11 14:00:00
8121,2024,10,12,0000,25,25,100.0,2,8000.0,NO,1011,0,0,2024-10-12 00:00:00
8122,2024,10,12,0100,25,25,100.0,6,2500.0,YES,1010,1,0,2024-10-12 01:00:00
8123,2024,10,12,0200,25,25,100.0,2,8000.0,YES,1010,2,0,2024-10-12 02:00:00
8124,2024,10,12,0300,25,25,100.0,1,8000.0,YES,1011,3,0,2024-10-12 03:00:00
8125,2024,10,12,0400,25,25,100.0,3,6000.0,YES,1011,4,0,2024-10-12 04:00:00
8126,2024,10,12,1700,27,25,88.8,1,9999.0,YES,1010,17,0,2024-10-12 17:00:00
8127,2024,10,13,0000,24,23,94.1,1,9999.0,NO,1013,0,0,2024-10-13 00:00:00
8128,2024,10,13,0100,24,23,94.1,3,9999.0,NO,1012,1,0,2024-10-13 01:00:00
8129,2024,10,13,0200,24,24,100.0,2,9999.0,NO,1012,2,0,2024-10-13 02:00:00
8130,2024,10,13,0300,24,24,100.0,1,9999.0,NO,1012,3,0,2024-10-13 03:00:00
8131,2024,10,14,0000,25,24,94.2,3,9999.0,NO,1014,0,0,2024-10-14 00:00:00
8132,2024,10,14,0100,24,23,94.1,3,9999.0,NO,1014,1,0,2024-10-14 01:00:00
8133,2024,10,14,0200,24,23,94.1,2,9999.0,NO,1014,2,0,2024-10-14 02:00:00
8134,2024,10,14,0300,24,24,100.0,2,9999.0,NO,1013,3,0,2024-10-14 03:00:00
8135,2024,10,14,0400,24,24,100.0,2,9999.0,NO,1013,4,0,2024-10-14 04:00:00
8136,2024,10,14,0900,29,24,74.4,0,9999.0,NO,1016,9,0,2024-10-14 09:00:00
8137,2024,10,15,0000,25,24,94.2,2,9999.0,NO,1012,0,0,2024-10-15 00:00:00
8138,2024,10,15,0100,25,25,100.0,2,8000.0,YES,1012,1,0,2024-10-15 01:00:00
8139,2024,10,15,0200,25,25,100.0,2,9999.0,YES,1012,2,0,2024-10-15 02:00:00
8140,2024,10,15,0300,24,24,100.0,2,9999.0,NO,1012,3,0,2024-10-15 03:00:00
8141,2024,10,15,0400,25,24,94.2,2,9999.0,YES,1012,4,0,2024-10-15 04:00:00
8142,2024,10,16,0000,25,24,94.2,3,9999.0,NO,1013,0,0,2024-10-16 00:00:00
8143,2024,10,16,0100,25,24,94.2,4,9999.0,YES,1012,1,0,2024-10-16 01:00:00
8144,2024,10,16,0200,25,24,94.2,2,6000.0,YES,1012,2,0,2024-10-16 02:00:00
8145,2024,10,16,0300,25,24,94.2,3,9999.0,NO,1012,3,0,2024-10-16 03:00:00
8146,2024,10,16,0400,25,24,94.2,2,9999.0,NO,1012,4,0,2024-10-16 04:00:00
8147,2024,10,17,0000,25,24,94.2,3,9999.0,NO,1013,0,0,2024-10-17 00:00:00
8148,2024,10,17,0100,25,24,94.2,2,9999.0,NO,1013,1,0,2024-10-17 01:00:00
8149,2024,10,17,0200,24,24,100.0,2,9999.0,NO,1012,2,0,2024-10-17 02:00:00
8150,2024,10,17,0300,24,24,100.0,3,9999.0,NO,1012,3,0,2024-10-17 03:00:00
8151,2024,10,17,0400,24,24,100.0,3,9999.0,NO,1012,4,0,2024-10-17 04:00:00
8152,2024,10,18,0000,25,25,100.0,2,9999.0,YES,1012,0,0,2024-10-18 00:00:00
8153,2024,10,18,0200,25,25,100.0,4,6000.0,YES,1012,2,0,2024-10-18 02:00:00
8154,2024,10,18,0300,24,24,100.0,2,6000.0,YES,1011,3,0,2024-10-18 03:00:00
8155,2024,10,18,0400,25,24,94.2,3,9999.0,YES,1012,4,0,2024-10-18 04:00:00
8156,2024,10,18,1300,31,26,74.8,4,9999.0,NO,1010,13,0,2024-10-18 13:00:00
8157,2024,10,18,1600,30,25,74.6,10,,NO,1009,16,0,2024-10-18 16:00:00
8158,2024,10,19,0000,25,25,100.0,0,9999.0,NO,1011,0,0,2024-10-19 00:00:00
8159,2024,10,19,0100,25,24,94.2,3,9999.0,NO,1011,1,0,2024-10-19 01:00:00
8160,2024,10,19,0200,24,24,100.0,1,9999.0,NO,1011,2,0,2024-10-19 02:00:00
8161,2024,10,19,0300,25,24,94.2,3,9999.0,NO,1010,3,0,2024-10-19 03:00:00
8162,2024,10,19,0400,25,24,94.2,2,9999.0,NO,1011,4,0,2024-10-19 04:00:00
8163,2024,10,19,1700,28,26,88.9,1,9999.0,YES,1010,17,0,2024-10-19 17:00:00
8164,2024,10,19,1800,27,26,94.3,2,9999.0,YES,1010,18,0,2024-10-19 18:00:00
8165,2024,10,20,0000,25,24,94.2,4,9999.0,YES,1012,0,0,2024-10-20 00:00:00
8166,2024,10,20,0100,25,23,88.7,3,9999.0,YES,1011,1,0,2024-10-20 01:00:00
8167,2024,10,20,0200,25,23,88.7,3,9999.0,YES,1011,2,0,2024-10-20 02:00:00
8168,2024,10,20,0300,24,24,100.0,0,9999.0,NO,1011,3,0,2024-10-20 03:00:00
8169,2024,10,20,0400,24,24,100.0,0,9999.0,NO,1011,4,0,2024-10-20 04:00:00
8170,2024,10,21,0000,24,23,94.1,0,8000.0,NO,1011,0,0,2024-10-21 00:00:00
8171,2024,10,21,0100,24,24,100.0,1,8000.0,NO,1011,1,0,2024-10-21 01:00:00
8172,2024,10,21,0200,24,24,100.0,2,8000.0,NO,1012,2,0,2024-10-21 02:00:00
8173,2024,10,21,0300,24,24,100.0,2,6000.0,NO,1011,3,0,2024-10-21 03:00:00
8174,2024,10,21,2000,27,25,88.8,1,9999.0,NO,1012,20,0,2024-10-21 20:00:00
8175,2024,10,21,2300,26,26,100.0,3,9999.0,NO,1012,23,0,2024-10-21 23:00:00
8176,2024,10,22,0000,26,25,94.2,1,9999.0,NO,1011,0,0,2024-10-22 00:00:00
8177,2024,10,22,0100,26,25,94.2,2,8000.0,YES,1011,1,0,2024-10-22 01:00:00
8178,2024,10,22,0200,25,25,100.0,2,8000.0,YES,1012,2,0,2024-10-22 02:00:00
8179,2024,10,22,0300,25,25,100.0,2,9999.0,YES,1011,3,0,2024-10-22 03:00:00
8180,2024,10,22,0400,26,25,94.2,2,8000.0,YES,1012,4,0,2024-10-22 04:00:00
8181,2024,10,22,0900,27,25,88.8,2,9999.0,NO,1013,9,0,2024-10-22 09:00:00
8182,2024,10,22,1000,27,25,88.8,2,9999.0,NO,1013,10,0,2024-10-22 10:00:00
8183,2024,10,22,1500,31,27,79.3,2,9999.0,NO,1008,15,0,2024-10-22 15:00:00
8184,2024,10,22,1600,29,26,83.9,2,9999.0,NO,1009,16,0,2024-10-22 16:00:00
8185,2024,10,22,1700,29,26,83.9,2,9999.0,NO,1009,17,0,2024-10-22 17:00:00
8186,2024,10,23,0000,26,25,94.2,0,9999.0,NO,1011,0,0,2024-10-23 00:00:00
8187,2024,10,23,0100,25,25,100.0,0,9999.0,NO,1010,1,0,2024-10-23 01:00:00
8188,2024,10,23,0200,25,25,100.0,1,9999.0,NO,1010,2,0,2024-10-23 02:00:00
8189,2024,10,23,0300,25,25,100.0,1,9999.0,NO,1011,3,0,2024-10-23 03:00:00
8190,2024,10,23,0400,25,25,100.0,1,9999.0,NO,1011,4,0,2024-10-23 04:00:00
8191,2024,10,23,1600,29,25,79.0,3,9999.0,NO,1008,16,0,2024-10-23 16:00:00
8192,2024,10,23,2300,26,26,100.0,1,9999.0,NO,1011,23,0,2024-10-23 23:00:00
8193,2024,10,24,0000,26,26,100.0,1,9999.0,NO,1010,0,0,2024-10-24 00:00:00
8194,2024,10,24,0100,26,26,100.0,1,9999.0,NO,1010,1,0,2024-10-24 01:00:00
8195,2024,10,24,0200,26,26,100.0,2,9999.0,YES,1010,2,0,2024-10-24 02:00:00
8196,2024,10,24,0300,26,26,100.0,2,9999.0,NO,1010,3,0,2024-10-24 03:00:00
8197,2024,10,24,0400,25,25,100.0,1,9999.0,YES,1010,4,0,2024-10-24 04:00:00
8198,2024,10,24,0700,23,23,100.0,9,1000.0,YES,1013,7,0,2024-10-24 07:00:00
8199,2024,10,24,1100,26,24,88.7,2,9999.0,YES,1013,11,0,2024-10-24 11:00:00
8200,2024,10,25,0000,24,24,100.0,2,8000.0,NO,1011,0,0,2024-10-25 00:00:00
8201,2024,10,25,0100,24,24,100.0,1,8000.0,NO,1011,1,0,2024-10-25 01:00:00
8202,2024,10,25,0200,24,24,100.0,2,8000.0,NO,1011,2,0,2024-10-25 02:00:00
8203,2024,10,25,0300,24,24,100.0,3,9999.0,NO,1011,3,0,2024-10-25 03:00:00
8204,2024,10,25,0400,24,23,94.1,4,9999.0,NO,1011,4,0,2024-10-25 04:00:00
8205,2024,10,25,0900,30,25,74.6,2,9999.0,NO,1013,9,0,2024-10-25 09:00:00
8206,2024,10,25,1300,31,25,70.4,4,9999.0,NO,1010,13,0,2024-10-25 13:00:00
8207,2024,10,26,0000,25,24,94.2,1,9999.0,NO,1011,0,0,2024-10-26 00:00:00
8208,2024,10,26,0100,25,24,94.2,2,9999.0,NO,1011,1,0,2024-10-26 01:00:00
8209,2024,10,26,0200,25,24,94.2,2,8000.0,NO,1011,2,0,2024-10-26 02:00:00
8210,2024,10,26,0300,25,24,94.2,3,9999.0,NO,1011,3,0,2024-10-26 03:00:00
8211,2024,10,26,0400,25,24,94.2,0,9999.0,NO,1011,4,0,2024-10-26 04:00:00
8212,2024,10,26,0500,24,23,94.1,0,7000.0,NO,1012,5,0,2024-10-26 05:00:00
8213,2024,10,26,0600,24,24,100.0,1,6000.0,NO,1012,6,0,2024-10-26 06:00:00
8214,2024,10,26,0700,26,24,88.7,0,3500.0,NO,1013,7,0,2024-10-26 07:00:00
8215,2024,10,26,0800,29,25,79.0,2,4000.0,NO,1013,8,0,2024-10-26 08:00:00
8216,2024,10,26,0900,30,25,74.6,3,6000.0,NO,1013,9,0,2024-10-26 09:00:00
8217,2024,10,26,1000,33,25,62.9,1,9999.0,NO,1012,10,0,2024-10-26 10:00:00
8218,2024,10,26,1100,31,25,70.4,3,9999.0,NO,1012,11,0,2024-10-26 11:00:00
8219,2024,10,26,1200,33,26,66.8,3,9999.0,NO,1011,12,0,2024-10-26 12:00:00
8220,2024,10,26,1300,33,25,62.9,4,9999.0,NO,1010,13,0,2024-10-26 13:00:00
8221,2024,10,26,1400,32,25,66.6,5,9999.0,NO,1009,14,0,2024-10-26 14:00:00
8222,2024,10,26,1500,31,25,70.4,4,9999.0,NO,1008,15,0,2024-10-26 15:00:00
8223,2024,10,26,1600,31,25,70.4,3,9999.0,YES,1008,16,0,2024-10-26 16:00:00
8224,2024,10,26,1700,29,25,79.0,4,9999.0,YES,1009,17,0,2024-10-26 17:00:00
8225,2024,10,26,1800,28,25,83.8,3,9999.0,YES,1010,18,0,2024-10-26 18:00:00
8226,2024,10,26,1900,27,25,88.8,2,9999.0,NO,1010,19,0,2024-10-26 19:00:00
8227,2024,10,26,2000,26,25,94.2,4,9999.0,NO,1011,20,0,2024-10-26 20:00:00
8228,2024,10,26,2100,25,24,94.2,2,9999.0,NO,1012,21,0,2024-10-26 21:00:00
8229,2024,10,26,2200,25,24,94.2,2,9999.0,NO,1012,22,0,2024-10-26 22:00:00
8230,2024,10,26,2300,25,24,94.2,0,9999.0,NO,1012,23,0,2024-10-26 23:00:00
8231,2024,10,27,0000,25,24,94.2,0,9999.0,NO,1011,0,0,2024-10-27 00:00:00
8232,2024,10,27,0100,25,24,94.2,1,9999.0,NO,1010,1,0,2024-10-27 01:00:00
8233,2024,10,27,0200,25,24,94.2,1,9999.0,NO,1010,2,0,2024-10-27 02:00:00
8234,2024,10,27,0300,25,24,94.2,1,9999.0,NO,1010,3,0,2024-10-27 03:00:00
8235,2024,10,27,0400,24,24,100.0,1,9999.0,NO,1010,4,0,2024-10-27 04:00:00
8236,2024,10,27,0500,24,24,100.0,0,8000.0,NO,1010,5,0,2024-10-27 05:00:00
8237,2024,10,27,0600,25,24,94.2,2,7000.0,NO,1011,6,0,2024-10-27 06:00:00
8238,2024,10,27,0700,27,25,88.8,2,4000.0,NO,1012,7,0,2024-10-27 07:00:00
8239,2024,10,27,0800,30,25,74.6,2,8000.0,NO,1012,8,0,2024-10-27 08:00:00
8240,2024,10,27,0900,32,26,70.6,4,8000.0,NO,1012,9,0,2024-10-27 09:00:00
8241,2024,10,27,1000,32,26,70.6,3,9999.0,NO,1011,10,0,2024-10-27 10:00:00
8242,2024,10,27,1100,31,26,74.8,3,9999.0,NO,1010,11,0,2024-10-27 11:00:00
8243,2024,10,27,1200,32,25,66.6,2,9999.0,NO,1009,12,0,2024-10-27 12:00:00
8244,2024,10,27,1300,31,26,74.8,4,9999.0,YES,1008,13,0,2024-10-27 13:00:00
8245,2024,10,27,1400,30,26,79.2,4,9999.0,YES,1007,14,0,2024-10-27 14:00:00
8246,2024,10,27,1600,24,23,94.1,2,9999.0,YES,1008,16,0,2024-10-27 16:00:00
8247,2024,10,27,1700,24,24,100.0,2,9999.0,YES,1009,17,0,2024-10-27 17:00:00
8248,2024,10,27,1800,24,24,100.0,1,9999.0,YES,1010,18,0,2024-10-27 18:00:00
8249,2024,10,27,1900,25,24,94.2,3,8000.0,YES,1011,19,0,2024-10-27 19:00:00
8250,2024,10,27,2000,25,25,100.0,2,9999.0,YES,1012,20,0,2024-10-27 20:00:00
8251,2024,10,27,2100,25,24,94.2,2,9999.0,YES,1012,21,0,2024-10-27 21:00:00
8252,2024,10,27,2200,25,24,94.2,0,9999.0,YES,1011,22,0,2024-10-27 22:00:00
8253,2024,10,27,2300,24,24,100.0,2,9999.0,YES,1011,23,0,2024-10-27 23:00:00
8254,2024,10,28,0000,24,23,94.1,2,9999.0,YES,1010,0,0,2024-10-28 00:00:00
8255,2024,10,28,0100,24,24,100.0,2,9999.0,YES,1010,1,0,2024-10-28 01:00:00
8256,2024,10,28,0200,24,24,100.0,2,9999.0,YES,1010,2,0,2024-10-28 02:00:00
8257,2024,10,28,0300,24,24,100.0,2,9999.0,NO,1010,3,0,2024-10-28 03:00:00
8258,2024,10,28,0400,24,24,100.0,2,9999.0,NO,1010,4,0,2024-10-28 04:00:00
8259,2024,10,28,0500,24,24,100.0,2,9999.0,NO,1010,5,0,2024-10-28 05:00:00
8260,2024,10,28,0600,25,24,94.2,5,6000.0,NO,1011,6,0,2024-10-28 06:00:00
8261,2024,10,28,0700,26,25,94.2,1,7000.0,YES,1011,7,0,2024-10-28 07:00:00
8262,2024,10,28,0800,28,25,83.8,1,7000.0,NO,1012,8,0,2024-10-28 08:00:00
8263,2024,10,28,0900,30,25,74.6,3,9999.0,NO,1012,9,0,2024-10-28 09:00:00
8264,2024,10,28,1000,31,26,74.8,2,9999.0,NO,1012,10,0,2024-10-28 10:00:00
8265,2024,10,28,1100,31,26,74.8,3,9999.0,NO,1011,11,0,2024-10-28 11:00:00
8266,2024,10,28,1200,32,25,66.6,4,9999.0,NO,1009,12,0,2024-10-28 12:00:00
8267,2024,10,29,0000,25,24,94.2,3,8000.0,YES,1010,0,0,2024-10-29 00:00:00
8268,2024,10,29,0100,24,24,100.0,0,8000.0,YES,1010,1,0,2024-10-29 01:00:00
8269,2024,10,29,0200,25,24,94.2,2,8000.0,YES,1010,2,0,2024-10-29 02:00:00
8270,2024,10,29,0300,25,24,94.2,0,8000.0,YES,1010,3,0,2024-10-29 03:00:00
8271,2024,10,29,0400,25,24,94.2,2,8000.0,YES,1010,4,0,2024-10-29 04:00:00
8272,2024,10,30,0000,24,24,100.0,3,9999.0,NO,1011,0,0,2024-10-30 00:00:00
8273,2024,10,30,0100,24,24,100.0,2,9999.0,NO,1010,1,0,2024-10-30 01:00:00
8274,2024,10,30,0200,24,24,100.0,0,9999.0,NO,1010,2,0,2024-10-30 02:00:00
8275,2024,10,30,0300,24,24,100.0,0,9999.0,NO,1010,3,0,2024-10-30 03:00:00
8276,2024,10,30,0400,24,24,100.0,0,9999.0,NO,1011,4,0,2024-10-30 04:00:00
8277,2024,10,30,0500,25,24,94.2,1,6000.0,NO,1011,5,0,2024-10-30 05:00:00
8278,2024,10,30,0800,28,25,83.8,2,9999.0,NO,1013,8,0,2024-10-30 08:00:00
8279,2024,10,31,0000,25,25,100.0,0,9999.0,NO,1011,0,0,2024-10-31 00:00:00
8280,2024,10,31,0100,26,25,94.2,2,6000.0,YES,1010,1,0,2024-10-31 01:00:00
8281,2024,10,31,0200,25,25,100.0,2,8000.0,YES,1010,2,0,2024-10-31 02:00:00
8282,2024,10,31,0300,25,25,100.0,3,8000.0,YES,1010,3,0,2024-10-31 03:00:00
8283,2024,10,31,0400,25,25,100.0,1,7000.0,YES,1010,4,0,2024-10-31 04:00:00
8284,2024,10,31,1300,29,25,79.0,2,9999.0,NO,1009,13,0,2024-10-31 13:00:00
8285,2024,11,1,0000,25,25,100.0,0,9999.0,YES,1011,0,0,2024-11-01 00:00:00
8286,2024,11,1,0100,25,25,100.0,2,9999.0,NO,1010,1,0,2024-11-01 01:00:00
8287,2024,11,1,0200,25,25,100.0,3,9999.0,NO,1009,2,0,2024-11-01 02:00:00
8288,2024,11,1,0300,25,25,100.0,3,9999.0,YES,1009,3,0,2024-11-01 03:00:00
8289,2024,11,1,0400,25,25,100.0,3,9999.0,YES,1010,4,0,2024-11-01 04:00:00
8290,2024,11,2,0000,24,23,94.1,3,8000.0,YES,1011,0,0,2024-11-02 00:00:00
8291,2024,11,2,0100,24,24,100.0,2,8000.0,NO,1011,1,0,2024-11-02 01:00:00
8292,2024,11,2,0200,24,23,94.1,1,8000.0,NO,1010,2,0,2024-11-02 02:00:00
8293,2024,11,2,0300,24,23,94.1,3,8000.0,NO,1009,3,0,2024-11-02 03:00:00
8294,2024,11,2,0400,24,24,100.0,2,8000.0,YES,1010,4,0,2024-11-02 04:00:00
8295,2024,11,2,0500,24,23,94.1,2,8000.0,YES,1010,5,0,2024-11-02 05:00:00
8296,2024,11,2,2200,25,25,100.0,2,9999.0,NO,1012,22,0,2024-11-02 22:00:00
8297,2024,11,3,0000,25,25,100.0,2,8000.0,NO,1011,0,0,2024-11-03 00:00:00
8298,2024,11,3,0100,25,25,100.0,1,9999.0,NO,1011,1,0,2024-11-03 01:00:00
8299,2024,11,3,0200,25,25,100.0,2,9999.0,NO,1011,2,0,2024-11-03 02:00:00
8300,2024,11,3,0300,25,24,94.2,0,9999.0,NO,1011,3,0,2024-11-03 03:00:00
8301,2024,11,3,0400,25,24,94.2,2,9999.0,NO,1011,4,0,2024-11-03 04:00:00
8302,2024,11,3,1300,26,24,88.7,11,,YES,1011,13,0,2024-11-03 13:00:00
8303,2024,11,4,0000,26,25,94.2,1,9999.0,YES,1012,0,0,2024-11-04 00:00:00
8304,2024,11,4,0100,26,25,94.2,0,9999.0,NO,1011,1,0,2024-11-04 01:00:00
8305,2024,11,4,0200,25,25,100.0,0,9999.0,YES,1011,2,0,2024-11-04 02:00:00
8306,2024,11,4,0300,25,25,100.0,0,9999.0,YES,1011,3,0,2024-11-04 03:00:00
8307,2024,11,4,0400,25,25,100.0,2,9999.0,YES,1011,4,0,2024-11-04 04:00:00
8308,2024,11,4,1100,25,23,88.7,2,9999.0,NO,1012,11,0,2024-11-04 11:00:00
8309,2024,11,5,0100,25,25,100.0,3,9999.0,NO,1010,1,0,2024-11-05 01:00:00
8310,2024,11,5,0200,25,25,100.0,1,9999.0,NO,1010,2,0,2024-11-05 02:00:00
8311,2024,11,5,0300,25,25,100.0,0,9999.0,YES,1010,3,0,2024-11-05 03:00:00
8312,2024,11,5,0400,25,25,100.0,0,9999.0,NO,1010,4,0,2024-11-05 04:00:00
8313,2024,11,6,0000,25,25,100.0,1,7000.0,NO,1008,0,0,2024-11-06 00:00:00
8314,2024,11,6,0100,25,25,100.0,0,8000.0,NO,1008,1,0,2024-11-06 01:00:00
8315,2024,11,6,0200,25,25,100.0,0,8000.0,NO,1008,2,0,2024-11-06 02:00:00
8316,2024,11,6,0300,25,25,100.0,2,8000.0,NO,1008,3,0,2024-11-06 03:00:00
8317,2024,11,6,0400,25,25,100.0,2,9999.0,NO,1008,4,0,2024-11-06 04:00:00
8318,2024,11,6,1200,29,26,83.9,2,9999.0,YES,1008,12,0,2024-11-06 12:00:00
8319,2024,11,7,0000,24,23,94.1,3,9999.0,YES,1010,0,0,2024-11-07 00:00:00
8320,2024,11,7,0100,24,24,100.0,2,9999.0,YES,1009,1,0,2024-11-07 01:00:00
8321,2024,11,7,0200,24,24,100.0,1,9999.0,YES,1009,2,0,2024-11-07 02:00:00
8322,2024,11,7,0300,24,24,100.0,3,9999.0,NO,1008,3,0,2024-11-07 03:00:00
8323,2024,11,7,0400,24,24,100.0,3,9999.0,NO,1009,4,0,2024-11-07 04:00:00
8324,2024,11,8,0000,26,25,94.2,1,9999.0,NO,1010,0,0,2024-11-08 00:00:00
8325,2024,11,8,0100,26,25,94.2,2,9999.0,NO,1010,1,0,2024-11-08 01:00:00
8326,2024,11,8,0200,26,25,94.2,1,9999.0,NO,1010,2,0,2024-11-08 02:00:00
8327,2024,11,8,0300,26,25,94.2,2,9999.0,YES,1010,3,0,2024-11-08 03:00:00
8328,2024,11,8,0400,26,25,94.2,2,9999.0,NO,1010,4,0,2024-11-08 04:00:00
8329,2024,11,9,0000,27,26,94.3,3,6000.0,YES,1012,0,0,2024-11-09 00:00:00
8330,2024,11,9,0100,25,24,94.2,11,,YES,1011,1,0,2024-11-09 01:00:00
8331,2024,11,9,0200,24,24,100.0,0,9999.0,YES,1010,2,0,2024-11-09 02:00:00
8332,2024,11,9,0300,24,24,100.0,0,9999.0,YES,1010,3,0,2024-11-09 03:00:00
8333,2024,11,9,0400,24,24,100.0,0,9999.0,NO,1010,4,0,2024-11-09 04:00:00
8334,2024,11,9,1500,28,25,83.8,3,9999.0,NO,1009,15,0,2024-11-09 15:00:00
8335,2024,11,10,0000,25,24,94.2,2,9999.0,NO,1013,0,0,2024-11-10 00:00:00
8336,2024,11,10,0100,25,24,94.2,3,9999.0,NO,1012,1,0,2024-11-10 01:00:00
8337,2024,11,10,0200,25,24,94.2,3,8000.0,YES,1012,2,0,2024-11-10 02:00:00
8338,2024,11,10,0300,24,24,100.0,5,8000.0,YES,1012,3,0,2024-11-10 03:00:00
8339,2024,11,10,0400,24,24,100.0,4,8000.0,YES,1012,4,0,2024-11-10 04:00:00
8340,2024,11,10,1600,29,25,79.0,4,9999.0,NO,1010,16,0,2024-11-10 16:00:00
8341,2024,11,11,0000,25,24,94.2,1,8000.0,NO,1010,0,0,2024-11-11 00:00:00
8342,2024,11,11,0100,25,24,94.2,1,9999.0,NO,1010,1,0,2024-11-11 01:00:00
8343,2024,11,11,0200,25,24,94.2,2,9999.0,NO,1009,2,0,2024-11-11 02:00:00
8344,2024,11,11,0300,25,25,100.0,2,9999.0,NO,1009,3,0,2024-11-11 03:00:00
8345,2024,11,11,0400,25,24,94.2,2,9999.0,NO,1009,4,0,2024-11-11 04:00:00
8346,2024,11,12,0000,26,26,100.0,1,9999.0,NO,1009,0,0,2024-11-12 00:00:00
8347,2024,11,12,0100,26,25,94.2,1,9999.0,NO,1008,1,0,2024-11-12 01:00:00
8348,2024,11,12,0200,25,25,100.0,0,9999.0,NO,1008,2,0,2024-11-12 02:00:00
8349,2024,11,12,0300,25,25,100.0,2,9999.0,NO,1008,3,0,2024-11-12 03:00:00
8350,2024,11,12,0400,26,25,94.2,2,9999.0,NO,1008,4,0,2024-11-12 04:00:00
8351,2024,11,12,1100,31,26,74.8,3,9999.0,NO,1009,11,0,2024-11-12 11:00:00
8352,2024,11,12,1500,31,26,74.8,4,9999.0,NO,1006,15,0,2024-11-12 15:00:00
8353,2024,11,13,0000,26,26,100.0,0,9999.0,NO,1009,0,0,2024-11-13 00:00:00
8354,2024,11,13,0100,26,25,94.2,0,9999.0,NO,1009,1,0,2024-11-13 01:00:00
8355,2024,11,13,0200,26,26,100.0,2,9999.0,NO,1008,2,0,2024-11-13 02:00:00
8356,2024,11,13,0300,26,26,100.0,2,9999.0,NO,1008,3,0,2024-11-13 03:00:00
8357,2024,11,13,0400,26,26,100.0,2,9999.0,NO,1009,4,0,2024-11-13 04:00:00
8358,2024,11,13,1000,31,26,74.8,4,9999.0,YES,1010,10,0,2024-11-13 10:00:00
8359,2024,11,14,0000,24,23,94.1,2,9999.0,NO,1010,0,0,2024-11-14 00:00:00
8360,2024,11,14,0100,24,23,94.1,2,9999.0,YES,1009,1,0,2024-11-14 01:00:00
8361,2024,11,14,0200,24,23,94.1,2,9999.0,NO,1009,2,0,2024-11-14 02:00:00
8362,2024,11,14,0300,24,23,94.1,1,8000.0,YES,1009,3,0,2024-11-14 03:00:00
8363,2024,11,14,0400,24,24,100.0,3,8000.0,YES,1009,4,0,2024-11-14 04:00:00
8364,2024,11,15,0000,24,24,100.0,2,4000.0,YES,1009,0,0,2024-11-15 00:00:00
8365,2024,11,15,0100,24,24,100.0,4,9999.0,YES,1009,1,0,2024-11-15 01:00:00
8366,2024,11,15,0200,24,24,100.0,1,9999.0,YES,1009,2,0,2024-11-15 02:00:00
8367,2024,11,15,0300,24,24,100.0,0,9999.0,YES,1008,3,0,2024-11-15 03:00:00
8368,2024,11,15,0400,24,24,100.0,2,9999.0,NO,1009,4,0,2024-11-15 04:00:00
8369,2024,11,16,0000,24,24,100.0,1,8000.0,NO,1010,0,0,2024-11-16 00:00:00
8370,2024,11,16,0100,25,24,94.2,0,8000.0,NO,1010,1,0,2024-11-16 01:00:00
8371,2024,11,16,0200,25,25,100.0,0,8000.0,NO,1009,2,0,2024-11-16 02:00:00
8372,2024,11,16,0300,25,25,100.0,1,8000.0,NO,1009,3,0,2024-11-16 03:00:00
8373,2024,11,16,0400,25,25,100.0,2,8000.0,NO,1009,4,0,2024-11-16 04:00:00
8374,2024,11,16,0900,29,26,83.9,2,9999.0,NO,1011,9,0,2024-11-16 09:00:00
8375,2024,11,16,2300,25,25,100.0,2,9999.0,NO,1010,23,0,2024-11-16 23:00:00
8376,2024,11,17,0000,25,25,100.0,2,9999.0,NO,1010,0,0,2024-11-17 00:00:00
8377,2024,11,17,0100,25,25,100.0,3,9999.0,NO,1010,1,0,2024-11-17 01:00:00
8378,2024,11,17,0200,25,25,100.0,2,9999.0,NO,1009,2,0,2024-11-17 02:00:00
8379,2024,11,17,0300,25,25,100.0,1,9999.0,NO,1009,3,0,2024-11-17 03:00:00
8380,2024,11,17,0400,26,25,94.2,2,9999.0,NO,1009,4,0,2024-11-17 04:00:00
8381,2024,11,17,0600,26,25,94.2,2,8000.0,NO,1010,6,0,2024-11-17 06:00:00
8382,2024,11,18,0000,26,25,94.2,2,9999.0,YES,1010,0,0,2024-11-18 00:00:00
8383,2024,11,18,0100,25,24,94.2,2,9999.0,NO,1010,1,0,2024-11-18 01:00:00
8384,2024,11,18,0200,25,24,94.2,0,9999.0,NO,1009,2,0,2024-11-18 02:00:00
8385,2024,11,18,0300,25,25,100.0,1,9999.0,NO,1010,3,0,2024-11-18 03:00:00
8386,2024,11,18,0400,25,25,100.0,0,9999.0,NO,1010,4,0,2024-11-18 04:00:00
8387,2024,11,18,0500,25,25,100.0,0,8000.0,NO,1010,5,0,2024-11-18 05:00:00
8388,2024,11,18,1200,32,25,66.6,3,9999.0,NO,1009,12,0,2024-11-18 12:00:00
8389,2024,11,19,0000,26,25,94.2,2,8000.0,NO,1011,0,0,2024-11-19 00:00:00
8390,2024,11,19,0100,26,25,94.2,3,8000.0,NO,1010,1,0,2024-11-19 01:00:00
8391,2024,11,19,0200,25,25,100.0,2,9999.0,NO,1010,2,0,2024-11-19 02:00:00
8392,2024,11,19,0300,25,25,100.0,2,9999.0,NO,1010,3,0,2024-11-19 03:00:00
8393,2024,11,19,0400,25,25,100.0,2,9999.0,NO,1010,4,0,2024-11-19 04:00:00
8394,2024,11,19,0500,25,25,100.0,2,9999.0,NO,1011,5,0,2024-11-19 05:00:00
8395,2024,11,19,0900,30,26,79.2,4,9999.0,NO,1012,9,0,2024-11-19 09:00:00
8396,2024,11,19,1500,32,26,70.6,4,9999.0,NO,1008,15,0,2024-11-19 15:00:00
8397,2024,11,20,0000,26,26,100.0,2,9999.0,NO,1011,0,0,2024-11-20 00:00:00
8398,2024,11,20,0200,26,26,100.0,2,9999.0,NO,1010,2,0,2024-11-20 02:00:00
8399,2024,11,20,0300,26,26,100.0,2,9999.0,NO,1010,3,0,2024-11-20 03:00:00
8400,2024,11,20,0400,26,26,100.0,3,9999.0,NO,1011,4,0,2024-11-20 04:00:00
8401,2024,11,20,0500,26,26,100.0,2,5000.0,NO,1011,5,0,2024-11-20 05:00:00
8402,2024,11,20,2300,27,26,94.3,2,9999.0,NO,1011,23,0,2024-11-20 23:00:00
8403,2024,11,21,0000,26,26,100.0,0,9999.0,NO,1011,0,0,2024-11-21 00:00:00
8404,2024,11,21,0100,26,26,100.0,3,9999.0,NO,1010,1,0,2024-11-21 01:00:00
8405,2024,11,21,0200,26,25,94.2,2,9999.0,NO,1010,2,0,2024-11-21 02:00:00
8406,2024,11,21,0300,26,25,94.2,2,9999.0,NO,1010,3,0,2024-11-21 03:00:00
8407,2024,11,21,0400,26,26,100.0,2,9999.0,NO,1010,4,0,2024-11-21 04:00:00
8408,2024,11,22,0000,26,25,94.2,1,9999.0,NO,1011,0,0,2024-11-22 00:00:00
8409,2024,11,22,0100,26,25,94.2,0,9999.0,YES,1011,1,0,2024-11-22 01:00:00
8410,2024,11,22,0200,26,25,94.2,2,9999.0,NO,1010,2,0,2024-11-22 02:00:00
8411,2024,11,22,0300,25,25,100.0,3,9999.0,NO,1010,3,0,2024-11-22 03:00:00
8412,2024,11,22,0400,25,25,100.0,4,9999.0,NO,1011,4,0,2024-11-22 04:00:00
8413,2024,11,22,0700,28,26,88.9,4,6000.0,NO,1012,7,0,2024-11-22 07:00:00
8414,2024,11,22,1400,33,25,62.9,4,9999.0,NO,1009,14,0,2024-11-22 14:00:00
8415,2024,11,23,0000,25,25,100.0,2,8000.0,YES,1012,0,0,2024-11-23 00:00:00
8416,2024,11,23,0100,24,24,100.0,0,9999.0,NO,1011,1,0,2024-11-23 01:00:00
8417,2024,11,23,0200,24,24,100.0,2,7000.0,YES,1011,2,0,2024-11-23 02:00:00
8418,2024,11,23,0300,24,24,100.0,3,8000.0,YES,1011,3,0,2024-11-23 03:00:00
8419,2024,11,23,0400,24,23,94.1,0,9999.0,NO,1011,4,0,2024-11-23 04:00:00
8420,2024,11,23,1400,33,25,62.9,4,9999.0,NO,1009,14,0,2024-11-23 14:00:00
8421,2024,11,24,0000,26,25,94.2,0,8000.0,NO,1012,0,0,2024-11-24 00:00:00
8422,2024,11,24,0100,26,25,94.2,0,8000.0,NO,1011,1,0,2024-11-24 01:00:00
8423,2024,11,24,0200,25,25,100.0,2,8000.0,NO,1011,2,0,2024-11-24 02:00:00
8424,2024,11,24,0300,25,25,100.0,0,9999.0,NO,1011,3,0,2024-11-24 03:00:00
8425,2024,11,24,0400,25,25,100.0,0,9999.0,NO,1011,4,0,2024-11-24 04:00:00
8426,2024,11,24,1200,33,26,66.8,3,9999.0,NO,1010,12,0,2024-11-24 12:00:00
8427,2024,11,25,0000,26,26,100.0,0,9999.0,NO,1011,0,0,2024-11-25 00:00:00
8428,2024,11,25,0100,26,25,94.2,2,9999.0,NO,1011,1,0,2024-11-25 01:00:00
8429,2024,11,25,0200,26,25,94.2,2,9999.0,NO,1010,2,0,2024-11-25 02:00:00
8430,2024,11,25,0300,26,25,94.2,2,9999.0,NO,1010,3,0,2024-11-25 03:00:00
8431,2024,11,25,0400,25,25,100.0,2,9999.0,NO,1010,4,0,2024-11-25 04:00:00
8432,2024,11,25,0500,26,26,100.0,1,9999.0,NO,1011,5,0,2024-11-25 05:00:00
8433,2024,11,25,2300,25,24,94.2,4,6000.0,YES,1013,23,0,2024-11-25 23:00:00
8434,2024,11,26,0000,25,24,94.2,0,9999.0,NO,1012,0,0,2024-11-26 00:00:00
8435,2024,11,26,0100,25,24,94.2,2,9999.0,NO,1011,1,0,2024-11-26 01:00:00
8436,2024,11,26,0200,25,24,94.2,2,8000.0,YES,1011,2,0,2024-11-26 02:00:00
8437,2024,11,26,0300,25,25,100.0,1,8000.0,YES,1011,3,0,2024-11-26 03:00:00
8438,2024,11,26,0400,25,25,100.0,1,9999.0,YES,1011,4,0,2024-11-26 04:00:00
8439,2024,11,27,0000,26,25,94.2,4,9999.0,YES,1012,0,0,2024-11-27 00:00:00
8440,2024,11,27,0100,25,25,100.0,3,9999.0,YES,1011,1,0,2024-11-27 01:00:00
8441,2024,11,27,0200,25,24,94.2,2,9999.0,YES,1011,2,0,2024-11-27 02:00:00
8442,2024,11,27,0300,25,24,94.2,2,9999.0,NO,1011,3,0,2024-11-27 03:00:00
8443,2024,11,27,0400,24,24,100.0,3,9999.0,NO,1011,4,0,2024-11-27 04:00:00
8444,2024,11,27,1700,28,25,83.8,4,9999.0,NO,1010,17,0,2024-11-27 17:00:00
8445,2024,11,28,0000,26,25,94.2,4,9999.0,YES,1012,0,0,2024-11-28 00:00:00
8446,2024,11,28,0200,25,24,94.2,0,9999.0,NO,1012,2,0,2024-11-28 02:00:00
8447,2024,11,28,0300,25,24,94.2,1,9999.0,NO,1011,3,0,2024-11-28 03:00:00
8448,2024,11,28,0400,24,24,100.0,0,9999.0,NO,1012,4,0,2024-11-28 04:00:00
8449,2024,11,29,0000,26,26,100.0,2,9999.0,NO,1012,0,0,2024-11-29 00:00:00
8450,2024,11,29,0100,26,26,100.0,2,8000.0,NO,1011,1,0,2024-11-29 01:00:00
8451,2024,11,29,0200,26,26,100.0,0,9999.0,NO,1011,2,0,2024-11-29 02:00:00
8452,2024,11,29,0300,26,25,94.2,2,9999.0,NO,1011,3,0,2024-11-29 03:00:00
8453,2024,11,29,0400,25,25,100.0,2,9999.0,NO,1012,4,0,2024-11-29 04:00:00
8454,2024,11,29,0500,25,25,100.0,1,4000.0,NO,1012,5,0,2024-11-29 05:00:00
8455,2024,11,29,0600,26,25,94.2,2,4000.0,NO,1013,6,0,2024-11-29 06:00:00
8456,2024,11,29,1200,33,26,66.8,2,9999.0,NO,1011,12,0,2024-11-29 12:00:00
8457,2024,11,30,0000,25,25,100.0,0,9999.0,NO,1012,0,0,2024-11-30 00:00:00
8458,2024,11,30,0100,26,26,100.0,4,7000.0,NO,1012,1,0,2024-11-30 01:00:00
8459,2024,11,30,0200,25,25,100.0,1,8000.0,NO,1011,2,0,2024-11-30 02:00:00
8460,2024,11,30,0300,25,25,100.0,1,8000.0,NO,1011,3,0,2024-11-30 03:00:00
8461,2024,11,30,0400,25,25,100.0,2,8000.0,NO,1012,4,0,2024-11-30 04:00:00
8462,2024,11,30,2300,26,25,94.2,0,9999.0,NO,1012,23,0,2024-11-30 23:00:00
8463,2024,12,1,0000,26,25,94.2,1,9999.0,NO,1011,0,0,2024-12-01 00:00:00
8464,2024,12,1,0100,26,25,94.2,2,8000.0,NO,1011,1,0,2024-12-01 01:00:00
8465,2024,12,1,0200,25,25,100.0,1,8000.0,NO,1010,2,0,2024-12-01 02:00:00
8466,2024,12,1,0300,25,25,100.0,2,8000.0,NO,1010,3,0,2024-12-01 03:00:00
8467,2024,12,1,0400,26,26,100.0,2,6000.0,NO,1011,4,0,2024-12-01 04:00:00
8468,2024,12,2,0000,26,26,100.0,0,9999.0,NO,1010,0,0,2024-12-02 00:00:00
8469,2024,12,2,0100,26,26,100.0,0,9999.0,NO,1010,1,0,2024-12-02 01:00:00
8470,2024,12,2,0200,26,25,94.2,0,9999.0,NO,1010,2,0,2024-12-02 02:00:00
8471,2024,12,2,0300,26,25,94.2,1,9999.0,NO,1010,3,0,2024-12-02 03:00:00
8472,2024,12,2,0400,26,26,100.0,3,9999.0,NO,1009,4,0,2024-12-02 04:00:00
8473,2024,12,2,0500,26,26,100.0,3,6000.0,NO,1010,5,0,2024-12-02 05:00:00
8474,2024,12,2,0800,30,25,74.6,4,8000.0,NO,1011,8,0,2024-12-02 08:00:00
8475,2024,12,2,1500,32,25,66.6,5,9999.0,NO,1006,15,0,2024-12-02 15:00:00
8476,2024,12,3,0000,25,24,94.2,2,9999.0,YES,1010,0,0,2024-12-03 00:00:00
8477,2024,12,3,0100,25,24,94.2,1,9999.0,YES,1009,1,0,2024-12-03 01:00:00
8478,2024,12,3,0200,25,24,94.2,2,9999.0,YES,1008,2,0,2024-12-03 02:00:00
8479,2024,12,3,0300,25,24,94.2,3,9999.0,NO,1009,3,0,2024-12-03 03:00:00
8480,2024,12,3,0400,25,24,94.2,2,9999.0,NO,1009,4,0,2024-12-03 04:00:00
8481,2024,12,3,0500,25,25,100.0,4,6000.0,NO,1009,5,0,2024-12-03 05:00:00
8482,2024,12,3,1600,30,26,79.2,2,9999.0,NO,1008,16,0,2024-12-03 16:00:00
8483,2024,12,4,0000,23,23,100.0,12,,YES,1011,0,0,2024-12-04 00:00:00
8484,2024,12,4,0100,23,23,100.0,2,8000.0,YES,1010,1,0,2024-12-04 01:00:00
8485,2024,12,4,0200,23,23,100.0,2,9999.0,NO,1009,2,0,2024-12-04 02:00:00
8486,2024,12,4,0300,23,23,100.0,0,9999.0,NO,1010,3,0,2024-12-04 03:00:00
8487,2024,12,4,0400,23,23,100.0,3,8000.0,NO,1010,4,0,2024-12-04 04:00:00
8488,2024,12,5,0000,26,26,100.0,2,9999.0,NO,1011,0,0,2024-12-05 00:00:00
8489,2024,12,5,0100,26,26,100.0,3,9999.0,NO,1010,1,0,2024-12-05 01:00:00
8490,2024,12,5,0200,26,25,94.2,3,9999.0,NO,1010,2,0,2024-12-05 02:00:00
8491,2024,12,5,0300,25,25,100.0,2,9999.0,NO,1010,3,0,2024-12-05 03:00:00
8492,2024,12,5,0400,25,25,100.0,2,9999.0,NO,1010,4,0,2024-12-05 04:00:00
8493,2024,12,5,2000,28,25,83.8,2,9999.0,NO,1012,20,0,2024-12-05 20:00:00
8494,2024,12,6,0000,26,25,94.2,2,9999.0,NO,1011,0,0,2024-12-06 00:00:00
8495,2024,12,6,0100,26,25,94.2,2,9999.0,NO,1010,1,0,2024-12-06 01:00:00
8496,2024,12,6,0200,25,25,100.0,2,9999.0,NO,1010,2,0,2024-12-06 02:00:00
8497,2024,12,6,0300,25,25,100.0,2,9999.0,NO,1010,3,0,2024-12-06 03:00:00
8498,2024,12,6,0400,25,25,100.0,2,9999.0,NO,1010,4,0,2024-12-06 04:00:00
8499,2024,12,6,0500,25,25,100.0,2,7000.0,NO,1010,5,0,2024-12-06 05:00:00
8500,2024,12,6,0600,25,25,100.0,2,3500.0,NO,1011,6,0,2024-12-06 06:00:00
8501,2024,12,6,1800,27,25,88.8,1,9999.0,NO,1009,18,0,2024-12-06 18:00:00
8502,2024,12,7,0000,25,25,100.0,3,9999.0,NO,1010,0,0,2024-12-07 00:00:00
8503,2024,12,7,0100,25,25,100.0,2,9999.0,NO,1010,1,0,2024-12-07 01:00:00
8504,2024,12,7,0300,25,25,100.0,2,9999.0,NO,1009,3,0,2024-12-07 03:00:00
8505,2024,12,7,0400,25,24,94.2,2,9999.0,NO,1010,4,0,2024-12-07 04:00:00
8506,2024,12,7,0600,25,25,100.0,2,3500.0,NO,1011,6,0,2024-12-07 06:00:00
8507,2024,12,8,0000,27,26,94.3,1,9999.0,NO,1010,0,0,2024-12-08 00:00:00
8508,2024,12,8,0100,27,27,100.0,2,9999.0,NO,1010,1,0,2024-12-08 01:00:00
8509,2024,12,8,0200,27,26,94.3,1,9999.0,YES,1009,2,0,2024-12-08 02:00:00
8510,2024,12,8,0300,26,25,94.2,2,9999.0,NO,1009,3,0,2024-12-08 03:00:00
8511,2024,12,8,0400,25,25,100.0,3,9999.0,NO,1010,4,0,2024-12-08 04:00:00
8512,2024,12,8,2300,26,25,94.2,0,9999.0,NO,1010,23,0,2024-12-08 23:00:00
8513,2024,12,9,0000,25,25,100.0,0,9999.0,NO,1010,0,0,2024-12-09 00:00:00
8514,2024,12,9,0100,25,25,100.0,0,9999.0,NO,1010,1,0,2024-12-09 01:00:00
8515,2024,12,9,0200,25,25,100.0,0,9999.0,NO,1010,2,0,2024-12-09 02:00:00
8516,2024,12,9,0300,25,25,100.0,0,9999.0,NO,1010,3,0,2024-12-09 03:00:00
8517,2024,12,9,0400,25,24,94.2,0,9999.0,NO,1010,4,0,2024-12-09 04:00:00
8518,2024,12,9,0800,28,24,78.9,3,7000.0,NO,1012,8,0,2024-12-09 08:00:00
8519,2024,12,9,0900,30,25,74.6,3,7000.0,NO,1011,9,0,2024-12-09 09:00:00
8520,2024,12,9,1000,32,24,62.7,4,8000.0,NO,1011,10,0,2024-12-09 10:00:00
8521,2024,12,9,1100,33,25,62.9,2,9999.0,NO,1010,11,0,2024-12-09 11:00:00
8522,2024,12,10,0000,25,25,100.0,1,9999.0,NO,1010,0,0,2024-12-10 00:00:00
8523,2024,12,10,0100,25,25,100.0,0,9999.0,NO,1009,1,0,2024-12-10 01:00:00
8524,2024,12,10,0200,25,25,100.0,1,9999.0,NO,1009,2,0,2024-12-10 02:00:00
8525,2024,12,10,0300,25,25,100.0,1,9999.0,NO,1009,3,0,2024-12-10 03:00:00
8526,2024,12,10,0400,25,25,100.0,0,9999.0,NO,1010,4,0,2024-12-10 04:00:00
8527,2024,12,10,0600,25,25,100.0,0,2500.0,NO,1010,6,0,2024-12-10 06:00:00
8528,2024,12,10,2100,27,26,94.3,0,9999.0,NO,1010,21,0,2024-12-10 21:00:00
8529,2024,12,10,2200,26,26,100.0,3,9999.0,NO,1010,22,0,2024-12-10 22:00:00
8530,2024,12,10,2300,26,26,100.0,2,9999.0,NO,1010,23,0,2024-12-10 23:00:00
8531,2024,12,11,0000,26,26,100.0,2,9999.0,NO,1010,0,0,2024-12-11 00:00:00
8532,2024,12,11,0100,26,26,100.0,2,9999.0,NO,1009,1,0,2024-12-11 01:00:00
8533,2024,12,11,0200,26,26,100.0,2,9999.0,NO,1009,2,0,2024-12-11 02:00:00
8534,2024,12,11,0300,25,25,100.0,2,9999.0,NO,1009,3,0,2024-12-11 03:00:00
8535,2024,12,11,0400,26,25,94.2,2,9999.0,NO,1009,4,0,2024-12-11 04:00:00
8536,2024,12,11,1200,34,26,63.1,3,7000.0,NO,1009,12,0,2024-12-11 12:00:00
8537,2024,12,11,1300,33,25,62.9,4,7000.0,NO,1008,13,0,2024-12-11 13:00:00
8538,2024,12,11,1400,33,25,62.9,4,7000.0,NO,1007,14,0,2024-12-11 14:00:00
8539,2024,12,11,1500,32,26,70.6,5,8000.0,NO,1007,15,0,2024-12-11 15:00:00
8540,2024,12,11,1600,31,26,74.8,4,8000.0,YES,1008,16,0,2024-12-11 16:00:00
8541,2024,12,11,1700,29,26,83.9,2,8000.0,NO,1008,17,0,2024-12-11 17:00:00
8542,2024,12,12,0000,26,25,94.2,2,9999.0,NO,1010,0,0,2024-12-12 00:00:00
8543,2024,12,12,0100,26,25,94.2,2,9999.0,NO,1010,1,0,2024-12-12 01:00:00
8544,2024,12,12,0200,25,25,100.0,2,9999.0,YES,1010,2,0,2024-12-12 02:00:00
8545,2024,12,12,0300,25,25,100.0,4,9999.0,NO,1009,3,0,2024-12-12 03:00:00
8546,2024,12,12,0400,25,24,94.2,1,9999.0,NO,1009,4,0,2024-12-12 04:00:00
8547,2024,12,12,2100,27,26,94.3,1,9999.0,NO,1010,21,0,2024-12-12 21:00:00
8548,2024,12,13,0000,27,26,94.3,2,9999.0,NO,1010,0,0,2024-12-13 00:00:00
8549,2024,12,13,0100,27,26,94.3,2,9999.0,NO,1009,1,0,2024-12-13 01:00:00
8550,2024,12,13,0200,26,26,100.0,2,9999.0,NO,1009,2,0,2024-12-13 02:00:00
8551,2024,12,13,0300,26,25,94.2,2,9999.0,NO,1009,3,0,2024-12-13 03:00:00
8552,2024,12,13,0400,25,25,100.0,1,9999.0,NO,1009,4,0,2024-12-13 04:00:00
8553,2024,12,13,0500,25,25,100.0,1,6000.0,NO,1010,5,0,2024-12-13 05:00:00
8554,2024,12,13,1000,31,26,74.8,3,9999.0,NO,1011,10,0,2024-12-13 10:00:00
8555,2024,12,13,1700,29,26,83.9,4,9999.0,NO,1008,17,0,2024-12-13 17:00:00
8556,2024,12,14,0000,26,25,94.2,2,9999.0,NO,1009,0,0,2024-12-14 00:00:00
8557,2024,12,14,0100,25,25,100.0,1,9999.0,NO,1009,1,0,2024-12-14 01:00:00
8558,2024,12,14,0200,25,25,100.0,2,9999.0,NO,1009,2,0,2024-12-14 02:00:00
8559,2024,12,14,0300,25,25,100.0,2,9999.0,NO,1009,3,0,2024-12-14 03:00:00
8560,2024,12,14,0400,25,25,100.0,2,9999.0,NO,1009,4,0,2024-12-14 04:00:00
8561,2024,12,15,0000,26,25,94.2,3,8000.0,NO,1010,0,0,2024-12-15 00:00:00
8562,2024,12,15,0100,26,25,94.2,2,9999.0,NO,1010,1,0,2024-12-15 01:00:00
8563,2024,12,15,0200,26,25,94.2,3,9999.0,NO,1009,2,0,2024-12-15 02:00:00
8564,2024,12,15,0300,26,25,94.2,1,9999.0,NO,1009,3,0,2024-12-15 03:00:00
8565,2024,12,15,0400,25,25,100.0,2,9999.0,NO,1009,4,0,2024-12-15 04:00:00
8566,2024,12,15,0500,25,25,100.0,2,5000.0,NO,1009,5,0,2024-12-15 05:00:00
8567,2024,12,15,0900,28,26,88.9,3,7000.0,NO,1012,9,0,2024-12-15 09:00:00
8568,2024,12,15,1200,33,26,66.8,3,9999.0,NO,1009,12,0,2024-12-15 12:00:00
8569,2024,12,15,1500,32,26,70.6,4,9999.0,NO,1007,15,0,2024-12-15 15:00:00
8570,2024,12,16,0000,26,26,100.0,2,9999.0,NO,1011,0,0,2024-12-16 00:00:00
8571,2024,12,16,0100,27,26,94.3,2,9999.0,NO,1010,1,0,2024-12-16 01:00:00
8572,2024,12,16,0200,26,26,100.0,1,8000.0,NO,1010,2,0,2024-12-16 02:00:00
8573,2024,12,16,0300,26,25,94.2,2,8000.0,NO,1009,3,0,2024-12-16 03:00:00
8574,2024,12,16,0400,25,25,100.0,0,8000.0,NO,1010,4,0,2024-12-16 04:00:00
8575,2024,12,16,0500,26,25,94.2,2,6000.0,NO,1010,5,0,2024-12-16 05:00:00
8576,2024,12,16,0800,29,26,83.9,3,2500.0,NO,1012,8,0,2024-12-16 08:00:00
8577,2024,12,16,0900,30,26,79.2,0,6000.0,NO,1012,9,0,2024-12-16 09:00:00
8578,2024,12,16,1700,30,26,79.2,1,8000.0,NO,1009,17,0,2024-12-16 17:00:00
8579,2024,12,16,1800,28,26,88.9,0,9999.0,NO,1010,18,0,2024-12-16 18:00:00
8580,2024,12,16,1900,27,26,94.3,0,9999.0,NO,1011,19,0,2024-12-16 19:00:00
8581,2024,12,16,2000,27,26,94.3,0,9999.0,NO,1011,20,0,2024-12-16 20:00:00
8582,2024,12,16,2100,27,26,94.3,0,9999.0,NO,1012,21,0,2024-12-16 21:00:00
8583,2024,12,16,2200,26,26,100.0,0,9999.0,NO,1012,22,0,2024-12-16 22:00:00
8584,2024,12,16,2300,26,26,100.0,1,9999.0,NO,1011,23,0,2024-12-16 23:00:00
8585,2024,12,17,0000,27,27,100.0,0,9999.0,NO,1010,0,0,2024-12-17 00:00:00
8586,2024,12,17,0100,27,27,100.0,0,9999.0,NO,1010,1,0,2024-12-17 01:00:00
8587,2024,12,17,0200,27,26,94.3,1,8000.0,NO,1009,2,0,2024-12-17 02:00:00
8588,2024,12,17,0300,26,26,100.0,1,8000.0,NO,1009,3,0,2024-12-17 03:00:00
8589,2024,12,17,0400,26,26,100.0,0,6000.0,NO,1010,4,0,2024-12-17 04:00:00
8590,2024,12,17,0500,26,26,100.0,2,4000.0,NO,1010,5,0,2024-12-17 05:00:00
8591,2024,12,17,0600,26,26,100.0,2,1600.0,YES,1011,6,0,2024-12-17 06:00:00
8592,2024,12,17,0700,28,27,94.3,3,1800.0,NO,1012,7,0,2024-12-17 07:00:00
8593,2024,12,17,0800,28,26,88.9,4,2500.0,NO,1012,8,0,2024-12-17 08:00:00
8594,2024,12,17,0900,29,26,83.9,4,4000.0,NO,1012,9,0,2024-12-17 09:00:00
8595,2024,12,17,1000,30,27,84.0,2,6000.0,NO,1012,10,0,2024-12-17 10:00:00
8596,2024,12,17,1100,32,27,74.9,3,6000.0,NO,1011,11,0,2024-12-17 11:00:00
8597,2024,12,17,1200,32,26,70.6,2,6000.0,NO,1010,12,0,2024-12-17 12:00:00
8598,2024,12,17,1300,31,26,74.8,3,6000.0,NO,1009,13,0,2024-12-17 13:00:00
8599,2024,12,17,1400,31,26,74.8,3,6000.0,NO,1009,14,0,2024-12-17 14:00:00
8600,2024,12,17,1500,30,27,84.0,2,8000.0,NO,1009,15,0,2024-12-17 15:00:00
8601,2024,12,17,1600,29,26,83.9,2,9999.0,NO,1009,16,0,2024-12-17 16:00:00
8602,2024,12,17,1700,28,26,88.9,2,9999.0,NO,1010,17,0,2024-12-17 17:00:00
8603,2024,12,17,1800,27,26,94.3,1,9999.0,NO,1011,18,0,2024-12-17 18:00:00
8604,2024,12,17,1900,26,26,100.0,0,9999.0,NO,1011,19,0,2024-12-17 19:00:00
8605,2024,12,17,2000,26,26,100.0,0,9999.0,NO,1012,20,0,2024-12-17 20:00:00
8606,2024,12,17,2100,26,26,100.0,0,9999.0,NO,1012,21,0,2024-12-17 21:00:00
8607,2024,12,17,2200,26,26,100.0,0,8000.0,NO,1012,22,0,2024-12-17 22:00:00
8608,2024,12,17,2300,26,26,100.0,0,8000.0,NO,1012,23,0,2024-12-17 23:00:00
8609,2024,12,18,0000,25,25,100.0,1,8000.0,NO,1011,0,0,2024-12-18 00:00:00
8610,2024,12,18,0100,25,25,100.0,1,6000.0,NO,1011,1,0,2024-12-18 01:00:00
8611,2024,12,18,0200,25,25,100.0,2,6000.0,NO,1011,2,0,2024-12-18 02:00:00
8612,2024,12,18,0300,26,25,94.2,2,9999.0,NO,1011,3,0,2024-12-18 03:00:00
8613,2024,12,18,0400,25,25,100.0,1,9999.0,NO,1011,4,0,2024-12-18 04:00:00
8614,2024,12,18,0500,25,25,100.0,1,9999.0,NO,1011,5,0,2024-12-18 05:00:00
8615,2024,12,18,0600,25,25,100.0,0,1800.0,NO,1011,6,0,2024-12-18 06:00:00
8616,2024,12,18,0700,27,26,94.3,2,1600.0,NO,1012,7,0,2024-12-18 07:00:00
8617,2024,12,18,0800,29,26,83.9,4,2500.0,NO,1013,8,0,2024-12-18 08:00:00
8618,2024,12,18,0900,31,26,74.8,3,7000.0,NO,1012,9,0,2024-12-18 09:00:00
8619,2024,12,18,1000,33,26,66.8,2,7000.0,NO,1012,10,0,2024-12-18 10:00:00
8620,2024,12,18,1100,33,26,66.8,3,7000.0,NO,1011,11,0,2024-12-18 11:00:00
8621,2024,12,18,1200,33,26,66.8,4,8000.0,NO,1010,12,0,2024-12-18 12:00:00
8622,2024,12,18,1300,34,25,59.5,3,8000.0,NO,1009,13,0,2024-12-18 13:00:00
8623,2024,12,19,0000,27,26,94.3,4,8000.0,NO,1011,0,0,2024-12-19 00:00:00
8624,2024,12,19,0100,27,26,94.3,2,8000.0,NO,1011,1,0,2024-12-19 01:00:00
8625,2024,12,19,0200,27,26,94.3,2,8000.0,NO,1011,2,0,2024-12-19 02:00:00
8626,2024,12,19,0300,26,26,100.0,1,9999.0,NO,1011,3,0,2024-12-19 03:00:00
8627,2024,12,19,0400,26,26,100.0,0,9999.0,NO,1011,4,0,2024-12-19 04:00:00
8628,2024,12,19,0700,27,26,94.3,3,2000.0,NO,1013,7,0,2024-12-19 07:00:00
8629,2024,12,19,0900,30,27,84.0,4,6000.0,NO,1013,9,0,2024-12-19 09:00:00
8630,2024,12,19,2200,27,27,100.0,0,9999.0,NO,1012,22,0,2024-12-19 22:00:00
8631,2024,12,20,0000,26,26,100.0,2,8000.0,NO,1012,0,0,2024-12-20 00:00:00
8632,2024,12,20,0100,26,25,94.2,3,8000.0,NO,1011,1,0,2024-12-20 01:00:00
8633,2024,12,20,0200,26,25,94.2,4,8000.0,NO,1011,2,0,2024-12-20 02:00:00
8634,2024,12,20,0300,26,25,94.2,3,8000.0,NO,1011,3,0,2024-12-20 03:00:00
8635,2024,12,20,0400,26,25,94.2,0,8000.0,NO,1011,4,0,2024-12-20 04:00:00
8636,2024,12,20,1500,30,26,79.2,4,6000.0,NO,1008,15,0,2024-12-20 15:00:00
8637,2024,12,21,0000,26,26,100.0,2,8000.0,NO,1011,0,0,2024-12-21 00:00:00
8638,2024,12,21,0100,26,26,100.0,3,8000.0,NO,1010,1,0,2024-12-21 01:00:00
8639,2024,12,21,0200,26,25,94.2,2,7000.0,NO,1010,2,0,2024-12-21 02:00:00
8640,2024,12,21,0300,27,25,88.8,3,7000.0,NO,1010,3,0,2024-12-21 03:00:00
8641,2024,12,21,0400,26,25,94.2,2,8000.0,NO,1010,4,0,2024-12-21 04:00:00
8642,2024,12,21,1000,32,25,66.6,3,6000.0,NO,1011,10,0,2024-12-21 10:00:00
8643,2024,12,21,1100,33,26,66.8,2,7000.0,NO,1010,11,0,2024-12-21 11:00:00
8644,2024,12,22,0000,26,25,94.2,1,8000.0,NO,1010,0,0,2024-12-22 00:00:00
8645,2024,12,22,0100,26,25,94.2,0,8000.0,NO,1010,1,0,2024-12-22 01:00:00
8646,2024,12,22,0200,26,25,94.2,0,9999.0,NO,1010,2,0,2024-12-22 02:00:00
8647,2024,12,22,0300,25,25,100.0,0,9999.0,NO,1010,3,0,2024-12-22 03:00:00
8648,2024,12,22,0400,25,25,100.0,0,9999.0,NO,1010,4,0,2024-12-22 04:00:00
8649,2024,12,22,0500,25,25,100.0,2,6000.0,NO,1010,5,0,2024-12-22 05:00:00
8650,2024,12,23,0000,26,26,100.0,0,9999.0,NO,1011,0,0,2024-12-23 00:00:00
8651,2024,12,23,0100,26,26,100.0,0,9999.0,NO,1011,1,0,2024-12-23 01:00:00
8652,2024,12,23,0200,26,25,94.2,0,9999.0,NO,1010,2,0,2024-12-23 02:00:00
8653,2024,12,23,0300,25,25,100.0,1,9999.0,NO,1010,3,0,2024-12-23 03:00:00
8654,2024,12,23,0400,26,25,94.2,2,9999.0,NO,1011,4,0,2024-12-23 04:00:00
8655,2024,12,24,0000,26,25,94.2,2,9999.0,NO,1010,0,0,2024-12-24 00:00:00
8656,2024,12,24,0100,26,26,100.0,0,8000.0,NO,1010,1,0,2024-12-24 01:00:00
8657,2024,12,24,0200,26,25,94.2,0,8000.0,NO,1009,2,0,2024-12-24 02:00:00
8658,2024,12,24,0300,25,25,100.0,2,8000.0,NO,1010,3,0,2024-12-24 03:00:00
8659,2024,12,24,0400,26,25,94.2,3,6000.0,NO,1010,4,0,2024-12-24 04:00:00
8660,2024,12,24,0600,26,25,94.2,0,2000.0,NO,1011,6,0,2024-12-24 06:00:00
8661,2024,12,24,0800,29,26,83.9,2,2000.0,NO,1011,8,0,2024-12-24 08:00:00
8662,2024,12,25,0000,27,26,94.3,0,9999.0,NO,1010,0,0,2024-12-25 00:00:00
8663,2024,12,25,0100,27,26,94.3,2,9999.0,NO,1010,1,0,2024-12-25 01:00:00
8664,2024,12,25,0200,27,26,94.3,0,8000.0,YES,1009,2,0,2024-12-25 02:00:00
8665,2024,12,25,0300,27,26,94.3,0,8000.0,NO,1009,3,0,2024-12-25 03:00:00
8666,2024,12,25,0400,26,26,100.0,0,8000.0,NO,1010,4,0,2024-12-25 04:00:00
8667,2024,12,25,1300,34,26,63.1,3,4000.0,NO,1008,13,0,2024-12-25 13:00:00
8668,2024,12,26,0000,26,26,100.0,3,9999.0,NO,1010,0,0,2024-12-26 00:00:00
8669,2024,12,26,0100,26,26,100.0,3,8000.0,YES,1009,1,0,2024-12-26 01:00:00
8670,2024,12,26,0200,26,26,100.0,3,9999.0,NO,1009,2,0,2024-12-26 02:00:00
8671,2024,12,26,0300,26,26,100.0,2,9999.0,NO,1008,3,0,2024-12-26 03:00:00
8672,2024,12,26,0400,26,25,94.2,0,9999.0,NO,1009,4,0,2024-12-26 04:00:00
8673,2024,12,27,0000,26,26,100.0,4,9999.0,NO,1010,0,0,2024-12-27 00:00:00
8674,2024,12,27,0100,26,26,100.0,5,8000.0,YES,1010,1,0,2024-12-27 01:00:00
8675,2024,12,27,0200,26,26,100.0,5,8000.0,YES,1010,2,0,2024-12-27 02:00:00
8676,2024,12,27,0300,25,24,94.2,1,9999.0,NO,1010,3,0,2024-12-27 03:00:00
8677,2024,12,27,0400,25,24,94.2,3,9999.0,NO,1010,4,0,2024-12-27 04:00:00
8678,2024,12,27,0500,25,24,94.2,0,9999.0,NO,1011,5,0,2024-12-27 05:00:00
8679,2024,12,27,1100,32,26,70.6,2,8000.0,NO,1010,11,0,2024-12-27 11:00:00
8680,2024,12,28,0000,27,26,94.3,0,8000.0,NO,1011,0,0,2024-12-28 00:00:00
8681,2024,12,28,0100,27,26,94.3,0,8000.0,NO,1010,1,0,2024-12-28 01:00:00
8682,2024,12,28,0200,26,26,100.0,2,9999.0,NO,1010,2,0,2024-12-28 02:00:00
8683,2024,12,28,0300,26,26,100.0,0,9999.0,YES,1009,3,0,2024-12-28 03:00:00
8684,2024,12,28,0400,26,26,100.0,3,9999.0,YES,1010,4,0,2024-12-28 04:00:00
8685,2024,12,29,0000,26,25,94.2,0,,NO,1011,0,0,2024-12-29 00:00:00
8686,2024,12,29,0100,26,25,94.2,0,,NO,1010,1,0,2024-12-29 01:00:00
8687,2024,12,29,0200,26,25,94.2,1,,NO,1010,2,0,2024-12-29 02:00:00
8688,2024,12,29,0300,26,25,94.2,0,8000.0,NO,1010,3,0,2024-12-29 03:00:00
8689,2024,12,29,0400,26,26,100.0,3,6000.0,NO,1010,4,0,2024-12-29 04:00:00
8690,2024,12,29,1400,34,26,63.1,3,7000.0,NO,1008,14,0,2024-12-29 14:00:00
8691,2024,12,30,0000,27,26,94.3,3,9999.0,NO,1011,0,0,2024-12-30 00:00:00
8692,2024,12,30,0100,26,26,100.0,2,9999.0,NO,1010,1,0,2024-12-30 01:00:00
8693,2024,12,30,0200,26,26,100.0,1,9999.0,NO,1010,2,0,2024-12-30 02:00:00
8694,2024,12,30,0300,26,26,100.0,0,9999.0,NO,1010,3,0,2024-12-30 03:00:00
8695,2024,12,30,0400,26,26,100.0,3,9999.0,NO,1010,4,0,2024-12-30 04:00:00
8696,2024,12,30,0500,26,26,100.0,1,6000.0,NO,1010,5,0,2024-12-30 05:00:00
8697,2024,12,31,0000,27,26,94.3,0,8000.0,NO,1010,0,0,2024-12-31 00:00:00
8698,2024,12,31,0100,27,26,94.3,0,8000.0,NO,1010,1,0,2024-12-31 01:00:00
8699,2024,12,31,0200,26,25,94.2,2,9999.0,NO,1009,2,0,2024-12-31 02:00:00
8700,2024,12,31,0300,26,25,94.2,1,9999.0,NO,1009,3,0,2024-12-31 03:00:00
8701,2024,12,31,0400,25,25,100.0,1,9999.0,NO,1009,4,0,2024-12-31 04:00:00
8702,2024,12,31,0800,29,25,79.0,2,4000.0,NO,1011,8,0,2024-12-31 08:00:00
