,Year,Month,Day,Hour,Temp,DP,RH,Wind Speed,Visibility,Rain,Pressure,Hour_int,Minute,Datetime
0,2021,1,1,0000,26,26,100.0,0,7000.0,NO,1010.0,0,0,2021-01-01 00:00:00
1,2021,1,1,0200,26,26,100.0,2,2500.0,NO,1009.0,2,0,2021-01-01 02:00:00
2,2021,1,1,0300,25,25,100.0,2,6000.0,NO,,3,0,2021-01-01 03:00:00
3,2021,1,1,0400,25,25,100.0,0,6000.0,NO,1009.0,4,0,2021-01-01 04:00:00
4,2021,1,1,0500,25,25,100.0,0,6000.0,NO,1010.0,5,0,2021-01-01 05:00:00
5,2021,1,1,0600,25,25,100.0,2,1200.0,NO,1010.0,6,0,2021-01-01 06:00:00
6,2021,1,1,0700,26,26,100.0,2,1700.0,NO,1011.0,7,0,2021-01-01 07:00:00
7,2021,1,1,0800,29,25,79.0,2,2500.0,NO,1011.0,8,0,2021-01-01 08:00:00
8,2021,1,1,0900,30,25,74.6,2,4000.0,NO,1011.0,9,0,2021-01-01 09:00:00
9,2021,1,1,1000,31,26,74.8,2,6000.0,NO,1011.0,10,0,2021-01-01 10:00:00
10,2021,1,1,1100,33,25,62.9,3,7000.0,NO,1010.0,11,0,2021-01-01 11:00:00
11,2021,1,1,1200,32,26,70.6,4,7000.0,NO,1009.0,12,0,2021-01-01 12:00:00
12,2021,1,1,1300,32,25,66.6,5,7000.0,NO,1008.0,13,0,2021-01-01 13:00:00
13,2021,1,1,1400,33,26,66.8,3,8000.0,NO,1008.0,14,0,2021-01-01 14:00:00
14,2021,1,1,1500,33,25,62.9,4,7000.0,NO,1007.0,15,0,2021-01-01 15:00:00
15,2021,1,1,1600,31,26,74.8,4,7000.0,NO,1007.0,16,0,2021-01-01 16:00:00
16,2021,1,1,1700,29,26,83.9,3,8000.0,NO,1008.0,17,0,2021-01-01 17:00:00
17,2021,1,1,1800,28,26,88.9,3,8000.0,NO,1008.0,18,0,2021-01-01 18:00:00
18,2021,1,1,1900,28,26,88.9,2,9999.0,NO,1009.0,19,0,2021-01-01 19:00:00
19,2021,1,1,2000,28,26,88.9,2,9999.0,NO,1010.0,20,0,2021-01-01 20:00:00
20,2021,1,1,2100,27,27,100.0,1,9999.0,NO,1010.0,21,0,2021-01-01 21:00:00
21,2021,1,1,2200,27,27,100.0,1,9999.0,NO,1010.0,22,0,2021-01-01 22:00:00
22,2021,1,1,2300,26,26,100.0,2,8000.0,NO,1011.0,23,0,2021-01-01 23:00:00
23,2021,1,2,0000,26,26,100.0,3,8000.0,NO,1010.0,0,0,2021-01-02 00:00:00
24,2021,1,2,0100,26,26,100.0,1,8000.0,NO,1010.0,1,0,2021-01-02 01:00:00
25,2021,1,2,0200,26,26,100.0,2,8000.0,NO,1009.0,2,0,2021-01-02 02:00:00
26,2021,1,2,0300,26,26,100.0,0,8000.0,NO,1009.0,3,0,2021-01-02 03:00:00
27,2021,1,2,0400,25,25,100.0,0,8000.0,NO,1010.0,4,0,2021-01-02 04:00:00
28,2021,1,2,0500,25,25,100.0,2,8000.0,NO,1010.0,5,0,2021-01-02 05:00:00
29,2021,1,2,0600,25,25,100.0,3,1800.0,NO,1011.0,6,0,2021-01-02 06:00:00
30,2021,1,2,0700,26,26,100.0,4,1600.0,NO,1011.0,7,0,2021-01-02 07:00:00
31,2021,1,2,0800,28,27,94.3,2,1800.0,NO,1012.0,8,0,2021-01-02 08:00:00
32,2021,1,2,0900,30,25,74.6,1,4500.0,NO,1012.0,9,0,2021-01-02 09:00:00
33,2021,1,2,1000,32,25,66.6,3,4500.0,NO,1012.0,10,0,2021-01-02 10:00:00
34,2021,1,2,1100,33,25,62.9,3,4500.0,NO,1011.0,11,0,2021-01-02 11:00:00
35,2021,1,2,1200,33,25,62.9,3,4500.0,NO,1010.0,12,0,2021-01-02 12:00:00
36,2021,1,2,1300,34,24,56.0,4,4500.0,NO,1009.0,13,0,2021-01-02 13:00:00
37,2021,1,2,1400,33,26,66.8,4,6000.0,NO,1008.0,14,0,2021-01-02 14:00:00
38,2021,1,2,1500,32,25,66.6,5,6000.0,NO,1008.0,15,0,2021-01-02 15:00:00
39,2021,1,2,1600,30,26,79.2,4,7000.0,NO,1008.0,16,0,2021-01-02 16:00:00
40,2021,1,2,1700,29,26,83.9,3,8000.0,NO,1008.0,17,0,2021-01-02 17:00:00
41,2021,1,2,1800,29,26,83.9,2,9999.0,NO,1009.0,18,0,2021-01-02 18:00:00
42,2021,1,2,1900,28,26,88.9,2,9999.0,NO,1010.0,19,0,2021-01-02 19:00:00
43,2021,1,2,2000,28,27,94.3,2,9999.0,NO,1010.0,20,0,2021-01-02 20:00:00
44,2021,1,2,2100,27,27,100.0,0,8000.0,NO,1011.0,21,0,2021-01-02 21:00:00
45,2021,1,2,2200,27,27,100.0,2,8000.0,NO,1011.0,22,0,2021-01-02 22:00:00
46,2021,1,2,2300,26,26,100.0,1,7000.0,NO,1011.0,23,0,2021-01-02 23:00:00
47,2021,1,3,0000,26,26,100.0,0,7000.0,NO,1010.0,0,0,2021-01-03 00:00:00
48,2021,1,3,0100,26,26,100.0,2,9999.0,NO,1010.0,1,0,2021-01-03 01:00:00
49,2021,1,3,0200,26,26,100.0,2,9999.0,NO,1009.0,2,0,2021-01-03 02:00:00
50,2021,1,3,0300,26,26,100.0,2,9999.0,NO,1009.0,3,0,2021-01-03 03:00:00
51,2021,1,3,0400,25,25,100.0,1,9999.0,NO,1010.0,4,0,2021-01-03 04:00:00
52,2021,1,3,0500,25,25,100.0,1,9999.0,NO,1010.0,5,0,2021-01-03 05:00:00
53,2021,1,3,0600,25,25,100.0,1,2000.0,NO,1011.0,6,0,2021-01-03 06:00:00
54,2021,1,3,0700,26,26,100.0,2,1800.0,NO,1011.0,7,0,2021-01-03 07:00:00
55,2021,1,3,0800,30,26,79.2,2,2000.0,NO,1012.0,8,0,2021-01-03 08:00:00
56,2021,1,3,0900,30,25,74.6,3,4500.0,NO,1012.0,9,0,2021-01-03 09:00:00
57,2021,1,3,1000,31,25,70.4,2,7000.0,NO,1011.0,10,0,2021-01-03 10:00:00
58,2021,1,3,1100,32,25,66.6,3,8000.0,NO,1010.0,11,0,2021-01-03 11:00:00
59,2021,1,3,1200,32,25,66.6,2,8000.0,NO,1009.0,12,0,2021-01-03 12:00:00
60,2021,1,3,1300,33,24,59.2,4,8000.0,NO,1009.0,13,0,2021-01-03 13:00:00
61,2021,1,3,1400,33,25,62.9,5,8000.0,NO,1008.0,14,0,2021-01-03 14:00:00
62,2021,1,3,1500,32,26,70.6,5,8000.0,NO,1008.0,15,0,2021-01-03 15:00:00
63,2021,1,3,1600,31,25,70.4,5,9999.0,NO,1008.0,16,0,2021-01-03 16:00:00
64,2021,1,3,1700,29,25,79.0,3,8000.0,NO,1009.0,17,0,2021-01-03 17:00:00
65,2021,1,3,2000,26,26,100.0,0,8000.0,NO,1010.0,20,0,2021-01-03 20:00:00
66,2021,1,3,2100,26,26,100.0,2,8000.0,NO,1011.0,21,0,2021-01-03 21:00:00
67,2021,1,3,2200,26,26,100.0,1,8000.0,NO,1010.0,22,0,2021-01-03 22:00:00
68,2021,1,3,2300,26,26,100.0,0,8000.0,NO,1010.0,23,0,2021-01-03 23:00:00
69,2021,1,4,0100,26,26,100.0,2,7000.0,NO,1010.0,1,0,2021-01-04 01:00:00
70,2021,1,4,0200,26,26,100.0,2,7000.0,NO,1009.0,2,0,2021-01-04 02:00:00
71,2021,1,4,0300,26,26,100.0,2,8000.0,NO,1009.0,3,0,2021-01-04 03:00:00
72,2021,1,4,0400,26,26,100.0,0,8000.0,NO,1009.0,4,0,2021-01-04 04:00:00
73,2021,1,4,0500,26,26,100.0,1,7000.0,NO,1010.0,5,0,2021-01-04 05:00:00
74,2021,1,4,0600,26,26,100.0,0,3400.0,NO,1010.0,6,0,2021-01-04 06:00:00
75,2021,1,4,0700,28,27,94.3,2,2500.0,NO,1011.0,7,0,2021-01-04 07:00:00
76,2021,1,4,0800,30,26,79.2,2,4000.0,NO,1011.0,8,0,2021-01-04 08:00:00
77,2021,1,4,0900,31,25,70.4,2,4000.0,NO,1011.0,9,0,2021-01-04 09:00:00
78,2021,1,4,1000,32,25,66.6,2,6000.0,NO,1010.0,10,0,2021-01-04 10:00:00
79,2021,1,4,1100,33,26,66.8,3,6000.0,NO,1009.0,11,0,2021-01-04 11:00:00
80,2021,1,4,1200,33,26,66.8,3,6000.0,NO,1008.0,12,0,2021-01-04 12:00:00
81,2021,1,4,1300,33,25,62.9,4,7000.0,NO,1007.0,13,0,2021-01-04 13:00:00
82,2021,1,4,1400,33,26,66.8,4,7000.0,NO,1007.0,14,0,2021-01-04 14:00:00
83,2021,1,4,1500,32,26,70.6,4,8000.0,NO,1006.0,15,0,2021-01-04 15:00:00
84,2021,1,4,1600,23,21,88.5,7,7000.0,YES,1008.0,16,0,2021-01-04 16:00:00
85,2021,1,4,1700,24,23,94.1,2,8000.0,NO,1007.0,17,0,2021-01-04 17:00:00
86,2021,1,4,1800,24,23,94.1,3,8000.0,NO,1008.0,18,0,2021-01-04 18:00:00
87,2021,1,4,1900,24,24,100.0,2,9999.0,NO,1008.0,19,0,2021-01-04 19:00:00
88,2021,1,4,2000,24,24,100.0,1,9999.0,NO,1009.0,20,0,2021-01-04 20:00:00
89,2021,1,4,2100,23,23,100.0,0,9999.0,NO,1009.0,21,0,2021-01-04 21:00:00
90,2021,1,4,2200,23,23,100.0,2,9999.0,NO,1009.0,22,0,2021-01-04 22:00:00
91,2021,1,4,2300,24,24,100.0,2,9999.0,NO,1009.0,23,0,2021-01-04 23:00:00
92,2021,1,5,0000,24,24,100.0,2,9999.0,NO,1009.0,0,0,2021-01-05 00:00:00
93,2021,1,5,0100,24,24,100.0,1,9999.0,NO,1008.0,1,0,2021-01-05 01:00:00
94,2021,1,5,0200,23,23,100.0,2,9999.0,NO,1008.0,2,0,2021-01-05 02:00:00
95,2021,1,5,0300,23,23,100.0,2,9999.0,NO,1008.0,3,0,2021-01-05 03:00:00
96,2021,1,5,0400,23,23,100.0,2,8000.0,NO,1009.0,4,0,2021-01-05 04:00:00
97,2021,1,5,0500,23,23,100.0,1,8000.0,NO,1009.0,5,0,2021-01-05 05:00:00
98,2021,1,5,0600,23,23,100.0,1,4000.0,NO,1010.0,6,0,2021-01-05 06:00:00
99,2021,1,5,0700,26,25,94.2,3,1800.0,NO,1011.0,7,0,2021-01-05 07:00:00
100,2021,1,5,0800,27,24,83.7,1,4000.0,NO,1011.0,8,0,2021-01-05 08:00:00
101,2021,1,5,0900,29,25,79.0,4,6000.0,NO,1010.0,9,0,2021-01-05 09:00:00
102,2021,1,5,1000,31,25,70.4,3,9999.0,NO,1009.0,10,0,2021-01-05 10:00:00
103,2021,1,5,1100,32,25,66.6,2,9999.0,NO,1009.0,11,0,2021-01-05 11:00:00
104,2021,1,5,1200,33,25,62.9,4,9999.0,NO,1008.0,12,0,2021-01-05 12:00:00
105,2021,1,5,1300,33,25,62.9,3,9999.0,NO,1007.0,13,0,2021-01-05 13:00:00
106,2021,1,5,1400,33,25,62.9,5,9999.0,NO,1006.0,14,0,2021-01-05 14:00:00
107,2021,1,5,1500,32,26,70.6,4,9999.0,NO,1006.0,15,0,2021-01-05 15:00:00
108,2021,1,5,1600,31,26,74.8,4,9999.0,NO,1007.0,16,0,2021-01-05 16:00:00
109,2021,1,5,1700,29,26,83.9,3,9999.0,NO,1007.0,17,0,2021-01-05 17:00:00
110,2021,1,5,1800,28,26,88.9,2,9999.0,YES,1008.0,18,0,2021-01-05 18:00:00
111,2021,1,5,1900,28,26,88.9,1,9999.0,YES,1010.0,19,0,2021-01-05 19:00:00
112,2021,1,5,2000,28,27,94.3,2,9999.0,NO,1010.0,20,0,2021-01-05 20:00:00
113,2021,1,5,2100,28,27,94.3,2,9999.0,NO,1010.0,21,0,2021-01-05 21:00:00
114,2021,1,5,2300,27,27,100.0,2,9999.0,NO,1009.0,23,0,2021-01-05 23:00:00
115,2021,1,6,0000,26,26,100.0,3,9999.0,NO,1008.0,0,0,2021-01-06 00:00:00
116,2021,1,6,0100,27,26,94.3,3,8000.0,NO,1008.0,1,0,2021-01-06 01:00:00
117,2021,1,6,0200,26,26,100.0,3,8000.0,NO,1008.0,2,0,2021-01-06 02:00:00
118,2021,1,6,0300,26,26,100.0,3,8000.0,NO,1008.0,3,0,2021-01-06 03:00:00
119,2021,1,6,0400,26,26,100.0,0,8000.0,NO,1009.0,4,0,2021-01-06 04:00:00
120,2021,1,6,0500,26,26,100.0,1,8000.0,NO,1009.0,5,0,2021-01-06 05:00:00
121,2021,1,6,0600,25,25,100.0,3,4000.0,NO,1009.0,6,0,2021-01-06 06:00:00
122,2021,1,6,0700,26,26,100.0,4,4000.0,NO,1011.0,7,0,2021-01-06 07:00:00
123,2021,1,6,0800,27,25,88.8,3,4500.0,NO,1011.0,8,0,2021-01-06 08:00:00
124,2021,1,6,0900,29,26,83.9,4,6000.0,NO,1011.0,9,0,2021-01-06 09:00:00
125,2021,1,6,1000,30,26,79.2,3,9999.0,NO,1011.0,10,0,2021-01-06 10:00:00
126,2021,1,6,1100,30,26,79.2,3,9999.0,NO,1010.0,11,0,2021-01-06 11:00:00
127,2021,1,6,1200,31,25,70.4,3,9999.0,NO,1009.0,12,0,2021-01-06 12:00:00
128,2021,1,6,1300,31,26,74.8,4,9999.0,YES,1008.0,13,0,2021-01-06 13:00:00
129,2021,1,6,1400,27,22,74.1,1,,YES,1009.0,14,0,2021-01-06 14:00:00
130,2021,1,6,1500,23,23,100.0,2,9999.0,YES,1007.0,15,0,2021-01-06 15:00:00
131,2021,1,6,1600,23,23,100.0,0,9999.0,NO,1007.0,16,0,2021-01-06 16:00:00
132,2021,1,6,1700,23,23,100.0,2,9999.0,NO,1008.0,17,0,2021-01-06 17:00:00
133,2021,1,6,1800,23,23,100.0,1,9999.0,NO,1009.0,18,0,2021-01-06 18:00:00
134,2021,1,6,1900,23,23,100.0,1,9999.0,NO,1010.0,19,0,2021-01-06 19:00:00
135,2021,1,6,2000,23,23,100.0,0,9999.0,NO,1011.0,20,0,2021-01-06 20:00:00
136,2021,1,6,2100,23,23,100.0,0,9999.0,NO,1011.0,21,0,2021-01-06 21:00:00
137,2021,1,6,2200,23,23,100.0,0,9999.0,NO,1011.0,22,0,2021-01-06 22:00:00
138,2021,1,6,2300,23,23,100.0,3,9999.0,NO,1011.0,23,0,2021-01-06 23:00:00
139,2021,1,7,0000,23,23,100.0,1,9999.0,NO,1010.0,0,0,2021-01-07 00:00:00
140,2021,1,7,0100,23,23,100.0,2,6000.0,NO,1009.0,1,0,2021-01-07 01:00:00
141,2021,1,7,0200,22,22,100.0,2,7000.0,NO,1009.0,2,0,2021-01-07 02:00:00
142,2021,1,7,0300,22,22,100.0,1,9999.0,NO,1009.0,3,0,2021-01-07 03:00:00
143,2021,1,7,0400,22,22,100.0,0,6000.0,NO,1010.0,4,0,2021-01-07 04:00:00
144,2021,1,7,0500,23,23,100.0,2,8000.0,NO,1010.0,5,0,2021-01-07 05:00:00
145,2021,1,7,0600,23,23,100.0,0,3500.0,NO,1011.0,6,0,2021-01-07 06:00:00
146,2021,1,7,0700,24,24,100.0,3,6000.0,NO,1011.0,7,0,2021-01-07 07:00:00
147,2021,1,7,0800,26,24,88.7,2,4000.0,NO,1011.0,8,0,2021-01-07 08:00:00
148,2021,1,7,0900,27,24,83.7,2,4800.0,NO,1011.0,9,0,2021-01-07 09:00:00
149,2021,1,7,1000,29,24,74.4,1,6000.0,NO,1011.0,10,0,2021-01-07 10:00:00
150,2021,1,7,1100,30,24,70.3,2,7000.0,NO,1010.0,11,0,2021-01-07 11:00:00
151,2021,1,7,1200,30,24,70.3,3,9999.0,NO,1009.0,12,0,2021-01-07 12:00:00
152,2021,1,7,1300,30,25,74.6,3,9999.0,NO,1008.0,13,0,2021-01-07 13:00:00
153,2021,1,7,1400,30,25,74.6,4,9999.0,NO,1008.0,14,0,2021-01-07 14:00:00
154,2021,1,7,1500,30,25,74.6,4,9999.0,NO,1008.0,15,0,2021-01-07 15:00:00
155,2021,1,7,1600,30,24,70.3,4,9999.0,NO,1008.0,16,0,2021-01-07 16:00:00
156,2021,1,7,1700,28,24,78.9,2,9999.0,NO,1009.0,17,0,2021-01-07 17:00:00
157,2021,1,7,1800,26,25,94.2,0,9999.0,NO,1009.0,18,0,2021-01-07 18:00:00
158,2021,1,7,1900,25,25,100.0,2,9999.0,NO,1010.0,19,0,2021-01-07 19:00:00
159,2021,1,7,2000,25,25,100.0,0,9999.0,NO,1011.0,20,0,2021-01-07 20:00:00
160,2021,1,7,2100,25,25,100.0,0,9999.0,NO,1011.0,21,0,2021-01-07 21:00:00
161,2021,1,7,2200,25,25,100.0,0,9999.0,NO,1012.0,22,0,2021-01-07 22:00:00
162,2021,1,7,2300,25,25,100.0,2,9999.0,NO,1011.0,23,0,2021-01-07 23:00:00
163,2021,1,8,0000,26,26,100.0,3,7000.0,NO,1011.0,0,0,2021-01-08 00:00:00
164,2021,1,8,0100,25,25,100.0,1,6000.0,NO,1010.0,1,0,2021-01-08 01:00:00
165,2021,1,8,0200,25,25,100.0,2,6000.0,NO,1010.0,2,0,2021-01-08 02:00:00
166,2021,1,8,0300,25,25,100.0,2,6000.0,NO,1009.0,3,0,2021-01-08 03:00:00
167,2021,1,8,0400,25,25,100.0,0,7000.0,NO,1010.0,4,0,2021-01-08 04:00:00
168,2021,1,8,0500,25,25,100.0,1,6000.0,NO,1010.0,5,0,2021-01-08 05:00:00
169,2021,1,8,0600,25,25,100.0,3,2000.0,NO,1011.0,6,0,2021-01-08 06:00:00
170,2021,1,8,0700,26,26,100.0,3,2000.0,NO,1011.0,7,0,2021-01-08 07:00:00
171,2021,1,8,0800,28,26,88.9,3,6000.0,NO,1012.0,8,0,2021-01-08 08:00:00
172,2021,1,8,0900,29,26,83.9,2,8000.0,NO,1012.0,9,0,2021-01-08 09:00:00
173,2021,1,8,1000,30,26,79.2,2,8000.0,NO,1011.0,10,0,2021-01-08 10:00:00
174,2021,1,8,1100,32,25,66.6,3,9999.0,NO,1010.0,11,0,2021-01-08 11:00:00
175,2021,1,8,1200,33,24,59.2,4,9999.0,NO,1009.0,12,0,2021-01-08 12:00:00
176,2021,1,8,1300,34,25,59.5,5,9999.0,NO,1008.0,13,0,2021-01-08 13:00:00
177,2021,1,8,1400,31,25,70.4,5,9999.0,NO,1007.0,14,0,2021-01-08 14:00:00
178,2021,1,8,1500,32,26,70.6,4,9999.0,NO,1007.0,15,0,2021-01-08 15:00:00
179,2021,1,8,1600,31,26,74.8,4,9999.0,NO,1008.0,16,0,2021-01-08 16:00:00
180,2021,1,8,1700,29,25,79.0,4,9999.0,NO,1008.0,17,0,2021-01-08 17:00:00
181,2021,1,8,1800,28,26,88.9,2,9999.0,NO,1009.0,18,0,2021-01-08 18:00:00
182,2021,1,8,1900,28,26,88.9,2,9999.0,NO,1010.0,19,0,2021-01-08 19:00:00
183,2021,1,8,2000,27,26,94.3,1,9999.0,NO,1010.0,20,0,2021-01-08 20:00:00
184,2021,1,8,2100,26,26,100.0,1,9999.0,NO,1011.0,21,0,2021-01-08 21:00:00
185,2021,1,8,2200,26,26,100.0,3,9999.0,NO,1011.0,22,0,2021-01-08 22:00:00
186,2021,1,8,2300,26,26,100.0,2,9999.0,NO,1010.0,23,0,2021-01-08 23:00:00
187,2021,1,9,0000,25,25,100.0,3,9999.0,NO,1010.0,0,0,2021-01-09 00:00:00
188,2021,1,9,0100,26,26,100.0,3,8000.0,YES,1010.0,1,0,2021-01-09 01:00:00
189,2021,1,9,0200,25,25,100.0,0,8000.0,NO,1009.0,2,0,2021-01-09 02:00:00
190,2021,1,9,0300,25,25,100.0,0,8000.0,NO,1009.0,3,0,2021-01-09 03:00:00
191,2021,1,9,0400,25,25,100.0,0,8000.0,NO,1010.0,4,0,2021-01-09 04:00:00
192,2021,1,9,0500,25,25,100.0,0,8000.0,NO,1010.0,5,0,2021-01-09 05:00:00
193,2021,1,9,0600,25,25,100.0,2,2000.0,NO,1010.0,6,0,2021-01-09 06:00:00
194,2021,1,9,0700,26,26,100.0,2,2800.0,NO,1011.0,7,0,2021-01-09 07:00:00
195,2021,1,9,0800,28,26,88.9,2,6000.0,NO,1011.0,8,0,2021-01-09 08:00:00
196,2021,1,9,0900,29,26,83.9,1,9999.0,NO,1011.0,9,0,2021-01-09 09:00:00
197,2021,1,9,1000,29,26,83.9,4,6000.0,NO,1011.0,10,0,2021-01-09 10:00:00
198,2021,1,9,1100,31,26,74.8,2,6000.0,NO,1010.0,11,0,2021-01-09 11:00:00
199,2021,1,9,1200,31,26,74.8,1,8000.0,NO,1009.0,12,0,2021-01-09 12:00:00
200,2021,1,9,1300,31,25,70.4,4,9999.0,NO,1008.0,13,0,2021-01-09 13:00:00
201,2021,1,9,1400,30,26,79.2,4,9999.0,NO,1007.0,14,0,2021-01-09 14:00:00
202,2021,1,9,1500,30,26,79.2,4,9999.0,NO,1007.0,15,0,2021-01-09 15:00:00
203,2021,1,9,1800,27,26,94.3,1,9999.0,NO,1008.0,18,0,2021-01-09 18:00:00
204,2021,1,9,1900,26,26,100.0,0,9999.0,NO,1009.0,19,0,2021-01-09 19:00:00
205,2021,1,9,2000,25,25,100.0,0,9999.0,NO,1009.0,20,0,2021-01-09 20:00:00
206,2021,1,9,2100,25,25,100.0,0,9999.0,NO,1010.0,21,0,2021-01-09 21:00:00
207,2021,1,9,2200,26,26,100.0,2,9999.0,NO,1010.0,22,0,2021-01-09 22:00:00
208,2021,1,9,2300,26,26,100.0,3,9999.0,NO,1010.0,23,0,2021-01-09 23:00:00
209,2021,1,10,0000,26,26,100.0,3,9999.0,NO,1009.0,0,0,2021-01-10 00:00:00
210,2021,1,10,0100,25,25,100.0,1,9999.0,NO,1009.0,1,0,2021-01-10 01:00:00
211,2021,1,10,0200,25,25,100.0,2,9999.0,NO,1008.0,2,0,2021-01-10 02:00:00
212,2021,1,10,0300,25,25,100.0,2,8000.0,NO,1008.0,3,0,2021-01-10 03:00:00
213,2021,1,10,0400,25,25,100.0,2,8000.0,NO,1008.0,4,0,2021-01-10 04:00:00
214,2021,1,10,0500,25,25,100.0,2,8000.0,NO,1009.0,5,0,2021-01-10 05:00:00
215,2021,1,10,0600,25,25,100.0,0,2000.0,NO,1009.0,6,0,2021-01-10 06:00:00
216,2021,1,10,0700,26,26,100.0,1,2500.0,NO,1009.0,7,0,2021-01-10 07:00:00
217,2021,1,10,0800,27,27,100.0,2,4000.0,NO,1010.0,8,0,2021-01-10 08:00:00
218,2021,1,10,0900,28,27,94.3,1,6000.0,YES,1010.0,9,0,2021-01-10 09:00:00
219,2021,1,10,1000,31,26,74.8,3,9999.0,NO,1010.0,10,0,2021-01-10 10:00:00
220,2021,1,10,1100,33,26,66.8,4,9999.0,NO,1010.0,11,0,2021-01-10 11:00:00
221,2021,1,10,1200,33,25,62.9,4,9999.0,NO,1009.0,12,0,2021-01-10 12:00:00
222,2021,1,10,1300,33,25,62.9,5,9999.0,NO,1007.0,13,0,2021-01-10 13:00:00
223,2021,1,10,1400,33,25,62.9,6,9999.0,NO,1007.0,14,0,2021-01-10 14:00:00
224,2021,1,10,1500,32,25,66.6,6,9999.0,NO,1006.0,15,0,2021-01-10 15:00:00
225,2021,1,10,1600,31,26,74.8,5,9999.0,NO,1006.0,16,0,2021-01-10 16:00:00
226,2021,1,10,1700,29,26,83.9,5,9999.0,NO,1007.0,17,0,2021-01-10 17:00:00
227,2021,1,10,1800,28,25,83.8,3,9999.0,NO,1007.0,18,0,2021-01-10 18:00:00
228,2021,1,10,1900,28,26,88.9,3,9999.0,NO,1008.0,19,0,2021-01-10 19:00:00
229,2021,1,10,2000,26,26,100.0,0,9999.0,NO,1009.0,20,0,2021-01-10 20:00:00
230,2021,1,10,2100,26,26,100.0,0,9999.0,NO,1009.0,21,0,2021-01-10 21:00:00
231,2021,1,10,2200,26,26,100.0,0,9999.0,NO,1009.0,22,0,2021-01-10 22:00:00
232,2021,1,10,2300,25,25,100.0,1,9999.0,NO,1009.0,23,0,2021-01-10 23:00:00
233,2021,1,11,0000,26,26,100.0,2,9999.0,NO,1009.0,0,0,2021-01-11 00:00:00
234,2021,1,11,0100,26,26,100.0,2,9999.0,NO,1008.0,1,0,2021-01-11 01:00:00
235,2021,1,11,0200,25,25,100.0,2,8000.0,NO,1008.0,2,0,2021-01-11 02:00:00
236,2021,1,11,0300,25,25,100.0,1,8000.0,NO,1008.0,3,0,2021-01-11 03:00:00
237,2021,1,11,0400,25,25,100.0,0,7000.0,NO,1008.0,4,0,2021-01-11 04:00:00
238,2021,1,11,0500,24,24,100.0,0,5000.0,NO,1008.0,5,0,2021-01-11 05:00:00
239,2021,1,11,0600,24,24,100.0,2,1800.0,NO,1009.0,6,0,2021-01-11 06:00:00
240,2021,1,11,0700,26,26,100.0,2,2800.0,NO,1010.0,7,0,2021-01-11 07:00:00
241,2021,1,11,0800,27,27,100.0,2,2500.0,NO,1010.0,8,0,2021-01-11 08:00:00
242,2021,1,11,0900,30,26,79.2,3,3500.0,NO,1010.0,9,0,2021-01-11 09:00:00
243,2021,1,11,1000,31,25,70.4,2,6000.0,NO,1010.0,10,0,2021-01-11 10:00:00
244,2021,1,11,1100,33,26,66.8,3,8000.0,NO,1009.0,11,0,2021-01-11 11:00:00
245,2021,1,11,1200,33,25,62.9,4,8000.0,NO,1008.0,12,0,2021-01-11 12:00:00
246,2021,1,11,1300,34,24,56.0,4,9999.0,NO,1007.0,13,0,2021-01-11 13:00:00
247,2021,1,11,1400,33,25,62.9,5,9999.0,NO,1006.0,14,0,2021-01-11 14:00:00
248,2021,1,11,1500,32,26,70.6,6,9999.0,NO,1006.0,15,0,2021-01-11 15:00:00
249,2021,1,11,1600,31,26,74.8,5,9999.0,NO,1006.0,16,0,2021-01-11 16:00:00
250,2021,1,11,1700,30,25,74.6,4,9999.0,NO,1006.0,17,0,2021-01-11 17:00:00
251,2021,1,11,1800,29,26,83.9,2,9999.0,NO,1007.0,18,0,2021-01-11 18:00:00
252,2021,1,11,1900,28,26,88.9,1,9999.0,NO,1008.0,19,0,2021-01-11 19:00:00
253,2021,1,11,2000,28,27,94.3,1,8000.0,YES,1010.0,20,0,2021-01-11 20:00:00
254,2021,1,11,2100,27,26,94.3,2,9999.0,NO,1010.0,21,0,2021-01-11 21:00:00
255,2021,1,11,2200,26,26,100.0,1,9999.0,NO,1010.0,22,0,2021-01-11 22:00:00
256,2021,1,11,2300,26,26,100.0,2,9999.0,NO,1010.0,23,0,2021-01-11 23:00:00
257,2021,1,12,0000,26,26,100.0,4,9999.0,NO,1010.0,0,0,2021-01-12 00:00:00
258,2021,1,12,0100,24,24,100.0,0,8000.0,YES,1009.0,1,0,2021-01-12 01:00:00
259,2021,1,12,0200,24,24,100.0,0,9999.0,NO,1008.0,2,0,2021-01-12 02:00:00
260,2021,1,12,0300,24,24,100.0,0,9999.0,NO,1008.0,3,0,2021-01-12 03:00:00
261,2021,1,12,0400,24,24,100.0,0,6000.0,NO,1008.0,4,0,2021-01-12 04:00:00
262,2021,1,12,0500,24,24,100.0,0,6000.0,NO,1008.0,5,0,2021-01-12 05:00:00
263,2021,1,12,0600,25,25,100.0,0,2000.0,NO,1009.0,6,0,2021-01-12 06:00:00
264,2021,1,12,0700,26,26,100.0,1,2500.0,NO,1010.0,7,0,2021-01-12 07:00:00
265,2021,1,12,0800,28,26,88.9,2,1700.0,NO,1011.0,8,0,2021-01-12 08:00:00
266,2021,1,12,0900,30,26,79.2,3,6000.0,NO,1011.0,9,0,2021-01-12 09:00:00
267,2021,1,12,1000,31,25,70.4,2,8000.0,NO,1010.0,10,0,2021-01-12 10:00:00
268,2021,1,12,1100,32,25,66.6,4,8000.0,NO,1010.0,11,0,2021-01-12 11:00:00
269,2021,1,12,1200,33,25,62.9,3,9999.0,NO,1009.0,12,0,2021-01-12 12:00:00
270,2021,1,12,1300,33,25,62.9,5,9999.0,NO,1008.0,13,0,2021-01-12 13:00:00
271,2021,1,12,1400,32,26,70.6,6,9999.0,NO,1008.0,14,0,2021-01-12 14:00:00
272,2021,1,12,1500,32,25,66.6,5,9999.0,NO,1007.0,15,0,2021-01-12 15:00:00
273,2021,1,12,1600,30,25,74.6,5,9999.0,NO,1008.0,16,0,2021-01-12 16:00:00
274,2021,1,12,1700,29,26,83.9,4,9999.0,NO,1008.0,17,0,2021-01-12 17:00:00
275,2021,1,12,1800,28,26,88.9,3,9999.0,NO,1009.0,18,0,2021-01-12 18:00:00
276,2021,1,12,1900,28,27,94.3,2,9999.0,NO,1009.0,19,0,2021-01-12 19:00:00
277,2021,1,12,2000,28,27,94.3,2,9999.0,NO,1010.0,20,0,2021-01-12 20:00:00
278,2021,1,12,2100,27,27,100.0,2,9999.0,NO,1011.0,21,0,2021-01-12 21:00:00
279,2021,1,12,2200,27,27,100.0,1,9999.0,NO,1011.0,22,0,2021-01-12 22:00:00
280,2021,1,12,2300,26,26,100.0,2,9999.0,NO,1011.0,23,0,2021-01-12 23:00:00
281,2021,1,13,0000,26,26,100.0,2,9999.0,NO,1010.0,0,0,2021-01-13 00:00:00
282,2021,1,13,0100,26,26,100.0,2,9999.0,NO,1010.0,1,0,2021-01-13 01:00:00
283,2021,1,13,0200,26,26,100.0,1,9999.0,NO,1010.0,2,0,2021-01-13 02:00:00
284,2021,1,13,0300,25,25,100.0,3,9999.0,NO,1009.0,3,0,2021-01-13 03:00:00
285,2021,1,13,0400,25,25,100.0,1,9000.0,NO,1010.0,4,0,2021-01-13 04:00:00
286,2021,1,13,0500,25,25,100.0,2,7000.0,NO,1010.0,5,0,2021-01-13 05:00:00
287,2021,1,13,0600,25,25,100.0,4,2000.0,NO,1011.0,6,0,2021-01-13 06:00:00
288,2021,1,13,0700,26,26,100.0,2,2000.0,NO,1012.0,7,0,2021-01-13 07:00:00
289,2021,1,13,0800,28,26,88.9,1,2500.0,NO,1012.0,8,0,2021-01-13 08:00:00
290,2021,1,13,0900,30,25,74.6,2,6000.0,NO,1012.0,9,0,2021-01-13 09:00:00
291,2021,1,13,1000,30,25,74.6,2,6000.0,NO,1012.0,10,0,2021-01-13 10:00:00
292,2021,1,13,1100,32,24,62.7,4,6000.0,NO,1011.0,11,0,2021-01-13 11:00:00
293,2021,1,13,1300,33,24,59.2,5,8000.0,NO,1009.0,13,0,2021-01-13 13:00:00
294,2021,1,13,1400,33,25,62.9,4,9999.0,NO,1008.0,14,0,2021-01-13 14:00:00
295,2021,1,13,1500,31,25,70.4,5,9999.0,NO,1008.0,15,0,2021-01-13 15:00:00
296,2021,1,13,1600,31,25,70.4,4,9999.0,NO,1009.0,16,0,2021-01-13 16:00:00
297,2021,1,13,1700,29,25,79.0,4,9999.0,NO,1009.0,17,0,2021-01-13 17:00:00
298,2021,1,13,1800,28,25,83.8,2,9999.0,NO,1010.0,18,0,2021-01-13 18:00:00
299,2021,1,13,1900,28,26,88.9,4,9999.0,NO,1011.0,19,0,2021-01-13 19:00:00
300,2021,1,13,2000,28,26,88.9,3,9999.0,NO,1012.0,20,0,2021-01-13 20:00:00
301,2021,1,13,2100,28,26,88.9,3,9999.0,NO,1012.0,21,0,2021-01-13 21:00:00
302,2021,1,13,2200,27,27,100.0,1,9999.0,YES,1012.0,22,0,2021-01-13 22:00:00
303,2021,1,13,2300,27,27,100.0,4,8000.0,YES,1012.0,23,0,2021-01-13 23:00:00
304,2021,1,14,0000,26,23,83.6,10,8000.0,NO,1011.0,0,0,2021-01-14 00:00:00
305,2021,1,14,0100,24,23,94.1,2,9999.0,NO,1011.0,1,0,2021-01-14 01:00:00
306,2021,1,14,0200,24,23,94.1,0,9999.0,NO,1011.0,2,0,2021-01-14 02:00:00
307,2021,1,14,0300,24,23,94.1,0,9999.0,NO,1010.0,3,0,2021-01-14 03:00:00
308,2021,1,14,0400,23,23,100.0,0,8000.0,NO,1010.0,4,0,2021-01-14 04:00:00
309,2021,1,14,0500,23,23,100.0,0,6000.0,NO,1011.0,5,0,2021-01-14 05:00:00
310,2021,1,14,0600,23,23,100.0,0,4000.0,NO,1011.0,6,0,2021-01-14 06:00:00
311,2021,1,14,0700,25,24,94.2,0,1800.0,NO,1012.0,7,0,2021-01-14 07:00:00
312,2021,1,14,0800,26,26,100.0,0,1300.0,NO,1013.0,8,0,2021-01-14 08:00:00
313,2021,1,14,0900,29,25,79.0,2,6000.0,NO,1013.0,9,0,2021-01-14 09:00:00
314,2021,1,14,1000,30,25,74.6,1,7000.0,NO,1012.0,10,0,2021-01-14 10:00:00
315,2021,1,14,1100,31,24,66.4,3,8000.0,NO,1011.0,11,0,2021-01-14 11:00:00
316,2021,1,14,1200,32,24,62.7,5,8000.0,NO,1010.0,12,0,2021-01-14 12:00:00
317,2021,1,14,1300,32,24,62.7,4,9999.0,NO,1009.0,13,0,2021-01-14 13:00:00
318,2021,1,14,1400,32,24,62.7,6,9999.0,NO,1008.0,14,0,2021-01-14 14:00:00
319,2021,1,14,1500,30,24,70.3,5,9999.0,NO,1008.0,15,0,2021-01-14 15:00:00
320,2021,1,14,1600,30,24,70.3,4,9999.0,NO,1008.0,16,0,2021-01-14 16:00:00
321,2021,1,14,1700,28,24,78.9,3,9999.0,NO,1008.0,17,0,2021-01-14 17:00:00
322,2021,1,14,1800,27,25,88.8,2,9999.0,NO,1009.0,18,0,2021-01-14 18:00:00
323,2021,1,14,1900,26,25,94.2,1,9999.0,NO,1010.0,19,0,2021-01-14 19:00:00
324,2021,1,14,2000,25,25,100.0,1,9999.0,NO,1010.0,20,0,2021-01-14 20:00:00
325,2021,1,14,2100,25,25,100.0,1,9999.0,NO,1011.0,21,0,2021-01-14 21:00:00
326,2021,1,14,2200,25,25,100.0,2,9999.0,NO,1011.0,22,0,2021-01-14 22:00:00
327,2021,1,14,2300,25,25,100.0,2,9999.0,NO,1010.0,23,0,2021-01-14 23:00:00
328,2021,1,15,0000,25,25,100.0,3,9999.0,NO,1010.0,0,0,2021-01-15 00:00:00
329,2021,1,15,0100,24,24,100.0,2,9999.0,NO,1009.0,1,0,2021-01-15 01:00:00
330,2021,1,15,0700,25,25,100.0,2,1600.0,NO,1011.0,7,0,2021-01-15 07:00:00
331,2021,1,15,0800,27,25,88.8,3,3500.0,NO,1011.0,8,0,2021-01-15 08:00:00
332,2021,1,15,0900,29,25,79.0,3,6000.0,NO,1011.0,9,0,2021-01-15 09:00:00
333,2021,1,15,1000,30,24,70.3,2,8000.0,NO,1010.0,10,0,2021-01-15 10:00:00
334,2021,1,15,1100,30,24,70.3,1,8000.0,NO,1010.0,11,0,2021-01-15 11:00:00
335,2021,1,15,1200,32,24,62.7,2,8000.0,NO,1009.0,12,0,2021-01-15 12:00:00
336,2021,1,15,1300,32,24,62.7,2,8000.0,NO,1008.0,13,0,2021-01-15 13:00:00
337,2021,1,15,1400,32,24,62.7,4,9999.0,NO,1007.0,14,0,2021-01-15 14:00:00
338,2021,1,15,1500,31,24,66.4,4,9999.0,NO,1007.0,15,0,2021-01-15 15:00:00
339,2021,1,15,1600,30,24,70.3,4,9999.0,NO,1007.0,16,0,2021-01-15 16:00:00
340,2021,1,15,1700,29,25,79.0,3,9999.0,NO,1008.0,17,0,2021-01-15 17:00:00
341,2021,1,15,1800,27,25,88.8,2,9999.0,NO,1008.0,18,0,2021-01-15 18:00:00
342,2021,1,15,1900,27,26,94.3,2,9999.0,NO,1009.0,19,0,2021-01-15 19:00:00
343,2021,1,15,2000,26,26,100.0,2,9999.0,NO,1009.0,20,0,2021-01-15 20:00:00
344,2021,1,15,2100,25,25,100.0,0,9999.0,NO,1009.0,21,0,2021-01-15 21:00:00
345,2021,1,15,2200,25,25,100.0,0,9999.0,NO,1009.0,22,0,2021-01-15 22:00:00
346,2021,1,15,2300,25,25,100.0,0,9999.0,NO,1009.0,23,0,2021-01-15 23:00:00
347,2021,1,16,0000,25,25,100.0,2,9999.0,NO,1008.0,0,0,2021-01-16 00:00:00
348,2021,1,16,0100,25,25,100.0,4,8000.0,NO,1008.0,1,0,2021-01-16 01:00:00
349,2021,1,16,0200,25,25,100.0,0,9999.0,NO,1008.0,2,0,2021-01-16 02:00:00
350,2021,1,16,0300,24,22,88.6,0,9999.0,NO,1008.0,3,0,2021-01-16 03:00:00
351,2021,1,16,0400,23,23,100.0,0,9999.0,NO,1008.0,4,0,2021-01-16 04:00:00
352,2021,1,16,0500,22,22,100.0,0,9999.0,NO,1009.0,5,0,2021-01-16 05:00:00
353,2021,1,16,0600,23,23,100.0,2,1800.0,NO,1009.0,6,0,2021-01-16 06:00:00
354,2021,1,16,0700,25,25,100.0,0,1800.0,NO,1010.0,7,0,2021-01-16 07:00:00
355,2021,1,16,0800,28,25,83.8,3,3200.0,NO,1010.0,8,0,2021-01-16 08:00:00
356,2021,1,16,0900,29,24,74.4,3,6000.0,NO,1010.0,9,0,2021-01-16 09:00:00
357,2021,1,16,1000,30,25,74.6,2,6000.0,NO,1009.0,10,0,2021-01-16 10:00:00
358,2021,1,16,1100,31,24,66.4,3,3000.0,NO,1009.0,11,0,2021-01-16 11:00:00
359,2021,1,16,1200,32,25,66.6,3,3000.0,NO,1008.0,12,0,2021-01-16 12:00:00
360,2021,1,16,1300,32,24,62.7,4,4000.0,NO,1007.0,13,0,2021-01-16 13:00:00
361,2021,1,16,1500,31,24,66.4,4,9999.0,NO,1006.0,15,0,2021-01-16 15:00:00
362,2021,1,16,1600,30,24,70.3,4,9999.0,NO,1006.0,16,0,2021-01-16 16:00:00
363,2021,1,16,1800,27,24,83.7,2,9999.0,NO,1007.0,18,0,2021-01-16 18:00:00
364,2021,1,16,1900,26,25,94.2,0,9999.0,NO,1008.0,19,0,2021-01-16 19:00:00
365,2021,1,16,2000,25,25,100.0,0,9999.0,NO,1009.0,20,0,2021-01-16 20:00:00
366,2021,1,16,2100,25,24,94.2,1,9999.0,NO,1009.0,21,0,2021-01-16 21:00:00
367,2021,1,16,2200,24,24,100.0,1,9999.0,NO,1009.0,22,0,2021-01-16 22:00:00
368,2021,1,16,2300,25,25,100.0,2,9999.0,NO,1009.0,23,0,2021-01-16 23:00:00
369,2021,1,17,0000,25,25,100.0,2,9999.0,NO,1009.0,0,0,2021-01-17 00:00:00
370,2021,1,17,0100,25,25,100.0,3,9999.0,NO,1009.0,1,0,2021-01-17 01:00:00
371,2021,1,17,0200,25,25,100.0,3,9999.0,NO,1008.0,2,0,2021-01-17 02:00:00
372,2021,1,17,0300,25,25,100.0,2,9999.0,NO,1008.0,3,0,2021-01-17 03:00:00
373,2021,1,17,0400,24,24,100.0,2,9999.0,NO,1009.0,4,0,2021-01-17 04:00:00
374,2021,1,17,0500,25,25,100.0,0,6000.0,NO,1009.0,5,0,2021-01-17 05:00:00
375,2021,1,17,0600,25,25,100.0,1,1800.0,NO,1010.0,6,0,2021-01-17 06:00:00
376,2021,1,17,0700,25,25,100.0,3,2000.0,NO,1011.0,7,0,2021-01-17 07:00:00
377,2021,1,17,0800,27,26,94.3,2,2200.0,NO,1011.0,8,0,2021-01-17 08:00:00
378,2021,1,17,0900,30,25,74.6,2,3600.0,NO,1010.0,9,0,2021-01-17 09:00:00
379,2021,1,17,1000,30,25,74.6,2,6000.0,NO,1010.0,10,0,2021-01-17 10:00:00
380,2021,1,17,1100,31,24,66.4,3,8000.0,NO,1009.0,11,0,2021-01-17 11:00:00
381,2021,1,17,1200,33,25,62.9,4,8000.0,NO,1008.0,12,0,2021-01-17 12:00:00
382,2021,1,17,1300,33,25,62.9,4,8000.0,NO,1007.0,13,0,2021-01-17 13:00:00
383,2021,1,17,1400,33,25,62.9,4,8000.0,NO,1007.0,14,0,2021-01-17 14:00:00
384,2021,1,17,1500,32,24,62.7,4,8000.0,NO,1006.0,15,0,2021-01-17 15:00:00
385,2021,1,17,1600,31,25,70.4,4,8000.0,NO,1006.0,16,0,2021-01-17 16:00:00
386,2021,1,17,1700,29,25,79.0,3,8000.0,NO,1007.0,17,0,2021-01-17 17:00:00
387,2021,1,17,1800,28,25,83.8,2,8000.0,NO,1007.0,18,0,2021-01-17 18:00:00
388,2021,1,17,1900,27,26,94.3,2,8000.0,NO,1008.0,19,0,2021-01-17 19:00:00
389,2021,1,17,2000,26,26,100.0,0,9999.0,NO,1009.0,20,0,2021-01-17 20:00:00
390,2021,1,17,2100,25,25,100.0,0,9999.0,NO,1009.0,21,0,2021-01-17 21:00:00
391,2021,1,17,2200,25,25,100.0,0,9999.0,NO,1010.0,22,0,2021-01-17 22:00:00
392,2021,1,17,2300,26,26,100.0,2,9999.0,NO,1010.0,23,0,2021-01-17 23:00:00
393,2021,1,18,0000,26,26,100.0,2,9999.0,NO,1009.0,0,0,2021-01-18 00:00:00
394,2021,1,18,0100,26,26,100.0,2,9999.0,NO,1009.0,1,0,2021-01-18 01:00:00
395,2021,1,18,0200,26,26,100.0,2,9999.0,NO,1008.0,2,0,2021-01-18 02:00:00
396,2021,1,18,0300,26,26,100.0,3,9999.0,NO,1008.0,3,0,2021-01-18 03:00:00
397,2021,1,18,0400,25,25,100.0,1,8000.0,NO,1009.0,4,0,2021-01-18 04:00:00
398,2021,1,18,0500,25,25,100.0,1,7000.0,NO,1009.0,5,0,2021-01-18 05:00:00
399,2021,1,18,0600,26,26,100.0,1,3200.0,NO,1010.0,6,0,2021-01-18 06:00:00
400,2021,1,18,0700,26,26,100.0,1,2500.0,NO,1010.0,7,0,2021-01-18 07:00:00
401,2021,1,18,1100,33,25,62.9,2,7000.0,NO,1009.0,11,0,2021-01-18 11:00:00
402,2021,1,18,1200,33,26,66.8,4,8000.0,NO,1008.0,12,0,2021-01-18 12:00:00
403,2021,1,18,1300,34,24,56.0,4,8000.0,NO,1007.0,13,0,2021-01-18 13:00:00
404,2021,1,18,1400,33,25,62.9,4,8000.0,NO,1007.0,14,0,2021-01-18 14:00:00
405,2021,1,18,1500,32,25,66.6,5,8000.0,NO,1007.0,15,0,2021-01-18 15:00:00
406,2021,1,18,1600,31,25,70.4,5,,NO,1007.0,16,0,2021-01-18 16:00:00
407,2021,1,18,1700,29,25,79.0,3,,NO,1007.0,17,0,2021-01-18 17:00:00
408,2021,1,18,1800,28,26,88.9,2,,NO,1008.0,18,0,2021-01-18 18:00:00
409,2021,1,18,1900,28,26,88.9,2,9999.0,NO,1008.0,19,0,2021-01-18 19:00:00
410,2021,1,18,2000,27,26,94.3,0,9999.0,NO,1010.0,20,0,2021-01-18 20:00:00
411,2021,1,18,2100,28,26,88.9,2,9999.0,NO,1010.0,21,0,2021-01-18 21:00:00
412,2021,1,18,2200,27,26,94.3,0,9999.0,NO,1010.0,22,0,2021-01-18 22:00:00
413,2021,1,18,2300,27,27,100.0,2,9999.0,YES,1010.0,23,0,2021-01-18 23:00:00
414,2021,1,19,0000,27,26,94.3,3,9999.0,YES,1010.0,0,0,2021-01-19 00:00:00
415,2021,1,19,0100,25,25,100.0,0,9999.0,NO,1009.0,1,0,2021-01-19 01:00:00
416,2021,1,19,0200,25,25,100.0,0,9999.0,NO,1009.0,2,0,2021-01-19 02:00:00
417,2021,1,19,0300,25,25,100.0,0,9999.0,NO,1009.0,3,0,2021-01-19 03:00:00
418,2021,1,19,0400,26,26,100.0,1,9999.0,NO,1009.0,4,0,2021-01-19 04:00:00
419,2021,1,19,0500,25,25,100.0,2,6000.0,NO,1009.0,5,0,2021-01-19 05:00:00
420,2021,1,19,0600,25,25,100.0,2,1800.0,NO,1010.0,6,0,2021-01-19 06:00:00
421,2021,1,19,0700,26,26,100.0,0,2500.0,NO,1011.0,7,0,2021-01-19 07:00:00
422,2021,1,19,0800,30,26,79.2,2,2500.0,NO,1012.0,8,0,2021-01-19 08:00:00
423,2021,1,19,0900,31,25,70.4,2,7000.0,NO,1012.0,9,0,2021-01-19 09:00:00
424,2021,1,19,1000,31,25,70.4,2,6000.0,NO,1011.0,10,0,2021-01-19 10:00:00
425,2021,1,19,1100,32,24,62.7,3,6000.0,NO,1011.0,11,0,2021-01-19 11:00:00
426,2021,1,19,1200,33,25,62.9,4,7000.0,NO,1010.0,12,0,2021-01-19 12:00:00
427,2021,1,19,1300,32,25,66.6,5,9999.0,NO,1009.0,13,0,2021-01-19 13:00:00
428,2021,1,19,1400,32,26,70.6,5,8000.0,NO,1008.0,14,0,2021-01-19 14:00:00
429,2021,1,19,1500,32,26,70.6,5,8000.0,NO,1008.0,15,0,2021-01-19 15:00:00
430,2021,1,19,1600,30,25,74.6,5,8000.0,NO,1008.0,16,0,2021-01-19 16:00:00
431,2021,1,19,1700,28,25,83.8,6,8000.0,NO,1008.0,17,0,2021-01-19 17:00:00
432,2021,1,19,1800,28,25,83.8,3,8000.0,NO,1009.0,18,0,2021-01-19 18:00:00
433,2021,1,19,1900,27,25,88.8,3,8000.0,NO,1010.0,19,0,2021-01-19 19:00:00
434,2021,1,19,2000,27,25,88.8,2,9999.0,NO,1010.0,20,0,2021-01-19 20:00:00
435,2021,1,19,2100,25,25,100.0,2,9999.0,NO,1011.0,21,0,2021-01-19 21:00:00
436,2021,1,19,2200,26,26,100.0,3,9999.0,NO,1011.0,22,0,2021-01-19 22:00:00
437,2021,1,19,2300,26,26,100.0,3,9999.0,NO,1011.0,23,0,2021-01-19 23:00:00
438,2021,1,20,0000,25,25,100.0,2,9999.0,NO,1010.0,0,0,2021-01-20 00:00:00
439,2021,1,20,0100,25,25,100.0,1,9999.0,NO,1009.0,1,0,2021-01-20 01:00:00
440,2021,1,20,0200,24,24,100.0,2,9999.0,NO,1009.0,2,0,2021-01-20 02:00:00
441,2021,1,20,0300,25,25,100.0,2,9999.0,NO,1009.0,3,0,2021-01-20 03:00:00
442,2021,1,20,0400,25,25,100.0,1,9999.0,NO,1010.0,4,0,2021-01-20 04:00:00
443,2021,1,20,0500,25,25,100.0,1,8000.0,NO,1010.0,5,0,2021-01-20 05:00:00
444,2021,1,20,0600,25,25,100.0,1,2000.0,NO,1010.0,6,0,2021-01-20 06:00:00
445,2021,1,20,0700,25,25,100.0,0,2500.0,NO,1011.0,7,0,2021-01-20 07:00:00
446,2021,1,20,0800,28,25,83.8,4,4000.0,NO,1012.0,8,0,2021-01-20 08:00:00
447,2021,1,20,0900,29,25,79.0,3,4000.0,NO,1011.0,9,0,2021-01-20 09:00:00
448,2021,1,20,1000,31,25,70.4,4,6000.0,NO,1011.0,10,0,2021-01-20 10:00:00
449,2021,1,20,1100,31,25,70.4,2,6000.0,NO,1010.0,11,0,2021-01-20 11:00:00
450,2021,1,20,1200,33,24,59.2,3,6000.0,NO,1009.0,12,0,2021-01-20 12:00:00
451,2021,1,20,1300,33,24,59.2,4,6000.0,NO,1008.0,13,0,2021-01-20 13:00:00
452,2021,1,20,1400,32,23,59.0,4,6000.0,NO,1007.0,14,0,2021-01-20 14:00:00
453,2021,1,20,1500,31,25,70.4,5,6000.0,NO,1007.0,15,0,2021-01-20 15:00:00
454,2021,1,20,1600,30,25,74.6,5,6000.0,NO,1007.0,16,0,2021-01-20 16:00:00
455,2021,1,20,1700,29,25,79.0,4,6000.0,NO,1008.0,17,0,2021-01-20 17:00:00
456,2021,1,20,1800,28,25,83.8,2,8000.0,NO,1008.0,18,0,2021-01-20 18:00:00
457,2021,1,20,1900,28,25,83.8,0,8000.0,NO,1009.0,19,0,2021-01-20 19:00:00
458,2021,1,20,2000,27,26,94.3,0,8000.0,NO,1010.0,20,0,2021-01-20 20:00:00
459,2021,1,20,2100,26,26,100.0,0,8000.0,NO,1010.0,21,0,2021-01-20 21:00:00
460,2021,1,20,2200,25,25,100.0,1,8000.0,NO,1010.0,22,0,2021-01-20 22:00:00
461,2021,1,20,2300,26,26,100.0,2,8000.0,NO,1010.0,23,0,2021-01-20 23:00:00
462,2021,1,21,0000,26,26,100.0,3,8000.0,NO,1010.0,0,0,2021-01-21 00:00:00
463,2021,1,21,0100,25,25,100.0,1,8000.0,NO,1009.0,1,0,2021-01-21 01:00:00
464,2021,1,21,0200,25,25,100.0,3,8000.0,NO,1009.0,2,0,2021-01-21 02:00:00
465,2021,1,21,0300,24,24,100.0,0,7000.0,NO,1009.0,3,0,2021-01-21 03:00:00
466,2021,1,21,0400,24,24,100.0,0,7000.0,NO,1010.0,4,0,2021-01-21 04:00:00
467,2021,1,21,0500,24,24,100.0,1,6000.0,NO,1010.0,5,0,2021-01-21 05:00:00
468,2021,1,21,0600,25,25,100.0,3,1800.0,NO,1011.0,6,0,2021-01-21 06:00:00
469,2021,1,21,0700,26,26,100.0,0,1800.0,NO,1011.0,7,0,2021-01-21 07:00:00
470,2021,1,21,0800,28,25,83.8,1,2000.0,NO,1011.0,8,0,2021-01-21 08:00:00
471,2021,1,21,0900,30,25,74.6,2,4000.0,NO,1011.0,9,0,2021-01-21 09:00:00
472,2021,1,21,1000,31,25,70.4,2,6000.0,NO,1011.0,10,0,2021-01-21 10:00:00
473,2021,1,21,1100,32,25,66.6,3,7000.0,NO,1010.0,11,0,2021-01-21 11:00:00
474,2021,1,21,1200,33,24,59.2,4,8000.0,NO,1009.0,12,0,2021-01-21 12:00:00
475,2021,1,21,1300,33,25,62.9,4,8000.0,NO,1008.0,13,0,2021-01-21 13:00:00
476,2021,1,21,1400,32,25,66.6,5,8000.0,NO,1008.0,14,0,2021-01-21 14:00:00
477,2021,1,21,1500,31,25,70.4,5,8000.0,NO,1008.0,15,0,2021-01-21 15:00:00
478,2021,1,21,1600,30,25,74.6,4,6000.0,NO,1008.0,16,0,2021-01-21 16:00:00
479,2021,1,21,1700,29,25,79.0,3,6000.0,NO,1008.0,17,0,2021-01-21 17:00:00
480,2021,1,21,1800,28,25,83.8,2,6000.0,NO,1009.0,18,0,2021-01-21 18:00:00
481,2021,1,21,1900,27,25,88.8,2,8000.0,NO,1009.0,19,0,2021-01-21 19:00:00
482,2021,1,21,2000,27,25,88.8,1,8000.0,NO,1010.0,20,0,2021-01-21 20:00:00
483,2021,1,21,2100,26,25,94.2,0,8000.0,NO,1011.0,21,0,2021-01-21 21:00:00
484,2021,1,21,2200,25,25,100.0,0,8000.0,NO,1011.0,22,0,2021-01-21 22:00:00
485,2021,1,21,2300,25,25,100.0,1,8000.0,NO,1011.0,23,0,2021-01-21 23:00:00
486,2021,1,22,0000,25,25,100.0,0,8000.0,NO,1010.0,0,0,2021-01-22 00:00:00
487,2021,1,22,0100,25,25,100.0,2,8000.0,NO,1010.0,1,0,2021-01-22 01:00:00
488,2021,1,22,0200,25,25,100.0,2,8000.0,NO,1010.0,2,0,2021-01-22 02:00:00
489,2021,1,22,0300,24,24,100.0,2,6000.0,NO,1009.0,3,0,2021-01-22 03:00:00
490,2021,1,22,0400,24,24,100.0,1,6000.0,NO,1009.0,4,0,2021-01-22 04:00:00
491,2021,1,22,0500,24,24,100.0,1,6000.0,NO,1010.0,5,0,2021-01-22 05:00:00
492,2021,1,22,0600,24,24,100.0,0,1800.0,NO,1010.0,6,0,2021-01-22 06:00:00
493,2021,1,22,0700,25,25,100.0,0,1600.0,NO,1011.0,7,0,2021-01-22 07:00:00
494,2021,1,22,0800,26,25,94.2,1,2000.0,NO,1012.0,8,0,2021-01-22 08:00:00
495,2021,1,22,0900,30,24,70.3,4,2800.0,NO,1011.0,9,0,2021-01-22 09:00:00
496,2021,1,22,1000,31,24,66.4,2,3200.0,NO,1011.0,10,0,2021-01-22 10:00:00
497,2021,1,22,1100,32,24,62.7,4,3200.0,NO,1010.0,11,0,2021-01-22 11:00:00
498,2021,1,22,1200,33,24,59.2,4,4000.0,NO,1009.0,12,0,2021-01-22 12:00:00
499,2021,1,22,1300,33,24,59.2,4,4000.0,NO,1008.0,13,0,2021-01-22 13:00:00
500,2021,1,22,1400,32,24,62.7,4,4500.0,NO,1007.0,14,0,2021-01-22 14:00:00
501,2021,1,22,1500,32,24,62.7,5,6000.0,NO,1007.0,15,0,2021-01-22 15:00:00
502,2021,1,22,1600,31,24,66.4,5,6000.0,NO,1007.0,16,0,2021-01-22 16:00:00
503,2021,1,22,1700,30,24,70.3,4,6000.0,NO,1007.0,17,0,2021-01-22 17:00:00
504,2021,1,22,1800,28,24,78.9,4,7000.0,NO,1008.0,18,0,2021-01-22 18:00:00
505,2021,1,22,1900,28,25,83.8,3,8000.0,NO,1009.0,19,0,2021-01-22 19:00:00
506,2021,1,22,2000,28,25,83.8,2,8000.0,NO,1010.0,20,0,2021-01-22 20:00:00
507,2021,1,22,2100,27,25,88.8,1,8000.0,NO,1011.0,21,0,2021-01-22 21:00:00
508,2021,1,22,2200,26,26,100.0,0,8000.0,NO,1011.0,22,0,2021-01-22 22:00:00
509,2021,1,22,2300,25,25,100.0,0,8000.0,NO,1011.0,23,0,2021-01-22 23:00:00
510,2021,1,23,0000,25,25,100.0,3,8000.0,NO,1010.0,0,0,2021-01-23 00:00:00
511,2021,1,23,0100,25,25,100.0,3,8000.0,NO,1010.0,1,0,2021-01-23 01:00:00
512,2021,1,23,0200,25,25,100.0,2,7000.0,NO,1010.0,2,0,2021-01-23 02:00:00
513,2021,1,23,0300,25,25,100.0,1,6000.0,NO,1009.0,3,0,2021-01-23 03:00:00
514,2021,1,23,0400,24,24,100.0,0,6000.0,NO,1009.0,4,0,2021-01-23 04:00:00
515,2021,1,23,0500,24,24,100.0,0,5000.0,NO,1010.0,5,0,2021-01-23 05:00:00
516,2021,1,23,0600,24,24,100.0,1,1600.0,NO,1010.0,6,0,2021-01-23 06:00:00
517,2021,1,23,0700,25,25,100.0,3,1600.0,NO,1011.0,7,0,2021-01-23 07:00:00
518,2021,1,23,0800,25,25,100.0,4,1800.0,NO,1011.0,8,0,2021-01-23 08:00:00
519,2021,1,23,0900,30,24,70.3,4,2800.0,NO,1011.0,9,0,2021-01-23 09:00:00
520,2021,1,23,1000,31,24,66.4,3,2800.0,NO,1011.0,10,0,2021-01-23 10:00:00
521,2021,1,23,1100,32,23,59.0,3,3200.0,NO,1010.0,11,0,2021-01-23 11:00:00
522,2021,1,23,1200,33,23,55.8,4,3200.0,NO,1008.0,12,0,2021-01-23 12:00:00
523,2021,1,23,1300,33,23,55.8,4,3200.0,NO,1007.0,13,0,2021-01-23 13:00:00
524,2021,1,23,1400,33,24,59.2,4,3200.0,NO,1006.0,14,0,2021-01-23 14:00:00
525,2021,1,23,1500,32,24,62.7,4,3200.0,NO,1006.0,15,0,2021-01-23 15:00:00
526,2021,1,23,1600,31,23,62.5,4,3200.0,NO,1007.0,16,0,2021-01-23 16:00:00
527,2021,1,23,1700,30,24,70.3,3,3200.0,NO,1007.0,17,0,2021-01-23 17:00:00
528,2021,1,23,1800,29,24,74.4,2,4500.0,NO,1008.0,18,0,2021-01-23 18:00:00
529,2021,1,23,1900,28,24,78.9,2,4500.0,NO,1009.0,19,0,2021-01-23 19:00:00
530,2021,1,23,2000,27,25,88.8,0,4500.0,NO,1010.0,20,0,2021-01-23 20:00:00
531,2021,1,23,2100,26,26,100.0,1,4500.0,NO,1010.0,21,0,2021-01-23 21:00:00
532,2021,1,23,2200,26,26,100.0,0,4500.0,NO,1011.0,22,0,2021-01-23 22:00:00
533,2021,1,23,2300,26,26,100.0,0,4500.0,NO,1010.0,23,0,2021-01-23 23:00:00
534,2021,1,24,0000,25,25,100.0,0,4000.0,NO,1010.0,0,0,2021-01-24 00:00:00
535,2021,1,24,0100,25,25,100.0,2,6000.0,NO,1010.0,1,0,2021-01-24 01:00:00
536,2021,1,24,0200,25,25,100.0,0,6000.0,NO,1009.0,2,0,2021-01-24 02:00:00
537,2021,1,24,0300,24,24,100.0,0,6000.0,NO,1009.0,3,0,2021-01-24 03:00:00
538,2021,1,24,0400,24,24,100.0,0,6000.0,NO,1009.0,4,0,2021-01-24 04:00:00
539,2021,1,24,0500,25,25,100.0,2,6000.0,NO,1009.0,5,0,2021-01-24 05:00:00
540,2021,1,24,0600,25,25,100.0,3,2000.0,NO,1010.0,6,0,2021-01-24 06:00:00
541,2021,1,24,0700,26,26,100.0,3,2000.0,NO,1010.0,7,0,2021-01-24 07:00:00
542,2021,1,24,0900,25,25,100.0,2,2500.0,NO,1011.0,9,0,2021-01-24 09:00:00
543,2021,1,24,1000,31,24,66.4,3,2500.0,NO,1010.0,10,0,2021-01-24 10:00:00
544,2021,1,24,1100,32,24,62.7,4,2500.0,NO,1009.0,11,0,2021-01-24 11:00:00
545,2021,1,24,1200,33,23,55.8,4,2500.0,NO,1008.0,12,0,2021-01-24 12:00:00
546,2021,1,24,1300,34,23,52.7,5,4000.0,NO,1007.0,13,0,2021-01-24 13:00:00
547,2021,1,24,1400,33,22,52.5,3,4000.0,NO,1006.0,14,0,2021-01-24 14:00:00
548,2021,1,24,1500,32,21,52.2,4,3000.0,NO,1006.0,15,0,2021-01-24 15:00:00
549,2021,1,24,1600,31,24,66.4,4,3000.0,NO,1006.0,16,0,2021-01-24 16:00:00
550,2021,1,24,1700,29,25,79.0,4,3000.0,NO,1007.0,17,0,2021-01-24 17:00:00
551,2021,1,24,1800,28,24,78.9,2,3000.0,NO,1008.0,18,0,2021-01-24 18:00:00
552,2021,1,24,1900,27,25,88.8,0,4000.0,NO,1009.0,19,0,2021-01-24 19:00:00
553,2021,1,24,2000,26,26,100.0,0,6000.0,NO,1010.0,20,0,2021-01-24 20:00:00
554,2021,1,24,2100,26,26,100.0,0,6000.0,NO,1010.0,21,0,2021-01-24 21:00:00
555,2021,1,24,2200,25,25,100.0,1,7000.0,NO,1010.0,22,0,2021-01-24 22:00:00
556,2021,1,24,2300,26,26,100.0,1,7000.0,NO,1010.0,23,0,2021-01-24 23:00:00
557,2021,1,25,0000,26,26,100.0,1,7000.0,NO,1010.0,0,0,2021-01-25 00:00:00
558,2021,1,25,0100,25,25,100.0,0,7000.0,NO,1009.0,1,0,2021-01-25 01:00:00
559,2021,1,25,0200,25,25,100.0,2,7000.0,NO,1009.0,2,0,2021-01-25 02:00:00
560,2021,1,25,0300,26,26,100.0,4,4000.0,NO,1009.0,3,0,2021-01-25 03:00:00
561,2021,1,25,0400,26,25,94.2,2,4000.0,NO,1009.0,4,0,2021-01-25 04:00:00
562,2021,1,25,0500,25,25,100.0,0,4000.0,NO,1010.0,5,0,2021-01-25 05:00:00
563,2021,1,25,0600,25,25,100.0,2,1800.0,NO,1010.0,6,0,2021-01-25 06:00:00
564,2021,1,25,0700,26,26,100.0,2,1800.0,NO,1011.0,7,0,2021-01-25 07:00:00
565,2021,1,25,0800,29,25,79.0,2,2000.0,NO,1011.0,8,0,2021-01-25 08:00:00
566,2021,1,25,0900,30,24,70.3,3,2200.0,NO,1011.0,9,0,2021-01-25 09:00:00
567,2021,1,25,1100,33,24,59.2,2,2500.0,NO,1009.0,11,0,2021-01-25 11:00:00
568,2021,1,25,1200,33,24,59.2,4,2500.0,NO,1008.0,12,0,2021-01-25 12:00:00
569,2021,1,25,1300,33,25,62.9,3,2500.0,NO,1007.0,13,0,2021-01-25 13:00:00
570,2021,1,25,1400,33,24,59.2,7,2800.0,NO,1006.0,14,0,2021-01-25 14:00:00
571,2021,1,25,1600,31,25,70.4,4,3500.0,NO,1006.0,16,0,2021-01-25 16:00:00
572,2021,1,25,1700,30,25,74.6,3,4000.0,NO,1007.0,17,0,2021-01-25 17:00:00
573,2021,1,25,1800,29,26,83.9,4,6000.0,NO,1008.0,18,0,2021-01-25 18:00:00
574,2021,1,25,1900,28,26,88.9,2,7000.0,NO,1008.0,19,0,2021-01-25 19:00:00
575,2021,1,25,2000,28,26,88.9,2,8000.0,NO,1010.0,20,0,2021-01-25 20:00:00
576,2021,1,25,2100,27,26,94.3,2,8000.0,NO,1010.0,21,0,2021-01-25 21:00:00
577,2021,1,25,2200,26,26,100.0,0,8000.0,NO,1011.0,22,0,2021-01-25 22:00:00
578,2021,1,25,2300,26,26,100.0,1,8000.0,NO,1011.0,23,0,2021-01-25 23:00:00
579,2021,1,26,0000,27,27,100.0,1,8000.0,NO,1010.0,0,0,2021-01-26 00:00:00
580,2021,1,26,0100,26,26,100.0,1,7000.0,NO,1010.0,1,0,2021-01-26 01:00:00
581,2021,1,26,0200,26,26,100.0,2,7000.0,NO,1009.0,2,0,2021-01-26 02:00:00
582,2021,1,26,0300,26,26,100.0,2,7000.0,NO,1009.0,3,0,2021-01-26 03:00:00
583,2021,1,26,0400,25,25,100.0,2,7000.0,NO,1009.0,4,0,2021-01-26 04:00:00
584,2021,1,26,0500,25,25,100.0,2,6000.0,NO,1010.0,5,0,2021-01-26 05:00:00
585,2021,1,26,0600,25,25,100.0,0,1800.0,NO,1010.0,6,0,2021-01-26 06:00:00
586,2021,1,26,0700,25,25,100.0,0,1800.0,NO,1010.0,7,0,2021-01-26 07:00:00
587,2021,1,26,0800,28,26,88.9,1,2000.0,NO,1011.0,8,0,2021-01-26 08:00:00
588,2021,1,26,0900,30,25,74.6,3,2500.0,NO,1011.0,9,0,2021-01-26 09:00:00
589,2021,1,26,1000,31,24,66.4,3,4000.0,NO,1011.0,10,0,2021-01-26 10:00:00
590,2021,1,26,1100,32,24,62.7,3,4000.0,NO,1010.0,11,0,2021-01-26 11:00:00
591,2021,1,26,1200,34,24,56.0,3,4000.0,NO,1009.0,12,0,2021-01-26 12:00:00
592,2021,1,26,1300,34,24,56.0,4,4000.0,NO,1007.0,13,0,2021-01-26 13:00:00
593,2021,1,26,1400,34,24,56.0,4,4000.0,NO,1006.0,14,0,2021-01-26 14:00:00
594,2021,1,26,1500,32,25,66.6,6,4000.0,NO,1006.0,15,0,2021-01-26 15:00:00
595,2021,1,26,1600,31,25,70.4,5,4000.0,NO,1006.0,16,0,2021-01-26 16:00:00
596,2021,1,26,1700,30,25,74.6,4,4000.0,NO,1007.0,17,0,2021-01-26 17:00:00
597,2021,1,26,1800,29,25,79.0,4,4000.0,NO,1008.0,18,0,2021-01-26 18:00:00
598,2021,1,26,1900,28,26,88.9,2,4500.0,NO,1009.0,19,0,2021-01-26 19:00:00
599,2021,1,26,2000,28,25,83.8,2,6000.0,NO,1011.0,20,0,2021-01-26 20:00:00
600,2021,1,26,2100,27,26,94.3,1,6000.0,NO,1011.0,21,0,2021-01-26 21:00:00
601,2021,1,26,2200,27,26,94.3,2,6000.0,NO,1010.0,22,0,2021-01-26 22:00:00
602,2021,1,26,2300,27,26,94.3,2,8000.0,NO,1010.0,23,0,2021-01-26 23:00:00
603,2021,1,27,0000,26,26,100.0,1,8000.0,NO,1010.0,0,0,2021-01-27 00:00:00
604,2021,1,27,0100,26,26,100.0,0,8000.0,NO,1009.0,1,0,2021-01-27 01:00:00
605,2021,1,27,0200,26,26,100.0,3,8000.0,NO,1009.0,2,0,2021-01-27 02:00:00
606,2021,1,27,0300,26,26,100.0,2,8000.0,NO,1009.0,3,0,2021-01-27 03:00:00
607,2021,1,27,0400,26,26,100.0,3,8000.0,NO,1008.0,4,0,2021-01-27 04:00:00
608,2021,1,27,0500,26,26,100.0,2,4000.0,NO,1009.0,5,0,2021-01-27 05:00:00
609,2021,1,27,0600,25,25,100.0,2,1600.0,NO,1009.0,6,0,2021-01-27 06:00:00
610,2021,1,27,0700,26,26,100.0,0,1600.0,NO,1010.0,7,0,2021-01-27 07:00:00
611,2021,1,27,0800,29,26,83.9,0,2300.0,NO,1010.0,8,0,2021-01-27 08:00:00
612,2021,1,27,0900,31,25,70.4,2,4000.0,NO,1011.0,9,0,2021-01-27 09:00:00
613,2021,1,27,1000,32,24,62.7,2,4500.0,NO,1010.0,10,0,2021-01-27 10:00:00
614,2021,1,27,1100,33,24,59.2,3,4500.0,NO,1009.0,11,0,2021-01-27 11:00:00
615,2021,1,27,1200,33,24,59.2,3,4500.0,NO,1008.0,12,0,2021-01-27 12:00:00
616,2021,1,27,1300,34,24,56.0,4,6000.0,NO,1008.0,13,0,2021-01-27 13:00:00
617,2021,1,27,1400,34,24,56.0,4,6000.0,NO,1007.0,14,0,2021-01-27 14:00:00
618,2021,1,27,1500,33,25,62.9,5,7000.0,NO,1006.0,15,0,2021-01-27 15:00:00
619,2021,1,27,1600,30,25,74.6,5,7000.0,NO,1007.0,16,0,2021-01-27 16:00:00
620,2021,1,27,1700,29,25,79.0,3,8000.0,NO,1007.0,17,0,2021-01-27 17:00:00
621,2021,1,27,1800,29,26,83.9,3,8000.0,NO,1007.0,18,0,2021-01-27 18:00:00
622,2021,1,27,1900,29,26,83.9,2,9999.0,NO,1009.0,19,0,2021-01-27 19:00:00
623,2021,1,27,2000,28,26,88.9,3,9999.0,NO,1010.0,20,0,2021-01-27 20:00:00
624,2021,1,27,2100,28,26,88.9,2,9999.0,NO,1011.0,21,0,2021-01-27 21:00:00
625,2021,1,27,2200,27,27,100.0,2,9999.0,NO,1011.0,22,0,2021-01-27 22:00:00
626,2021,1,27,2300,27,27,100.0,1,9999.0,NO,1011.0,23,0,2021-01-27 23:00:00
627,2021,1,28,0000,26,26,100.0,0,9999.0,NO,1010.0,0,0,2021-01-28 00:00:00
628,2021,1,28,0100,26,26,100.0,3,9999.0,NO,1010.0,1,0,2021-01-28 01:00:00
629,2021,1,28,0200,26,26,100.0,0,9999.0,NO,1009.0,2,0,2021-01-28 02:00:00
630,2021,1,28,0300,26,26,100.0,4,9999.0,NO,1009.0,3,0,2021-01-28 03:00:00
631,2021,1,28,0400,25,25,100.0,2,9999.0,NO,1009.0,4,0,2021-01-28 04:00:00
632,2021,1,28,0500,24,24,100.0,0,8000.0,NO,1009.0,5,0,2021-01-28 05:00:00
633,2021,1,28,0600,25,25,100.0,2,2000.0,NO,1010.0,6,0,2021-01-28 06:00:00
634,2021,1,28,0700,26,26,100.0,2,2000.0,NO,1010.0,7,0,2021-01-28 07:00:00
635,2021,1,28,0800,30,26,79.2,2,2800.0,NO,1010.0,8,0,2021-01-28 08:00:00
636,2021,1,28,0900,30,25,74.6,2,4800.0,NO,1011.0,9,0,2021-01-28 09:00:00
637,2021,1,28,1000,31,25,70.4,3,7000.0,NO,1010.0,10,0,2021-01-28 10:00:00
638,2021,1,28,1100,32,24,62.7,2,7000.0,NO,1009.0,11,0,2021-01-28 11:00:00
639,2021,1,28,1200,33,25,62.9,4,8000.0,NO,1008.0,12,0,2021-01-28 12:00:00
640,2021,1,28,1300,33,25,62.9,6,8000.0,NO,1007.0,13,0,2021-01-28 13:00:00
641,2021,1,28,1400,33,26,66.8,6,8000.0,NO,1007.0,14,0,2021-01-28 14:00:00
642,2021,1,28,1500,31,25,70.4,5,8000.0,NO,1006.0,15,0,2021-01-28 15:00:00
643,2021,1,28,1600,30,25,74.6,5,8000.0,NO,1007.0,16,0,2021-01-28 16:00:00
644,2021,1,28,1700,29,25,79.0,4,9999.0,NO,1007.0,17,0,2021-01-28 17:00:00
645,2021,1,28,1800,28,25,83.8,3,9999.0,NO,1008.0,18,0,2021-01-28 18:00:00
646,2021,1,28,1900,28,25,83.8,3,9999.0,NO,1009.0,19,0,2021-01-28 19:00:00
647,2021,1,28,2000,28,25,83.8,2,9999.0,NO,1010.0,20,0,2021-01-28 20:00:00
648,2021,1,28,2100,28,26,88.9,2,9999.0,NO,1011.0,21,0,2021-01-28 21:00:00
649,2021,1,28,2200,28,26,88.9,2,9999.0,NO,1011.0,22,0,2021-01-28 22:00:00
650,2021,1,28,2300,27,26,94.3,2,9999.0,NO,1011.0,23,0,2021-01-28 23:00:00
651,2021,1,29,0000,27,26,94.3,2,9999.0,NO,1010.0,0,0,2021-01-29 00:00:00
652,2021,1,29,0100,26,26,100.0,1,9999.0,NO,1010.0,1,0,2021-01-29 01:00:00
653,2021,1,29,0300,26,26,100.0,3,9999.0,NO,1009.0,3,0,2021-01-29 03:00:00
654,2021,1,29,0400,25,25,100.0,2,8000.0,NO,1010.0,4,0,2021-01-29 04:00:00
655,2021,1,29,0500,25,25,100.0,2,8000.0,NO,1010.0,5,0,2021-01-29 05:00:00
656,2021,1,29,0600,25,25,100.0,0,4000.0,NO,1011.0,6,0,2021-01-29 06:00:00
657,2021,1,29,0700,26,26,100.0,2,6000.0,NO,1011.0,7,0,2021-01-29 07:00:00
658,2021,1,29,0800,28,26,88.9,4,6000.0,NO,1012.0,8,0,2021-01-29 08:00:00
659,2021,1,29,0900,29,26,83.9,1,6000.0,NO,1012.0,9,0,2021-01-29 09:00:00
660,2021,1,29,1000,32,25,66.6,3,8000.0,NO,1012.0,10,0,2021-01-29 10:00:00
661,2021,1,29,1100,31,25,70.4,3,8000.0,NO,1011.0,11,0,2021-01-29 11:00:00
662,2021,1,29,1200,33,25,62.9,4,8000.0,NO,1010.0,12,0,2021-01-29 12:00:00
663,2021,1,29,1300,33,25,62.9,4,8000.0,NO,1008.0,13,0,2021-01-29 13:00:00
664,2021,1,29,1400,33,25,62.9,5,8000.0,NO,1007.0,14,0,2021-01-29 14:00:00
665,2021,1,29,1500,32,25,66.6,4,8000.0,NO,1007.0,15,0,2021-01-29 15:00:00
666,2021,1,29,1600,31,25,70.4,4,8000.0,NO,1007.0,16,0,2021-01-29 16:00:00
667,2021,1,29,1700,29,25,79.0,4,8000.0,NO,1007.0,17,0,2021-01-29 17:00:00
668,2021,1,29,1800,28,25,83.8,3,8000.0,NO,1008.0,18,0,2021-01-29 18:00:00
669,2021,1,29,1900,28,25,83.8,2,8000.0,NO,1009.0,19,0,2021-01-29 19:00:00
670,2021,1,29,2000,28,25,83.8,2,8000.0,NO,1010.0,20,0,2021-01-29 20:00:00
671,2021,1,29,2100,28,25,83.8,2,9999.0,NO,1011.0,21,0,2021-01-29 21:00:00
672,2021,1,29,2300,27,26,94.3,2,9999.0,NO,1011.0,23,0,2021-01-29 23:00:00
673,2021,1,30,0000,26,26,100.0,2,9999.0,NO,1010.0,0,0,2021-01-30 00:00:00
674,2021,1,30,0100,26,26,100.0,1,9999.0,NO,1010.0,1,0,2021-01-30 01:00:00
675,2021,1,30,0500,26,26,100.0,2,7000.0,NO,,5,0,2021-01-30 05:00:00
676,2021,1,30,0600,25,25,100.0,1,2800.0,NO,1010.0,6,0,2021-01-30 06:00:00
677,2021,1,30,0700,27,27,100.0,0,2800.0,NO,1010.0,7,0,2021-01-30 07:00:00
678,2021,1,30,0900,31,24,66.4,5,7000.0,NO,1011.0,9,0,2021-01-30 09:00:00
679,2021,1,30,1000,31,24,66.4,4,8000.0,NO,1011.0,10,0,2021-01-30 10:00:00
680,2021,1,30,1100,32,24,62.7,3,7000.0,NO,1010.0,11,0,2021-01-30 11:00:00
681,2021,1,30,1200,33,24,59.2,3,7000.0,NO,1009.0,12,0,2021-01-30 12:00:00
682,2021,1,30,1300,34,24,56.0,4,8000.0,NO,1008.0,13,0,2021-01-30 13:00:00
683,2021,1,30,1400,33,24,59.2,4,8000.0,NO,1007.0,14,0,2021-01-30 14:00:00
684,2021,1,30,1500,33,24,59.2,5,8000.0,NO,1007.0,15,0,2021-01-30 15:00:00
685,2021,1,30,1600,31,25,70.4,4,8000.0,NO,1007.0,16,0,2021-01-30 16:00:00
686,2021,1,30,1700,29,25,79.0,4,8000.0,NO,1007.0,17,0,2021-01-30 17:00:00
687,2021,1,30,1800,28,24,78.9,3,8000.0,NO,1008.0,18,0,2021-01-30 18:00:00
688,2021,1,30,1900,28,25,83.8,2,9999.0,NO,1008.0,19,0,2021-01-30 19:00:00
689,2021,1,30,2000,28,25,83.8,2,9999.0,NO,1009.0,20,0,2021-01-30 20:00:00
690,2021,1,30,2100,27,26,94.3,2,9999.0,NO,1010.0,21,0,2021-01-30 21:00:00
691,2021,1,30,2200,27,26,94.3,1,9999.0,NO,1010.0,22,0,2021-01-30 22:00:00
692,2021,1,30,2300,26,26,100.0,0,9999.0,NO,1010.0,23,0,2021-01-30 23:00:00
693,2021,1,31,0000,27,27,100.0,2,9999.0,NO,1010.0,0,0,2021-01-31 00:00:00
694,2021,1,31,0100,26,26,100.0,2,9999.0,NO,1009.0,1,0,2021-01-31 01:00:00
695,2021,1,31,0200,26,26,100.0,2,8000.0,NO,1008.0,2,0,2021-01-31 02:00:00
696,2021,1,31,0300,26,26,100.0,2,6000.0,NO,1008.0,3,0,2021-01-31 03:00:00
697,2021,1,31,0400,26,26,100.0,1,4000.0,YES,1009.0,4,0,2021-01-31 04:00:00
698,2021,1,31,0500,26,25,94.2,3,4000.0,NO,1009.0,5,0,2021-01-31 05:00:00
699,2021,1,31,0600,26,26,100.0,1,2000.0,NO,1010.0,6,0,2021-01-31 06:00:00
700,2021,1,31,0800,28,25,83.8,4,2000.0,NO,1010.0,8,0,2021-01-31 08:00:00
701,2021,1,31,0900,30,25,74.6,3,2500.0,NO,1010.0,9,0,2021-01-31 09:00:00
702,2021,1,31,1000,32,24,62.7,3,4000.0,NO,1010.0,10,0,2021-01-31 10:00:00
703,2021,1,31,1100,33,24,59.2,3,4000.0,NO,1009.0,11,0,2021-01-31 11:00:00
704,2021,1,31,1200,33,24,59.2,3,4000.0,NO,1008.0,12,0,2021-01-31 12:00:00
705,2021,1,31,1300,33,24,59.2,4,4000.0,NO,1008.0,13,0,2021-01-31 13:00:00
706,2021,1,31,1400,33,24,59.2,4,4000.0,NO,1006.0,14,0,2021-01-31 14:00:00
707,2021,1,31,1500,32,24,62.7,6,6000.0,NO,1006.0,15,0,2021-01-31 15:00:00
708,2021,1,31,1600,31,24,66.4,4,6000.0,NO,1007.0,16,0,2021-01-31 16:00:00
709,2021,1,31,1700,30,24,70.3,4,6000.0,NO,1007.0,17,0,2021-01-31 17:00:00
710,2021,1,31,1800,29,25,79.0,3,6000.0,NO,1008.0,18,0,2021-01-31 18:00:00
711,2021,1,31,1900,28,26,88.9,2,7000.0,NO,1009.0,19,0,2021-01-31 19:00:00
712,2021,1,31,2000,28,26,88.9,1,8000.0,NO,1010.0,20,0,2021-01-31 20:00:00
713,2021,1,31,2200,27,26,94.3,2,8000.0,NO,1010.0,22,0,2021-01-31 22:00:00
714,2021,2,1,0000,27,27,100.0,3,8000.0,NO,1010.0,0,0,2021-02-01 00:00:00
715,2021,2,1,0200,26,26,100.0,1,8000.0,NO,1010.0,2,0,2021-02-01 02:00:00
716,2021,2,1,0400,25,25,100.0,0,6000.0,NO,1010.0,4,0,2021-02-01 04:00:00
717,2021,2,1,0500,25,25,100.0,2,4000.0,NO,1010.0,5,0,2021-02-01 05:00:00
718,2021,2,1,0600,25,25,100.0,2,4000.0,NO,1011.0,6,0,2021-02-01 06:00:00
719,2021,2,1,0800,28,26,88.9,3,4200.0,NO,1013.0,8,0,2021-02-01 08:00:00
720,2021,2,1,0900,29,26,83.9,2,4500.0,NO,1012.0,9,0,2021-02-01 09:00:00
721,2021,2,1,1000,29,26,83.9,2,6000.0,NO,1012.0,10,0,2021-02-01 10:00:00
722,2021,2,1,1100,30,25,74.6,3,6000.0,NO,1011.0,11,0,2021-02-01 11:00:00
723,2021,2,1,1200,31,25,70.4,3,8000.0,NO,1010.0,12,0,2021-02-01 12:00:00
724,2021,2,1,1300,31,25,70.4,4,8000.0,NO,1009.0,13,0,2021-02-01 13:00:00
725,2021,2,1,1400,32,25,66.6,5,9999.0,NO,1008.0,14,0,2021-02-01 14:00:00
726,2021,2,1,1500,32,25,66.6,4,9999.0,NO,1008.0,15,0,2021-02-01 15:00:00
727,2021,2,1,1600,30,25,74.6,4,9999.0,NO,1008.0,16,0,2021-02-01 16:00:00
728,2021,2,1,1700,30,25,74.6,2,9999.0,NO,1008.0,17,0,2021-02-01 17:00:00
729,2021,2,1,1800,28,25,83.8,2,8000.0,NO,1009.0,18,0,2021-02-01 18:00:00
730,2021,2,1,1900,27,26,94.3,1,9999.0,NO,1010.0,19,0,2021-02-01 19:00:00
731,2021,2,1,2000,27,26,94.3,2,9999.0,NO,1011.0,20,0,2021-02-01 20:00:00
732,2021,2,1,2100,26,26,100.0,2,9999.0,NO,1011.0,21,0,2021-02-01 21:00:00
733,2021,2,1,2200,26,26,100.0,2,9999.0,NO,1011.0,22,0,2021-02-01 22:00:00
734,2021,2,1,2300,26,26,100.0,0,9999.0,NO,1012.0,23,0,2021-02-01 23:00:00
735,2021,2,2,0000,26,26,100.0,2,9999.0,NO,1011.0,0,0,2021-02-02 00:00:00
736,2021,2,2,0100,26,26,100.0,2,8000.0,YES,1011.0,1,0,2021-02-02 01:00:00
737,2021,2,2,0200,26,26,100.0,2,8000.0,YES,1011.0,2,0,2021-02-02 02:00:00
738,2021,2,2,0300,25,25,100.0,1,9000.0,NO,1011.0,3,0,2021-02-02 03:00:00
739,2021,2,2,0400,25,25,100.0,0,9000.0,NO,1011.0,4,0,2021-02-02 04:00:00
740,2021,2,2,0500,25,25,100.0,2,6000.0,NO,1011.0,5,0,2021-02-02 05:00:00
741,2021,2,2,0600,25,25,100.0,2,2000.0,NO,1011.0,6,0,2021-02-02 06:00:00
742,2021,2,2,0700,26,26,100.0,1,2000.0,NO,1012.0,7,0,2021-02-02 07:00:00
743,2021,2,2,0800,28,26,88.9,4,2000.0,NO,1012.0,8,0,2021-02-02 08:00:00
744,2021,2,2,0900,29,26,83.9,3,6000.0,NO,1012.0,9,0,2021-02-02 09:00:00
745,2021,2,2,1000,31,25,70.4,2,6000.0,NO,1012.0,10,0,2021-02-02 10:00:00
746,2021,2,2,1100,32,26,70.6,3,7000.0,NO,1011.0,11,0,2021-02-02 11:00:00
747,2021,2,2,1200,33,25,62.9,4,9999.0,NO,1010.0,12,0,2021-02-02 12:00:00
748,2021,2,2,1300,34,25,59.5,4,9999.0,NO,1009.0,13,0,2021-02-02 13:00:00
749,2021,2,2,1400,33,25,62.9,4,9999.0,NO,1008.0,14,0,2021-02-02 14:00:00
750,2021,2,2,1500,32,25,66.6,5,8000.0,NO,1008.0,15,0,2021-02-02 15:00:00
751,2021,2,2,1600,31,26,74.8,4,8000.0,NO,1008.0,16,0,2021-02-02 16:00:00
752,2021,2,2,1700,30,26,79.2,4,8000.0,NO,1008.0,17,0,2021-02-02 17:00:00
753,2021,2,2,1800,29,26,83.9,3,8000.0,NO,1009.0,18,0,2021-02-02 18:00:00
754,2021,2,2,1900,28,26,88.9,0,8000.0,NO,1010.0,19,0,2021-02-02 19:00:00
755,2021,2,2,2000,27,26,94.3,0,8000.0,NO,1010.0,20,0,2021-02-02 20:00:00
756,2021,2,2,2100,26,26,100.0,0,8000.0,NO,1011.0,21,0,2021-02-02 21:00:00
757,2021,2,2,2200,26,26,100.0,0,8000.0,NO,1011.0,22,0,2021-02-02 22:00:00
758,2021,2,2,2300,26,26,100.0,0,8000.0,NO,1011.0,23,0,2021-02-02 23:00:00
759,2021,2,3,0000,27,27,100.0,2,8000.0,NO,1010.0,0,0,2021-02-03 00:00:00
760,2021,2,3,0100,26,26,100.0,0,8000.0,NO,1010.0,1,0,2021-02-03 01:00:00
761,2021,2,3,0200,27,27,100.0,2,8000.0,NO,1010.0,2,0,2021-02-03 02:00:00
762,2021,2,3,0300,27,27,100.0,2,8000.0,NO,1010.0,3,0,2021-02-03 03:00:00
763,2021,2,3,0400,26,26,100.0,2,6000.0,NO,1010.0,4,0,2021-02-03 04:00:00
764,2021,2,3,0500,26,26,100.0,0,6000.0,NO,1011.0,5,0,2021-02-03 05:00:00
765,2021,2,3,0600,26,26,100.0,0,2000.0,NO,1011.0,6,0,2021-02-03 06:00:00
766,2021,2,3,0700,26,26,100.0,0,2500.0,NO,1012.0,7,0,2021-02-03 07:00:00
767,2021,2,3,0800,30,25,74.6,3,4000.0,NO,1012.0,8,0,2021-02-03 08:00:00
768,2021,2,3,0900,30,25,74.6,2,4000.0,NO,1012.0,9,0,2021-02-03 09:00:00
769,2021,2,3,1000,31,25,70.4,3,6000.0,NO,1012.0,10,0,2021-02-03 10:00:00
770,2021,2,3,1100,33,25,62.9,3,6000.0,NO,1011.0,11,0,2021-02-03 11:00:00
771,2021,2,3,1200,33,25,62.9,4,6000.0,NO,1010.0,12,0,2021-02-03 12:00:00
772,2021,2,3,1300,33,25,62.9,5,6000.0,NO,1009.0,13,0,2021-02-03 13:00:00
773,2021,2,3,1400,33,25,62.9,5,6000.0,NO,1008.0,14,0,2021-02-03 14:00:00
774,2021,2,3,1500,32,25,66.6,3,6000.0,NO,1008.0,15,0,2021-02-03 15:00:00
775,2021,2,3,1600,30,27,84.0,3,8000.0,NO,1008.0,16,0,2021-02-03 16:00:00
776,2021,2,3,1700,30,26,79.2,3,8000.0,NO,1008.0,17,0,2021-02-03 17:00:00
777,2021,2,3,1800,29,26,83.9,3,8000.0,NO,1009.0,18,0,2021-02-03 18:00:00
778,2021,2,3,1900,28,27,94.3,1,8000.0,NO,1009.0,19,0,2021-02-03 19:00:00
779,2021,2,3,2000,27,27,100.0,0,8000.0,NO,1010.0,20,0,2021-02-03 20:00:00
780,2021,2,3,2100,27,27,100.0,2,9999.0,NO,1010.0,21,0,2021-02-03 21:00:00
781,2021,2,3,2200,26,26,100.0,1,9999.0,NO,1010.0,22,0,2021-02-03 22:00:00
782,2021,2,3,2300,26,26,100.0,2,9999.0,NO,1010.0,23,0,2021-02-03 23:00:00
783,2021,2,4,0200,26,26,100.0,2,8000.0,NO,1009.0,2,0,2021-02-04 02:00:00
784,2021,2,4,0300,26,26,100.0,2,8000.0,NO,1010.0,3,0,2021-02-04 03:00:00
785,2021,2,4,0400,26,26,100.0,1,8000.0,NO,1010.0,4,0,2021-02-04 04:00:00
786,2021,2,4,0500,26,26,100.0,2,7000.0,NO,1010.0,5,0,2021-02-04 05:00:00
787,2021,2,4,0600,26,26,100.0,0,2000.0,NO,1011.0,6,0,2021-02-04 06:00:00
788,2021,2,4,0700,27,27,100.0,3,1800.0,NO,1011.0,7,0,2021-02-04 07:00:00
789,2021,2,4,0800,29,26,83.9,0,2500.0,NO,1012.0,8,0,2021-02-04 08:00:00
790,2021,2,4,0900,30,26,79.2,2,4000.0,NO,1012.0,9,0,2021-02-04 09:00:00
791,2021,2,4,1000,31,26,74.8,2,8000.0,NO,1012.0,10,0,2021-02-04 10:00:00
792,2021,2,4,1100,33,25,62.9,2,8000.0,NO,1011.0,11,0,2021-02-04 11:00:00
793,2021,2,4,1200,33,24,59.2,3,8000.0,NO,1009.0,12,0,2021-02-04 12:00:00
794,2021,2,4,1300,34,24,56.0,4,8000.0,NO,1008.0,13,0,2021-02-04 13:00:00
795,2021,2,4,1400,33,24,59.2,5,8000.0,NO,1008.0,14,0,2021-02-04 14:00:00
796,2021,2,4,1500,33,24,59.2,5,8000.0,NO,1008.0,15,0,2021-02-04 15:00:00
797,2021,2,4,1600,31,25,70.4,5,8000.0,NO,1007.0,16,0,2021-02-04 16:00:00
798,2021,2,4,1800,28,25,83.8,2,8000.0,NO,1008.0,18,0,2021-02-04 18:00:00
799,2021,2,4,1900,27,26,94.3,0,8000.0,NO,1009.0,19,0,2021-02-04 19:00:00
800,2021,2,4,2000,26,26,100.0,0,9999.0,NO,1010.0,20,0,2021-02-04 20:00:00
801,2021,2,4,2100,26,26,100.0,2,9999.0,NO,1010.0,21,0,2021-02-04 21:00:00
802,2021,2,4,2200,26,26,100.0,0,9999.0,NO,1010.0,22,0,2021-02-04 22:00:00
803,2021,2,4,2300,26,26,100.0,2,9999.0,NO,1010.0,23,0,2021-02-04 23:00:00
804,2021,2,5,0000,26,26,100.0,0,9999.0,NO,1010.0,0,0,2021-02-05 00:00:00
805,2021,2,5,0100,26,26,100.0,3,8000.0,NO,1010.0,1,0,2021-02-05 01:00:00
806,2021,2,5,0200,26,26,100.0,4,8000.0,NO,1010.0,2,0,2021-02-05 02:00:00
807,2021,2,5,0300,26,26,100.0,2,8000.0,NO,1010.0,3,0,2021-02-05 03:00:00
808,2021,2,5,0400,26,26,100.0,2,6000.0,NO,1010.0,4,0,2021-02-05 04:00:00
809,2021,2,5,0500,26,26,100.0,2,6000.0,NO,1010.0,5,0,2021-02-05 05:00:00
810,2021,2,5,0600,26,26,100.0,1,2500.0,NO,1011.0,6,0,2021-02-05 06:00:00
811,2021,2,5,0700,27,27,100.0,3,2500.0,NO,1012.0,7,0,2021-02-05 07:00:00
812,2021,2,5,0800,28,27,94.3,3,4000.0,NO,1012.0,8,0,2021-02-05 08:00:00
813,2021,2,5,0900,30,27,84.0,3,4000.0,NO,1013.0,9,0,2021-02-05 09:00:00
814,2021,2,5,1000,31,25,70.4,3,4000.0,NO,1012.0,10,0,2021-02-05 10:00:00
815,2021,2,5,1100,33,25,62.9,4,4000.0,NO,1011.0,11,0,2021-02-05 11:00:00
816,2021,2,5,1200,34,25,59.5,3,4000.0,NO,1010.0,12,0,2021-02-05 12:00:00
817,2021,2,5,1300,34,24,56.0,4,4000.0,NO,1009.0,13,0,2021-02-05 13:00:00
818,2021,2,5,1400,35,24,53.0,6,4000.0,NO,1008.0,14,0,2021-02-05 14:00:00
819,2021,2,5,1500,33,25,62.9,5,4000.0,NO,1007.0,15,0,2021-02-05 15:00:00
820,2021,2,5,1600,31,26,74.8,5,6000.0,NO,1007.0,16,0,2021-02-05 16:00:00
821,2021,2,5,1700,30,26,79.2,4,6000.0,NO,1008.0,17,0,2021-02-05 17:00:00
822,2021,2,5,1800,29,26,83.9,3,6000.0,NO,1008.0,18,0,2021-02-05 18:00:00
823,2021,2,5,1900,29,26,83.9,2,8000.0,NO,1009.0,19,0,2021-02-05 19:00:00
824,2021,2,5,2000,28,26,88.9,2,8000.0,NO,1010.0,20,0,2021-02-05 20:00:00
825,2021,2,5,2100,27,26,94.3,1,8000.0,NO,1010.0,21,0,2021-02-05 21:00:00
826,2021,2,5,2200,27,26,94.3,2,8000.0,NO,1010.0,22,0,2021-02-05 22:00:00
827,2021,2,5,2300,27,26,94.3,2,8000.0,NO,1010.0,23,0,2021-02-05 23:00:00
828,2021,2,6,0000,27,27,100.0,0,9999.0,NO,1010.0,0,0,2021-02-06 00:00:00
829,2021,2,6,0100,27,27,100.0,3,9999.0,NO,1009.0,1,0,2021-02-06 01:00:00
830,2021,2,6,0200,27,27,100.0,1,9999.0,NO,1009.0,2,0,2021-02-06 02:00:00
831,2021,2,6,0300,26,26,100.0,0,9999.0,NO,1009.0,3,0,2021-02-06 03:00:00
832,2021,2,6,0400,26,26,100.0,2,6000.0,NO,1010.0,4,0,2021-02-06 04:00:00
833,2021,2,6,0500,26,26,100.0,2,4000.0,YES,1011.0,5,0,2021-02-06 05:00:00
834,2021,2,6,0600,25,25,100.0,0,4000.0,YES,1010.0,6,0,2021-02-06 06:00:00
835,2021,2,6,0700,26,26,100.0,0,3500.0,NO,1011.0,7,0,2021-02-06 07:00:00
836,2021,2,6,0800,29,26,83.9,2,2500.0,NO,1012.0,8,0,2021-02-06 08:00:00
837,2021,2,6,0900,31,26,74.8,3,6000.0,NO,1012.0,9,0,2021-02-06 09:00:00
838,2021,2,6,1000,32,24,62.7,3,6000.0,NO,1011.0,10,0,2021-02-06 10:00:00
839,2021,2,6,1100,34,25,59.5,3,6000.0,NO,1010.0,11,0,2021-02-06 11:00:00
840,2021,2,6,1200,34,25,59.5,4,6000.0,NO,1009.0,12,0,2021-02-06 12:00:00
841,2021,2,6,1300,34,25,59.5,4,6000.0,NO,1008.0,13,0,2021-02-06 13:00:00
842,2021,2,6,1400,34,25,59.5,4,7000.0,NO,1007.0,14,0,2021-02-06 14:00:00
843,2021,2,6,1500,33,26,66.8,5,7000.0,NO,1007.0,15,0,2021-02-06 15:00:00
844,2021,2,6,1600,31,26,74.8,4,8000.0,NO,1007.0,16,0,2021-02-06 16:00:00
845,2021,2,6,1700,30,25,74.6,4,7000.0,NO,1007.0,17,0,2021-02-06 17:00:00
846,2021,2,6,1800,29,26,83.9,2,8000.0,NO,1007.0,18,0,2021-02-06 18:00:00
847,2021,2,6,1900,28,26,88.9,3,9999.0,NO,1008.0,19,0,2021-02-06 19:00:00
848,2021,2,6,2000,28,27,94.3,2,9999.0,NO,1009.0,20,0,2021-02-06 20:00:00
849,2021,2,6,2100,27,27,100.0,2,9999.0,NO,1010.0,21,0,2021-02-06 21:00:00
850,2021,2,6,2200,27,27,100.0,2,9999.0,NO,1010.0,22,0,2021-02-06 22:00:00
851,2021,2,6,2300,26,26,100.0,3,9999.0,NO,1010.0,23,0,2021-02-06 23:00:00
852,2021,2,7,0000,26,26,100.0,3,9999.0,NO,1009.0,0,0,2021-02-07 00:00:00
853,2021,2,7,0100,26,26,100.0,2,9999.0,NO,1009.0,1,0,2021-02-07 01:00:00
854,2021,2,7,0200,26,26,100.0,2,9999.0,NO,1009.0,2,0,2021-02-07 02:00:00
855,2021,2,7,0300,27,27,100.0,3,6000.0,YES,1009.0,3,0,2021-02-07 03:00:00
856,2021,2,7,0400,26,26,100.0,2,4000.0,NO,1009.0,4,0,2021-02-07 04:00:00
857,2021,2,7,0500,26,26,100.0,2,2500.0,NO,1009.0,5,0,2021-02-07 05:00:00
858,2021,2,7,0600,26,26,100.0,3,2500.0,NO,1010.0,6,0,2021-02-07 06:00:00
859,2021,2,7,0700,27,27,100.0,3,2500.0,NO,1010.0,7,0,2021-02-07 07:00:00
860,2021,2,7,0800,28,26,88.9,4,2000.0,NO,1011.0,8,0,2021-02-07 08:00:00
861,2021,2,7,0900,30,26,79.2,2,4000.0,NO,1011.0,9,0,2021-02-07 09:00:00
862,2021,2,7,1000,31,25,70.4,1,4000.0,NO,1011.0,10,0,2021-02-07 10:00:00
863,2021,2,7,1100,33,26,66.8,3,4000.0,NO,1010.0,11,0,2021-02-07 11:00:00
864,2021,2,7,1200,33,25,62.9,4,4000.0,NO,1009.0,12,0,2021-02-07 12:00:00
865,2021,2,7,1300,34,25,59.5,4,4500.0,NO,1007.0,13,0,2021-02-07 13:00:00
866,2021,2,7,1400,33,26,66.8,4,6000.0,NO,1007.0,14,0,2021-02-07 14:00:00
867,2021,2,7,1500,33,25,62.9,4,7000.0,NO,1006.0,15,0,2021-02-07 15:00:00
868,2021,2,7,1600,31,25,70.4,4,7000.0,NO,1006.0,16,0,2021-02-07 16:00:00
869,2021,2,7,1700,30,25,74.6,3,7000.0,NO,1007.0,17,0,2021-02-07 17:00:00
870,2021,2,7,1800,29,26,83.9,3,7000.0,NO,1007.0,18,0,2021-02-07 18:00:00
871,2021,2,7,1900,29,26,83.9,3,7000.0,NO,1008.0,19,0,2021-02-07 19:00:00
872,2021,2,7,2000,28,26,88.9,2,9999.0,NO,1009.0,20,0,2021-02-07 20:00:00
873,2021,2,7,2100,28,27,94.3,2,6000.0,NO,1010.0,21,0,2021-02-07 21:00:00
874,2021,2,7,2200,27,27,100.0,2,6000.0,NO,1010.0,22,0,2021-02-07 22:00:00
875,2021,2,7,2300,27,27,100.0,3,6000.0,NO,1009.0,23,0,2021-02-07 23:00:00
876,2021,2,8,0000,27,27,100.0,3,6000.0,NO,1009.0,0,0,2021-02-08 00:00:00
877,2021,2,8,0100,27,27,100.0,0,8000.0,NO,1008.0,1,0,2021-02-08 01:00:00
878,2021,2,8,0200,27,27,100.0,3,7000.0,NO,1008.0,2,0,2021-02-08 02:00:00
879,2021,2,8,0300,26,24,88.7,3,8000.0,YES,1007.0,3,0,2021-02-08 03:00:00
880,2021,2,8,0400,25,25,100.0,0,8000.0,NO,1008.0,4,0,2021-02-08 04:00:00
881,2021,2,8,0500,25,25,100.0,1,4000.0,NO,1008.0,5,0,2021-02-08 05:00:00
882,2021,2,8,0600,25,25,100.0,2,2500.0,NO,1009.0,6,0,2021-02-08 06:00:00
883,2021,2,8,0700,26,26,100.0,2,2500.0,NO,1009.0,7,0,2021-02-08 07:00:00
884,2021,2,8,0800,29,26,83.9,3,2000.0,NO,1010.0,8,0,2021-02-08 08:00:00
885,2021,2,8,0900,30,27,84.0,1,2000.0,NO,1010.0,9,0,2021-02-08 09:00:00
886,2021,2,8,1000,32,24,62.7,2,5000.0,NO,1010.0,10,0,2021-02-08 10:00:00
887,2021,2,9,0100,27,27,100.0,0,9999.0,NO,1008.0,1,0,2021-02-09 01:00:00
888,2021,2,9,0200,27,27,100.0,1,9999.0,NO,1008.0,2,0,2021-02-09 02:00:00
889,2021,2,9,0300,26,26,100.0,1,8000.0,NO,1008.0,3,0,2021-02-09 03:00:00
890,2021,2,9,0400,26,26,100.0,1,8000.0,NO,1008.0,4,0,2021-02-09 04:00:00
891,2021,2,9,0500,26,26,100.0,1,8000.0,NO,1009.0,5,0,2021-02-09 05:00:00
892,2021,2,9,1900,29,26,83.9,4,8000.0,NO,1008.0,19,0,2021-02-09 19:00:00
893,2021,2,9,2000,28,27,94.3,4,9999.0,NO,1010.0,20,0,2021-02-09 20:00:00
894,2021,2,10,0000,27,27,100.0,1,9999.0,NO,1010.0,0,0,2021-02-10 00:00:00
895,2021,2,10,0100,27,27,100.0,2,9999.0,NO,1009.0,1,0,2021-02-10 01:00:00
896,2021,2,10,0200,26,26,100.0,0,8000.0,YES,1009.0,2,0,2021-02-10 02:00:00
897,2021,2,10,0300,26,26,100.0,0,8000.0,NO,1008.0,3,0,2021-02-10 03:00:00
898,2021,2,10,0400,26,26,100.0,1,6000.0,NO,1009.0,4,0,2021-02-10 04:00:00
899,2021,2,10,0500,26,26,100.0,1,6000.0,NO,1009.0,5,0,2021-02-10 05:00:00
900,2021,2,10,2200,27,26,94.3,0,8000.0,NO,1010.0,22,0,2021-02-10 22:00:00
901,2021,2,11,0000,26,26,100.0,2,8000.0,NO,1009.0,0,0,2021-02-11 00:00:00
902,2021,2,11,0100,26,26,100.0,2,8000.0,NO,1009.0,1,0,2021-02-11 01:00:00
903,2021,2,11,0200,27,27,100.0,2,7000.0,NO,1009.0,2,0,2021-02-11 02:00:00
904,2021,2,11,0300,26,26,100.0,0,6000.0,NO,1008.0,3,0,2021-02-11 03:00:00
905,2021,2,11,0400,26,26,100.0,2,6000.0,NO,1009.0,4,0,2021-02-11 04:00:00
906,2021,2,11,0500,26,26,100.0,1,4000.0,NO,1009.0,5,0,2021-02-11 05:00:00
907,2021,2,11,2200,28,27,94.3,1,9999.0,NO,1010.0,22,0,2021-02-11 22:00:00
908,2021,2,12,0000,28,28,100.0,2,9999.0,NO,1009.0,0,0,2021-02-12 00:00:00
909,2021,2,12,0100,28,28,100.0,0,9999.0,NO,1009.0,1,0,2021-02-12 01:00:00
910,2021,2,12,0200,27,27,100.0,2,9999.0,NO,1008.0,2,0,2021-02-12 02:00:00
911,2021,2,12,0300,27,27,100.0,0,8000.0,NO,1008.0,3,0,2021-02-12 03:00:00
912,2021,2,12,0400,27,27,100.0,2,6000.0,NO,1008.0,4,0,2021-02-12 04:00:00
913,2021,2,12,0500,26,26,100.0,0,4000.0,NO,1009.0,5,0,2021-02-12 05:00:00
914,2021,2,13,0000,27,27,100.0,2,8000.0,NO,1008.0,0,0,2021-02-13 00:00:00
915,2021,2,13,0100,26,26,100.0,3,8000.0,NO,1008.0,1,0,2021-02-13 01:00:00
916,2021,2,13,0200,26,26,100.0,2,6000.0,NO,1007.0,2,0,2021-02-13 02:00:00
917,2021,2,13,0300,26,26,100.0,3,6000.0,NO,1007.0,3,0,2021-02-13 03:00:00
918,2021,2,13,0400,26,26,100.0,3,4000.0,NO,1007.0,4,0,2021-02-13 04:00:00
919,2021,2,13,0500,26,26,100.0,0,4000.0,NO,1008.0,5,0,2021-02-13 05:00:00
920,2021,2,14,0000,27,27,100.0,1,8000.0,NO,1008.0,0,0,2021-02-14 00:00:00
921,2021,2,14,0100,27,27,100.0,2,8000.0,NO,1008.0,1,0,2021-02-14 01:00:00
922,2021,2,14,0200,27,27,100.0,2,8000.0,NO,1008.0,2,0,2021-02-14 02:00:00
923,2021,2,14,0300,27,27,100.0,1,8000.0,NO,1007.0,3,0,2021-02-14 03:00:00
924,2021,2,14,0400,27,27,100.0,1,8000.0,NO,1007.0,4,0,2021-02-14 04:00:00
925,2021,2,14,0500,26,26,100.0,1,8000.0,NO,1008.0,5,0,2021-02-14 05:00:00
926,2021,2,15,0000,27,27,100.0,2,9999.0,NO,1008.0,0,0,2021-02-15 00:00:00
927,2021,2,15,0100,27,27,100.0,2,6000.0,NO,1008.0,1,0,2021-02-15 01:00:00
928,2021,2,15,0200,26,26,100.0,0,6000.0,NO,1008.0,2,0,2021-02-15 02:00:00
929,2021,2,15,0300,26,26,100.0,0,7000.0,NO,1008.0,3,0,2021-02-15 03:00:00
930,2021,2,15,0400,26,26,100.0,1,6000.0,NO,1007.0,4,0,2021-02-15 04:00:00
931,2021,2,15,0500,26,26,100.0,0,6000.0,NO,1008.0,5,0,2021-02-15 05:00:00
932,2021,2,16,0000,26,26,100.0,3,9999.0,NO,1009.0,0,0,2021-02-16 00:00:00
933,2021,2,16,0100,25,25,100.0,4,9999.0,NO,1008.0,1,0,2021-02-16 01:00:00
934,2021,2,16,0200,26,26,100.0,3,9999.0,NO,1008.0,2,0,2021-02-16 02:00:00
935,2021,2,16,0300,26,26,100.0,3,6000.0,NO,1007.0,3,0,2021-02-16 03:00:00
936,2021,2,16,0400,25,25,100.0,0,6000.0,NO,1008.0,4,0,2021-02-16 04:00:00
937,2021,2,16,0500,25,25,100.0,2,4000.0,NO,1008.0,5,0,2021-02-16 05:00:00
938,2021,2,16,0600,25,25,100.0,2,1400.0,NO,1009.0,6,0,2021-02-16 06:00:00
939,2021,2,17,0000,28,27,94.3,3,9999.0,NO,1009.0,0,0,2021-02-17 00:00:00
940,2021,2,17,0100,27,27,100.0,0,9999.0,NO,1008.0,1,0,2021-02-17 01:00:00
941,2021,2,17,0200,27,27,100.0,0,8000.0,NO,1008.0,2,0,2021-02-17 02:00:00
942,2021,2,17,0300,27,27,100.0,2,8000.0,NO,1008.0,3,0,2021-02-17 03:00:00
943,2021,2,17,0400,26,26,100.0,1,8000.0,NO,1008.0,4,0,2021-02-17 04:00:00
944,2021,2,17,0500,26,26,100.0,1,7000.0,NO,1008.0,5,0,2021-02-17 05:00:00
945,2021,2,18,0000,28,27,94.3,2,8000.0,NO,1009.0,0,0,2021-02-18 00:00:00
946,2021,2,18,0100,26,26,100.0,3,8000.0,NO,1009.0,1,0,2021-02-18 01:00:00
947,2021,2,18,0200,26,26,100.0,4,8000.0,NO,1009.0,2,0,2021-02-18 02:00:00
948,2021,2,18,0300,26,26,100.0,4,8000.0,NO,1009.0,3,0,2021-02-18 03:00:00
949,2021,2,18,0400,26,26,100.0,2,6000.0,NO,1009.0,4,0,2021-02-18 04:00:00
950,2021,2,18,0500,26,26,100.0,2,3000.0,NO,1010.0,5,0,2021-02-18 05:00:00
951,2021,2,19,0000,28,27,94.3,0,7000.0,NO,1011.0,0,0,2021-02-19 00:00:00
952,2021,2,19,0100,27,25,88.8,0,7000.0,NO,1010.0,1,0,2021-02-19 01:00:00
953,2021,2,19,0200,26,26,100.0,2,8000.0,NO,1010.0,2,0,2021-02-19 02:00:00
954,2021,2,19,0300,27,26,94.3,3,8000.0,NO,1010.0,3,0,2021-02-19 03:00:00
955,2021,2,19,0400,27,26,94.3,2,8000.0,NO,1011.0,4,0,2021-02-19 04:00:00
956,2021,2,19,0500,26,26,100.0,0,6000.0,NO,1011.0,5,0,2021-02-19 05:00:00
957,2021,2,19,0600,26,26,100.0,1,2000.0,NO,1011.0,6,0,2021-02-19 06:00:00
958,2021,2,19,0700,26,26,100.0,3,2000.0,NO,1012.0,7,0,2021-02-19 07:00:00
959,2021,2,19,0800,29,25,79.0,4,2000.0,NO,1013.0,8,0,2021-02-19 08:00:00
960,2021,2,19,0900,32,23,59.0,2,2500.0,NO,1013.0,9,0,2021-02-19 09:00:00
961,2021,2,19,2300,27,26,94.3,0,9999.0,NO,1012.0,23,0,2021-02-19 23:00:00
962,2021,2,21,0000,25,25,100.0,2,7000.0,NO,1012.0,0,0,2021-02-21 00:00:00
963,2021,2,21,0100,26,26,100.0,3,6000.0,NO,1011.0,1,0,2021-02-21 01:00:00
964,2021,2,21,0200,26,26,100.0,1,4000.0,NO,1011.0,2,0,2021-02-21 02:00:00
965,2021,2,21,0300,25,25,100.0,2,4000.0,NO,1010.0,3,0,2021-02-21 03:00:00
966,2021,2,21,0400,25,25,100.0,1,4000.0,NO,1010.0,4,0,2021-02-21 04:00:00
967,2021,2,21,0500,25,25,100.0,1,4000.0,NO,1010.0,5,0,2021-02-21 05:00:00
968,2021,2,21,0600,25,25,100.0,0,2000.0,NO,1011.0,6,0,2021-02-21 06:00:00
969,2021,2,21,0700,26,26,100.0,2,2000.0,NO,1011.0,7,0,2021-02-21 07:00:00
970,2021,2,21,0800,27,26,94.3,4,2400.0,NO,1012.0,8,0,2021-02-21 08:00:00
971,2021,2,21,0900,29,25,79.0,2,3000.0,NO,1012.0,9,0,2021-02-21 09:00:00
972,2021,2,21,1000,30,25,74.6,3,2300.0,NO,1011.0,10,0,2021-02-21 10:00:00
973,2021,2,21,1100,32,24,62.7,3,2300.0,NO,1010.0,11,0,2021-02-21 11:00:00
974,2021,2,21,1200,33,23,55.8,3,2200.0,NO,1009.0,12,0,2021-02-21 12:00:00
975,2021,2,21,1300,33,22,52.5,4,2400.0,NO,1008.0,13,0,2021-02-21 13:00:00
976,2021,2,21,1400,33,23,55.8,5,2400.0,NO,1007.0,14,0,2021-02-21 14:00:00
977,2021,2,21,1500,31,24,66.4,4,2200.0,NO,1007.0,15,0,2021-02-21 15:00:00
978,2021,2,21,1600,31,25,70.4,4,2500.0,NO,1007.0,16,0,2021-02-21 16:00:00
979,2021,2,21,1700,29,25,79.0,4,2800.0,NO,1008.0,17,0,2021-02-21 17:00:00
980,2021,2,21,1800,28,25,83.8,3,3200.0,NO,1009.0,18,0,2021-02-21 18:00:00
981,2021,2,21,1900,28,25,83.8,2,6000.0,NO,1010.0,19,0,2021-02-21 19:00:00
982,2021,2,21,2000,27,25,88.8,2,8000.0,NO,1011.0,20,0,2021-02-21 20:00:00
983,2021,2,21,2100,27,26,94.3,0,8000.0,NO,1011.0,21,0,2021-02-21 21:00:00
984,2021,2,21,2200,27,26,94.3,0,8000.0,NO,1011.0,22,0,2021-02-21 22:00:00
985,2021,2,21,2300,26,25,94.2,0,8000.0,NO,1011.0,23,0,2021-02-21 23:00:00
986,2021,2,22,0000,25,25,100.0,0,8000.0,NO,1011.0,0,0,2021-02-22 00:00:00
987,2021,2,22,0100,25,25,100.0,1,8000.0,NO,1010.0,1,0,2021-02-22 01:00:00
988,2021,2,22,0200,26,25,94.2,2,7000.0,NO,1010.0,2,0,2021-02-22 02:00:00
989,2021,2,22,0300,25,25,100.0,2,7000.0,NO,1009.0,3,0,2021-02-22 03:00:00
990,2021,2,22,0400,25,25,100.0,4,7000.0,NO,1009.0,4,0,2021-02-22 04:00:00
991,2021,2,22,0500,25,25,100.0,1,4500.0,NO,1010.0,5,0,2021-02-22 05:00:00
992,2021,2,22,0600,25,25,100.0,0,1600.0,NO,1010.0,6,0,2021-02-22 06:00:00
993,2021,2,22,0700,26,26,100.0,1,2000.0,NO,1011.0,7,0,2021-02-22 07:00:00
994,2021,2,22,0800,27,26,94.3,2,2000.0,NO,1012.0,8,0,2021-02-22 08:00:00
995,2021,2,22,0900,29,23,70.1,3,1800.0,NO,1012.0,9,0,2021-02-22 09:00:00
996,2021,2,22,1000,29,23,70.1,3,2000.0,NO,1012.0,10,0,2021-02-22 10:00:00
997,2021,2,22,1100,32,23,59.0,2,2200.0,NO,1011.0,11,0,2021-02-22 11:00:00
998,2021,2,22,1200,31,23,62.5,3,2200.0,NO,1010.0,12,0,2021-02-22 12:00:00
999,2021,2,22,1300,32,23,59.0,2,2200.0,NO,1009.0,13,0,2021-02-22 13:00:00
1000,2021,2,22,1400,32,23,59.0,3,2500.0,NO,1008.0,14,0,2021-02-22 14:00:00
1001,2021,2,22,1500,31,24,66.4,3,2500.0,NO,1008.0,15,0,2021-02-22 15:00:00
1002,2021,2,22,1600,30,25,74.6,4,2500.0,NO,1008.0,16,0,2021-02-22 16:00:00
1003,2021,2,22,1700,29,25,79.0,3,3000.0,NO,1008.0,17,0,2021-02-22 17:00:00
1004,2021,2,22,1800,28,25,83.8,3,3000.0,NO,1009.0,18,0,2021-02-22 18:00:00
1005,2021,2,22,1900,28,25,83.8,2,3000.0,NO,1010.0,19,0,2021-02-22 19:00:00
1006,2021,2,22,2000,28,25,83.8,2,3000.0,NO,1011.0,20,0,2021-02-22 20:00:00
1007,2021,2,22,2100,27,26,94.3,0,6000.0,NO,1012.0,21,0,2021-02-22 21:00:00
1008,2021,2,22,2200,26,26,100.0,0,6000.0,NO,1012.0,22,0,2021-02-22 22:00:00
1009,2021,2,22,2300,26,24,88.7,4,6000.0,NO,1012.0,23,0,2021-02-22 23:00:00
1010,2021,2,23,0100,25,25,100.0,1,6000.0,NO,1011.0,1,0,2021-02-23 01:00:00
1011,2021,2,23,0200,25,25,100.0,0,6000.0,NO,1010.0,2,0,2021-02-23 02:00:00
1012,2021,2,23,0300,25,25,100.0,2,6000.0,NO,1010.0,3,0,2021-02-23 03:00:00
1013,2021,2,23,0400,25,25,100.0,2,6000.0,NO,1010.0,4,0,2021-02-23 04:00:00
1014,2021,2,23,0500,25,25,100.0,3,6000.0,NO,1011.0,5,0,2021-02-23 05:00:00
1015,2021,2,23,0600,25,25,100.0,3,1800.0,NO,1012.0,6,0,2021-02-23 06:00:00
1016,2021,2,23,0700,26,25,94.2,2,2000.0,NO,1013.0,7,0,2021-02-23 07:00:00
1017,2021,2,23,0800,26,24,88.7,3,2500.0,NO,1013.0,8,0,2021-02-23 08:00:00
1018,2021,2,23,0900,28,24,78.9,2,3500.0,NO,1013.0,9,0,2021-02-23 09:00:00
1019,2021,2,23,1000,29,24,74.4,4,3500.0,NO,1013.0,10,0,2021-02-23 10:00:00
1020,2021,2,23,1100,30,25,74.6,4,3500.0,NO,1012.0,11,0,2021-02-23 11:00:00
1021,2021,2,23,1200,31,24,66.4,4,4000.0,NO,1011.0,12,0,2021-02-23 12:00:00
1022,2021,2,23,1300,32,24,62.7,4,4000.0,NO,1010.0,13,0,2021-02-23 13:00:00
1023,2021,2,23,1400,31,24,66.4,3,4000.0,NO,1009.0,14,0,2021-02-23 14:00:00
1024,2021,2,23,1500,31,24,66.4,3,4500.0,NO,1008.0,15,0,2021-02-23 15:00:00
1025,2021,2,23,1600,30,25,74.6,3,6000.0,NO,1008.0,16,0,2021-02-23 16:00:00
1026,2021,2,23,1700,29,25,79.0,2,6000.0,NO,1008.0,17,0,2021-02-23 17:00:00
1027,2021,2,23,1800,27,25,88.8,1,6000.0,NO,1009.0,18,0,2021-02-23 18:00:00
1028,2021,2,23,1900,27,26,94.3,1,6000.0,NO,1010.0,19,0,2021-02-23 19:00:00
1029,2021,2,23,2000,26,26,100.0,0,7000.0,NO,1011.0,20,0,2021-02-23 20:00:00
1030,2021,2,23,2100,26,26,100.0,0,8000.0,NO,1012.0,21,0,2021-02-23 21:00:00
1031,2021,2,23,2200,26,26,100.0,0,8000.0,NO,1012.0,22,0,2021-02-23 22:00:00
1032,2021,2,23,2300,25,25,100.0,2,8000.0,NO,1011.0,23,0,2021-02-23 23:00:00
1033,2021,2,24,0000,26,26,100.0,0,8000.0,NO,1011.0,0,0,2021-02-24 00:00:00
1034,2021,2,24,0100,26,26,100.0,0,7000.0,NO,1010.0,1,0,2021-02-24 01:00:00
1035,2021,2,24,0200,26,26,100.0,0,7000.0,NO,1010.0,2,0,2021-02-24 02:00:00
1036,2021,2,24,0300,25,25,100.0,2,6000.0,NO,1009.0,3,0,2021-02-24 03:00:00
1037,2021,2,24,0400,25,25,100.0,3,6000.0,NO,1009.0,4,0,2021-02-24 04:00:00
1038,2021,2,24,0500,25,25,100.0,2,6000.0,NO,1010.0,5,0,2021-02-24 05:00:00
1039,2021,2,24,0600,25,25,100.0,1,1700.0,NO,1011.0,6,0,2021-02-24 06:00:00
1040,2021,2,24,0700,26,26,100.0,1,1600.0,NO,1011.0,7,0,2021-02-24 07:00:00
1041,2021,2,24,0800,28,25,83.8,4,1600.0,NO,1012.0,8,0,2021-02-24 08:00:00
1042,2021,2,24,0900,30,24,70.3,2,2000.0,NO,1012.0,9,0,2021-02-24 09:00:00
1043,2021,2,24,1000,31,24,66.4,2,2500.0,NO,1012.0,10,0,2021-02-24 10:00:00
1044,2021,2,24,1100,33,24,59.2,3,2500.0,NO,1011.0,11,0,2021-02-24 11:00:00
1045,2021,2,24,1200,33,24,59.2,4,2500.0,NO,1010.0,12,0,2021-02-24 12:00:00
1046,2021,2,24,1300,33,24,59.2,5,2500.0,NO,1009.0,13,0,2021-02-24 13:00:00
1047,2021,2,24,1400,31,25,70.4,4,2500.0,NO,1008.0,14,0,2021-02-24 14:00:00
1048,2021,2,24,1500,31,24,66.4,4,4000.0,NO,1007.0,15,0,2021-02-24 15:00:00
1049,2021,2,24,1600,30,26,79.2,4,4500.0,NO,1007.0,16,0,2021-02-24 16:00:00
1050,2021,2,24,1700,29,26,83.9,4,4500.0,NO,1007.0,17,0,2021-02-24 17:00:00
1051,2021,2,24,1800,28,25,83.8,2,6000.0,NO,1008.0,18,0,2021-02-24 18:00:00
1052,2021,2,24,1900,28,25,83.8,2,8000.0,NO,1009.0,19,0,2021-02-24 19:00:00
1053,2021,2,24,2000,27,25,88.8,1,8000.0,NO,1009.0,20,0,2021-02-24 20:00:00
1054,2021,2,24,2100,26,26,100.0,1,8000.0,NO,1010.0,21,0,2021-02-24 21:00:00
1055,2021,2,24,2200,26,26,100.0,4,8000.0,NO,1010.0,22,0,2021-02-24 22:00:00
1056,2021,2,24,2300,26,26,100.0,2,8000.0,NO,1010.0,23,0,2021-02-24 23:00:00
1057,2021,2,25,0000,25,25,100.0,3,8000.0,NO,1009.0,0,0,2021-02-25 00:00:00
1058,2021,2,25,0100,25,25,100.0,1,6000.0,NO,1009.0,1,0,2021-02-25 01:00:00
1059,2021,2,25,0200,25,25,100.0,0,6000.0,NO,1008.0,2,0,2021-02-25 02:00:00
1060,2021,2,25,0300,26,26,100.0,1,6000.0,NO,1008.0,3,0,2021-02-25 03:00:00
1061,2021,2,25,0400,25,25,100.0,0,6000.0,NO,1008.0,4,0,2021-02-25 04:00:00
1062,2021,2,25,0500,25,25,100.0,1,4000.0,NO,1009.0,5,0,2021-02-25 05:00:00
1063,2021,2,25,0600,25,25,100.0,2,1800.0,NO,1009.0,6,0,2021-02-25 06:00:00
1064,2021,2,25,0700,26,26,100.0,4,1600.0,NO,1010.0,7,0,2021-02-25 07:00:00
1065,2021,2,25,0800,29,25,79.0,3,2000.0,NO,1011.0,8,0,2021-02-25 08:00:00
1066,2021,2,25,0900,31,25,70.4,3,2500.0,NO,1011.0,9,0,2021-02-25 09:00:00
1067,2021,2,25,1000,32,24,62.7,2,2800.0,NO,1011.0,10,0,2021-02-25 10:00:00
1068,2021,2,25,1100,32,25,66.6,4,4000.0,NO,1010.0,11,0,2021-02-25 11:00:00
1069,2021,2,25,1200,32,24,62.7,4,4000.0,NO,1009.0,12,0,2021-02-25 12:00:00
1070,2021,2,25,1300,32,25,66.6,5,4000.0,NO,1008.0,13,0,2021-02-25 13:00:00
1071,2021,2,25,1400,32,25,66.6,4,5000.0,NO,1007.0,14,0,2021-02-25 14:00:00
1072,2021,2,25,1500,31,25,70.4,4,6000.0,NO,1007.0,15,0,2021-02-25 15:00:00
1073,2021,2,25,1600,31,26,74.8,4,6000.0,NO,1007.0,16,0,2021-02-25 16:00:00
1074,2021,2,25,1700,30,26,79.2,4,6000.0,NO,1007.0,17,0,2021-02-25 17:00:00
1075,2021,2,25,1800,29,26,83.9,3,6000.0,NO,1008.0,18,0,2021-02-25 18:00:00
1076,2021,2,25,1900,28,26,88.9,2,8000.0,NO,1009.0,19,0,2021-02-25 19:00:00
1077,2021,2,25,2000,28,26,88.9,2,8000.0,NO,1010.0,20,0,2021-02-25 20:00:00
1078,2021,2,25,2100,28,27,94.3,2,8000.0,NO,1011.0,21,0,2021-02-25 21:00:00
1079,2021,2,25,2200,28,26,88.9,3,8000.0,NO,1011.0,22,0,2021-02-25 22:00:00
1080,2021,2,25,2300,28,26,88.9,2,8000.0,NO,1011.0,23,0,2021-02-25 23:00:00
1081,2021,2,26,0000,27,26,94.3,1,9999.0,NO,1011.0,0,0,2021-02-26 00:00:00
1082,2021,2,26,0100,26,26,100.0,2,9999.0,NO,1010.0,1,0,2021-02-26 01:00:00
1083,2021,2,26,0200,27,25,88.8,2,8000.0,NO,1010.0,2,0,2021-02-26 02:00:00
1084,2021,2,26,0300,27,25,88.8,2,8000.0,NO,1009.0,3,0,2021-02-26 03:00:00
1085,2021,2,26,0400,26,25,94.2,0,8000.0,NO,1010.0,4,0,2021-02-26 04:00:00
1086,2021,2,26,0500,26,26,100.0,1,8000.0,NO,1010.0,5,0,2021-02-26 05:00:00
1087,2021,2,26,0600,26,26,100.0,2,4000.0,NO,1010.0,6,0,2021-02-26 06:00:00
1088,2021,2,26,0700,27,25,88.8,2,3000.0,NO,1011.0,7,0,2021-02-26 07:00:00
1089,2021,2,26,0800,29,25,79.0,1,3000.0,NO,1011.0,8,0,2021-02-26 08:00:00
1090,2021,2,26,0900,31,25,70.4,2,5000.0,NO,1011.0,9,0,2021-02-26 09:00:00
1091,2021,2,26,1000,32,24,62.7,3,6000.0,NO,1011.0,10,0,2021-02-26 10:00:00
1092,2021,2,26,1100,32,24,62.7,4,8000.0,NO,1010.0,11,0,2021-02-26 11:00:00
1093,2021,2,26,1200,33,24,59.2,4,8000.0,NO,1009.0,12,0,2021-02-26 12:00:00
1094,2021,2,26,1300,33,24,59.2,6,9999.0,NO,1008.0,13,0,2021-02-26 13:00:00
1095,2021,2,26,1400,32,24,62.7,5,9999.0,NO,1007.0,14,0,2021-02-26 14:00:00
1096,2021,2,26,1500,31,25,70.4,6,9999.0,NO,1006.0,15,0,2021-02-26 15:00:00
1097,2021,2,26,1600,31,25,70.4,4,9999.0,NO,1006.0,16,0,2021-02-26 16:00:00
1098,2021,2,26,1700,29,25,79.0,4,9999.0,NO,1007.0,17,0,2021-02-26 17:00:00
1099,2021,2,26,1800,28,25,83.8,3,8000.0,NO,1007.0,18,0,2021-02-26 18:00:00
1100,2021,2,26,1900,28,26,88.9,2,9999.0,NO,1008.0,19,0,2021-02-26 19:00:00
1101,2021,2,26,2000,28,25,83.8,3,9999.0,NO,1009.0,20,0,2021-02-26 20:00:00
1102,2021,2,26,2100,28,25,83.8,2,9999.0,NO,1010.0,21,0,2021-02-26 21:00:00
1103,2021,2,26,2200,28,25,83.8,2,9999.0,NO,1010.0,22,0,2021-02-26 22:00:00
1104,2021,2,26,2300,26,26,100.0,1,9999.0,NO,1010.0,23,0,2021-02-26 23:00:00
1105,2021,2,27,0000,26,26,100.0,2,9999.0,NO,1009.0,0,0,2021-02-27 00:00:00
1106,2021,2,27,0100,26,26,100.0,2,8000.0,NO,1009.0,1,0,2021-02-27 01:00:00
1107,2021,2,27,0200,26,26,100.0,2,8000.0,NO,1009.0,2,0,2021-02-27 02:00:00
1108,2021,2,27,0300,26,26,100.0,2,8000.0,YES,1009.0,3,0,2021-02-27 03:00:00
1109,2021,2,27,0400,25,25,100.0,0,8000.0,NO,1009.0,4,0,2021-02-27 04:00:00
1110,2021,2,27,0500,25,25,100.0,2,7000.0,NO,1009.0,5,0,2021-02-27 05:00:00
1111,2021,2,27,0600,25,25,100.0,2,3200.0,NO,1009.0,6,0,2021-02-27 06:00:00
1112,2021,2,27,0700,27,25,88.8,2,2000.0,NO,1010.0,7,0,2021-02-27 07:00:00
1113,2021,2,27,0800,29,25,79.0,2,3500.0,NO,1011.0,8,0,2021-02-27 08:00:00
1114,2021,2,27,0900,31,25,70.4,2,3500.0,NO,1010.0,9,0,2021-02-27 09:00:00
1115,2021,2,27,1000,32,25,66.6,2,3500.0,NO,1010.0,10,0,2021-02-27 10:00:00
1116,2021,2,27,1100,33,25,62.9,3,6000.0,NO,1009.0,11,0,2021-02-27 11:00:00
1117,2021,2,27,1200,32,25,66.6,4,6000.0,NO,1008.0,12,0,2021-02-27 12:00:00
1118,2021,2,27,1300,32,24,62.7,4,8000.0,NO,1007.0,13,0,2021-02-27 13:00:00
1119,2021,2,27,1400,32,24,62.7,4,8000.0,NO,1006.0,14,0,2021-02-27 14:00:00
1120,2021,2,27,1500,33,24,59.2,5,8000.0,NO,1005.0,15,0,2021-02-27 15:00:00
1121,2021,2,27,1600,31,24,66.4,5,8000.0,NO,1006.0,16,0,2021-02-27 16:00:00
1122,2021,2,27,1700,30,24,70.3,3,8000.0,NO,1006.0,17,0,2021-02-27 17:00:00
1123,2021,2,27,1800,28,25,83.8,2,8000.0,NO,1007.0,18,0,2021-02-27 18:00:00
1124,2021,2,27,1900,28,25,83.8,0,8000.0,NO,1007.0,19,0,2021-02-27 19:00:00
1125,2021,2,27,2000,27,26,94.3,0,8000.0,NO,1008.0,20,0,2021-02-27 20:00:00
1126,2021,2,27,2100,26,26,100.0,0,9999.0,NO,1008.0,21,0,2021-02-27 21:00:00
1127,2021,2,27,2200,26,26,100.0,0,8000.0,NO,1008.0,22,0,2021-02-27 22:00:00
1128,2021,2,27,2300,26,26,100.0,4,8000.0,NO,1008.0,23,0,2021-02-27 23:00:00
1129,2021,2,28,0000,26,26,100.0,0,8000.0,NO,1008.0,0,0,2021-02-28 00:00:00
1130,2021,2,28,0100,26,26,100.0,2,6000.0,NO,1007.0,1,0,2021-02-28 01:00:00
1131,2021,2,28,0200,26,26,100.0,3,6000.0,NO,1007.0,2,0,2021-02-28 02:00:00
1132,2021,2,28,0300,26,26,100.0,0,6000.0,NO,1007.0,3,0,2021-02-28 03:00:00
1133,2021,2,28,0400,27,26,94.3,2,4000.0,NO,1007.0,4,0,2021-02-28 04:00:00
1134,2021,2,28,0500,26,26,100.0,3,4000.0,NO,1007.0,5,0,2021-02-28 05:00:00
1135,2021,2,28,0600,26,26,100.0,0,1800.0,NO,1008.0,6,0,2021-02-28 06:00:00
1136,2021,2,28,0700,27,27,100.0,3,1800.0,NO,1009.0,7,0,2021-02-28 07:00:00
1137,2021,2,28,0800,29,26,83.9,3,2800.0,NO,1009.0,8,0,2021-02-28 08:00:00
1138,2021,2,28,0900,30,26,79.2,2,4000.0,NO,1009.0,9,0,2021-02-28 09:00:00
1139,2021,2,28,1000,31,26,74.8,3,4500.0,NO,1009.0,10,0,2021-02-28 10:00:00
1140,2021,2,28,1100,33,26,66.8,3,6000.0,NO,1008.0,11,0,2021-02-28 11:00:00
1141,2021,2,28,1200,33,26,66.8,4,8000.0,NO,1007.0,12,0,2021-02-28 12:00:00
1142,2021,2,28,1300,34,26,63.1,4,8000.0,NO,1005.0,13,0,2021-02-28 13:00:00
1143,2021,2,28,1400,33,26,66.8,5,9999.0,NO,1005.0,14,0,2021-02-28 14:00:00
1144,2021,2,28,1500,32,26,70.6,6,9999.0,NO,1004.0,15,0,2021-02-28 15:00:00
1145,2021,2,28,1600,31,26,74.8,5,9999.0,NO,1005.0,16,0,2021-02-28 16:00:00
1146,2021,2,28,1700,30,26,79.2,4,9999.0,NO,1005.0,17,0,2021-02-28 17:00:00
1147,2021,2,28,1800,29,26,83.9,3,9999.0,NO,1005.0,18,0,2021-02-28 18:00:00
1148,2021,2,28,1900,29,26,83.9,2,9999.0,NO,1006.0,19,0,2021-02-28 19:00:00
1149,2021,2,28,2000,28,26,88.9,1,9999.0,NO,1007.0,20,0,2021-02-28 20:00:00
1150,2021,2,28,2100,28,27,94.3,1,9999.0,NO,1007.0,21,0,2021-02-28 21:00:00
1151,2021,2,28,2200,27,27,100.0,2,9999.0,NO,1007.0,22,0,2021-02-28 22:00:00
1152,2021,2,28,2300,27,27,100.0,1,9999.0,NO,1007.0,23,0,2021-02-28 23:00:00
1153,2021,3,1,0000,27,27,100.0,2,9999.0,NO,1007.0,0,0,2021-03-01 00:00:00
1154,2021,3,1,0100,27,27,100.0,2,9999.0,NO,1007.0,1,0,2021-03-01 01:00:00
1155,2021,3,1,0200,26,26,100.0,2,9999.0,NO,1006.0,2,0,2021-03-01 02:00:00
1156,2021,3,1,0300,26,26,100.0,2,9999.0,NO,1006.0,3,0,2021-03-01 03:00:00
1157,2021,3,1,0400,26,26,100.0,3,9999.0,NO,1006.0,4,0,2021-03-01 04:00:00
1158,2021,3,1,0500,26,26,100.0,2,8000.0,NO,1007.0,5,0,2021-03-01 05:00:00
1159,2021,3,1,0600,26,26,100.0,1,6000.0,NO,1007.0,6,0,2021-03-01 06:00:00
1160,2021,3,1,0700,28,26,88.9,0,3000.0,NO,1008.0,7,0,2021-03-01 07:00:00
1161,2021,3,1,0800,29,26,83.9,2,4000.0,NO,1009.0,8,0,2021-03-01 08:00:00
1162,2021,3,1,0900,30,26,79.2,2,4000.0,NO,1009.0,9,0,2021-03-01 09:00:00
1163,2021,3,1,1000,32,25,66.6,3,5000.0,NO,1008.0,10,0,2021-03-01 10:00:00
1164,2021,3,1,1100,33,25,62.9,3,6000.0,NO,1007.0,11,0,2021-03-01 11:00:00
1165,2021,3,1,1200,34,26,63.1,4,7000.0,NO,1006.0,12,0,2021-03-01 12:00:00
1166,2021,3,1,1300,34,25,59.5,4,7000.0,NO,1005.0,13,0,2021-03-01 13:00:00
1167,2021,3,1,1500,32,26,70.6,6,9999.0,NO,1005.0,15,0,2021-03-01 15:00:00
1168,2021,3,1,1600,31,26,74.8,6,9999.0,NO,1005.0,16,0,2021-03-01 16:00:00
1169,2021,3,1,1700,30,26,79.2,4,9999.0,NO,1005.0,17,0,2021-03-01 17:00:00
1170,2021,3,1,1800,29,26,83.9,3,9999.0,NO,1006.0,18,0,2021-03-01 18:00:00
1171,2021,3,1,1900,29,26,83.9,3,9999.0,NO,1006.0,19,0,2021-03-01 19:00:00
1172,2021,3,1,2000,29,26,83.9,3,9999.0,NO,1007.0,20,0,2021-03-01 20:00:00
1173,2021,3,1,2100,29,26,83.9,2,9999.0,NO,1008.0,21,0,2021-03-01 21:00:00
1174,2021,3,1,2200,29,27,89.0,2,9999.0,NO,1009.0,22,0,2021-03-01 22:00:00
1175,2021,3,1,2300,28,27,94.3,1,9999.0,NO,1008.0,23,0,2021-03-01 23:00:00
1176,2021,3,2,0000,28,27,94.3,2,9999.0,NO,1008.0,0,0,2021-03-02 00:00:00
1177,2021,3,2,0100,27,27,100.0,0,9999.0,NO,1007.0,1,0,2021-03-02 01:00:00
1178,2021,3,2,0200,27,27,100.0,3,7000.0,NO,1007.0,2,0,2021-03-02 02:00:00
1179,2021,3,2,0300,27,27,100.0,2,6000.0,NO,1007.0,3,0,2021-03-02 03:00:00
1180,2021,3,2,0400,27,27,100.0,3,6000.0,NO,1007.0,4,0,2021-03-02 04:00:00
1181,2021,3,2,0500,27,27,100.0,3,6000.0,NO,1008.0,5,0,2021-03-02 05:00:00
1182,2021,3,2,0600,27,27,100.0,3,3000.0,NO,1008.0,6,0,2021-03-02 06:00:00
1183,2021,3,2,0700,27,27,100.0,3,3000.0,NO,1009.0,7,0,2021-03-02 07:00:00
1184,2021,3,2,0800,29,27,89.0,3,2500.0,NO,1009.0,8,0,2021-03-02 08:00:00
1185,2021,3,2,0900,31,27,79.3,3,6000.0,NO,1009.0,9,0,2021-03-02 09:00:00
1186,2021,3,2,1000,31,26,74.8,4,8000.0,NO,1009.0,10,0,2021-03-02 10:00:00
1187,2021,3,2,1100,34,26,63.1,4,8000.0,NO,1009.0,11,0,2021-03-02 11:00:00
1188,2021,3,2,1200,34,26,63.1,4,8000.0,NO,1008.0,12,0,2021-03-02 12:00:00
1189,2021,3,2,1300,33,26,66.8,5,9000.0,NO,1007.0,13,0,2021-03-02 13:00:00
1190,2021,3,2,1400,33,26,66.8,7,9999.0,NO,1006.0,14,0,2021-03-02 14:00:00
1191,2021,3,2,1500,32,26,70.6,5,9999.0,NO,1006.0,15,0,2021-03-02 15:00:00
1192,2021,3,2,1600,31,26,74.8,4,9999.0,NO,1005.0,16,0,2021-03-02 16:00:00
1193,2021,3,2,1700,30,26,79.2,5,9999.0,NO,1006.0,17,0,2021-03-02 17:00:00
1194,2021,3,2,1800,29,27,89.0,3,8000.0,NO,1007.0,18,0,2021-03-02 18:00:00
1195,2021,3,2,1900,29,27,89.0,2,8000.0,NO,1008.0,19,0,2021-03-02 19:00:00
1196,2021,3,2,2000,29,27,89.0,2,8000.0,NO,1008.0,20,0,2021-03-02 20:00:00
1197,2021,3,2,2100,28,27,94.3,2,8000.0,NO,1008.0,21,0,2021-03-02 21:00:00
1198,2021,3,2,2200,28,27,94.3,2,8000.0,NO,1009.0,22,0,2021-03-02 22:00:00
1199,2021,3,2,2300,27,27,100.0,2,8000.0,NO,1008.0,23,0,2021-03-02 23:00:00
1200,2021,3,3,0000,27,27,100.0,2,8000.0,NO,1008.0,0,0,2021-03-03 00:00:00
1201,2021,3,3,0100,27,27,100.0,3,8000.0,NO,1007.0,1,0,2021-03-03 01:00:00
1202,2021,3,3,0200,27,27,100.0,2,8000.0,NO,1007.0,2,0,2021-03-03 02:00:00
1203,2021,3,3,0300,27,27,100.0,3,8000.0,NO,1007.0,3,0,2021-03-03 03:00:00
1204,2021,3,3,0400,27,27,100.0,1,8000.0,NO,1007.0,4,0,2021-03-03 04:00:00
1205,2021,3,3,0500,27,27,100.0,2,6000.0,NO,1007.0,5,0,2021-03-03 05:00:00
1206,2021,3,3,0600,26,26,100.0,2,2000.0,NO,1008.0,6,0,2021-03-03 06:00:00
1207,2021,3,3,0700,28,27,94.3,2,2500.0,NO,1008.0,7,0,2021-03-03 07:00:00
1208,2021,3,3,0800,29,27,89.0,2,4000.0,NO,1009.0,8,0,2021-03-03 08:00:00
1209,2021,3,3,0900,31,27,79.3,3,6000.0,NO,1009.0,9,0,2021-03-03 09:00:00
1210,2021,3,3,1000,33,25,62.9,4,8000.0,NO,1009.0,10,0,2021-03-03 10:00:00
1211,2021,3,3,1100,33,26,66.8,4,8000.0,NO,1008.0,11,0,2021-03-03 11:00:00
1212,2021,3,3,1200,34,26,63.1,5,8000.0,NO,1007.0,12,0,2021-03-03 12:00:00
1213,2021,3,3,1300,34,26,63.1,7,9999.0,NO,1006.0,13,0,2021-03-03 13:00:00
1214,2021,3,3,1400,33,27,70.8,6,9999.0,NO,1005.0,14,0,2021-03-03 14:00:00
1215,2021,3,3,1500,32,26,70.6,7,9999.0,NO,1005.0,15,0,2021-03-03 15:00:00
1216,2021,3,3,1600,31,26,74.8,6,9999.0,NO,1005.0,16,0,2021-03-03 16:00:00
1217,2021,3,3,1700,30,26,79.2,4,9999.0,NO,1005.0,17,0,2021-03-03 17:00:00
1218,2021,3,3,1800,29,26,83.9,3,9999.0,NO,1006.0,18,0,2021-03-03 18:00:00
1219,2021,3,3,1900,29,27,89.0,2,9999.0,NO,1007.0,19,0,2021-03-03 19:00:00
1220,2021,3,3,2000,29,27,89.0,2,9999.0,NO,1007.0,20,0,2021-03-03 20:00:00
1221,2021,3,3,2100,28,27,94.3,2,9999.0,NO,1008.0,21,0,2021-03-03 21:00:00
1222,2021,3,3,2300,27,27,100.0,1,9999.0,NO,1008.0,23,0,2021-03-03 23:00:00
1223,2021,3,4,0000,27,27,100.0,2,9999.0,NO,1008.0,0,0,2021-03-04 00:00:00
1224,2021,3,4,0100,27,27,100.0,4,9999.0,NO,1007.0,1,0,2021-03-04 01:00:00
1225,2021,3,4,0200,27,27,100.0,2,6000.0,YES,1007.0,2,0,2021-03-04 02:00:00
1226,2021,3,4,0300,27,27,100.0,1,6000.0,NO,1007.0,3,0,2021-03-04 03:00:00
1227,2021,3,4,0400,27,27,100.0,1,6000.0,NO,1007.0,4,0,2021-03-04 04:00:00
1228,2021,3,4,0500,26,26,100.0,0,6000.0,NO,1008.0,5,0,2021-03-04 05:00:00
1229,2021,3,4,0600,26,26,100.0,0,2000.0,NO,1008.0,6,0,2021-03-04 06:00:00
1230,2021,3,4,0700,27,27,100.0,1,1600.0,NO,1009.0,7,0,2021-03-04 07:00:00
1231,2021,3,4,0800,30,27,84.0,0,1800.0,NO,1010.0,8,0,2021-03-04 08:00:00
1232,2021,3,4,0900,31,26,74.8,2,4000.0,NO,1010.0,9,0,2021-03-04 09:00:00
1233,2021,3,4,1000,32,25,66.6,3,4000.0,NO,1009.0,10,0,2021-03-04 10:00:00
1234,2021,3,4,1100,33,25,62.9,5,6000.0,NO,1009.0,11,0,2021-03-04 11:00:00
1235,2021,3,4,1200,34,25,59.5,3,6000.0,NO,1008.0,12,0,2021-03-04 12:00:00
1236,2021,3,4,1300,34,25,59.5,5,6000.0,NO,1007.0,13,0,2021-03-04 13:00:00
1237,2021,3,4,1400,34,26,63.1,5,6000.0,NO,1006.0,14,0,2021-03-04 14:00:00
1238,2021,3,4,1500,32,26,70.6,5,6000.0,NO,1006.0,15,0,2021-03-04 15:00:00
1239,2021,3,4,1600,31,26,74.8,5,6000.0,NO,1006.0,16,0,2021-03-04 16:00:00
1240,2021,3,4,1700,30,26,79.2,4,6000.0,NO,1006.0,17,0,2021-03-04 17:00:00
1241,2021,3,4,1800,29,26,83.9,4,6000.0,NO,1006.0,18,0,2021-03-04 18:00:00
1242,2021,3,4,1900,29,26,83.9,2,8000.0,NO,1007.0,19,0,2021-03-04 19:00:00
1243,2021,3,4,2000,29,26,83.9,2,8000.0,NO,1008.0,20,0,2021-03-04 20:00:00
1244,2021,3,4,2100,28,27,94.3,2,9999.0,NO,1008.0,21,0,2021-03-04 21:00:00
1245,2021,3,4,2200,28,28,100.0,1,9999.0,NO,1009.0,22,0,2021-03-04 22:00:00
1246,2021,3,4,2300,27,27,100.0,2,8000.0,NO,1008.0,23,0,2021-03-04 23:00:00
1247,2021,3,5,0000,27,27,100.0,0,8000.0,NO,1008.0,0,0,2021-03-05 00:00:00
1248,2021,3,5,0100,27,27,100.0,3,8000.0,NO,1007.0,1,0,2021-03-05 01:00:00
1249,2021,3,5,0200,27,27,100.0,3,8000.0,NO,1007.0,2,0,2021-03-05 02:00:00
1250,2021,3,5,0300,27,27,100.0,2,6000.0,YES,1007.0,3,0,2021-03-05 03:00:00
1251,2021,3,5,0400,26,26,100.0,1,6000.0,YES,1007.0,4,0,2021-03-05 04:00:00
1252,2021,3,5,0500,25,25,100.0,0,6000.0,NO,1007.0,5,0,2021-03-05 05:00:00
1253,2021,3,5,0600,25,25,100.0,0,4000.0,NO,1008.0,6,0,2021-03-05 06:00:00
1254,2021,3,5,0700,26,26,100.0,0,4000.0,NO,1008.0,7,0,2021-03-05 07:00:00
1255,2021,3,5,0800,30,25,74.6,2,6000.0,NO,1009.0,8,0,2021-03-05 08:00:00
1256,2021,3,5,0900,32,26,70.6,2,6000.0,NO,1009.0,9,0,2021-03-05 09:00:00
1257,2021,3,5,1000,33,25,62.9,3,6000.0,NO,1009.0,10,0,2021-03-05 10:00:00
1258,2021,3,5,1100,34,25,59.5,4,6000.0,NO,1008.0,11,0,2021-03-05 11:00:00
1259,2021,3,5,1200,34,25,59.5,5,6000.0,NO,1007.0,12,0,2021-03-05 12:00:00
1260,2021,3,5,1300,34,25,59.5,5,7000.0,NO,1006.0,13,0,2021-03-05 13:00:00
1261,2021,3,5,1400,34,25,59.5,5,7000.0,NO,1005.0,14,0,2021-03-05 14:00:00
1262,2021,3,5,1500,32,26,70.6,6,8000.0,NO,1006.0,15,0,2021-03-05 15:00:00
1263,2021,3,5,1600,31,26,74.8,5,8000.0,NO,1005.0,16,0,2021-03-05 16:00:00
1264,2021,3,5,1700,30,26,79.2,4,8000.0,NO,1006.0,17,0,2021-03-05 17:00:00
1265,2021,3,5,1800,30,26,79.2,2,8000.0,NO,1007.0,18,0,2021-03-05 18:00:00
1266,2021,3,5,1900,30,26,79.2,4,9999.0,NO,1007.0,19,0,2021-03-05 19:00:00
1267,2021,3,5,2000,29,26,83.9,3,9999.0,NO,1008.0,20,0,2021-03-05 20:00:00
1268,2021,3,5,2100,29,26,83.9,2,9999.0,NO,1009.0,21,0,2021-03-05 21:00:00
1269,2021,3,5,2200,29,26,83.9,2,9999.0,NO,1009.0,22,0,2021-03-05 22:00:00
1270,2021,3,5,2300,29,26,83.9,2,9999.0,NO,1009.0,23,0,2021-03-05 23:00:00
1271,2021,3,6,0000,29,26,83.9,2,9999.0,NO,1009.0,0,0,2021-03-06 00:00:00
1272,2021,3,6,0100,28,26,88.9,2,8000.0,NO,1008.0,1,0,2021-03-06 01:00:00
1273,2021,3,6,0200,27,27,100.0,0,8000.0,NO,1008.0,2,0,2021-03-06 02:00:00
1274,2021,3,6,0300,27,27,100.0,0,8000.0,NO,1008.0,3,0,2021-03-06 03:00:00
1275,2021,3,6,0400,28,27,94.3,3,8000.0,NO,1008.0,4,0,2021-03-06 04:00:00
1276,2021,3,6,0500,27,27,100.0,1,4000.0,NO,1009.0,5,0,2021-03-06 05:00:00
1277,2021,3,6,0600,27,27,100.0,2,4000.0,NO,1010.0,6,0,2021-03-06 06:00:00
1278,2021,3,6,0700,28,27,94.3,1,4000.0,NO,1011.0,7,0,2021-03-06 07:00:00
1279,2021,3,6,0800,30,28,89.1,0,6000.0,NO,1011.0,8,0,2021-03-06 08:00:00
1280,2021,3,6,1000,30,27,84.0,4,7000.0,NO,1012.0,10,0,2021-03-06 10:00:00
1281,2021,3,6,1100,32,26,70.6,5,8000.0,NO,1011.0,11,0,2021-03-06 11:00:00
1282,2021,3,6,1200,32,26,70.6,5,8000.0,NO,1010.0,12,0,2021-03-06 12:00:00
1283,2021,3,6,1300,33,26,66.8,5,8000.0,NO,1009.0,13,0,2021-03-06 13:00:00
1284,2021,3,6,1400,33,26,66.8,5,8000.0,NO,1009.0,14,0,2021-03-06 14:00:00
1285,2021,3,6,1500,31,26,74.8,6,8000.0,NO,1008.0,15,0,2021-03-06 15:00:00
1286,2021,3,6,1600,30,25,74.6,7,8000.0,NO,1008.0,16,0,2021-03-06 16:00:00
1287,2021,3,6,1700,30,26,79.2,5,8000.0,NO,1009.0,17,0,2021-03-06 17:00:00
1288,2021,3,6,1800,29,26,83.9,5,8000.0,NO,1010.0,18,0,2021-03-06 18:00:00
1289,2021,3,6,1900,29,26,83.9,2,8000.0,NO,1011.0,19,0,2021-03-06 19:00:00
1290,2021,3,6,2000,26,25,94.2,3,6000.0,YES,1011.0,20,0,2021-03-06 20:00:00
1291,2021,3,6,2100,25,25,100.0,2,6000.0,NO,1011.0,21,0,2021-03-06 21:00:00
1292,2021,3,6,2200,25,25,100.0,1,6000.0,NO,1011.0,22,0,2021-03-06 22:00:00
1293,2021,3,6,2300,25,25,100.0,3,6000.0,NO,1011.0,23,0,2021-03-06 23:00:00
1294,2021,3,7,0000,25,25,100.0,3,6000.0,NO,1010.0,0,0,2021-03-07 00:00:00
1295,2021,3,7,0100,25,24,94.2,4,8000.0,NO,1010.0,1,0,2021-03-07 01:00:00
1296,2021,3,7,0300,24,24,100.0,2,8000.0,NO,1010.0,3,0,2021-03-07 03:00:00
1297,2021,3,7,0400,24,24,100.0,2,8000.0,NO,1010.0,4,0,2021-03-07 04:00:00
1298,2021,3,7,0500,23,23,100.0,0,8000.0,NO,1010.0,5,0,2021-03-07 05:00:00
1299,2021,3,7,0600,23,23,100.0,0,3200.0,NO,1010.0,6,0,2021-03-07 06:00:00
1300,2021,3,7,0700,25,25,100.0,2,3000.0,NO,1011.0,7,0,2021-03-07 07:00:00
1301,2021,3,7,0900,30,25,74.6,2,4000.0,NO,1012.0,9,0,2021-03-07 09:00:00
1302,2021,3,7,1000,31,25,70.4,3,6000.0,NO,1012.0,10,0,2021-03-07 10:00:00
1303,2021,3,7,1100,32,25,66.6,4,6000.0,NO,1011.0,11,0,2021-03-07 11:00:00
1304,2021,3,7,1200,33,25,62.9,4,9999.0,NO,1009.0,12,0,2021-03-07 12:00:00
1305,2021,3,7,1300,33,25,62.9,5,9999.0,NO,1008.0,13,0,2021-03-07 13:00:00
1306,2021,3,7,1400,33,26,66.8,5,9999.0,NO,1008.0,14,0,2021-03-07 14:00:00
1307,2021,3,7,1500,32,26,70.6,5,9999.0,NO,1007.0,15,0,2021-03-07 15:00:00
1308,2021,3,7,1600,31,26,74.8,5,9999.0,NO,1007.0,16,0,2021-03-07 16:00:00
1309,2021,3,7,1700,30,25,74.6,5,9999.0,NO,1008.0,17,0,2021-03-07 17:00:00
1310,2021,3,7,1800,29,25,79.0,4,9999.0,NO,1009.0,18,0,2021-03-07 18:00:00
1311,2021,3,7,1900,28,25,83.8,2,9999.0,NO,1009.0,19,0,2021-03-07 19:00:00
1312,2021,3,7,2000,27,26,94.3,1,9999.0,NO,1010.0,20,0,2021-03-07 20:00:00
1313,2021,3,7,2100,27,27,100.0,2,9999.0,NO,1010.0,21,0,2021-03-07 21:00:00
1314,2021,3,7,2200,26,26,100.0,0,9999.0,NO,1011.0,22,0,2021-03-07 22:00:00
1315,2021,3,7,2300,27,27,100.0,2,9999.0,NO,1010.0,23,0,2021-03-07 23:00:00
1316,2021,3,8,0000,27,27,100.0,2,9999.0,NO,1010.0,0,0,2021-03-08 00:00:00
1317,2021,3,8,0100,27,27,100.0,2,9999.0,NO,1009.0,1,0,2021-03-08 01:00:00
1318,2021,3,8,0200,27,27,100.0,0,6000.0,YES,1009.0,2,0,2021-03-08 02:00:00
1319,2021,3,8,0300,26,26,100.0,3,9999.0,NO,1008.0,3,0,2021-03-08 03:00:00
1320,2021,3,8,0400,26,26,100.0,3,9999.0,NO,1009.0,4,0,2021-03-08 04:00:00
1321,2021,3,8,0500,24,24,100.0,2,9999.0,NO,1009.0,5,0,2021-03-08 05:00:00
1322,2021,3,8,0600,24,24,100.0,0,4000.0,NO,1010.0,6,0,2021-03-08 06:00:00
1323,2021,3,8,0700,27,25,88.8,1,4500.0,NO,1010.0,7,0,2021-03-08 07:00:00
1324,2021,3,8,0800,29,25,79.0,2,6000.0,NO,1011.0,8,0,2021-03-08 08:00:00
1325,2021,3,8,0900,31,25,70.4,3,5000.0,NO,1011.0,9,0,2021-03-08 09:00:00
1326,2021,3,8,1000,33,24,59.2,4,8000.0,NO,1010.0,10,0,2021-03-08 10:00:00
1327,2021,3,8,1100,32,24,62.7,3,9999.0,NO,1009.0,11,0,2021-03-08 11:00:00
1328,2021,3,8,1200,34,25,59.5,5,9999.0,NO,1008.0,12,0,2021-03-08 12:00:00
1329,2021,3,8,1300,34,25,59.5,5,9999.0,NO,1007.0,13,0,2021-03-08 13:00:00
1330,2021,3,8,1400,33,25,62.9,5,9999.0,NO,1006.0,14,0,2021-03-08 14:00:00
1331,2021,3,8,1500,33,25,62.9,3,,NO,1006.0,15,0,2021-03-08 15:00:00
1332,2021,3,8,1600,32,26,70.6,5,9999.0,NO,1006.0,16,0,2021-03-08 16:00:00
1333,2021,3,8,1700,30,26,79.2,5,9999.0,NO,1006.0,17,0,2021-03-08 17:00:00
1334,2021,3,8,1800,29,26,83.9,2,9999.0,NO,1007.0,18,0,2021-03-08 18:00:00
1335,2021,3,8,1900,29,26,83.9,2,9999.0,NO,1007.0,19,0,2021-03-08 19:00:00
1336,2021,3,8,2000,29,26,83.9,2,9999.0,NO,1009.0,20,0,2021-03-08 20:00:00
1337,2021,3,8,2100,28,27,94.3,2,9999.0,NO,1009.0,21,0,2021-03-08 21:00:00
1338,2021,3,8,2200,27,27,100.0,2,9999.0,NO,1009.0,22,0,2021-03-08 22:00:00
1339,2021,3,8,2300,27,27,100.0,3,9999.0,NO,1009.0,23,0,2021-03-08 23:00:00
1340,2021,3,9,0000,26,26,100.0,0,9999.0,NO,1008.0,0,0,2021-03-09 00:00:00
1341,2021,3,9,0100,26,26,100.0,0,9999.0,NO,1008.0,1,0,2021-03-09 01:00:00
1342,2021,3,9,0200,27,27,100.0,2,9000.0,NO,1008.0,2,0,2021-03-09 02:00:00
1343,2021,3,9,0300,27,27,100.0,0,8000.0,NO,1008.0,3,0,2021-03-09 03:00:00
1344,2021,3,9,0400,27,27,100.0,1,7000.0,NO,1008.0,4,0,2021-03-09 04:00:00
1345,2021,3,9,0500,27,27,100.0,2,6000.0,NO,1009.0,5,0,2021-03-09 05:00:00
1346,2021,3,9,0600,27,27,100.0,2,2000.0,NO,1009.0,6,0,2021-03-09 06:00:00
1347,2021,3,9,0700,27,27,100.0,2,2000.0,NO,1010.0,7,0,2021-03-09 07:00:00
1348,2021,3,9,0800,29,28,94.4,3,2000.0,NO,1010.0,8,0,2021-03-09 08:00:00
1349,2021,3,9,0900,31,26,74.8,3,4500.0,NO,1010.0,9,0,2021-03-09 09:00:00
1350,2021,3,9,1000,32,26,70.6,2,8000.0,NO,1010.0,10,0,2021-03-09 10:00:00
1351,2021,3,9,1100,33,26,66.8,5,8000.0,NO,1008.0,11,0,2021-03-09 11:00:00
1352,2021,3,9,1200,33,26,66.8,5,8000.0,NO,1008.0,12,0,2021-03-09 12:00:00
1353,2021,3,9,1300,33,26,66.8,6,8000.0,NO,1006.0,13,0,2021-03-09 13:00:00
1354,2021,3,9,1400,33,26,66.8,6,9999.0,NO,1006.0,14,0,2021-03-09 14:00:00
1355,2021,3,9,1500,33,26,66.8,3,,NO,1006.0,15,0,2021-03-09 15:00:00
1356,2021,3,9,1600,31,25,70.4,6,9999.0,NO,1005.0,16,0,2021-03-09 16:00:00
1357,2021,3,9,1700,30,26,79.2,5,9999.0,NO,1004.0,17,0,2021-03-09 17:00:00
1358,2021,3,9,1800,30,26,79.2,3,9999.0,YES,1006.0,18,0,2021-03-09 18:00:00
1359,2021,3,9,1900,26,22,78.6,3,,YES,1007.0,19,0,2021-03-09 19:00:00
1360,2021,3,9,2000,23,23,100.0,3,9999.0,YES,1008.0,20,0,2021-03-09 20:00:00
1361,2021,3,9,2100,23,23,100.0,2,9999.0,NO,1009.0,21,0,2021-03-09 21:00:00
1362,2021,3,9,2200,24,24,100.0,1,9999.0,NO,1009.0,22,0,2021-03-09 22:00:00
1363,2021,3,9,2300,24,24,100.0,2,9999.0,NO,1009.0,23,0,2021-03-09 23:00:00
1364,2021,3,10,0000,24,24,100.0,2,9999.0,NO,1008.0,0,0,2021-03-10 00:00:00
1365,2021,3,10,0100,24,24,100.0,0,7000.0,NO,1007.0,1,0,2021-03-10 01:00:00
1366,2021,3,10,0200,25,25,100.0,4,7000.0,NO,1007.0,2,0,2021-03-10 02:00:00
1367,2021,3,10,0300,24,24,100.0,0,6000.0,NO,1007.0,3,0,2021-03-10 03:00:00
1368,2021,3,10,0400,24,24,100.0,2,6000.0,NO,1007.0,4,0,2021-03-10 04:00:00
1369,2021,3,10,0500,23,23,100.0,2,6000.0,NO,1008.0,5,0,2021-03-10 05:00:00
1370,2021,3,10,0600,24,24,100.0,2,3500.0,NO,1008.0,6,0,2021-03-10 06:00:00
1371,2021,3,10,0700,25,25,100.0,1,4000.0,NO,1009.0,7,0,2021-03-10 07:00:00
1372,2021,3,10,0800,27,25,88.8,3,4000.0,NO,1010.0,8,0,2021-03-10 08:00:00
1373,2021,3,10,0900,30,24,70.3,1,6000.0,NO,1010.0,9,0,2021-03-10 09:00:00
1374,2021,3,10,1000,31,24,66.4,3,6000.0,NO,1010.0,10,0,2021-03-10 10:00:00
1375,2021,3,10,1100,32,22,55.5,3,9999.0,NO,1009.0,11,0,2021-03-10 11:00:00
1376,2021,3,10,1200,32,23,59.0,3,8000.0,NO,1008.0,12,0,2021-03-10 12:00:00
1377,2021,3,10,1300,33,24,59.2,4,9999.0,NO,1007.0,13,0,2021-03-10 13:00:00
1378,2021,3,10,1400,33,24,59.2,4,9999.0,NO,1006.0,14,0,2021-03-10 14:00:00
1379,2021,3,10,1500,32,24,62.7,4,9999.0,NO,1005.0,15,0,2021-03-10 15:00:00
1380,2021,3,10,1600,31,25,70.4,4,9999.0,NO,1006.0,16,0,2021-03-10 16:00:00
1381,2021,3,10,1700,30,25,74.6,4,9999.0,NO,1006.0,17,0,2021-03-10 17:00:00
1382,2021,3,10,1800,29,25,79.0,2,9999.0,NO,1006.0,18,0,2021-03-10 18:00:00
1383,2021,3,10,1900,28,26,88.9,2,9999.0,NO,1007.0,19,0,2021-03-10 19:00:00
1384,2021,3,10,2000,27,27,100.0,2,9999.0,NO,1008.0,20,0,2021-03-10 20:00:00
1385,2021,3,10,2100,27,27,100.0,1,9999.0,YES,1009.0,21,0,2021-03-10 21:00:00
1386,2021,3,10,2200,27,27,100.0,4,9999.0,YES,1010.0,22,0,2021-03-10 22:00:00
1387,2021,3,10,2300,23,23,100.0,6,6000.0,YES,1011.0,23,0,2021-03-10 23:00:00
1388,2021,3,11,0000,23,23,100.0,1,6000.0,YES,1010.0,0,0,2021-03-11 00:00:00
1389,2021,3,11,0100,23,23,100.0,2,8000.0,YES,1008.0,1,0,2021-03-11 01:00:00
1390,2021,3,11,0200,23,23,100.0,7,9000.0,YES,1008.0,2,0,2021-03-11 02:00:00
1391,2021,3,11,0300,23,23,100.0,3,9999.0,YES,1007.0,3,0,2021-03-11 03:00:00
1392,2021,3,11,0400,23,23,100.0,4,9999.0,NO,1007.0,4,0,2021-03-11 04:00:00
1393,2021,3,11,0500,23,23,100.0,2,9000.0,NO,1009.0,5,0,2021-03-11 05:00:00
1394,2021,3,11,0600,23,23,100.0,3,7000.0,NO,1010.0,6,0,2021-03-11 06:00:00
1395,2021,3,11,0700,23,23,100.0,3,6000.0,NO,1010.0,7,0,2021-03-11 07:00:00
1396,2021,3,11,0800,25,24,94.2,4,8000.0,NO,1010.0,8,0,2021-03-11 08:00:00
1397,2021,3,11,0900,26,24,88.7,5,9999.0,NO,1010.0,9,0,2021-03-11 09:00:00
1398,2021,3,11,1000,29,23,70.1,3,9999.0,NO,1009.0,10,0,2021-03-11 10:00:00
1399,2021,3,11,1100,30,24,70.3,3,9999.0,NO,1008.0,11,0,2021-03-11 11:00:00
1400,2021,3,11,1200,31,24,66.4,3,9999.0,NO,1007.0,12,0,2021-03-11 12:00:00
1401,2021,3,11,1300,32,23,59.0,2,9999.0,NO,1006.0,13,0,2021-03-11 13:00:00
1402,2021,3,11,1400,32,24,62.7,5,9999.0,NO,1005.0,14,0,2021-03-11 14:00:00
1403,2021,3,11,1500,31,25,70.4,4,9999.0,NO,1005.0,15,0,2021-03-11 15:00:00
1404,2021,3,11,1600,31,24,66.4,5,9999.0,NO,1005.0,16,0,2021-03-11 16:00:00
1405,2021,3,11,1700,29,23,70.1,4,9999.0,NO,1005.0,17,0,2021-03-11 17:00:00
1406,2021,3,11,1800,28,24,78.9,2,9999.0,NO,1006.0,18,0,2021-03-11 18:00:00
1407,2021,3,11,1900,27,24,83.7,2,9999.0,NO,1007.0,19,0,2021-03-11 19:00:00
1408,2021,3,11,2000,26,24,88.7,1,9999.0,NO,1008.0,20,0,2021-03-11 20:00:00
1409,2021,3,11,2100,25,25,100.0,1,9999.0,NO,1009.0,21,0,2021-03-11 21:00:00
1410,2021,3,11,2200,25,25,100.0,0,9999.0,NO,1009.0,22,0,2021-03-11 22:00:00
1411,2021,3,11,2300,25,25,100.0,0,9999.0,NO,1008.0,23,0,2021-03-11 23:00:00
1412,2021,3,12,0000,25,25,100.0,2,9999.0,NO,1008.0,0,0,2021-03-12 00:00:00
1413,2021,3,12,0100,25,25,100.0,2,6000.0,NO,1008.0,1,0,2021-03-12 01:00:00
1414,2021,3,12,0200,25,25,100.0,3,6000.0,NO,1008.0,2,0,2021-03-12 02:00:00
1415,2021,3,12,0300,25,25,100.0,4,6000.0,NO,1007.0,3,0,2021-03-12 03:00:00
1416,2021,3,12,0400,26,25,94.2,4,6000.0,NO,1008.0,4,0,2021-03-12 04:00:00
1417,2021,3,12,0500,25,24,94.2,0,6000.0,NO,1008.0,5,0,2021-03-12 05:00:00
1418,2021,3,12,0600,24,24,100.0,0,6000.0,NO,1008.0,6,0,2021-03-12 06:00:00
1419,2021,3,12,0700,26,25,94.2,2,6000.0,YES,1009.0,7,0,2021-03-12 07:00:00
1420,2021,3,12,0800,28,24,78.9,4,6000.0,YES,1010.0,8,0,2021-03-12 08:00:00
1421,2021,3,12,0900,30,24,70.3,4,7000.0,NO,1010.0,9,0,2021-03-12 09:00:00
1422,2021,3,12,1000,30,24,70.3,4,8000.0,NO,1010.0,10,0,2021-03-12 10:00:00
1423,2021,3,12,1100,31,25,70.4,2,8000.0,NO,1009.0,11,0,2021-03-12 11:00:00
1424,2021,3,12,1200,32,25,66.6,1,8000.0,NO,1007.0,12,0,2021-03-12 12:00:00
1425,2021,3,12,1300,33,24,59.2,4,8000.0,NO,1006.0,13,0,2021-03-12 13:00:00
1426,2021,3,12,1400,33,25,62.9,5,9999.0,NO,1006.0,14,0,2021-03-12 14:00:00
1427,2021,3,12,1500,31,25,70.4,4,9999.0,NO,1005.0,15,0,2021-03-12 15:00:00
1428,2021,3,12,1600,31,25,70.4,5,9999.0,NO,1005.0,16,0,2021-03-12 16:00:00
1429,2021,3,12,1700,29,25,79.0,4,9999.0,NO,1005.0,17,0,2021-03-12 17:00:00
1430,2021,3,12,1800,28,25,83.8,2,9999.0,NO,1005.0,18,0,2021-03-12 18:00:00
1431,2021,3,12,1900,28,26,88.9,1,9999.0,NO,1006.0,19,0,2021-03-12 19:00:00
1432,2021,3,12,2000,27,27,100.0,0,9999.0,NO,1007.0,20,0,2021-03-12 20:00:00
1433,2021,3,12,2100,26,26,100.0,0,9999.0,NO,1008.0,21,0,2021-03-12 21:00:00
1434,2021,3,12,2200,26,26,100.0,0,9999.0,NO,1008.0,22,0,2021-03-12 22:00:00
1435,2021,3,12,2300,26,26,100.0,0,9999.0,NO,1007.0,23,0,2021-03-12 23:00:00
1436,2021,3,13,0000,26,26,100.0,4,8000.0,NO,1008.0,0,0,2021-03-13 00:00:00
1437,2021,3,13,0100,26,26,100.0,4,8000.0,NO,1007.0,1,0,2021-03-13 01:00:00
1438,2021,3,13,0200,25,25,100.0,2,8000.0,NO,1007.0,2,0,2021-03-13 02:00:00
1439,2021,3,13,0300,25,25,100.0,4,8000.0,NO,1007.0,3,0,2021-03-13 03:00:00
1440,2021,3,13,0400,25,25,100.0,1,8000.0,NO,1007.0,4,0,2021-03-13 04:00:00
1441,2021,3,13,0500,25,25,100.0,4,7000.0,NO,1008.0,5,0,2021-03-13 05:00:00
1442,2021,3,13,0600,26,26,100.0,4,7000.0,NO,1008.0,6,0,2021-03-13 06:00:00
1443,2021,3,13,0700,26,26,100.0,2,4000.0,NO,1010.0,7,0,2021-03-13 07:00:00
1444,2021,3,13,1000,32,24,62.7,3,7000.0,NO,1011.0,10,0,2021-03-13 10:00:00
1445,2021,3,13,1100,32,26,70.6,3,9999.0,NO,1010.0,11,0,2021-03-13 11:00:00
1446,2021,3,13,1200,33,26,66.8,6,9999.0,NO,1009.0,12,0,2021-03-13 12:00:00
1447,2021,3,13,1300,32,25,66.6,5,9999.0,NO,1007.0,13,0,2021-03-13 13:00:00
1448,2021,3,13,1400,32,25,66.6,3,,NO,1007.0,14,0,2021-03-13 14:00:00
1449,2021,3,13,1500,32,25,66.6,3,,NO,1006.0,15,0,2021-03-13 15:00:00
1450,2021,3,13,1600,31,26,74.8,3,,NO,1006.0,16,0,2021-03-13 16:00:00
1451,2021,3,13,1700,30,25,74.6,4,9999.0,NO,1006.0,17,0,2021-03-13 17:00:00
1452,2021,3,13,1800,29,26,83.9,3,9999.0,NO,1007.0,18,0,2021-03-13 18:00:00
1453,2021,3,13,1900,28,26,88.9,2,9999.0,NO,1008.0,19,0,2021-03-13 19:00:00
1454,2021,3,13,2000,28,26,88.9,2,9999.0,NO,1009.0,20,0,2021-03-13 20:00:00
1455,2021,3,13,2100,28,26,88.9,1,9999.0,NO,1010.0,21,0,2021-03-13 21:00:00
1456,2021,3,13,2200,28,27,94.3,0,9999.0,NO,1010.0,22,0,2021-03-13 22:00:00
1457,2021,3,13,2300,27,27,100.0,2,9000.0,NO,1010.0,23,0,2021-03-13 23:00:00
1458,2021,3,14,0000,27,27,100.0,0,9000.0,NO,1010.0,0,0,2021-03-14 00:00:00
1459,2021,3,14,0100,27,26,94.3,2,9999.0,NO,1009.0,1,0,2021-03-14 01:00:00
1460,2021,3,14,0200,27,25,88.8,3,9999.0,NO,1009.0,2,0,2021-03-14 02:00:00
1461,2021,3,14,0300,27,25,88.8,3,9999.0,YES,1009.0,3,0,2021-03-14 03:00:00
1462,2021,3,14,0400,27,26,94.3,2,9999.0,YES,1009.0,4,0,2021-03-14 04:00:00
1463,2021,3,14,0500,26,25,94.2,2,2500.0,YES,1010.0,5,0,2021-03-14 05:00:00
1464,2021,3,15,1500,32,24,62.7,4,9999.0,NO,1007.0,15,0,2021-03-15 15:00:00
1465,2021,3,15,1600,30,24,70.3,5,9999.0,NO,1007.0,16,0,2021-03-15 16:00:00
1466,2021,3,15,1700,28,25,83.8,3,9999.0,NO,1007.0,17,0,2021-03-15 17:00:00
1467,2021,3,15,1800,27,25,88.8,3,9999.0,NO,1008.0,18,0,2021-03-15 18:00:00
1468,2021,3,15,1900,26,24,88.7,3,9999.0,NO,1008.0,19,0,2021-03-15 19:00:00
1469,2021,3,15,2000,26,25,94.2,2,9999.0,NO,1008.0,20,0,2021-03-15 20:00:00
1470,2021,3,15,2100,25,25,100.0,0,9999.0,NO,1009.0,21,0,2021-03-15 21:00:00
1471,2021,3,15,2200,25,25,100.0,0,9999.0,NO,1009.0,22,0,2021-03-15 22:00:00
1472,2021,3,15,2300,25,25,100.0,0,9999.0,NO,1009.0,23,0,2021-03-15 23:00:00
1473,2021,3,16,0000,25,25,100.0,0,9999.0,NO,1008.0,0,0,2021-03-16 00:00:00
1474,2021,3,16,0100,25,25,100.0,2,9999.0,NO,1008.0,1,0,2021-03-16 01:00:00
1475,2021,3,16,0200,25,25,100.0,0,9999.0,NO,1007.0,2,0,2021-03-16 02:00:00
1476,2021,3,16,0300,26,26,100.0,3,9999.0,NO,1007.0,3,0,2021-03-16 03:00:00
1477,2021,3,16,0400,25,25,100.0,3,9000.0,NO,1008.0,4,0,2021-03-16 04:00:00
1478,2021,3,16,0500,25,25,100.0,2,9000.0,NO,1008.0,5,0,2021-03-16 05:00:00
1479,2021,3,16,0600,25,25,100.0,2,7000.0,NO,1009.0,6,0,2021-03-16 06:00:00
1480,2021,3,16,0700,26,26,100.0,3,8000.0,NO,1010.0,7,0,2021-03-16 07:00:00
1481,2021,3,16,0800,27,25,88.8,4,8000.0,NO,1011.0,8,0,2021-03-16 08:00:00
1482,2021,3,16,0900,28,25,83.8,2,8000.0,NO,1011.0,9,0,2021-03-16 09:00:00
1483,2021,3,16,1000,29,25,79.0,4,8000.0,NO,1011.0,10,0,2021-03-16 10:00:00
1484,2021,3,16,1100,30,25,74.6,2,9999.0,NO,1010.0,11,0,2021-03-16 11:00:00
1485,2021,3,16,1200,31,25,70.4,2,9999.0,NO,1009.0,12,0,2021-03-16 12:00:00
1486,2021,3,16,1300,32,24,62.7,4,9999.0,NO,1007.0,13,0,2021-03-16 13:00:00
1487,2021,3,16,1400,33,24,59.2,4,9999.0,NO,1007.0,14,0,2021-03-16 14:00:00
1488,2021,3,16,1500,32,24,62.7,4,9999.0,NO,1006.0,15,0,2021-03-16 15:00:00
1489,2021,3,16,1600,31,24,66.4,5,9999.0,NO,1006.0,16,0,2021-03-16 16:00:00
1490,2021,3,16,1700,29,24,74.4,4,9999.0,NO,1006.0,17,0,2021-03-16 17:00:00
1491,2021,3,16,1800,28,24,78.9,2,9999.0,NO,1007.0,18,0,2021-03-16 18:00:00
1492,2021,3,16,1900,28,25,83.8,4,9999.0,NO,1008.0,19,0,2021-03-16 19:00:00
1493,2021,3,16,2000,28,25,83.8,2,9999.0,NO,1009.0,20,0,2021-03-16 20:00:00
1494,2021,3,16,2100,27,25,88.8,2,9999.0,NO,1010.0,21,0,2021-03-16 21:00:00
1495,2021,3,16,2200,27,26,94.3,0,9999.0,NO,1010.0,22,0,2021-03-16 22:00:00
1496,2021,3,16,2300,24,24,100.0,8,7000.0,YES,1010.0,23,0,2021-03-16 23:00:00
1497,2021,3,17,0000,23,23,100.0,2,8000.0,YES,1011.0,0,0,2021-03-17 00:00:00
1498,2021,3,17,0100,23,23,100.0,0,8000.0,YES,1010.0,1,0,2021-03-17 01:00:00
1499,2021,3,17,0200,24,22,88.6,11,8000.0,YES,1010.0,2,0,2021-03-17 02:00:00
1500,2021,3,17,0300,23,22,94.1,3,8000.0,YES,1009.0,3,0,2021-03-17 03:00:00
1501,2021,3,17,0400,23,22,94.1,3,8000.0,NO,1008.0,4,0,2021-03-17 04:00:00
1502,2021,3,17,0500,22,22,100.0,2,6000.0,NO,1008.0,5,0,2021-03-17 05:00:00
1503,2021,3,17,0600,23,22,94.1,3,6000.0,NO,1009.0,6,0,2021-03-17 06:00:00
1504,2021,3,17,0700,23,23,100.0,0,8000.0,NO,1011.0,7,0,2021-03-17 07:00:00
1505,2021,3,17,0800,24,22,88.6,1,6000.0,NO,1011.0,8,0,2021-03-17 08:00:00
1506,2021,3,17,0900,26,22,78.6,3,7000.0,NO,1012.0,9,0,2021-03-17 09:00:00
1507,2021,3,17,1000,28,22,69.9,3,8000.0,NO,1011.0,10,0,2021-03-17 10:00:00
1508,2021,3,17,1100,29,23,70.1,4,8000.0,NO,1010.0,11,0,2021-03-17 11:00:00
1509,2021,3,17,1200,31,22,58.8,5,8000.0,NO,1009.0,12,0,2021-03-17 12:00:00
1510,2021,3,17,1300,30,22,62.2,2,8000.0,NO,1008.0,13,0,2021-03-17 13:00:00
1511,2021,3,17,1400,31,23,62.5,3,9999.0,NO,1007.0,14,0,2021-03-17 14:00:00
1512,2021,3,17,1500,31,23,62.5,2,9999.0,NO,1007.0,15,0,2021-03-17 15:00:00
1513,2021,3,17,1600,31,23,62.5,3,9999.0,NO,1006.0,16,0,2021-03-17 16:00:00
1514,2021,3,17,1700,29,24,74.4,3,9999.0,NO,1007.0,17,0,2021-03-17 17:00:00
1515,2021,3,17,1800,26,25,94.2,0,9999.0,NO,1007.0,18,0,2021-03-17 18:00:00
1516,2021,3,17,1900,25,25,100.0,0,9999.0,NO,1008.0,19,0,2021-03-17 19:00:00
1517,2021,3,17,2000,25,25,100.0,0,9999.0,NO,1009.0,20,0,2021-03-17 20:00:00
1518,2021,3,17,2100,25,25,100.0,1,9999.0,NO,1010.0,21,0,2021-03-17 21:00:00
1519,2021,3,17,2200,25,25,100.0,2,9999.0,NO,1010.0,22,0,2021-03-17 22:00:00
1520,2021,3,17,2300,25,25,100.0,2,9999.0,NO,1010.0,23,0,2021-03-17 23:00:00
1521,2021,3,18,0000,25,25,100.0,2,9999.0,NO,1010.0,0,0,2021-03-18 00:00:00
1522,2021,3,18,0100,25,25,100.0,2,9999.0,NO,1009.0,1,0,2021-03-18 01:00:00
1523,2021,3,18,0200,25,25,100.0,2,9999.0,NO,1009.0,2,0,2021-03-18 02:00:00
1524,2021,3,18,0300,25,25,100.0,2,9999.0,NO,1009.0,3,0,2021-03-18 03:00:00
1525,2021,3,18,0400,25,25,100.0,3,9000.0,NO,1009.0,4,0,2021-03-18 04:00:00
1526,2021,3,18,0500,25,25,100.0,2,8000.0,NO,1009.0,5,0,2021-03-18 05:00:00
1527,2021,3,18,0600,25,25,100.0,3,6000.0,YES,1010.0,6,0,2021-03-18 06:00:00
1528,2021,3,18,0700,25,25,100.0,3,6000.0,NO,1010.0,7,0,2021-03-18 07:00:00
1529,2021,3,18,0800,27,26,94.3,3,6000.0,NO,1011.0,8,0,2021-03-18 08:00:00
1530,2021,3,18,0900,29,25,79.0,2,8000.0,NO,1012.0,9,0,2021-03-18 09:00:00
1531,2021,3,18,1000,30,25,74.6,3,8000.0,NO,1011.0,10,0,2021-03-18 10:00:00
1532,2021,3,18,1100,32,24,62.7,3,9999.0,NO,1010.0,11,0,2021-03-18 11:00:00
1533,2021,3,18,1200,32,25,66.6,2,9999.0,NO,1009.0,12,0,2021-03-18 12:00:00
1534,2021,3,18,1300,32,25,66.6,5,9999.0,NO,1008.0,13,0,2021-03-18 13:00:00
1535,2021,3,18,1400,33,23,55.8,5,9999.0,NO,1007.0,14,0,2021-03-18 14:00:00
1536,2021,3,18,1500,30,24,70.3,4,9999.0,NO,1006.0,15,0,2021-03-18 15:00:00
1537,2021,3,18,1600,30,24,70.3,4,9999.0,NO,1006.0,16,0,2021-03-18 16:00:00
1538,2021,3,18,1800,28,25,83.8,3,9999.0,NO,1008.0,18,0,2021-03-18 18:00:00
1539,2021,3,18,1900,27,25,88.8,2,9999.0,NO,1008.0,19,0,2021-03-18 19:00:00
1540,2021,3,18,2000,27,25,88.8,1,9999.0,NO,1009.0,20,0,2021-03-18 20:00:00
1541,2021,3,18,2100,27,26,94.3,2,9999.0,NO,1010.0,21,0,2021-03-18 21:00:00
1542,2021,3,18,2200,26,26,100.0,3,9999.0,YES,1010.0,22,0,2021-03-18 22:00:00
1543,2021,3,18,2300,27,26,94.3,6,9999.0,YES,1009.0,23,0,2021-03-18 23:00:00
1544,2021,3,19,0000,26,26,100.0,8,6000.0,YES,1009.0,0,0,2021-03-19 00:00:00
1545,2021,3,19,0500,24,24,100.0,5,8000.0,NO,1009.0,5,0,2021-03-19 05:00:00
1546,2021,3,19,0600,23,23,100.0,4,8000.0,NO,1010.0,6,0,2021-03-19 06:00:00
1547,2021,3,19,0700,24,23,94.1,3,8000.0,NO,1010.0,7,0,2021-03-19 07:00:00
1548,2021,3,19,0800,26,23,83.6,4,8000.0,NO,1011.0,8,0,2021-03-19 08:00:00
1549,2021,3,19,0900,27,22,74.1,6,9999.0,NO,1012.0,9,0,2021-03-19 09:00:00
1550,2021,3,19,1000,29,23,70.1,6,9999.0,NO,1012.0,10,0,2021-03-19 10:00:00
1551,2021,3,19,1100,31,23,62.5,3,9999.0,NO,1011.0,11,0,2021-03-19 11:00:00
1552,2021,3,19,1200,31,24,66.4,2,9999.0,NO,1009.0,12,0,2021-03-19 12:00:00
1553,2021,3,19,1300,31,23,62.5,3,9999.0,NO,1008.0,13,0,2021-03-19 13:00:00
1554,2021,3,19,1400,31,24,66.4,4,9999.0,NO,1007.0,14,0,2021-03-19 14:00:00
1555,2021,3,19,1500,30,24,70.3,3,9999.0,NO,1006.0,15,0,2021-03-19 15:00:00
1556,2021,3,19,1600,29,25,79.0,3,9999.0,NO,1006.0,16,0,2021-03-19 16:00:00
1557,2021,3,19,1700,28,25,83.8,3,9999.0,NO,1007.0,17,0,2021-03-19 17:00:00
1558,2021,3,19,1800,27,25,88.8,2,9999.0,NO,1008.0,18,0,2021-03-19 18:00:00
1559,2021,3,19,1900,27,25,88.8,2,9999.0,NO,1009.0,19,0,2021-03-19 19:00:00
1560,2021,3,19,2000,27,25,88.8,3,9999.0,NO,1009.0,20,0,2021-03-19 20:00:00
1561,2021,3,19,2100,27,25,88.8,2,9999.0,NO,1009.0,21,0,2021-03-19 21:00:00
1562,2021,3,19,2200,26,26,100.0,0,9999.0,NO,1010.0,22,0,2021-03-19 22:00:00
1563,2021,3,19,2300,26,26,100.0,2,9999.0,YES,1010.0,23,0,2021-03-19 23:00:00
1564,2021,3,20,0000,26,25,94.2,6,9999.0,NO,1010.0,0,0,2021-03-20 00:00:00
1565,2021,3,20,0100,25,25,100.0,3,9999.0,NO,1009.0,1,0,2021-03-20 01:00:00
1566,2021,3,20,0200,25,24,94.2,2,9999.0,NO,1009.0,2,0,2021-03-20 02:00:00
1567,2021,3,20,0300,25,24,94.2,3,9999.0,YES,1009.0,3,0,2021-03-20 03:00:00
1568,2021,3,20,0400,25,25,100.0,2,8000.0,YES,1010.0,4,0,2021-03-20 04:00:00
1569,2021,3,20,0500,24,23,94.1,1,8000.0,YES,1010.0,5,0,2021-03-20 05:00:00
1570,2021,3,20,0600,25,23,88.7,2,8000.0,YES,1009.0,6,0,2021-03-20 06:00:00
1571,2021,3,20,0700,26,22,78.6,3,8000.0,NO,1011.0,7,0,2021-03-20 07:00:00
1572,2021,3,20,0800,27,22,74.1,3,9999.0,NO,1011.0,8,0,2021-03-20 08:00:00
1573,2021,3,20,0900,27,22,74.1,3,9999.0,NO,1012.0,9,0,2021-03-20 09:00:00
1574,2021,3,20,1000,29,22,65.9,2,9999.0,NO,1012.0,10,0,2021-03-20 10:00:00
1575,2021,3,20,1100,30,20,55.0,2,9999.0,NO,1010.0,11,0,2021-03-20 11:00:00
1576,2021,3,20,1200,32,22,55.5,4,9999.0,NO,1009.0,12,0,2021-03-20 12:00:00
1577,2021,3,20,1300,32,22,55.5,4,9999.0,YES,1008.0,13,0,2021-03-20 13:00:00
1578,2021,3,20,1400,30,23,66.2,6,9999.0,YES,1008.0,14,0,2021-03-20 14:00:00
1579,2021,3,20,1500,27,23,78.8,8,8000.0,YES,1009.0,15,0,2021-03-20 15:00:00
1580,2021,3,20,1600,24,23,94.1,4,8000.0,YES,1008.0,16,0,2021-03-20 16:00:00
1581,2021,3,20,1700,23,23,100.0,3,9999.0,YES,1009.0,17,0,2021-03-20 17:00:00
1582,2021,3,20,1800,23,23,100.0,3,9999.0,NO,1009.0,18,0,2021-03-20 18:00:00
1583,2021,3,20,1900,23,23,100.0,2,9999.0,NO,1009.0,19,0,2021-03-20 19:00:00
1584,2021,3,20,2000,24,22,88.6,6,9999.0,NO,1009.0,20,0,2021-03-20 20:00:00
1585,2021,3,20,2100,23,23,100.0,0,9999.0,NO,1009.0,21,0,2021-03-20 21:00:00
1586,2021,3,20,2200,23,23,100.0,3,9999.0,NO,1009.0,22,0,2021-03-20 22:00:00
1587,2021,3,20,2300,23,23,100.0,2,9999.0,NO,1009.0,23,0,2021-03-20 23:00:00
1588,2021,3,21,0000,23,23,100.0,2,9999.0,NO,1009.0,0,0,2021-03-21 00:00:00
1589,2021,3,21,0100,23,23,100.0,3,9999.0,NO,1009.0,1,0,2021-03-21 01:00:00
1590,2021,3,21,0200,23,23,100.0,3,9999.0,NO,1009.0,2,0,2021-03-21 02:00:00
1591,2021,3,21,0300,22,22,100.0,1,9999.0,NO,1009.0,3,0,2021-03-21 03:00:00
1592,2021,3,21,0400,22,22,100.0,0,9999.0,NO,1009.0,4,0,2021-03-21 04:00:00
1593,2021,3,21,0500,22,22,100.0,0,8000.0,NO,1009.0,5,0,2021-03-21 05:00:00
1594,2021,3,21,0600,23,23,100.0,0,7000.0,NO,1009.0,6,0,2021-03-21 06:00:00
1595,2021,3,21,0700,25,23,88.7,1,7000.0,NO,1010.0,7,0,2021-03-21 07:00:00
1596,2021,3,21,0800,27,23,78.8,1,8000.0,NO,1010.0,8,0,2021-03-21 08:00:00
1597,2021,3,21,0900,29,24,74.4,3,8000.0,NO,1010.0,9,0,2021-03-21 09:00:00
1598,2021,3,21,1000,31,23,62.5,4,9999.0,NO,1009.0,10,0,2021-03-21 10:00:00
1599,2021,3,21,1100,32,22,55.5,4,9999.0,NO,1009.0,11,0,2021-03-21 11:00:00
1600,2021,3,21,1200,34,23,52.7,3,9999.0,NO,1008.0,12,0,2021-03-21 12:00:00
1601,2021,3,21,1300,34,23,52.7,3,9999.0,NO,1006.0,13,0,2021-03-21 13:00:00
1602,2021,3,21,1400,34,21,46.7,4,9999.0,NO,1005.0,14,0,2021-03-21 14:00:00
1603,2021,3,21,1500,33,22,52.5,4,9999.0,NO,1005.0,15,0,2021-03-21 15:00:00
1604,2021,3,21,1600,31,24,66.4,5,9999.0,NO,1005.0,16,0,2021-03-21 16:00:00
1605,2021,3,21,1700,29,23,70.1,5,9999.0,NO,1005.0,17,0,2021-03-21 17:00:00
1606,2021,3,21,1800,28,23,74.3,2,9999.0,NO,1006.0,18,0,2021-03-21 18:00:00
1607,2021,3,21,1900,27,23,78.8,2,9999.0,NO,1007.0,19,0,2021-03-21 19:00:00
1608,2021,3,21,2000,27,23,78.8,2,9999.0,NO,1008.0,20,0,2021-03-21 20:00:00
1609,2021,3,21,2100,26,23,83.6,2,9999.0,NO,1009.0,21,0,2021-03-21 21:00:00
1610,2021,3,21,2200,26,24,88.7,0,9999.0,NO,1010.0,22,0,2021-03-21 22:00:00
1611,2021,3,21,2300,26,25,94.2,2,9999.0,NO,1009.0,23,0,2021-03-21 23:00:00
1612,2021,3,22,0000,26,25,94.2,1,9999.0,NO,1008.0,0,0,2021-03-22 00:00:00
1613,2021,3,22,0100,26,25,94.2,4,9999.0,NO,1008.0,1,0,2021-03-22 01:00:00
1614,2021,3,22,0200,26,25,94.2,6,9999.0,NO,1009.0,2,0,2021-03-22 02:00:00
1615,2021,3,22,0300,23,23,100.0,7,2500.0,YES,1009.0,3,0,2021-03-22 03:00:00
1616,2021,3,22,0400,22,22,100.0,2,8000.0,YES,1008.0,4,0,2021-03-22 04:00:00
1617,2021,3,22,0500,22,22,100.0,3,8000.0,YES,1008.0,5,0,2021-03-22 05:00:00
1618,2021,3,22,0600,23,23,100.0,2,6000.0,YES,1008.0,6,0,2021-03-22 06:00:00
1619,2021,3,22,0700,23,23,100.0,2,6000.0,YES,1010.0,7,0,2021-03-22 07:00:00
1620,2021,3,22,0800,23,23,100.0,5,8000.0,NO,1011.0,8,0,2021-03-22 08:00:00
1621,2021,3,22,0900,24,24,100.0,2,8000.0,YES,1011.0,9,0,2021-03-22 09:00:00
1622,2021,3,22,1000,26,25,94.2,2,8000.0,NO,1011.0,10,0,2021-03-22 10:00:00
1623,2021,3,22,1200,28,23,74.3,4,9999.0,NO,1009.0,12,0,2021-03-22 12:00:00
1624,2021,3,22,1300,28,24,78.9,6,9999.0,NO,1009.0,13,0,2021-03-22 13:00:00
1625,2021,3,22,1400,27,24,83.7,2,9999.0,NO,1008.0,14,0,2021-03-22 14:00:00
1626,2021,3,22,1600,28,25,83.8,5,9999.0,NO,1007.0,16,0,2021-03-22 16:00:00
1627,2021,3,22,1700,27,25,88.8,2,9999.0,NO,1007.0,17,0,2021-03-22 17:00:00
1628,2021,3,22,1800,25,25,100.0,2,9999.0,NO,1007.0,18,0,2021-03-22 18:00:00
1629,2021,3,22,1900,24,24,100.0,1,9999.0,NO,1008.0,19,0,2021-03-22 19:00:00
1630,2021,3,22,2000,24,24,100.0,0,9999.0,NO,1009.0,20,0,2021-03-22 20:00:00
1631,2021,3,22,2100,24,24,100.0,0,9999.0,NO,1010.0,21,0,2021-03-22 21:00:00
1632,2021,3,22,2200,24,24,100.0,0,9999.0,NO,1010.0,22,0,2021-03-22 22:00:00
1633,2021,3,22,2300,24,24,100.0,0,9999.0,NO,1010.0,23,0,2021-03-22 23:00:00
1634,2021,3,23,0000,24,24,100.0,0,6000.0,NO,1010.0,0,0,2021-03-23 00:00:00
1635,2021,3,23,0100,24,24,100.0,0,6000.0,NO,1009.0,1,0,2021-03-23 01:00:00
1636,2021,3,23,0200,24,24,100.0,2,7000.0,NO,1009.0,2,0,2021-03-23 02:00:00
1637,2021,3,23,0300,24,24,100.0,3,7000.0,NO,1009.0,3,0,2021-03-23 03:00:00
1638,2021,3,23,0400,24,24,100.0,1,7000.0,NO,1009.0,4,0,2021-03-23 04:00:00
1639,2021,3,23,0500,24,24,100.0,1,6000.0,NO,1010.0,5,0,2021-03-23 05:00:00
1640,2021,3,23,0600,24,24,100.0,1,6000.0,NO,1010.0,6,0,2021-03-23 06:00:00
1641,2021,3,23,0700,24,24,100.0,2,4000.0,NO,1011.0,7,0,2021-03-23 07:00:00
1642,2021,3,23,0800,27,24,83.7,3,4000.0,NO,1012.0,8,0,2021-03-23 08:00:00
1643,2021,3,23,0900,30,23,66.2,2,8000.0,NO,1012.0,9,0,2021-03-23 09:00:00
1644,2021,3,23,1000,31,23,62.5,2,8000.0,NO,1011.0,10,0,2021-03-23 10:00:00
1645,2021,3,23,1100,32,25,66.6,1,9000.0,NO,1011.0,11,0,2021-03-23 11:00:00
1646,2021,3,23,1200,33,24,59.2,3,9999.0,NO,1009.0,12,0,2021-03-23 12:00:00
1647,2021,3,23,1300,34,23,52.7,3,9999.0,NO,1008.0,13,0,2021-03-23 13:00:00
1648,2021,3,23,1400,34,24,56.0,4,9999.0,NO,1007.0,14,0,2021-03-23 14:00:00
1649,2021,3,23,1500,33,25,62.9,4,9999.0,NO,1007.0,15,0,2021-03-23 15:00:00
1650,2021,3,23,1600,31,25,70.4,4,9999.0,NO,1006.0,16,0,2021-03-23 16:00:00
1651,2021,3,23,1700,30,25,74.6,4,9999.0,NO,1007.0,17,0,2021-03-23 17:00:00
1652,2021,3,23,1800,28,25,83.8,4,9999.0,NO,1008.0,18,0,2021-03-23 18:00:00
1653,2021,3,23,1900,28,25,83.8,3,9999.0,NO,1009.0,19,0,2021-03-23 19:00:00
1654,2021,3,23,2000,28,25,83.8,2,9999.0,NO,1010.0,20,0,2021-03-23 20:00:00
1655,2021,3,23,2100,26,26,100.0,0,9999.0,YES,1011.0,21,0,2021-03-23 21:00:00
1656,2021,3,23,2200,26,26,100.0,0,9999.0,NO,1011.0,22,0,2021-03-23 22:00:00
1657,2021,3,23,2300,26,26,100.0,0,9999.0,NO,1011.0,23,0,2021-03-23 23:00:00
1658,2021,3,24,0000,26,26,100.0,2,9999.0,NO,1010.0,0,0,2021-03-24 00:00:00
1659,2021,3,24,0100,26,26,100.0,2,9999.0,NO,1010.0,1,0,2021-03-24 01:00:00
1660,2021,3,24,0200,26,26,100.0,3,9999.0,NO,1010.0,2,0,2021-03-24 02:00:00
1661,2021,3,24,0300,25,24,94.2,5,9999.0,NO,1009.0,3,0,2021-03-24 03:00:00
1662,2021,3,24,0400,25,25,100.0,3,9999.0,NO,1010.0,4,0,2021-03-24 04:00:00
1663,2021,3,24,0500,25,25,100.0,2,9999.0,NO,1010.0,5,0,2021-03-24 05:00:00
1664,2021,3,24,0600,25,25,100.0,2,9999.0,NO,1011.0,6,0,2021-03-24 06:00:00
1665,2021,3,24,0700,25,25,100.0,0,8000.0,YES,1012.0,7,0,2021-03-24 07:00:00
1666,2021,3,24,0800,27,26,94.3,2,8000.0,NO,1012.0,8,0,2021-03-24 08:00:00
1667,2021,3,24,0900,28,25,83.8,3,8000.0,NO,1013.0,9,0,2021-03-24 09:00:00
1668,2021,3,24,1000,28,26,88.9,4,8000.0,NO,1013.0,10,0,2021-03-24 10:00:00
1669,2021,3,24,1100,28,25,83.8,5,9999.0,NO,1012.0,11,0,2021-03-24 11:00:00
1670,2021,3,24,1200,28,25,83.8,5,8000.0,YES,1011.0,12,0,2021-03-24 12:00:00
1671,2021,3,24,1300,28,26,88.9,5,8000.0,YES,1010.0,13,0,2021-03-24 13:00:00
1672,2021,3,24,1600,22,22,100.0,5,1800.0,YES,1011.0,16,0,2021-03-24 16:00:00
1673,2021,3,24,1700,22,22,100.0,5,6000.0,YES,1012.0,17,0,2021-03-24 17:00:00
1674,2021,3,24,1800,22,22,100.0,3,7000.0,YES,1013.0,18,0,2021-03-24 18:00:00
1675,2021,3,24,1900,23,23,100.0,2,7000.0,YES,1013.0,19,0,2021-03-24 19:00:00
1676,2021,3,24,2000,23,23,100.0,2,8000.0,YES,1013.0,20,0,2021-03-24 20:00:00
1677,2021,3,24,2100,23,23,100.0,1,8000.0,YES,1012.0,21,0,2021-03-24 21:00:00
1678,2021,3,24,2200,23,23,100.0,2,6000.0,NO,1012.0,22,0,2021-03-24 22:00:00
1679,2021,3,24,2300,23,23,100.0,4,6000.0,NO,1012.0,23,0,2021-03-24 23:00:00
1680,2021,3,25,0000,23,23,100.0,6,7000.0,NO,1012.0,0,0,2021-03-25 00:00:00
1681,2021,3,25,0100,22,22,100.0,3,8000.0,NO,1011.0,1,0,2021-03-25 01:00:00
1682,2021,3,25,0200,22,22,100.0,4,8000.0,NO,1011.0,2,0,2021-03-25 02:00:00
1683,2021,3,25,0300,23,23,100.0,1,8000.0,NO,1010.0,3,0,2021-03-25 03:00:00
1684,2021,3,25,0400,22,22,100.0,1,8000.0,NO,1011.0,4,0,2021-03-25 04:00:00
1685,2021,3,25,0500,22,22,100.0,0,8000.0,NO,1011.0,5,0,2021-03-25 05:00:00
1686,2021,3,25,0600,22,22,100.0,0,3500.0,NO,1011.0,6,0,2021-03-25 06:00:00
1687,2021,3,25,0700,23,23,100.0,1,4000.0,NO,1012.0,7,0,2021-03-25 07:00:00
1688,2021,3,25,0900,26,22,78.6,3,8000.0,NO,1014.0,9,0,2021-03-25 09:00:00
1689,2021,3,25,1000,28,23,74.3,3,9999.0,NO,1014.0,10,0,2021-03-25 10:00:00
1690,2021,3,25,1100,31,23,62.5,2,9999.0,NO,1012.0,11,0,2021-03-25 11:00:00
1691,2021,3,25,1200,31,23,62.5,2,9999.0,NO,1011.0,12,0,2021-03-25 12:00:00
1692,2021,3,25,1300,31,24,66.4,3,9999.0,NO,1011.0,13,0,2021-03-25 13:00:00
1693,2021,3,25,1400,31,24,66.4,3,9999.0,NO,1010.0,14,0,2021-03-25 14:00:00
1694,2021,3,25,1500,31,23,62.5,4,9999.0,NO,1009.0,15,0,2021-03-25 15:00:00
1695,2021,3,25,1600,29,24,74.4,3,9999.0,NO,1010.0,16,0,2021-03-25 16:00:00
1696,2021,3,25,1700,28,23,74.3,2,9999.0,NO,1010.0,17,0,2021-03-25 17:00:00
1697,2021,3,25,1800,26,23,83.6,2,9999.0,NO,1010.0,18,0,2021-03-25 18:00:00
1698,2021,3,25,1900,25,24,94.2,0,9999.0,NO,1011.0,19,0,2021-03-25 19:00:00
1699,2021,3,25,2000,25,25,100.0,0,9999.0,NO,1012.0,20,0,2021-03-25 20:00:00
1700,2021,3,25,2100,25,25,100.0,0,9999.0,NO,1012.0,21,0,2021-03-25 21:00:00
1701,2021,3,25,2200,25,25,100.0,0,9999.0,NO,1012.0,22,0,2021-03-25 22:00:00
1702,2021,3,25,2300,24,24,100.0,0,9999.0,NO,1012.0,23,0,2021-03-25 23:00:00
1703,2021,3,26,0000,24,24,100.0,0,9999.0,NO,1011.0,0,0,2021-03-26 00:00:00
1704,2021,3,26,0100,25,25,100.0,2,9999.0,NO,1011.0,1,0,2021-03-26 01:00:00
1705,2021,3,26,0200,24,24,100.0,2,9999.0,NO,1010.0,2,0,2021-03-26 02:00:00
1706,2021,3,26,0300,24,24,100.0,3,9999.0,NO,1010.0,3,0,2021-03-26 03:00:00
1707,2021,3,26,0400,24,24,100.0,3,9999.0,NO,1010.0,4,0,2021-03-26 04:00:00
1708,2021,3,26,0500,24,24,100.0,2,7000.0,NO,1010.0,5,0,2021-03-26 05:00:00
1709,2021,3,26,0600,24,24,100.0,1,4000.0,NO,1010.0,6,0,2021-03-26 06:00:00
1710,2021,3,26,0700,26,24,88.7,2,4200.0,NO,1011.0,7,0,2021-03-26 07:00:00
1711,2021,3,26,0800,28,23,74.3,3,8000.0,NO,1012.0,8,0,2021-03-26 08:00:00
1712,2021,3,26,0900,29,23,70.1,3,9999.0,NO,1012.0,9,0,2021-03-26 09:00:00
1713,2021,3,26,1000,30,23,66.2,4,9999.0,NO,1012.0,10,0,2021-03-26 10:00:00
1714,2021,3,26,1100,30,23,66.2,3,9999.0,NO,1010.0,11,0,2021-03-26 11:00:00
1715,2021,3,26,1200,33,23,55.8,3,9999.0,NO,1009.0,12,0,2021-03-26 12:00:00
1716,2021,3,26,1300,32,23,59.0,3,9999.0,NO,1008.0,13,0,2021-03-26 13:00:00
1717,2021,3,26,1400,32,25,66.6,0,9999.0,NO,1007.0,14,0,2021-03-26 14:00:00
1718,2021,3,26,1500,33,24,59.2,3,9999.0,NO,1007.0,15,0,2021-03-26 15:00:00
1719,2021,3,26,1600,32,25,66.6,3,9999.0,NO,1007.0,16,0,2021-03-26 16:00:00
1720,2021,3,26,1700,29,25,79.0,2,9999.0,NO,1008.0,17,0,2021-03-26 17:00:00
1721,2021,3,26,1800,28,25,83.8,2,9999.0,NO,1008.0,18,0,2021-03-26 18:00:00
1722,2021,3,26,1900,27,26,94.3,1,9999.0,NO,1009.0,19,0,2021-03-26 19:00:00
1723,2021,3,26,2000,27,26,94.3,0,9999.0,NO,1010.0,20,0,2021-03-26 20:00:00
1724,2021,3,26,2100,26,26,100.0,0,9999.0,NO,1011.0,21,0,2021-03-26 21:00:00
1725,2021,3,26,2200,26,25,94.2,0,9999.0,NO,1011.0,22,0,2021-03-26 22:00:00
1726,2021,3,26,2300,26,26,100.0,0,9999.0,NO,1010.0,23,0,2021-03-26 23:00:00
1727,2021,3,27,0000,26,26,100.0,2,9999.0,NO,1010.0,0,0,2021-03-27 00:00:00
1728,2021,3,27,0100,26,26,100.0,2,9999.0,NO,1010.0,1,0,2021-03-27 01:00:00
1729,2021,3,27,0200,26,26,100.0,0,9999.0,NO,1009.0,2,0,2021-03-27 02:00:00
1730,2021,3,27,0300,26,26,100.0,2,9999.0,YES,1009.0,3,0,2021-03-27 03:00:00
1731,2021,3,27,0400,26,26,100.0,4,9999.0,YES,1009.0,4,0,2021-03-27 04:00:00
1732,2021,3,27,0500,26,26,100.0,0,9000.0,NO,1009.0,5,0,2021-03-27 05:00:00
1733,2021,3,27,0600,25,25,100.0,0,9000.0,YES,1010.0,6,0,2021-03-27 06:00:00
1734,2021,3,27,0700,26,26,100.0,1,8000.0,NO,1011.0,7,0,2021-03-27 07:00:00
1735,2021,3,27,0800,28,26,88.9,3,8000.0,NO,1012.0,8,0,2021-03-27 08:00:00
1736,2021,3,27,0900,30,24,70.3,4,9999.0,NO,1012.0,9,0,2021-03-27 09:00:00
1737,2021,3,27,1000,31,24,66.4,3,9999.0,NO,1012.0,10,0,2021-03-27 10:00:00
1738,2021,3,27,1100,32,25,66.6,3,9999.0,NO,1011.0,11,0,2021-03-27 11:00:00
1739,2021,3,27,1200,33,25,62.9,4,9999.0,NO,1010.0,12,0,2021-03-27 12:00:00
1740,2021,3,27,1300,33,26,66.8,5,9999.0,NO,1008.0,13,0,2021-03-27 13:00:00
1741,2021,3,27,1400,33,26,66.8,4,9999.0,NO,1007.0,14,0,2021-03-27 14:00:00
1742,2021,3,27,1600,31,24,66.4,4,9999.0,NO,1007.0,16,0,2021-03-27 16:00:00
1743,2021,3,27,1700,29,25,79.0,4,9999.0,NO,1007.0,17,0,2021-03-27 17:00:00
1744,2021,3,27,1800,28,25,83.8,2,9999.0,NO,1008.0,18,0,2021-03-27 18:00:00
1745,2021,3,27,1900,27,25,88.8,0,9999.0,NO,1009.0,19,0,2021-03-27 19:00:00
1746,2021,3,27,2000,26,26,100.0,0,9999.0,NO,1009.0,20,0,2021-03-27 20:00:00
1747,2021,3,27,2100,26,26,100.0,2,9999.0,NO,1010.0,21,0,2021-03-27 21:00:00
1748,2021,3,27,2200,26,26,100.0,2,9999.0,NO,1010.0,22,0,2021-03-27 22:00:00
1749,2021,3,27,2300,26,26,100.0,2,9999.0,NO,1010.0,23,0,2021-03-27 23:00:00
1750,2021,3,28,0000,26,26,100.0,2,9999.0,NO,1009.0,0,0,2021-03-28 00:00:00
1751,2021,3,28,0100,26,26,100.0,0,9999.0,NO,1008.0,1,0,2021-03-28 01:00:00
1752,2021,3,28,0200,26,26,100.0,2,9999.0,NO,1008.0,2,0,2021-03-28 02:00:00
1753,2021,3,28,0300,26,26,100.0,2,9999.0,NO,1008.0,3,0,2021-03-28 03:00:00
1754,2021,3,28,0400,26,26,100.0,0,9999.0,NO,1008.0,4,0,2021-03-28 04:00:00
1755,2021,3,28,0500,26,26,100.0,0,6000.0,NO,1009.0,5,0,2021-03-28 05:00:00
1756,2021,3,28,0600,26,26,100.0,3,4000.0,NO,1010.0,6,0,2021-03-28 06:00:00
1757,2021,3,28,0700,28,27,94.3,1,4000.0,NO,1011.0,7,0,2021-03-28 07:00:00
1758,2021,3,28,0800,31,26,74.8,1,6000.0,NO,1011.0,8,0,2021-03-28 08:00:00
1759,2021,3,28,0900,32,25,66.6,1,8000.0,NO,1012.0,9,0,2021-03-28 09:00:00
1760,2021,3,28,1000,31,26,74.8,2,8000.0,NO,1011.0,10,0,2021-03-28 10:00:00
1761,2021,3,28,1100,33,25,62.9,3,9999.0,NO,1010.0,11,0,2021-03-28 11:00:00
1762,2021,3,28,1200,34,25,59.5,3,9999.0,NO,1009.0,12,0,2021-03-28 12:00:00
1763,2021,3,28,1300,34,25,59.5,4,9999.0,NO,1008.0,13,0,2021-03-28 13:00:00
1764,2021,3,28,1400,34,25,59.5,4,9999.0,NO,1007.0,14,0,2021-03-28 14:00:00
1765,2021,3,28,1500,32,25,66.6,5,9999.0,NO,1006.0,15,0,2021-03-28 15:00:00
1766,2021,3,28,1600,31,26,74.8,5,9999.0,NO,1006.0,16,0,2021-03-28 16:00:00
1767,2021,3,28,1800,29,26,83.9,3,9999.0,NO,1007.0,18,0,2021-03-28 18:00:00
1768,2021,3,28,1900,29,26,83.9,2,9999.0,NO,1009.0,19,0,2021-03-28 19:00:00
1769,2021,3,28,2000,29,26,83.9,3,9999.0,NO,1010.0,20,0,2021-03-28 20:00:00
1770,2021,3,28,2100,28,26,88.9,2,9999.0,NO,1010.0,21,0,2021-03-28 21:00:00
1771,2021,3,28,2200,27,27,100.0,2,9999.0,NO,1010.0,22,0,2021-03-28 22:00:00
1772,2021,3,28,2300,27,27,100.0,2,9999.0,NO,1011.0,23,0,2021-03-28 23:00:00
1773,2021,3,29,0000,27,27,100.0,1,9999.0,NO,1010.0,0,0,2021-03-29 00:00:00
1774,2021,3,29,0100,27,27,100.0,3,9999.0,NO,1009.0,1,0,2021-03-29 01:00:00
1775,2021,3,29,0200,27,27,100.0,2,9999.0,NO,1009.0,2,0,2021-03-29 02:00:00
1776,2021,3,29,0300,27,26,94.3,2,9000.0,NO,1009.0,3,0,2021-03-29 03:00:00
1777,2021,3,29,0400,25,24,94.2,2,9000.0,NO,1009.0,4,0,2021-03-29 04:00:00
1778,2021,3,29,0500,25,25,100.0,0,8000.0,NO,1010.0,5,0,2021-03-29 05:00:00
1779,2021,3,29,0600,25,25,100.0,0,7000.0,NO,1011.0,6,0,2021-03-29 06:00:00
1780,2021,3,29,0700,28,24,78.9,2,6000.0,NO,1011.0,7,0,2021-03-29 07:00:00
1781,2021,3,29,0800,29,25,79.0,3,7000.0,NO,1012.0,8,0,2021-03-29 08:00:00
1782,2021,3,29,0900,30,25,74.6,2,8000.0,NO,1012.0,9,0,2021-03-29 09:00:00
1783,2021,3,29,1000,31,25,70.4,3,8000.0,NO,1012.0,10,0,2021-03-29 10:00:00
1784,2021,3,29,1100,31,25,70.4,4,8000.0,NO,1011.0,11,0,2021-03-29 11:00:00
1785,2021,3,29,1200,32,25,66.6,4,8000.0,NO,1010.0,12,0,2021-03-29 12:00:00
1786,2021,3,29,1300,32,25,66.6,4,8000.0,NO,1009.0,13,0,2021-03-29 13:00:00
1787,2021,3,29,1400,32,25,66.6,5,9999.0,NO,1008.0,14,0,2021-03-29 14:00:00
1788,2021,3,29,1500,30,25,74.6,4,9999.0,NO,1008.0,15,0,2021-03-29 15:00:00
1789,2021,3,29,1600,30,25,74.6,3,9999.0,NO,1008.0,16,0,2021-03-29 16:00:00
1790,2021,3,29,1700,29,25,79.0,3,9999.0,NO,1008.0,17,0,2021-03-29 17:00:00
1791,2021,3,29,1800,28,25,83.8,2,9999.0,NO,1008.0,18,0,2021-03-29 18:00:00
1792,2021,3,29,1900,27,25,88.8,0,9999.0,NO,1009.0,19,0,2021-03-29 19:00:00
1793,2021,3,29,2000,27,26,94.3,1,9999.0,NO,1010.0,20,0,2021-03-29 20:00:00
1794,2021,3,29,2100,26,26,100.0,3,9999.0,NO,1010.0,21,0,2021-03-29 21:00:00
1795,2021,3,29,2200,26,26,100.0,3,9999.0,NO,1010.0,22,0,2021-03-29 22:00:00
1796,2021,3,29,2300,26,26,100.0,3,9999.0,NO,1010.0,23,0,2021-03-29 23:00:00
1797,2021,3,30,0000,26,26,100.0,2,9999.0,NO,1010.0,0,0,2021-03-30 00:00:00
1798,2021,3,30,0100,25,25,100.0,0,9999.0,NO,1009.0,1,0,2021-03-30 01:00:00
1799,2021,3,30,0200,26,26,100.0,0,9999.0,NO,1009.0,2,0,2021-03-30 02:00:00
1800,2021,3,30,0300,25,25,100.0,0,8000.0,NO,1008.0,3,0,2021-03-30 03:00:00
1801,2021,3,30,0500,25,25,100.0,0,6000.0,NO,1009.0,5,0,2021-03-30 05:00:00
1802,2021,3,30,0600,26,26,100.0,0,4500.0,NO,1010.0,6,0,2021-03-30 06:00:00
1803,2021,3,30,0700,27,26,94.3,2,4000.0,NO,1011.0,7,0,2021-03-30 07:00:00
1804,2021,3,30,0800,28,25,83.8,2,6000.0,NO,1011.0,8,0,2021-03-30 08:00:00
1805,2021,3,30,0900,30,25,74.6,2,6000.0,NO,1011.0,9,0,2021-03-30 09:00:00
1806,2021,3,30,1000,31,25,70.4,1,4000.0,NO,1011.0,10,0,2021-03-30 10:00:00
1807,2021,3,30,1100,33,25,62.9,3,4000.0,NO,1010.0,11,0,2021-03-30 11:00:00
1808,2021,3,30,1200,33,24,59.2,4,4000.0,NO,1009.0,12,0,2021-03-30 12:00:00
1809,2021,3,30,1300,33,24,59.2,4,4000.0,NO,1008.0,13,0,2021-03-30 13:00:00
1810,2021,3,30,1400,33,24,59.2,4,4000.0,NO,1007.0,14,0,2021-03-30 14:00:00
1811,2021,3,30,1500,32,25,66.6,5,4000.0,NO,1006.0,15,0,2021-03-30 15:00:00
1812,2021,3,30,1600,30,25,74.6,4,4000.0,NO,1006.0,16,0,2021-03-30 16:00:00
1813,2021,3,30,1700,29,26,83.9,3,4000.0,NO,1007.0,17,0,2021-03-30 17:00:00
1814,2021,3,30,1800,29,26,83.9,2,6000.0,NO,1007.0,18,0,2021-03-30 18:00:00
1815,2021,3,30,1900,28,26,88.9,3,8000.0,NO,1008.0,19,0,2021-03-30 19:00:00
1816,2021,3,30,2000,28,26,88.9,1,8000.0,NO,1010.0,20,0,2021-03-30 20:00:00
1817,2021,3,30,2100,27,26,94.3,2,8000.0,NO,1010.0,21,0,2021-03-30 21:00:00
1818,2021,3,30,2200,27,27,100.0,0,8000.0,NO,1010.0,22,0,2021-03-30 22:00:00
1819,2021,3,30,2300,27,27,100.0,2,8000.0,NO,1010.0,23,0,2021-03-30 23:00:00
1820,2021,3,31,0000,27,27,100.0,3,8000.0,NO,1010.0,0,0,2021-03-31 00:00:00
1821,2021,3,31,0100,27,27,100.0,2,8000.0,NO,1009.0,1,0,2021-03-31 01:00:00
1822,2021,3,31,0200,27,27,100.0,3,8000.0,NO,1009.0,2,0,2021-03-31 02:00:00
1823,2021,3,31,0300,27,27,100.0,0,8000.0,NO,1009.0,3,0,2021-03-31 03:00:00
1824,2021,3,31,0400,27,27,100.0,2,8000.0,NO,1009.0,4,0,2021-03-31 04:00:00
1825,2021,3,31,0500,26,26,100.0,2,6000.0,NO,1009.0,5,0,2021-03-31 05:00:00
1826,2021,3,31,0600,26,26,100.0,1,3200.0,NO,1009.0,6,0,2021-03-31 06:00:00
1827,2021,3,31,0700,27,27,100.0,3,4000.0,NO,1010.0,7,0,2021-03-31 07:00:00
1828,2021,3,31,0800,29,26,83.9,3,4000.0,NO,1010.0,8,0,2021-03-31 08:00:00
1829,2021,3,31,0900,31,26,74.8,2,4000.0,NO,1010.0,9,0,2021-03-31 09:00:00
1830,2021,3,31,1000,31,25,70.4,2,4000.0,NO,1010.0,10,0,2021-03-31 10:00:00
1831,2021,3,31,1100,33,26,66.8,4,4000.0,NO,1009.0,11,0,2021-03-31 11:00:00
1832,2021,3,31,1200,33,25,62.9,4,4000.0,NO,1008.0,12,0,2021-03-31 12:00:00
1833,2021,3,31,1300,33,25,62.9,4,4000.0,NO,1007.0,13,0,2021-03-31 13:00:00
1834,2021,3,31,1400,32,26,70.6,5,4000.0,NO,1006.0,14,0,2021-03-31 14:00:00
1835,2021,3,31,1500,32,26,70.6,5,4000.0,NO,1006.0,15,0,2021-03-31 15:00:00
1836,2021,3,31,1600,30,26,79.2,6,4000.0,NO,1006.0,16,0,2021-03-31 16:00:00
1837,2021,3,31,1700,29,25,79.0,3,4000.0,NO,1007.0,17,0,2021-03-31 17:00:00
1838,2021,3,31,1800,29,25,79.0,3,4000.0,NO,1008.0,18,0,2021-03-31 18:00:00
1839,2021,3,31,1900,28,25,83.8,4,7000.0,NO,1009.0,19,0,2021-03-31 19:00:00
1840,2021,3,31,2000,28,25,83.8,2,7000.0,NO,1010.0,20,0,2021-03-31 20:00:00
1841,2021,3,31,2100,28,25,83.8,3,7000.0,NO,1010.0,21,0,2021-03-31 21:00:00
1842,2021,3,31,2200,28,25,83.8,2,7000.0,NO,1010.0,22,0,2021-03-31 22:00:00
1843,2021,3,31,2300,27,26,94.3,1,7000.0,NO,1010.0,23,0,2021-03-31 23:00:00
1844,2021,4,1,0000,27.0,26,94.3,3,7000.0,NO,1010.0,0,0,2021-04-01 00:00:00
1845,2021,4,1,0100,26.0,26,100.0,2,7000.0,NO,1009.0,1,0,2021-04-01 01:00:00
1846,2021,4,1,0200,26.0,26,100.0,2,8000.0,NO,1009.0,2,0,2021-04-01 02:00:00
1847,2021,4,1,0300,25.0,25,100.0,3,8000.0,NO,1009.0,3,0,2021-04-01 03:00:00
1848,2021,4,1,0400,25.0,25,100.0,3,7000.0,NO,1009.0,4,0,2021-04-01 04:00:00
1849,2021,4,1,0500,26.0,26,100.0,4,6000.0,NO,1009.0,5,0,2021-04-01 05:00:00
1850,2021,4,1,0600,26.0,26,100.0,2,4200.0,NO,1010.0,6,0,2021-04-01 06:00:00
1851,2021,4,1,0700,27.0,26,94.3,4,4500.0,NO,1010.0,7,0,2021-04-01 07:00:00
1852,2021,4,1,0800,29.0,26,83.9,3,6000.0,NO,1011.0,8,0,2021-04-01 08:00:00
1853,2021,4,1,0900,30.0,26,79.2,4,8000.0,NO,1011.0,9,0,2021-04-01 09:00:00
1854,2021,4,1,1000,31.0,25,70.4,3,9999.0,NO,1011.0,10,0,2021-04-01 10:00:00
1855,2021,4,1,1100,33.0,25,62.9,2,9999.0,NO,1010.0,11,0,2021-04-01 11:00:00
1856,2021,4,1,1200,32.0,25,66.6,3,9999.0,NO,1009.0,12,0,2021-04-01 12:00:00
1857,2021,4,1,1300,32.0,25,66.6,3,9999.0,NO,1008.0,13,0,2021-04-01 13:00:00
1858,2021,4,1,1400,31.0,26,74.8,4,9999.0,NO,1007.0,14,0,2021-04-01 14:00:00
1859,2021,4,1,1500,32.0,26,70.6,4,9999.0,NO,1007.0,15,0,2021-04-01 15:00:00
1860,2021,4,1,1600,32.0,26,70.6,3,9999.0,NO,1007.0,16,0,2021-04-01 16:00:00
1861,2021,4,1,1700,30.0,25,74.6,4,9999.0,NO,1007.0,17,0,2021-04-01 17:00:00
1862,2021,4,1,1800,29.0,25,79.0,3,9999.0,NO,1008.0,18,0,2021-04-01 18:00:00
1863,2021,4,1,1900,28.0,26,88.9,1,9999.0,NO,1009.0,19,0,2021-04-01 19:00:00
1864,2021,4,1,2000,28.0,26,88.9,2,9999.0,NO,1009.0,20,0,2021-04-01 20:00:00
1865,2021,4,1,2100,28.0,26,88.9,2,9999.0,NO,1010.0,21,0,2021-04-01 21:00:00
1866,2021,4,1,2200,27.0,26,94.3,1,9999.0,NO,1011.0,22,0,2021-04-01 22:00:00
1867,2021,4,1,2300,27.0,26,94.3,2,9999.0,NO,1010.0,23,0,2021-04-01 23:00:00
1868,2021,4,2,0000,27.0,27,100.0,3,9999.0,NO,1010.0,0,0,2021-04-02 00:00:00
1869,2021,4,2,0100,27.0,27,100.0,3,9999.0,NO,1010.0,1,0,2021-04-02 01:00:00
1870,2021,4,2,0200,27.0,27,100.0,3,9999.0,NO,1009.0,2,0,2021-04-02 02:00:00
1871,2021,4,2,0300,27.0,26,94.3,2,9999.0,NO,1009.0,3,0,2021-04-02 03:00:00
1872,2021,4,2,0400,26.0,26,100.0,2,9999.0,NO,1009.0,4,0,2021-04-02 04:00:00
1873,2021,4,2,0500,26.0,26,100.0,2,9999.0,NO,1010.0,5,0,2021-04-02 05:00:00
1874,2021,4,2,0600,26.0,26,100.0,2,4000.0,NO,1010.0,6,0,2021-04-02 06:00:00
1875,2021,4,2,0700,27.0,26,94.3,4,4500.0,NO,1011.0,7,0,2021-04-02 07:00:00
1876,2021,4,2,0800,29.0,26,83.9,4,7000.0,NO,1012.0,8,0,2021-04-02 08:00:00
1877,2021,4,2,0900,30.0,26,79.2,5,7000.0,NO,1012.0,9,0,2021-04-02 09:00:00
1878,2021,4,2,1100,32.0,26,70.6,3,8000.0,NO,1011.0,11,0,2021-04-02 11:00:00
1879,2021,4,2,1200,33.0,26,66.8,4,7000.0,NO,1010.0,12,0,2021-04-02 12:00:00
1880,2021,4,2,1300,33.0,26,66.8,5,8000.0,NO,1009.0,13,0,2021-04-02 13:00:00
1881,2021,4,2,1400,33.0,26,66.8,6,8000.0,NO,1008.0,14,0,2021-04-02 14:00:00
1882,2021,4,2,1500,31.0,26,74.8,5,9999.0,NO,1007.0,15,0,2021-04-02 15:00:00
1883,2021,4,2,1600,33.0,26,66.8,4,6000.0,YES,1009.0,16,0,2021-04-02 16:00:00
1884,2021,4,2,1700,25.0,23,88.7,4,8000.0,NO,1007.0,17,0,2021-04-02 17:00:00
1885,2021,4,2,1800,,NO,94.2,3,8000.0,NO,,18,0,2021-04-02 18:00:00
1886,2021,4,2,1900,25.0,24,94.2,0,8000.0,NO,1009.0,19,0,2021-04-02 19:00:00
1887,2021,4,2,2000,25.0,25,100.0,2,8000.0,NO,1009.0,20,0,2021-04-02 20:00:00
1888,2021,4,2,2100,25.0,25,100.0,2,8000.0,NO,1010.0,21,0,2021-04-02 21:00:00
1889,2021,4,2,2200,25.0,25,100.0,3,6000.0,NO,1011.0,22,0,2021-04-02 22:00:00
1890,2021,4,2,2300,25.0,25,100.0,4,6000.0,NO,1011.0,23,0,2021-04-02 23:00:00
1891,2021,4,3,0000,25.0,24,94.2,1,6000.0,NO,1010.0,0,0,2021-04-03 00:00:00
1892,2021,4,3,0100,25.0,25,100.0,4,7000.0,NO,1010.0,1,0,2021-04-03 01:00:00
1893,2021,4,3,0200,24.0,24,100.0,2,8000.0,NO,1008.0,2,0,2021-04-03 02:00:00
1894,2021,4,3,0300,25.0,25,100.0,2,8000.0,NO,1008.0,3,0,2021-04-03 03:00:00
1895,2021,4,3,0400,25.0,25,100.0,2,8000.0,NO,1009.0,4,0,2021-04-03 04:00:00
1896,2021,4,3,0500,25.0,25,100.0,0,6000.0,NO,1009.0,5,0,2021-04-03 05:00:00
1897,2021,4,3,0600,26.0,25,94.2,2,4000.0,NO,1010.0,6,0,2021-04-03 06:00:00
1898,2021,4,3,0700,27.0,25,88.8,1,4500.0,NO,1011.0,7,0,2021-04-03 07:00:00
1899,2021,4,3,0800,29.0,26,83.9,2,6000.0,NO,1012.0,8,0,2021-04-03 08:00:00
1900,2021,4,3,0900,29.0,26,83.9,2,7000.0,NO,1012.0,9,0,2021-04-03 09:00:00
1901,2021,4,3,1000,31.0,26,74.8,3,8000.0,NO,1011.0,10,0,2021-04-03 10:00:00
1902,2021,4,3,1100,32.0,26,70.6,2,8000.0,NO,1010.0,11,0,2021-04-03 11:00:00
1903,2021,4,3,1200,33.0,25,62.9,4,8000.0,NO,1009.0,12,0,2021-04-03 12:00:00
1904,2021,4,3,1300,34.0,26,63.1,4,8000.0,NO,1008.0,13,0,2021-04-03 13:00:00
1905,2021,4,3,1400,33.0,26,66.8,4,8000.0,NO,1007.0,14,0,2021-04-03 14:00:00
1906,2021,4,3,1500,33.0,25,62.9,5,8000.0,NO,1007.0,15,0,2021-04-03 15:00:00
1907,2021,4,3,1600,31.0,26,74.8,5,8000.0,NO,1006.0,16,0,2021-04-03 16:00:00
1908,2021,4,3,1700,30.0,26,79.2,4,8000.0,NO,1007.0,17,0,2021-04-03 17:00:00
1909,2021,4,3,1800,29.0,26,83.9,2,9999.0,NO,1008.0,18,0,2021-04-03 18:00:00
1910,2021,4,3,1900,28.0,26,88.9,1,9999.0,NO,1008.0,19,0,2021-04-03 19:00:00
1911,2021,4,3,2000,28.0,26,88.9,1,9999.0,NO,1009.0,20,0,2021-04-03 20:00:00
1912,2021,4,3,2100,27.0,26,94.3,0,9999.0,NO,1009.0,21,0,2021-04-03 21:00:00
1913,2021,4,3,2200,26.0,26,100.0,0,9999.0,NO,1010.0,22,0,2021-04-03 22:00:00
1914,2021,4,3,2300,27.0,27,100.0,2,9999.0,NO,1010.0,23,0,2021-04-03 23:00:00
1915,2021,4,4,0000,27.0,27,100.0,3,9999.0,NO,1009.0,0,0,2021-04-04 00:00:00
1916,2021,4,4,0100,27.0,26,94.3,2,9999.0,NO,1009.0,1,0,2021-04-04 01:00:00
1917,2021,4,4,0200,26.0,26,100.0,2,9999.0,NO,1009.0,2,0,2021-04-04 02:00:00
1918,2021,4,4,0300,26.0,26,100.0,2,9999.0,NO,1008.0,3,0,2021-04-04 03:00:00
1919,2021,4,4,0400,26.0,26,100.0,3,9999.0,NO,1009.0,4,0,2021-04-04 04:00:00
1920,2021,4,4,0500,26.0,26,100.0,2,8000.0,NO,1009.0,5,0,2021-04-04 05:00:00
1921,2021,4,4,0600,26.0,26,100.0,2,6000.0,NO,1010.0,6,0,2021-04-04 06:00:00
1922,2021,4,4,0700,28.0,26,88.9,3,4000.0,NO,1010.0,7,0,2021-04-04 07:00:00
1923,2021,4,4,0800,29.0,26,83.9,4,6000.0,NO,1011.0,8,0,2021-04-04 08:00:00
1924,2021,4,4,0900,31.0,26,74.8,3,8000.0,NO,1011.0,9,0,2021-04-04 09:00:00
1925,2021,4,4,1000,32.0,25,66.6,2,8000.0,NO,1010.0,10,0,2021-04-04 10:00:00
1926,2021,4,4,1100,33.0,25,62.9,4,8000.0,NO,1010.0,11,0,2021-04-04 11:00:00
1927,2021,4,4,1200,34.0,26,63.1,4,8000.0,NO,1008.0,12,0,2021-04-04 12:00:00
1928,2021,4,4,1300,34.0,25,59.5,6,9999.0,NO,1007.0,13,0,2021-04-04 13:00:00
1929,2021,4,4,1400,34.0,25,59.5,4,9999.0,NO,1006.0,14,0,2021-04-04 14:00:00
1930,2021,4,4,1500,33.0,26,66.8,4,9999.0,NO,1006.0,15,0,2021-04-04 15:00:00
1931,2021,4,4,1600,32.0,26,70.6,5,9999.0,NO,1006.0,16,0,2021-04-04 16:00:00
1932,2021,4,4,1700,30.0,25,74.6,4,9999.0,NO,1006.0,17,0,2021-04-04 17:00:00
1933,2021,4,4,1800,29.0,26,83.9,3,9999.0,NO,1007.0,18,0,2021-04-04 18:00:00
1934,2021,4,4,1900,29.0,26,83.9,2,9999.0,NO,1008.0,19,0,2021-04-04 19:00:00
1935,2021,4,4,2000,28.0,26,88.9,2,9999.0,NO,1009.0,20,0,2021-04-04 20:00:00
1936,2021,4,4,2100,28.0,26,88.9,2,9999.0,NO,1010.0,21,0,2021-04-04 21:00:00
1937,2021,4,4,2200,27.0,26,94.3,2,9999.0,NO,1010.0,22,0,2021-04-04 22:00:00
1938,2021,4,4,2300,27.0,26,94.3,2,9999.0,NO,1010.0,23,0,2021-04-04 23:00:00
1939,2021,4,5,0000,27.0,26,94.3,3,9999.0,NO,1009.0,0,0,2021-04-05 00:00:00
1940,2021,4,5,0100,27.0,27,100.0,3,9999.0,NO,1009.0,1,0,2021-04-05 01:00:00
1941,2021,4,5,0200,27.0,26,94.3,2,9999.0,NO,1008.0,2,0,2021-04-05 02:00:00
1942,2021,4,5,0300,26.0,26,100.0,1,9999.0,YES,1009.0,3,0,2021-04-05 03:00:00
1943,2021,4,5,0400,26.0,26,100.0,0,9999.0,YES,1009.0,4,0,2021-04-05 04:00:00
1944,2021,4,5,0500,26.0,26,100.0,2,7000.0,NO,1009.0,5,0,2021-04-05 05:00:00
1945,2021,4,5,0600,26.0,26,100.0,1,7000.0,NO,1010.0,6,0,2021-04-05 06:00:00
1946,2021,4,5,0700,29.0,27,89.0,2,6000.0,NO,1011.0,7,0,2021-04-05 07:00:00
1947,2021,4,5,0800,31.0,26,74.8,1,8000.0,NO,1011.0,8,0,2021-04-05 08:00:00
1948,2021,4,5,0900,32.0,26,70.6,4,9999.0,NO,1011.0,9,0,2021-04-05 09:00:00
1949,2021,4,5,1000,33.0,26,66.8,4,9999.0,NO,1011.0,10,0,2021-04-05 10:00:00
1950,2021,4,5,1100,33.0,26,66.8,5,9000.0,NO,1010.0,11,0,2021-04-05 11:00:00
1951,2021,4,5,1200,34.0,26,63.1,5,9000.0,NO,1009.0,12,0,2021-04-05 12:00:00
1952,2021,4,5,1300,33.0,25,62.9,6,9999.0,NO,1008.0,13,0,2021-04-05 13:00:00
1953,2021,4,5,1400,34.0,26,63.1,4,9999.0,NO,1007.0,14,0,2021-04-05 14:00:00
1954,2021,4,5,1500,32.0,26,70.6,5,9999.0,NO,1006.0,15,0,2021-04-05 15:00:00
1955,2021,4,5,1600,31.0,26,74.8,5,9999.0,NO,1007.0,16,0,2021-04-05 16:00:00
1956,2021,4,5,1700,30.0,26,79.2,3,9999.0,YES,1008.0,17,0,2021-04-05 17:00:00
1957,2021,4,5,1800,29.0,26,83.9,4,9999.0,YES,1009.0,18,0,2021-04-05 18:00:00
1958,2021,4,5,1900,29.0,26,83.9,3,9999.0,YES,1008.0,19,0,2021-04-05 19:00:00
1959,2021,4,5,2000,29.0,26,83.9,2,9999.0,NO,1009.0,20,0,2021-04-05 20:00:00
1960,2021,4,5,2100,28.0,26,88.9,4,9999.0,NO,1010.0,21,0,2021-04-05 21:00:00
1961,2021,4,5,2200,28.0,26,88.9,3,9999.0,NO,1010.0,22,0,2021-04-05 22:00:00
1962,2021,4,5,2300,26.0,24,88.7,4,9999.0,NO,1010.0,23,0,2021-04-05 23:00:00
1963,2021,4,6,0000,25.0,23,88.7,4,9999.0,NO,1009.0,0,0,2021-04-06 00:00:00
1964,2021,4,6,0100,25.0,23,88.7,4,9999.0,NO,1009.0,1,0,2021-04-06 01:00:00
1965,2021,4,6,0200,25.0,23,88.7,6,9999.0,NO,1009.0,2,0,2021-04-06 02:00:00
1966,2021,4,6,0300,25.0,23,88.7,5,9999.0,NO,1008.0,3,0,2021-04-06 03:00:00
1967,2021,4,6,0400,25.0,23,88.7,3,9999.0,NO,1009.0,4,0,2021-04-06 04:00:00
1968,2021,4,6,0500,24.0,23,94.1,4,9000.0,NO,1009.0,5,0,2021-04-06 05:00:00
1969,2021,4,6,0600,25.0,23,88.7,0,8000.0,NO,1010.0,6,0,2021-04-06 06:00:00
1970,2021,4,6,0700,26.0,23,83.6,2,8000.0,NO,1011.0,7,0,2021-04-06 07:00:00
1971,2021,4,6,0800,27.0,24,83.7,2,9999.0,NO,1012.0,8,0,2021-04-06 08:00:00
1972,2021,4,6,0900,29.0,24,74.4,2,9999.0,NO,1012.0,9,0,2021-04-06 09:00:00
1973,2021,4,6,1000,31.0,25,70.4,3,9999.0,NO,1011.0,10,0,2021-04-06 10:00:00
1974,2021,4,6,1100,32.0,24,62.7,3,9999.0,NO,1011.0,11,0,2021-04-06 11:00:00
1975,2021,4,6,1200,31.0,24,66.4,5,9999.0,NO,1010.0,12,0,2021-04-06 12:00:00
1976,2021,4,6,1300,32.0,25,66.6,4,9999.0,NO,1008.0,13,0,2021-04-06 13:00:00
1977,2021,4,6,1400,32.0,25,66.6,4,9999.0,NO,1007.0,14,0,2021-04-06 14:00:00
1978,2021,4,6,1500,32.0,26,70.6,3,9999.0,NO,1007.0,15,0,2021-04-06 15:00:00
1979,2021,4,6,1600,33.0,26,66.8,4,9999.0,NO,1007.0,16,0,2021-04-06 16:00:00
1980,2021,4,6,1700,30.0,25,74.6,4,9999.0,NO,1007.0,17,0,2021-04-06 17:00:00
1981,2021,4,6,1800,29.0,25,79.0,3,9999.0,NO,1008.0,18,0,2021-04-06 18:00:00
1982,2021,4,6,1900,28.0,25,83.8,1,9999.0,NO,1009.0,19,0,2021-04-06 19:00:00
1983,2021,4,6,2000,27.0,26,94.3,1,9999.0,NO,1010.0,20,0,2021-04-06 20:00:00
1984,2021,4,6,2100,27.0,26,94.3,1,9999.0,NO,1010.0,21,0,2021-04-06 21:00:00
1985,2021,4,6,2200,27.0,26,94.3,2,9999.0,NO,1011.0,22,0,2021-04-06 22:00:00
1986,2021,4,6,2300,26.0,26,100.0,1,9999.0,NO,1011.0,23,0,2021-04-06 23:00:00
1987,2021,4,7,0400,25.0,25,100.0,0,9999.0,NO,1008.0,4,0,2021-04-07 04:00:00
1988,2021,4,7,0500,25.0,25,100.0,1,9999.0,NO,1009.0,5,0,2021-04-07 05:00:00
1989,2021,4,7,0600,26.0,26,100.0,2,8000.0,NO,1009.0,6,0,2021-04-07 06:00:00
1990,2021,4,7,0700,28.0,25,83.8,2,8000.0,NO,1010.0,7,0,2021-04-07 07:00:00
1991,2021,4,7,0800,30.0,25,74.6,2,8000.0,NO,1010.0,8,0,2021-04-07 08:00:00
1992,2021,4,7,0900,31.0,25,70.4,3,9000.0,NO,1010.0,9,0,2021-04-07 09:00:00
1993,2021,4,7,1000,32.0,25,66.6,2,9000.0,NO,1010.0,10,0,2021-04-07 10:00:00
1994,2021,4,7,1100,34.0,25,59.5,3,9000.0,NO,1010.0,11,0,2021-04-07 11:00:00
1995,2021,4,7,1200,35.0,26,59.7,3,8000.0,NO,1009.0,12,0,2021-04-07 12:00:00
1996,2021,4,7,1300,34.0,25,59.5,6,8000.0,NO,1007.0,13,0,2021-04-07 13:00:00
1997,2021,4,7,1400,34.0,25,59.5,4,8000.0,NO,1007.0,14,0,2021-04-07 14:00:00
1998,2021,4,7,1500,34.0,25,59.5,5,9999.0,NO,1006.0,15,0,2021-04-07 15:00:00
1999,2021,4,7,1600,32.0,26,70.6,3,9999.0,NO,1007.0,16,0,2021-04-07 16:00:00
2000,2021,4,7,1700,31.0,26,74.8,4,9999.0,NO,1007.0,17,0,2021-04-07 17:00:00
2001,2021,4,7,1800,30.0,26,79.2,3,9999.0,NO,1007.0,18,0,2021-04-07 18:00:00
2002,2021,4,7,1900,29.0,26,83.9,2,9999.0,NO,1009.0,19,0,2021-04-07 19:00:00
2003,2021,4,7,2000,29.0,27,89.0,0,9999.0,NO,1010.0,20,0,2021-04-07 20:00:00
2004,2021,4,7,2100,28.0,27,94.3,0,9999.0,NO,1010.0,21,0,2021-04-07 21:00:00
2005,2021,4,7,2200,27.0,27,100.0,1,9999.0,NO,1010.0,22,0,2021-04-07 22:00:00
2006,2021,4,7,2300,28.0,28,100.0,3,9999.0,NO,1010.0,23,0,2021-04-07 23:00:00
2007,2021,4,8,0000,28.0,28,100.0,0,9999.0,NO,1009.0,0,0,2021-04-08 00:00:00
2008,2021,4,8,0100,27.0,27,100.0,0,9000.0,YES,1008.0,1,0,2021-04-08 01:00:00
2009,2021,4,8,0200,27.0,27,100.0,3,9999.0,NO,1008.0,2,0,2021-04-08 02:00:00
2010,2021,4,8,0300,27.0,27,100.0,4,9999.0,NO,1009.0,3,0,2021-04-08 03:00:00
2011,2021,4,8,0400,26.0,25,94.2,0,9999.0,NO,1009.0,4,0,2021-04-08 04:00:00
2012,2021,4,8,0500,26.0,25,94.2,0,8000.0,NO,1009.0,5,0,2021-04-08 05:00:00
2013,2021,4,8,0600,26.0,26,100.0,0,7000.0,NO,1009.0,6,0,2021-04-08 06:00:00
2014,2021,4,8,0700,28.0,26,88.9,1,8000.0,NO,1010.0,7,0,2021-04-08 07:00:00
2015,2021,4,8,0800,28.0,27,94.3,3,8000.0,NO,1011.0,8,0,2021-04-08 08:00:00
2016,2021,4,8,0900,31.0,27,79.3,2,8000.0,NO,1011.0,9,0,2021-04-08 09:00:00
2017,2021,4,8,1000,31.0,26,74.8,4,9999.0,NO,1011.0,10,0,2021-04-08 10:00:00
2018,2021,4,8,1100,32.0,26,70.6,4,9999.0,NO,1010.0,11,0,2021-04-08 11:00:00
2019,2021,4,8,1200,33.0,26,66.8,4,9999.0,NO,1009.0,12,0,2021-04-08 12:00:00
2020,2021,4,8,1300,34.0,26,63.1,6,9999.0,NO,1008.0,13,0,2021-04-08 13:00:00
2021,2021,4,8,1400,31.0,26,74.8,5,9999.0,YES,1007.0,14,0,2021-04-08 14:00:00
2022,2021,4,8,1500,30.0,26,79.2,3,9999.0,YES,1006.0,15,0,2021-04-08 15:00:00
2023,2021,4,8,1600,29.0,26,83.9,3,9999.0,YES,1006.0,16,0,2021-04-08 16:00:00
2024,2021,4,8,1700,29.0,25,79.0,4,9999.0,NO,1007.0,17,0,2021-04-08 17:00:00
2025,2021,4,8,1800,28.0,25,83.8,2,9999.0,NO,1008.0,18,0,2021-04-08 18:00:00
2026,2021,4,8,1900,28.0,26,88.9,3,9999.0,NO,1009.0,19,0,2021-04-08 19:00:00
2027,2021,4,8,2000,25.0,22,83.4,4,,YES,1010.0,20,0,2021-04-08 20:00:00
2028,2021,4,8,2100,24.0,23,94.1,9,8000.0,YES,1012.0,21,0,2021-04-08 21:00:00
2029,2021,4,8,2200,24.0,23,94.1,2,9999.0,YES,1011.0,22,0,2021-04-08 22:00:00
2030,2021,4,8,2300,24.0,23,94.1,2,9999.0,NO,1010.0,23,0,2021-04-08 23:00:00
2031,2021,4,9,0000,23.0,23,100.0,2,9999.0,NO,1008.0,0,0,2021-04-09 00:00:00
2032,2021,4,9,0100,23.0,23,100.0,1,9999.0,NO,1008.0,1,0,2021-04-09 01:00:00
2033,2021,4,9,0200,23.0,23,100.0,2,9999.0,NO,1009.0,2,0,2021-04-09 02:00:00
2034,2021,4,9,0300,23.0,23,100.0,5,9999.0,NO,1009.0,3,0,2021-04-09 03:00:00
2035,2021,4,9,0400,23.0,23,100.0,4,9999.0,NO,1008.0,4,0,2021-04-09 04:00:00
2036,2021,4,9,0500,23.0,23,100.0,3,9999.0,NO,1009.0,5,0,2021-04-09 05:00:00
2037,2021,4,9,0600,23.0,23,100.0,2,7000.0,NO,1010.0,6,0,2021-04-09 06:00:00
2038,2021,4,9,0700,24.0,23,94.1,4,7000.0,NO,1011.0,7,0,2021-04-09 07:00:00
2039,2021,4,9,0800,25.0,23,88.7,5,7000.0,NO,1011.0,8,0,2021-04-09 08:00:00
2040,2021,4,9,0900,26.0,23,83.6,4,7000.0,NO,1011.0,9,0,2021-04-09 09:00:00
2041,2021,4,9,1000,28.0,23,74.3,4,8000.0,NO,1011.0,10,0,2021-04-09 10:00:00
2042,2021,4,9,1100,30.0,24,70.3,3,8000.0,NO,1010.0,11,0,2021-04-09 11:00:00
2043,2021,4,9,1200,32.0,24,62.7,3,8000.0,NO,1009.0,12,0,2021-04-09 12:00:00
2044,2021,4,9,1300,33.0,24,59.2,3,9999.0,NO,1007.0,13,0,2021-04-09 13:00:00
2045,2021,4,9,1400,33.0,22,52.5,3,9999.0,NO,1006.0,14,0,2021-04-09 14:00:00
2046,2021,4,9,1500,33.0,23,55.8,2,9999.0,NO,1005.0,15,0,2021-04-09 15:00:00
2047,2021,4,9,1600,33.0,24,59.2,2,9999.0,NO,1005.0,16,0,2021-04-09 16:00:00
2048,2021,4,9,1700,31.0,25,70.4,3,9999.0,NO,1006.0,17,0,2021-04-09 17:00:00
2049,2021,4,9,1800,27.0,25,88.8,1,9999.0,NO,1007.0,18,0,2021-04-09 18:00:00
2050,2021,4,9,1900,27.0,25,88.8,1,9999.0,NO,1008.0,19,0,2021-04-09 19:00:00
2051,2021,4,9,2000,27.0,26,94.3,0,9999.0,NO,1008.0,20,0,2021-04-09 20:00:00
2052,2021,4,9,2100,26.0,26,100.0,0,9999.0,NO,1008.0,21,0,2021-04-09 21:00:00
2053,2021,4,9,2200,26.0,26,100.0,3,9999.0,NO,1009.0,22,0,2021-04-09 22:00:00
2054,2021,4,9,2300,26.0,26,100.0,2,9999.0,NO,1008.0,23,0,2021-04-09 23:00:00
2055,2021,4,10,0000,26.0,26,100.0,2,9999.0,NO,1008.0,0,0,2021-04-10 00:00:00
2056,2021,4,10,0100,26.0,26,100.0,2,9999.0,NO,1008.0,1,0,2021-04-10 01:00:00
2057,2021,4,10,0200,26.0,26,100.0,3,9999.0,NO,1008.0,2,0,2021-04-10 02:00:00
2058,2021,4,10,0300,26.0,25,94.2,2,9999.0,NO,1007.0,3,0,2021-04-10 03:00:00
2059,2021,4,10,0400,25.0,25,100.0,2,8000.0,NO,1007.0,4,0,2021-04-10 04:00:00
2060,2021,4,10,0500,25.0,25,100.0,2,7000.0,NO,1008.0,5,0,2021-04-10 05:00:00
2061,2021,4,10,0600,25.0,25,100.0,1,2800.0,NO,1008.0,6,0,2021-04-10 06:00:00
2062,2021,4,10,0700,27.0,26,94.3,4,4000.0,NO,1009.0,7,0,2021-04-10 07:00:00
2063,2021,4,10,0800,30.0,26,79.2,4,6000.0,NO,1009.0,8,0,2021-04-10 08:00:00
2064,2021,4,10,0900,31.0,25,70.4,3,8000.0,NO,1010.0,9,0,2021-04-10 09:00:00
2065,2021,4,10,1000,32.0,23,59.0,4,9999.0,NO,1009.0,10,0,2021-04-10 10:00:00
2066,2021,4,10,1100,34.0,24,56.0,4,9999.0,NO,1009.0,11,0,2021-04-10 11:00:00
2067,2021,4,10,1200,34.0,23,52.7,6,9999.0,NO,1008.0,12,0,2021-04-10 12:00:00
2068,2021,4,10,1300,34.0,24,56.0,5,9999.0,NO,1006.0,13,0,2021-04-10 13:00:00
2069,2021,4,10,1400,33.0,24,59.2,5,9999.0,NO,1005.0,14,0,2021-04-10 14:00:00
2070,2021,4,10,1500,33.0,25,62.9,4,9999.0,NO,1005.0,15,0,2021-04-10 15:00:00
2071,2021,4,10,1600,31.0,25,70.4,4,9999.0,NO,1004.0,16,0,2021-04-10 16:00:00
2072,2021,4,10,1700,30.0,25,74.6,2,9999.0,NO,1005.0,17,0,2021-04-10 17:00:00
2073,2021,4,10,1800,29.0,25,79.0,2,9999.0,NO,1006.0,18,0,2021-04-10 18:00:00
2074,2021,4,10,1900,28.0,25,83.8,1,9999.0,NO,1007.0,19,0,2021-04-10 19:00:00
2075,2021,4,10,2000,28.0,25,83.8,2,9999.0,NO,1007.0,20,0,2021-04-10 20:00:00
2076,2021,4,10,2100,27.0,25,88.8,2,9999.0,NO,1008.0,21,0,2021-04-10 21:00:00
2077,2021,4,10,2200,28.0,25,83.8,11,9999.0,YES,1009.0,22,0,2021-04-10 22:00:00
2078,2021,4,10,2300,26.0,22,78.6,2,8000.0,YES,1008.0,23,0,2021-04-10 23:00:00
2079,2021,4,11,0000,26.0,23,83.6,2,9999.0,YES,1008.0,0,0,2021-04-11 00:00:00
2080,2021,4,11,0100,25.0,23,88.7,3,9999.0,YES,1008.0,1,0,2021-04-11 01:00:00
2081,2021,4,11,0200,25.0,23,88.7,3,9999.0,YES,1008.0,2,0,2021-04-11 02:00:00
2082,2021,4,11,0300,24.0,23,94.1,6,9999.0,NO,1008.0,3,0,2021-04-11 03:00:00
2083,2021,4,11,0400,24.0,23,94.1,6,8000.0,YES,1008.0,4,0,2021-04-11 04:00:00
2084,2021,4,11,0500,23.0,22,94.1,6,8000.0,YES,1008.0,5,0,2021-04-11 05:00:00
2085,2021,4,11,0600,24.0,23,94.1,2,9999.0,NO,1008.0,6,0,2021-04-11 06:00:00
2086,2021,4,11,0700,25.0,23,88.7,4,9999.0,NO,1010.0,7,0,2021-04-11 07:00:00
2087,2021,4,11,0800,25.0,23,88.7,5,9999.0,NO,1010.0,8,0,2021-04-11 08:00:00
2088,2021,4,11,0900,26.0,23,83.6,5,9999.0,NO,1011.0,9,0,2021-04-11 09:00:00
2089,2021,4,11,1000,29.0,24,74.4,5,9999.0,NO,1011.0,10,0,2021-04-11 10:00:00
2090,2021,4,11,1100,31.0,24,66.4,3,9999.0,NO,1009.0,11,0,2021-04-11 11:00:00
2091,2021,4,11,1200,31.0,24,66.4,2,9999.0,NO,1008.0,12,0,2021-04-11 12:00:00
2092,2021,4,11,1300,32.0,24,62.7,2,9999.0,NO,1007.0,13,0,2021-04-11 13:00:00
2093,2021,4,11,1400,32.0,25,66.6,3,9999.0,NO,1007.0,14,0,2021-04-11 14:00:00
2094,2021,4,11,1500,31.0,24,66.4,3,9999.0,NO,1007.0,15,0,2021-04-11 15:00:00
2095,2021,4,11,1600,30.0,25,74.6,3,9999.0,NO,1007.0,16,0,2021-04-11 16:00:00
2096,2021,4,11,1700,28.0,24,78.9,2,9999.0,NO,1008.0,17,0,2021-04-11 17:00:00
2097,2021,4,11,1800,27.0,25,88.8,2,9999.0,NO,1009.0,18,0,2021-04-11 18:00:00
2098,2021,4,11,1900,27.0,22,74.1,14,8000.0,YES,1011.0,19,0,2021-04-11 19:00:00
2099,2021,4,11,2000,24.0,23,94.1,3,8000.0,YES,1012.0,20,0,2021-04-11 20:00:00
2100,2021,4,11,2100,24.0,23,94.1,2,9999.0,NO,1012.0,21,0,2021-04-11 21:00:00
2101,2021,4,11,2200,24.0,23,94.1,2,9999.0,NO,1011.0,22,0,2021-04-11 22:00:00
2102,2021,4,11,2300,24.0,22,88.6,5,9999.0,NO,1011.0,23,0,2021-04-11 23:00:00
2103,2021,4,12,0000,24.0,22,88.6,3,9999.0,NO,1010.0,0,0,2021-04-12 00:00:00
2104,2021,4,12,0100,24.0,22,88.6,4,9999.0,NO,1009.0,1,0,2021-04-12 01:00:00
2105,2021,4,12,0200,24.0,22,88.6,2,9999.0,NO,1010.0,2,0,2021-04-12 02:00:00
2106,2021,4,12,0300,23.0,23,100.0,4,9999.0,NO,1010.0,3,0,2021-04-12 03:00:00
2107,2021,4,12,0400,23.0,23,100.0,0,9999.0,NO,1009.0,4,0,2021-04-12 04:00:00
2108,2021,4,12,0500,23.0,23,100.0,3,9999.0,NO,1009.0,5,0,2021-04-12 05:00:00
2109,2021,4,12,0600,23.0,23,100.0,1,4000.0,NO,1010.0,6,0,2021-04-12 06:00:00
2110,2021,4,12,0700,24.0,23,94.1,4,4000.0,NO,1010.0,7,0,2021-04-12 07:00:00
2111,2021,4,12,0800,26.0,23,83.6,4,6000.0,NO,1011.0,8,0,2021-04-12 08:00:00
2112,2021,4,12,0900,28.0,23,74.3,3,8000.0,NO,1011.0,9,0,2021-04-12 09:00:00
2113,2021,4,12,1000,29.0,23,70.1,3,9999.0,NO,1011.0,10,0,2021-04-12 10:00:00
2114,2021,4,12,1100,32.0,24,62.7,3,9999.0,NO,1010.0,11,0,2021-04-12 11:00:00
2115,2021,4,12,1200,34.0,24,56.0,3,9999.0,NO,1009.0,12,0,2021-04-12 12:00:00
2116,2021,4,12,1300,34.0,22,49.6,2,9999.0,NO,1008.0,13,0,2021-04-12 13:00:00
2117,2021,4,12,1400,34.0,23,52.7,1,9999.0,NO,1007.0,14,0,2021-04-12 14:00:00
2118,2021,4,12,1500,34.0,22,49.6,3,9999.0,NO,1007.0,15,0,2021-04-12 15:00:00
2119,2021,4,12,1600,34.0,23,52.7,2,9999.0,NO,1007.0,16,0,2021-04-12 16:00:00
2120,2021,4,12,1700,31.0,25,70.4,3,9999.0,NO,1007.0,17,0,2021-04-12 17:00:00
2121,2021,4,12,1800,28.0,24,78.9,2,9999.0,NO,1008.0,18,0,2021-04-12 18:00:00
2122,2021,4,12,1900,28.0,25,83.8,1,9999.0,NO,1008.0,19,0,2021-04-12 19:00:00
2123,2021,4,12,2000,26.0,25,94.2,1,9999.0,NO,1010.0,20,0,2021-04-12 20:00:00
2124,2021,4,12,2100,26.0,25,94.2,0,9000.0,NO,1011.0,21,0,2021-04-12 21:00:00
2125,2021,4,12,2200,26.0,26,100.0,2,9000.0,NO,1011.0,22,0,2021-04-12 22:00:00
2126,2021,4,12,2300,25.0,25,100.0,0,9000.0,NO,1011.0,23,0,2021-04-12 23:00:00
2127,2021,4,13,0000,25.0,25,100.0,2,9999.0,NO,1010.0,0,0,2021-04-13 00:00:00
2128,2021,4,13,0100,26.0,26,100.0,3,9999.0,NO,1010.0,1,0,2021-04-13 01:00:00
2129,2021,4,13,0200,25.0,25,100.0,2,9999.0,NO,1010.0,2,0,2021-04-13 02:00:00
2130,2021,4,13,0300,25.0,25,100.0,2,8000.0,NO,1010.0,3,0,2021-04-13 03:00:00
2131,2021,4,13,0400,25.0,25,100.0,2,8000.0,NO,1010.0,4,0,2021-04-13 04:00:00
2132,2021,4,13,0500,25.0,25,100.0,4,8000.0,NO,1010.0,5,0,2021-04-13 05:00:00
2133,2021,4,13,0600,25.0,25,100.0,1,8000.0,NO,1011.0,6,0,2021-04-13 06:00:00
2134,2021,4,13,0700,27.0,25,88.8,5,8000.0,NO,1012.0,7,0,2021-04-13 07:00:00
2135,2021,4,13,0800,28.0,25,83.8,4,9999.0,NO,1012.0,8,0,2021-04-13 08:00:00
2136,2021,4,13,0900,30.0,25,74.6,2,9999.0,NO,1013.0,9,0,2021-04-13 09:00:00
2137,2021,4,13,1000,31.0,24,66.4,2,9999.0,NO,1013.0,10,0,2021-04-13 10:00:00
2138,2021,4,13,1100,33.0,25,62.9,3,9999.0,NO,1012.0,11,0,2021-04-13 11:00:00
2139,2021,4,13,1200,32.0,24,62.7,4,9999.0,NO,1011.0,12,0,2021-04-13 12:00:00
2140,2021,4,13,1300,34.0,24,56.0,3,9999.0,NO,1010.0,13,0,2021-04-13 13:00:00
2141,2021,4,13,1400,33.0,24,59.2,4,9999.0,NO,1008.0,14,0,2021-04-13 14:00:00
2142,2021,4,13,1500,32.0,23,59.0,4,9999.0,NO,1009.0,15,0,2021-04-13 15:00:00
2143,2021,4,13,1600,30.0,24,70.3,3,9999.0,YES,1009.0,16,0,2021-04-13 16:00:00
2144,2021,4,13,1700,28.0,22,69.9,9,9999.0,NO,1009.0,17,0,2021-04-13 17:00:00
2145,2021,4,13,1800,27.0,21,69.7,6,9999.0,NO,1009.0,18,0,2021-04-13 18:00:00
2146,2021,4,13,1900,25.0,22,83.4,4,9999.0,YES,1011.0,19,0,2021-04-13 19:00:00
2147,2021,4,13,2000,25.0,22,83.4,5,9999.0,YES,1012.0,20,0,2021-04-13 20:00:00
2148,2021,4,13,2100,25.0,22,83.4,1,9999.0,NO,1012.0,21,0,2021-04-13 21:00:00
2149,2021,4,13,2200,24.0,22,88.6,2,9999.0,NO,1012.0,22,0,2021-04-13 22:00:00
2150,2021,4,13,2300,25.0,22,83.4,2,9999.0,NO,1012.0,23,0,2021-04-13 23:00:00
2151,2021,4,14,0000,25.0,22,83.4,2,9999.0,NO,1011.0,0,0,2021-04-14 00:00:00
2152,2021,4,14,0200,24.0,22,88.6,3,9999.0,NO,1010.0,2,0,2021-04-14 02:00:00
2153,2021,4,14,0300,23.0,22,94.1,2,9999.0,NO,1010.0,3,0,2021-04-14 03:00:00
2154,2021,4,14,0400,23.0,23,100.0,3,9999.0,NO,1010.0,4,0,2021-04-14 04:00:00
2155,2021,4,14,0500,24.0,23,94.1,4,8000.0,NO,1011.0,5,0,2021-04-14 05:00:00
2156,2021,4,14,0600,25.0,23,88.7,4,8000.0,NO,1011.0,6,0,2021-04-14 06:00:00
2157,2021,4,14,0700,27.0,23,78.8,4,7000.0,NO,1012.0,7,0,2021-04-14 07:00:00
2158,2021,4,14,0800,28.0,23,74.3,2,7000.0,NO,1013.0,8,0,2021-04-14 08:00:00
2159,2021,4,14,0900,29.0,23,70.1,4,8000.0,NO,1013.0,9,0,2021-04-14 09:00:00
2160,2021,4,14,1000,31.0,23,62.5,5,8000.0,NO,1013.0,10,0,2021-04-14 10:00:00
2161,2021,4,14,1100,32.0,23,59.0,5,8000.0,NO,1012.0,11,0,2021-04-14 11:00:00
2162,2021,4,14,1200,33.0,22,52.5,6,9999.0,NO,1010.0,12,0,2021-04-14 12:00:00
2163,2021,4,14,1300,34.0,22,49.6,4,9999.0,NO,1008.0,13,0,2021-04-14 13:00:00
2164,2021,4,14,1400,34.0,22,49.6,4,9999.0,NO,1007.0,14,0,2021-04-14 14:00:00
2165,2021,4,14,1500,32.0,24,62.7,3,9999.0,NO,1007.0,15,0,2021-04-14 15:00:00
2166,2021,4,14,1600,30.0,24,70.3,3,9999.0,NO,1006.0,16,0,2021-04-14 16:00:00
2167,2021,4,14,1700,29.0,24,74.4,2,9999.0,NO,1007.0,17,0,2021-04-14 17:00:00
2168,2021,4,14,1800,27.0,24,83.7,2,9999.0,YES,1007.0,18,0,2021-04-14 18:00:00
2169,2021,4,14,1900,26.0,24,88.7,0,9999.0,NO,1007.0,19,0,2021-04-14 19:00:00
2170,2021,4,14,2000,26.0,25,94.2,1,9999.0,NO,1008.0,20,0,2021-04-14 20:00:00
2171,2021,4,14,2100,26.0,26,100.0,1,9999.0,NO,1009.0,21,0,2021-04-14 21:00:00
2172,2021,4,14,2200,26.0,25,94.2,2,9999.0,NO,1010.0,22,0,2021-04-14 22:00:00
2173,2021,4,14,2300,27.0,25,88.8,3,9999.0,NO,1010.0,23,0,2021-04-14 23:00:00
2174,2021,4,15,0000,26.0,25,94.2,2,9999.0,NO,1010.0,0,0,2021-04-15 00:00:00
2175,2021,4,15,0100,26.0,25,94.2,2,9999.0,NO,1009.0,1,0,2021-04-15 01:00:00
2176,2021,4,15,0200,26.0,25,94.2,2,9999.0,NO,1009.0,2,0,2021-04-15 02:00:00
2177,2021,4,15,0300,26.0,25,94.2,2,9999.0,NO,1009.0,3,0,2021-04-15 03:00:00
2178,2021,4,15,0400,25.0,25,100.0,2,9999.0,NO,1009.0,4,0,2021-04-15 04:00:00
2179,2021,4,15,0500,25.0,25,100.0,2,8000.0,NO,1010.0,5,0,2021-04-15 05:00:00
2180,2021,4,15,0600,26.0,25,94.2,1,7000.0,NO,1010.0,6,0,2021-04-15 06:00:00
2181,2021,4,15,0700,27.0,25,88.8,4,6000.0,NO,1011.0,7,0,2021-04-15 07:00:00
2182,2021,4,15,0800,29.0,25,79.0,4,8000.0,NO,1011.0,8,0,2021-04-15 08:00:00
2183,2021,4,15,0900,30.0,25,74.6,3,9999.0,NO,1011.0,9,0,2021-04-15 09:00:00
2184,2021,4,15,1000,31.0,25,70.4,2,9999.0,NO,1010.0,10,0,2021-04-15 10:00:00
2185,2021,4,15,1100,33.0,25,62.9,2,9999.0,NO,1010.0,11,0,2021-04-15 11:00:00
2186,2021,4,15,1200,34.0,25,59.5,4,9999.0,NO,1009.0,12,0,2021-04-15 12:00:00
2187,2021,4,15,1300,34.0,25,59.5,5,9999.0,NO,1008.0,13,0,2021-04-15 13:00:00
2188,2021,4,15,1400,33.0,25,62.9,5,9999.0,NO,1007.0,14,0,2021-04-15 14:00:00
2189,2021,4,15,1500,33.0,25,62.9,5,9999.0,NO,1005.0,15,0,2021-04-15 15:00:00
2190,2021,4,15,1600,32.0,25,66.6,4,9999.0,YES,1006.0,16,0,2021-04-15 16:00:00
2191,2021,4,15,1700,30.0,25,74.6,3,9999.0,YES,1006.0,17,0,2021-04-15 17:00:00
2192,2021,4,15,1800,29.0,25,79.0,2,9999.0,NO,1006.0,18,0,2021-04-15 18:00:00
2193,2021,4,15,1900,28.0,25,83.8,1,9999.0,NO,1007.0,19,0,2021-04-15 19:00:00
2194,2021,4,15,2000,27.0,25,88.8,1,9999.0,NO,1009.0,20,0,2021-04-15 20:00:00
2195,2021,4,15,2100,28.0,25,83.8,2,9999.0,NO,1009.0,21,0,2021-04-15 21:00:00
2196,2021,4,15,2200,27.0,24,83.7,4,9999.0,NO,1009.0,22,0,2021-04-15 22:00:00
2197,2021,4,15,2300,27.0,23,78.8,3,9999.0,NO,1008.0,23,0,2021-04-15 23:00:00
2198,2021,4,16,0000,25.0,24,94.2,0,9999.0,NO,1008.0,0,0,2021-04-16 00:00:00
2199,2021,4,16,0100,25.0,24,94.2,2,8000.0,YES,1008.0,1,0,2021-04-16 01:00:00
2200,2021,4,16,0200,26.0,23,83.6,5,9999.0,YES,1007.0,2,0,2021-04-16 02:00:00
2201,2021,4,16,0300,23.0,23,100.0,11,2000.0,YES,1008.0,3,0,2021-04-16 03:00:00
2202,2021,4,16,0400,23.0,23,100.0,2,9999.0,NO,1008.0,4,0,2021-04-16 04:00:00
2203,2021,4,16,0500,23.0,23,100.0,4,8000.0,YES,1009.0,5,0,2021-04-16 05:00:00
2204,2021,4,16,0600,23.0,23,100.0,3,8000.0,YES,1009.0,6,0,2021-04-16 06:00:00
2205,2021,4,16,0700,24.0,24,100.0,0,9999.0,YES,1010.0,7,0,2021-04-16 07:00:00
2206,2021,4,16,0800,24.0,24,100.0,2,9999.0,NO,1010.0,8,0,2021-04-16 08:00:00
2207,2021,4,16,0900,25.0,24,94.2,1,9999.0,NO,1010.0,9,0,2021-04-16 09:00:00
2208,2021,4,16,1000,27.0,24,83.7,3,9999.0,NO,1010.0,10,0,2021-04-16 10:00:00
2209,2021,4,16,1100,27.0,24,83.7,4,9999.0,NO,1009.0,11,0,2021-04-16 11:00:00
2210,2021,4,16,1200,29.0,24,74.4,3,9999.0,NO,1009.0,12,0,2021-04-16 12:00:00
2211,2021,4,16,1300,28.0,24,78.9,5,9999.0,NO,1008.0,13,0,2021-04-16 13:00:00
2212,2021,4,16,1400,29.0,24,74.4,3,9999.0,NO,1007.0,14,0,2021-04-16 14:00:00
2213,2021,4,16,1500,29.0,23,70.1,3,9999.0,NO,1007.0,15,0,2021-04-16 15:00:00
2214,2021,4,16,1600,30.0,23,66.2,2,9999.0,NO,1006.0,16,0,2021-04-16 16:00:00
2215,2021,4,16,1700,28.0,24,78.9,0,9999.0,NO,1006.0,17,0,2021-04-16 17:00:00
2216,2021,4,16,1800,25.0,24,94.2,0,9999.0,NO,1006.0,18,0,2021-04-16 18:00:00
2217,2021,4,16,1900,25.0,24,94.2,0,9999.0,NO,1007.0,19,0,2021-04-16 19:00:00
2218,2021,4,16,2000,24.0,24,100.0,0,9999.0,NO,1008.0,20,0,2021-04-16 20:00:00
2219,2021,4,16,2100,24.0,24,100.0,0,9999.0,NO,1008.0,21,0,2021-04-16 21:00:00
2220,2021,4,16,2200,25.0,25,100.0,1,9999.0,NO,1009.0,22,0,2021-04-16 22:00:00
2221,2021,4,16,2300,24.0,24,100.0,1,9999.0,NO,1009.0,23,0,2021-04-16 23:00:00
2222,2021,4,17,0000,24.0,24,100.0,2,9999.0,NO,1008.0,0,0,2021-04-17 00:00:00
2223,2021,4,17,0100,24.0,24,100.0,0,9999.0,NO,1008.0,1,0,2021-04-17 01:00:00
2224,2021,4,17,0200,24.0,24,100.0,2,9999.0,NO,1008.0,2,0,2021-04-17 02:00:00
2225,2021,4,17,0300,24.0,24,100.0,2,9999.0,NO,1007.0,3,0,2021-04-17 03:00:00
2226,2021,4,17,0400,24.0,24,100.0,2,9999.0,NO,1007.0,4,0,2021-04-17 04:00:00
2227,2021,4,17,0500,24.0,24,100.0,2,4000.0,NO,1008.0,5,0,2021-04-17 05:00:00
2228,2021,4,17,1700,25.0,24,94.2,4,,YES,1007.0,17,0,2021-04-17 17:00:00
2229,2021,4,17,1800,25.0,24,94.2,7,8000.0,YES,1008.0,18,0,2021-04-17 18:00:00
2230,2021,4,17,1900,25.0,24,94.2,5,8000.0,NO,1010.0,19,0,2021-04-17 19:00:00
2231,2021,4,17,2000,24.0,23,94.1,5,8000.0,NO,1010.0,20,0,2021-04-17 20:00:00
2232,2021,4,17,2100,24.0,24,100.0,2,6000.0,YES,1010.0,21,0,2021-04-17 21:00:00
2233,2021,4,17,2200,24.0,23,94.1,3,6000.0,NO,1009.0,22,0,2021-04-17 22:00:00
2234,2021,4,17,2300,24.0,23,94.1,2,6000.0,NO,1010.0,23,0,2021-04-17 23:00:00
2235,2021,4,18,0100,24.0,23,94.1,4,9999.0,NO,1010.0,1,0,2021-04-18 01:00:00
2236,2021,4,18,0200,24.0,23,94.1,2,8000.0,NO,1009.0,2,0,2021-04-18 02:00:00
2237,2021,4,18,0300,24.0,23,94.1,2,8000.0,NO,1009.0,3,0,2021-04-18 03:00:00
2238,2021,4,18,0400,24.0,24,100.0,3,8000.0,NO,1010.0,4,0,2021-04-18 04:00:00
2239,2021,4,18,0500,24.0,24,100.0,0,7000.0,NO,1010.0,5,0,2021-04-18 05:00:00
2240,2021,4,18,0600,24.0,24,100.0,2,7000.0,NO,1010.0,6,0,2021-04-18 06:00:00
2241,2021,4,18,0700,26.0,24,88.7,3,4000.0,NO,1010.0,7,0,2021-04-18 07:00:00
2242,2021,4,18,0800,28.0,24,78.9,3,8000.0,NO,1011.0,8,0,2021-04-18 08:00:00
2243,2021,4,18,0900,29.0,24,74.4,3,9999.0,NO,1011.0,9,0,2021-04-18 09:00:00
2244,2021,4,18,1000,30.0,24,70.3,3,9999.0,NO,1010.0,10,0,2021-04-18 10:00:00
2245,2021,4,18,1100,31.0,24,66.4,3,9999.0,NO,1010.0,11,0,2021-04-18 11:00:00
2246,2021,4,18,1200,33.0,24,59.2,2,9999.0,NO,1009.0,12,0,2021-04-18 12:00:00
2247,2021,4,18,1300,33.0,25,62.9,3,9999.0,NO,1008.0,13,0,2021-04-18 13:00:00
2248,2021,4,18,1400,32.0,24,62.7,4,9999.0,NO,1008.0,14,0,2021-04-18 14:00:00
2249,2021,4,18,1500,33.0,25,62.9,4,9999.0,NO,1007.0,15,0,2021-04-18 15:00:00
2250,2021,4,18,1600,32.0,25,66.6,3,9999.0,NO,1007.0,16,0,2021-04-18 16:00:00
2251,2021,4,18,1700,30.0,25,74.6,3,9999.0,NO,1007.0,17,0,2021-04-18 17:00:00
2252,2021,4,18,1800,28.0,25,83.8,2,9999.0,NO,1008.0,18,0,2021-04-18 18:00:00
2253,2021,4,18,1900,28.0,25,83.8,1,9999.0,NO,1009.0,19,0,2021-04-18 19:00:00
2254,2021,4,18,2000,27.0,25,88.8,1,9999.0,NO,1009.0,20,0,2021-04-18 20:00:00
2255,2021,4,18,2100,26.0,25,94.2,1,9999.0,NO,1010.0,21,0,2021-04-18 21:00:00
2256,2021,4,18,2200,27.0,26,94.3,2,9999.0,NO,1010.0,22,0,2021-04-18 22:00:00
2257,2021,4,18,2300,26.0,26,100.0,1,9999.0,NO,1010.0,23,0,2021-04-18 23:00:00
2258,2021,4,19,0000,26.0,26,100.0,2,9999.0,NO,1009.0,0,0,2021-04-19 00:00:00
2259,2021,4,19,0100,26.0,26,100.0,2,9999.0,NO,1008.0,1,0,2021-04-19 01:00:00
2260,2021,4,19,0200,26.0,26,100.0,4,9999.0,NO,1009.0,2,0,2021-04-19 02:00:00
2261,2021,4,19,0300,26.0,26,100.0,2,9999.0,NO,1009.0,3,0,2021-04-19 03:00:00
2262,2021,4,19,0400,26.0,26,100.0,3,9000.0,NO,1010.0,4,0,2021-04-19 04:00:00
2263,2021,4,19,0500,26.0,25,94.2,3,8000.0,NO,1010.0,5,0,2021-04-19 05:00:00
2264,2021,4,19,0600,26.0,26,100.0,2,8000.0,NO,1011.0,6,0,2021-04-19 06:00:00
2265,2021,4,19,0700,27.0,26,94.3,4,8000.0,YES,1011.0,7,0,2021-04-19 07:00:00
2266,2021,4,19,0800,28.0,25,83.8,5,9999.0,YES,1012.0,8,0,2021-04-19 08:00:00
2267,2021,4,19,0900,25.0,23,88.7,13,7000.0,YES,1013.0,9,0,2021-04-19 09:00:00
2268,2021,4,19,1000,26.0,23,83.6,10,8000.0,NO,1012.0,10,0,2021-04-19 10:00:00
2269,2021,4,19,1100,27.0,23,78.8,2,9999.0,NO,1012.0,11,0,2021-04-19 11:00:00
2270,2021,4,19,1200,26.0,23,83.6,10,9999.0,NO,1012.0,12,0,2021-04-19 12:00:00
2271,2021,4,19,1300,24.0,23,94.1,9,9999.0,NO,1010.0,13,0,2021-04-19 13:00:00
2272,2021,4,19,1400,25.0,22,83.4,7,9999.0,NO,1008.0,14,0,2021-04-19 14:00:00
2273,2021,4,19,1500,26.0,22,78.6,8,9999.0,NO,1007.0,15,0,2021-04-19 15:00:00
2274,2021,4,19,1600,26.0,22,78.6,6,9999.0,NO,1007.0,16,0,2021-04-19 16:00:00
2275,2021,4,19,1700,26.0,22,78.6,5,9999.0,NO,1007.0,17,0,2021-04-19 17:00:00
2276,2021,4,19,1800,25.0,22,83.4,3,9999.0,NO,1007.0,18,0,2021-04-19 18:00:00
2277,2021,4,19,1900,24.0,23,94.1,3,9999.0,NO,1008.0,19,0,2021-04-19 19:00:00
2278,2021,4,19,2000,24.0,23,94.1,4,9999.0,NO,1009.0,20,0,2021-04-19 20:00:00
2279,2021,4,19,2100,24.0,23,94.1,4,9999.0,NO,1010.0,21,0,2021-04-19 21:00:00
2280,2021,4,19,2200,24.0,23,94.1,0,9999.0,NO,1011.0,22,0,2021-04-19 22:00:00
2281,2021,4,20,0000,22.0,22,100.0,0,9999.0,NO,1010.0,0,0,2021-04-20 00:00:00
2282,2021,4,20,0100,22.0,22,100.0,1,9999.0,NO,1010.0,1,0,2021-04-20 01:00:00
2283,2021,4,20,0200,22.0,22,100.0,2,8000.0,NO,1010.0,2,0,2021-04-20 02:00:00
2284,2021,4,20,0300,23.0,23,100.0,2,8000.0,NO,1010.0,3,0,2021-04-20 03:00:00
2285,2021,4,20,0400,23.0,23,100.0,3,8000.0,NO,1010.0,4,0,2021-04-20 04:00:00
2286,2021,4,20,0500,23.0,23,100.0,4,8000.0,NO,1010.0,5,0,2021-04-20 05:00:00
2287,2021,4,20,0600,24.0,24,100.0,2,6000.0,NO,1010.0,6,0,2021-04-20 06:00:00
2288,2021,4,20,0700,24.0,24,100.0,3,4000.0,NO,1012.0,7,0,2021-04-20 07:00:00
2289,2021,4,20,0800,26.0,24,88.7,0,6000.0,NO,1012.0,8,0,2021-04-20 08:00:00
2290,2021,4,20,0900,28.0,24,78.9,2,6000.0,NO,1012.0,9,0,2021-04-20 09:00:00
2291,2021,4,20,1000,31.0,23,62.5,1,6000.0,NO,1011.0,10,0,2021-04-20 10:00:00
2292,2021,4,20,1100,32.0,23,59.0,2,8000.0,NO,1010.0,11,0,2021-04-20 11:00:00
2293,2021,4,20,1200,32.0,23,59.0,2,8000.0,NO,1009.0,12,0,2021-04-20 12:00:00
2294,2021,4,20,1300,34.0,24,56.0,3,9999.0,NO,1008.0,13,0,2021-04-20 13:00:00
2295,2021,4,20,1400,33.0,24,59.2,3,9999.0,NO,1007.0,14,0,2021-04-20 14:00:00
2296,2021,4,20,1500,32.0,24,62.7,4,9999.0,NO,1007.0,15,0,2021-04-20 15:00:00
2297,2021,4,20,1600,32.0,22,55.5,4,9999.0,NO,1007.0,16,0,2021-04-20 16:00:00
2298,2021,4,20,1700,30.0,22,62.2,3,9999.0,NO,1007.0,17,0,2021-04-20 17:00:00
2299,2021,4,20,1800,27.0,24,83.7,0,9999.0,NO,1008.0,18,0,2021-04-20 18:00:00
2300,2021,4,20,1900,25.0,24,94.2,0,9999.0,NO,1009.0,19,0,2021-04-20 19:00:00
2301,2021,4,20,2000,25.0,24,94.2,1,9999.0,NO,1009.0,20,0,2021-04-20 20:00:00
2302,2021,4,20,2100,25.0,24,94.2,1,9999.0,NO,1010.0,21,0,2021-04-20 21:00:00
2303,2021,4,20,2200,25.0,25,100.0,3,9999.0,NO,1010.0,22,0,2021-04-20 22:00:00
2304,2021,4,20,2300,26.0,25,94.2,3,9999.0,NO,1009.0,23,0,2021-04-20 23:00:00
2305,2021,4,21,0000,25.0,25,100.0,3,9999.0,NO,1009.0,0,0,2021-04-21 00:00:00
2306,2021,4,21,0100,25.0,25,100.0,3,9999.0,NO,1008.0,1,0,2021-04-21 01:00:00
2307,2021,4,21,0200,25.0,25,100.0,2,9999.0,NO,1008.0,2,0,2021-04-21 02:00:00
2308,2021,4,21,0400,25.0,25,100.0,3,9999.0,NO,1009.0,4,0,2021-04-21 04:00:00
2309,2021,4,21,0500,24.0,24,100.0,2,9999.0,NO,1009.0,5,0,2021-04-21 05:00:00
2310,2021,4,21,0600,24.0,24,100.0,1,3200.0,NO,1010.0,6,0,2021-04-21 06:00:00
2311,2021,4,21,0700,27.0,25,88.8,3,4000.0,NO,1011.0,7,0,2021-04-21 07:00:00
2312,2021,4,21,0800,30.0,25,74.6,2,8000.0,NO,1011.0,8,0,2021-04-21 08:00:00
2313,2021,4,21,0900,31.0,25,70.4,2,9999.0,NO,1011.0,9,0,2021-04-21 09:00:00
2314,2021,4,21,1000,31.0,24,66.4,0,9999.0,NO,1011.0,10,0,2021-04-21 10:00:00
2315,2021,4,21,1100,33.0,25,62.9,1,9999.0,NO,1010.0,11,0,2021-04-21 11:00:00
2316,2021,4,21,1200,32.0,25,66.6,4,9999.0,NO,1009.0,12,0,2021-04-21 12:00:00
2317,2021,4,21,1300,33.0,25,62.9,2,9999.0,NO,1007.0,13,0,2021-04-21 13:00:00
2318,2021,4,21,1400,33.0,23,55.8,2,9999.0,NO,1007.0,14,0,2021-04-21 14:00:00
2319,2021,4,21,1500,33.0,26,66.8,2,9999.0,NO,1006.0,15,0,2021-04-21 15:00:00
2320,2021,4,21,1600,33.0,25,62.9,3,9999.0,NO,1006.0,16,0,2021-04-21 16:00:00
2321,2021,4,21,1700,31.0,25,70.4,3,9999.0,NO,1006.0,17,0,2021-04-21 17:00:00
2322,2021,4,21,1800,29.0,26,83.9,2,9999.0,NO,1007.0,18,0,2021-04-21 18:00:00
2323,2021,4,21,1900,28.0,26,88.9,2,9999.0,NO,1007.0,19,0,2021-04-21 19:00:00
2324,2021,4,21,2000,27.0,26,94.3,2,9999.0,NO,1009.0,20,0,2021-04-21 20:00:00
2325,2021,4,21,2100,26.0,25,94.2,0,9999.0,NO,1010.0,21,0,2021-04-21 21:00:00
2326,2021,4,21,2200,26.0,26,100.0,0,9999.0,NO,1010.0,22,0,2021-04-21 22:00:00
2327,2021,4,21,2300,26.0,26,100.0,0,9999.0,NO,1009.0,23,0,2021-04-21 23:00:00
2328,2021,4,22,0000,26.0,26,100.0,0,9999.0,NO,1009.0,0,0,2021-04-22 00:00:00
2329,2021,4,22,0100,26.0,26,100.0,0,9999.0,NO,1008.0,1,0,2021-04-22 01:00:00
2330,2021,4,22,0200,26.0,26,100.0,1,9999.0,NO,1008.0,2,0,2021-04-22 02:00:00
2331,2021,4,22,0300,26.0,26,100.0,0,9999.0,NO,1009.0,3,0,2021-04-22 03:00:00
2332,2021,4,22,0400,26.0,26,100.0,2,9999.0,NO,1010.0,4,0,2021-04-22 04:00:00
2333,2021,4,22,0500,26.0,26,100.0,0,7000.0,NO,1010.0,5,0,2021-04-22 05:00:00
2334,2021,4,22,0600,26.0,26,100.0,0,4000.0,NO,1011.0,6,0,2021-04-22 06:00:00
2335,2021,4,22,0700,29.0,27,89.0,2,4000.0,NO,1012.0,7,0,2021-04-22 07:00:00
2336,2021,4,22,0800,31.0,25,70.4,2,6000.0,NO,1012.0,8,0,2021-04-22 08:00:00
2337,2021,4,22,0900,32.0,26,70.6,2,8000.0,NO,1011.0,9,0,2021-04-22 09:00:00
2338,2021,4,22,1000,32.0,25,66.6,2,9999.0,NO,1011.0,10,0,2021-04-22 10:00:00
2339,2021,4,22,1100,33.0,26,66.8,3,9999.0,NO,1010.0,11,0,2021-04-22 11:00:00
2340,2021,4,22,1300,34.0,25,59.5,5,9999.0,NO,1007.0,13,0,2021-04-22 13:00:00
2341,2021,4,22,1400,34.0,25,59.5,5,9999.0,NO,1007.0,14,0,2021-04-22 14:00:00
2342,2021,4,22,1500,33.0,25,62.9,5,9999.0,YES,1006.0,15,0,2021-04-22 15:00:00
2343,2021,4,23,0800,27.0,24,83.7,4,8000.0,NO,1012.0,8,0,2021-04-23 08:00:00
2344,2021,4,23,0900,29.0,25,79.0,3,9999.0,NO,1011.0,9,0,2021-04-23 09:00:00
2345,2021,4,23,1000,31.0,25,70.4,3,9999.0,NO,1011.0,10,0,2021-04-23 10:00:00
2346,2021,4,23,1100,31.0,25,70.4,2,9999.0,NO,1010.0,11,0,2021-04-23 11:00:00
2347,2021,4,23,1300,33.0,26,66.8,3,9999.0,NO,1008.0,13,0,2021-04-23 13:00:00
2348,2021,4,23,1400,32.0,26,70.6,4,9999.0,NO,1006.0,14,0,2021-04-23 14:00:00
2349,2021,4,24,0400,25.0,24,94.2,5,9999.0,NO,1009.0,4,0,2021-04-24 04:00:00
2350,2021,4,24,0500,25.0,24,94.2,3,9999.0,NO,1010.0,5,0,2021-04-24 05:00:00
2351,2021,4,24,0600,25.0,24,94.2,3,9999.0,NO,1011.0,6,0,2021-04-24 06:00:00
2352,2021,4,24,0700,26.0,24,88.7,1,9999.0,NO,1012.0,7,0,2021-04-24 07:00:00
2353,2021,4,24,0800,27.0,25,88.8,1,9999.0,NO,1013.0,8,0,2021-04-24 08:00:00
2354,2021,4,24,0900,27.0,25,88.8,5,9999.0,NO,1013.0,9,0,2021-04-24 09:00:00
2355,2021,4,24,1000,28.0,25,83.8,6,9999.0,NO,1013.0,10,0,2021-04-24 10:00:00
2356,2021,4,24,1100,29.0,25,79.0,7,9999.0,NO,1012.0,11,0,2021-04-24 11:00:00
2357,2021,4,24,1200,29.0,25,79.0,7,9999.0,NO,1011.0,12,0,2021-04-24 12:00:00
2358,2021,4,24,1300,30.0,25,74.6,5,9999.0,NO,1010.0,13,0,2021-04-24 13:00:00
2359,2021,4,24,1400,29.0,25,79.0,5,9999.0,NO,1010.0,14,0,2021-04-24 14:00:00
2360,2021,4,24,1500,29.0,24,74.4,4,9999.0,NO,1008.0,15,0,2021-04-24 15:00:00
2361,2021,4,24,1600,29.0,25,79.0,3,9999.0,NO,1008.0,16,0,2021-04-24 16:00:00
2362,2021,4,24,1700,28.0,25,83.8,2,9999.0,NO,1008.0,17,0,2021-04-24 17:00:00
2363,2021,4,24,1800,27.0,25,88.8,1,9999.0,NO,1008.0,18,0,2021-04-24 18:00:00
2364,2021,4,24,1900,26.0,25,94.2,0,9999.0,NO,1009.0,19,0,2021-04-24 19:00:00
2365,2021,4,24,2000,26.0,25,94.2,3,9999.0,NO,1009.0,20,0,2021-04-24 20:00:00
2366,2021,4,24,2100,26.0,25,94.2,3,9999.0,NO,1009.0,21,0,2021-04-24 21:00:00
2367,2021,4,24,2200,26.0,24,88.7,3,9999.0,NO,1009.0,22,0,2021-04-24 22:00:00
2368,2021,4,24,2300,26.0,25,94.2,4,9999.0,NO,1009.0,23,0,2021-04-24 23:00:00
2369,2021,4,25,0000,25.0,24,94.2,3,9999.0,NO,1009.0,0,0,2021-04-25 00:00:00
2370,2021,4,25,0100,25.0,24,94.2,2,9999.0,NO,1009.0,1,0,2021-04-25 01:00:00
2371,2021,4,25,0200,25.0,24,94.2,1,9999.0,NO,1009.0,2,0,2021-04-25 02:00:00
2372,2021,4,25,0300,25.0,24,94.2,1,9999.0,NO,1009.0,3,0,2021-04-25 03:00:00
2373,2021,4,25,0400,25.0,24,94.2,2,9999.0,NO,1009.0,4,0,2021-04-25 04:00:00
2374,2021,4,25,0500,24.0,23,94.1,2,8000.0,NO,1010.0,5,0,2021-04-25 05:00:00
2375,2021,4,25,0600,24.0,24,100.0,2,3500.0,NO,1011.0,6,0,2021-04-25 06:00:00
2376,2021,4,25,0700,26.0,25,94.2,2,2200.0,NO,1011.0,7,0,2021-04-25 07:00:00
2377,2021,4,25,0800,28.0,25,83.8,4,,NO,1012.0,8,0,2021-04-25 08:00:00
2378,2021,4,25,0900,30.0,25,74.6,3,8000.0,NO,1012.0,9,0,2021-04-25 09:00:00
2379,2021,4,25,1000,32.0,25,66.6,3,9999.0,NO,1012.0,10,0,2021-04-25 10:00:00
2380,2021,4,25,1100,32.0,25,66.6,3,9999.0,NO,1011.0,11,0,2021-04-25 11:00:00
2381,2021,4,25,1200,32.0,25,66.6,5,9999.0,NO,1009.0,12,0,2021-04-25 12:00:00
2382,2021,4,25,1300,33.0,25,62.9,5,9999.0,NO,1008.0,13,0,2021-04-25 13:00:00
2383,2021,4,25,1400,33.0,25,62.9,6,9999.0,NO,1007.0,14,0,2021-04-25 14:00:00
2384,2021,4,25,1500,32.0,25,66.6,6,9999.0,NO,1006.0,15,0,2021-04-25 15:00:00
2385,2021,4,25,1600,32.0,25,66.6,5,9999.0,NO,1006.0,16,0,2021-04-25 16:00:00
2386,2021,4,25,1700,30.0,25,74.6,6,9999.0,NO,1006.0,17,0,2021-04-25 17:00:00
2387,2021,4,25,1800,29.0,25,79.0,4,9999.0,NO,1007.0,18,0,2021-04-25 18:00:00
2388,2021,4,25,1900,29.0,25,79.0,4,9999.0,NO,1008.0,19,0,2021-04-25 19:00:00
2389,2021,4,25,2000,28.0,25,83.8,3,9999.0,NO,1009.0,20,0,2021-04-25 20:00:00
2390,2021,4,25,2100,28.0,25,83.8,2,9999.0,NO,1010.0,21,0,2021-04-25 21:00:00
2391,2021,4,25,2200,27.0,25,88.8,2,9999.0,NO,1010.0,22,0,2021-04-25 22:00:00
2392,2021,4,25,2300,27.0,25,88.8,2,9999.0,NO,1010.0,23,0,2021-04-25 23:00:00
2393,2021,4,26,0000,26.0,25,94.2,0,9999.0,NO,1009.0,0,0,2021-04-26 00:00:00
2394,2021,4,26,0100,26.0,25,94.2,4,9999.0,NO,1010.0,1,0,2021-04-26 01:00:00
2395,2021,4,26,0200,25.0,25,100.0,3,6000.0,NO,1009.0,2,0,2021-04-26 02:00:00
2396,2021,4,26,0300,25.0,25,100.0,4,7000.0,NO,1009.0,3,0,2021-04-26 03:00:00
2397,2021,4,26,0400,25.0,25,100.0,4,7000.0,NO,1009.0,4,0,2021-04-26 04:00:00
2398,2021,4,26,0600,26.0,25,94.2,1,8000.0,NO,1010.0,6,0,2021-04-26 06:00:00
2399,2021,4,26,0700,27.0,26,94.3,3,7000.0,NO,1011.0,7,0,2021-04-26 07:00:00
2400,2021,4,26,0800,29.0,26,83.9,3,9999.0,NO,1012.0,8,0,2021-04-26 08:00:00
2401,2021,4,26,0900,29.0,26,83.9,4,9999.0,NO,1012.0,9,0,2021-04-26 09:00:00
2402,2021,4,26,1000,31.0,25,70.4,2,9999.0,NO,1011.0,10,0,2021-04-26 10:00:00
2403,2021,4,26,1100,33.0,24,59.2,3,9999.0,NO,1010.0,11,0,2021-04-26 11:00:00
2404,2021,4,26,1200,34.0,24,56.0,3,9999.0,NO,1009.0,12,0,2021-04-26 12:00:00
2405,2021,4,26,1300,34.0,24,56.0,7,9999.0,NO,1008.0,13,0,2021-04-26 13:00:00
2406,2021,4,26,1400,34.0,24,56.0,7,9999.0,NO,1007.0,14,0,2021-04-26 14:00:00
2407,2021,4,26,1500,33.0,24,59.2,7,9999.0,NO,1006.0,15,0,2021-04-26 15:00:00
2408,2021,4,26,1600,32.0,25,66.6,7,9999.0,NO,1006.0,16,0,2021-04-26 16:00:00
2409,2021,4,26,1700,30.0,26,79.2,6,9999.0,NO,1006.0,17,0,2021-04-26 17:00:00
2410,2021,4,26,1800,29.0,25,79.0,4,9999.0,NO,1007.0,18,0,2021-04-26 18:00:00
2411,2021,4,26,1900,28.0,25,83.8,4,9999.0,NO,1008.0,19,0,2021-04-26 19:00:00
2412,2021,4,26,2000,28.0,25,83.8,2,9999.0,YES,1009.0,20,0,2021-04-26 20:00:00
2413,2021,4,26,2200,27.0,25,88.8,2,9999.0,NO,1010.0,22,0,2021-04-26 22:00:00
2414,2021,4,26,2300,27.0,26,94.3,3,9999.0,NO,1009.0,23,0,2021-04-26 23:00:00
2415,2021,4,27,0000,27.0,25,88.8,4,9999.0,NO,1009.0,0,0,2021-04-27 00:00:00
2416,2021,4,27,0100,27.0,26,94.3,5,3500.0,YES,1009.0,1,0,2021-04-27 01:00:00
2417,2021,4,27,0200,26.0,25,94.2,3,9999.0,YES,1007.0,2,0,2021-04-27 02:00:00
2418,2021,4,27,0300,26.0,25,94.2,4,9999.0,NO,1006.0,3,0,2021-04-27 03:00:00
2419,2021,4,27,0400,26.0,25,94.2,8,9999.0,NO,1006.0,4,0,2021-04-27 04:00:00
2420,2021,4,27,0500,26.0,25,94.2,3,9999.0,NO,1008.0,5,0,2021-04-27 05:00:00
2421,2021,4,27,0600,25.0,24,94.2,4,9999.0,NO,1008.0,6,0,2021-04-27 06:00:00
2422,2021,4,27,0700,26.0,25,94.2,2,9999.0,NO,1009.0,7,0,2021-04-27 07:00:00
2423,2021,4,27,0800,29.0,25,79.0,3,8000.0,NO,1009.0,8,0,2021-04-27 08:00:00
2424,2021,4,27,0900,30.0,25,74.6,2,9999.0,NO,1010.0,9,0,2021-04-27 09:00:00
2425,2021,4,27,1000,31.0,25,70.4,4,9999.0,NO,1009.0,10,0,2021-04-27 10:00:00
2426,2021,4,27,1100,32.0,25,66.6,5,9999.0,NO,1009.0,11,0,2021-04-27 11:00:00
2427,2021,4,27,1200,32.0,26,70.6,4,9999.0,NO,1008.0,12,0,2021-04-27 12:00:00
2428,2021,4,27,1300,32.0,26,70.6,6,9999.0,NO,1007.0,13,0,2021-04-27 13:00:00
2429,2021,4,27,1400,32.0,26,70.6,9,9999.0,NO,1005.0,14,0,2021-04-27 14:00:00
2430,2021,4,27,1500,32.0,26,70.6,8,9999.0,NO,1005.0,15,0,2021-04-27 15:00:00
2431,2021,4,27,1600,31.0,26,74.8,7,9999.0,NO,1005.0,16,0,2021-04-27 16:00:00
2432,2021,4,27,1700,30.0,26,79.2,7,9999.0,NO,1006.0,17,0,2021-04-27 17:00:00
2433,2021,4,27,1800,29.0,26,83.9,4,9999.0,NO,1006.0,18,0,2021-04-27 18:00:00
2434,2021,4,27,1900,29.0,26,83.9,4,9999.0,YES,1007.0,19,0,2021-04-27 19:00:00
2435,2021,4,27,2000,29.0,26,83.9,4,9999.0,YES,1008.0,20,0,2021-04-27 20:00:00
2436,2021,4,27,2100,28.0,26,88.9,3,9999.0,YES,1009.0,21,0,2021-04-27 21:00:00
2437,2021,4,27,2200,28.0,26,88.9,3,9999.0,YES,1009.0,22,0,2021-04-27 22:00:00
2438,2021,4,27,2300,27.0,26,94.3,2,9999.0,YES,1010.0,23,0,2021-04-27 23:00:00
2439,2021,4,28,0000,25.0,24,94.2,8,6000.0,YES,1010.0,0,0,2021-04-28 00:00:00
2440,2021,4,28,0100,23.0,22,94.1,3,6000.0,YES,1009.0,1,0,2021-04-28 01:00:00
2441,2021,4,28,0200,25.0,24,94.2,5,8000.0,YES,1009.0,2,0,2021-04-28 02:00:00
2442,2021,4,28,0300,24.0,23,94.1,4,8000.0,YES,1008.0,3,0,2021-04-28 03:00:00
2443,2021,4,28,0400,24.0,23,94.1,6,8000.0,YES,1008.0,4,0,2021-04-28 04:00:00
2444,2021,4,28,0500,23.0,23,100.0,3,7000.0,YES,1009.0,5,0,2021-04-28 05:00:00
2445,2021,4,28,0600,23.0,23,100.0,2,8000.0,YES,1009.0,6,0,2021-04-28 06:00:00
2446,2021,4,28,0800,23.0,23,100.0,2,2000.0,NO,1010.0,8,0,2021-04-28 08:00:00
2447,2021,4,28,0900,23.0,23,100.0,2,2500.0,NO,1010.0,9,0,2021-04-28 09:00:00
2448,2021,4,28,1000,25.0,24,94.2,3,7000.0,NO,1009.0,10,0,2021-04-28 10:00:00
2449,2021,4,28,1100,26.0,24,88.7,3,9999.0,NO,1009.0,11,0,2021-04-28 11:00:00
2450,2021,4,28,1200,27.0,24,83.7,4,9999.0,NO,1008.0,12,0,2021-04-28 12:00:00
2451,2021,4,28,1400,29.0,24,74.4,4,9999.0,NO,1008.0,14,0,2021-04-28 14:00:00
2452,2021,4,28,1500,29.0,24,74.4,2,9999.0,NO,1007.0,15,0,2021-04-28 15:00:00
2453,2021,4,28,1600,29.0,24,74.4,3,9999.0,NO,1007.0,16,0,2021-04-28 16:00:00
2454,2021,4,28,1700,29.0,24,74.4,3,9999.0,NO,1006.0,17,0,2021-04-28 17:00:00
2455,2021,4,28,1800,28.0,25,83.8,2,9999.0,NO,1007.0,18,0,2021-04-28 18:00:00
2456,2021,4,28,1900,27.0,25,88.8,2,9999.0,NO,1008.0,19,0,2021-04-28 19:00:00
2457,2021,4,28,2000,26.0,24,88.7,2,9999.0,NO,1009.0,20,0,2021-04-28 20:00:00
2458,2021,4,28,2200,25.0,24,94.2,1,6000.0,NO,1010.0,22,0,2021-04-28 22:00:00
2459,2021,4,28,2300,25.0,24,94.2,0,6000.0,NO,1009.0,23,0,2021-04-28 23:00:00
2460,2021,4,29,0000,25.0,24,94.2,4,6000.0,NO,1009.0,0,0,2021-04-29 00:00:00
2461,2021,4,29,0200,24.0,24,100.0,4,9999.0,NO,1009.0,2,0,2021-04-29 02:00:00
2462,2021,4,29,0300,25.0,24,94.2,3,9999.0,NO,1009.0,3,0,2021-04-29 03:00:00
2463,2021,4,29,0400,25.0,24,94.2,4,9999.0,NO,1009.0,4,0,2021-04-29 04:00:00
2464,2021,4,29,0500,25.0,24,94.2,3,9999.0,NO,1010.0,5,0,2021-04-29 05:00:00
2465,2021,4,29,0600,25.0,24,94.2,0,7000.0,NO,1010.0,6,0,2021-04-29 06:00:00
2466,2021,4,29,0700,27.0,25,88.8,1,7000.0,NO,1011.0,7,0,2021-04-29 07:00:00
2467,2021,4,29,0800,28.0,25,83.8,1,8000.0,NO,1011.0,8,0,2021-04-29 08:00:00
2468,2021,4,29,0900,29.0,25,79.0,3,8000.0,NO,1012.0,9,0,2021-04-29 09:00:00
2469,2021,4,29,1000,30.0,25,74.6,3,9999.0,NO,1012.0,10,0,2021-04-29 10:00:00
2470,2021,4,29,1100,31.0,25,70.4,4,9999.0,NO,1011.0,11,0,2021-04-29 11:00:00
2471,2021,4,29,1200,32.0,25,66.6,4,9999.0,NO,1010.0,12,0,2021-04-29 12:00:00
2472,2021,4,29,1300,33.0,24,59.2,5,9999.0,NO,1008.0,13,0,2021-04-29 13:00:00
2473,2021,4,29,1400,33.0,25,62.9,6,9999.0,NO,1007.0,14,0,2021-04-29 14:00:00
2474,2021,4,29,1500,32.0,25,66.6,7,9999.0,NO,1007.0,15,0,2021-04-29 15:00:00
2475,2021,4,29,1600,31.0,25,70.4,8,9999.0,NO,1007.0,16,0,2021-04-29 16:00:00
2476,2021,4,29,1700,29.0,25,79.0,5,9999.0,YES,1007.0,17,0,2021-04-29 17:00:00
2477,2021,4,29,1800,25.0,25,100.0,18,1800.0,YES,1009.0,18,0,2021-04-29 18:00:00
2478,2021,4,29,1900,25.0,23,88.7,5,8000.0,YES,1008.0,19,0,2021-04-29 19:00:00
2479,2021,4,29,2000,25.0,24,94.2,1,9999.0,YES,1009.0,20,0,2021-04-29 20:00:00
2480,2021,4,29,2100,25.0,24,94.2,3,9000.0,NO,1010.0,21,0,2021-04-29 21:00:00
2481,2021,4,29,2200,24.0,24,100.0,3,8000.0,NO,1010.0,22,0,2021-04-29 22:00:00
2482,2021,4,30,0000,24.0,24,100.0,3,8000.0,NO,1010.0,0,0,2021-04-30 00:00:00
2483,2021,4,30,0100,24.0,24,100.0,2,8000.0,NO,1010.0,1,0,2021-04-30 01:00:00
2484,2021,4,30,0200,24.0,23,94.1,2,8000.0,NO,1009.0,2,0,2021-04-30 02:00:00
2485,2021,4,30,0300,24.0,23,94.1,2,8000.0,NO,1009.0,3,0,2021-04-30 03:00:00
2486,2021,4,30,0400,24.0,23,94.1,1,8000.0,NO,1009.0,4,0,2021-04-30 04:00:00
2487,2021,4,30,0500,24.0,23,94.1,3,8000.0,NO,1010.0,5,0,2021-04-30 05:00:00
2488,2021,4,30,0600,25.0,24,94.2,2,7000.0,NO,1010.0,6,0,2021-04-30 06:00:00
2489,2021,4,30,0700,26.0,24,88.7,0,8000.0,NO,1010.0,7,0,2021-04-30 07:00:00
2490,2021,4,30,0800,29.0,25,79.0,4,8000.0,NO,1010.0,8,0,2021-04-30 08:00:00
2491,2021,4,30,0900,30.0,25,74.6,2,8000.0,NO,1010.0,9,0,2021-04-30 09:00:00
2492,2021,4,30,1000,32.0,25,66.6,3,9999.0,NO,1010.0,10,0,2021-04-30 10:00:00
2493,2021,4,30,1100,32.0,25,66.6,4,9999.0,NO,1009.0,11,0,2021-04-30 11:00:00
2494,2021,4,30,1200,34.0,26,63.1,6,9999.0,NO,1008.0,12,0,2021-04-30 12:00:00
2495,2021,4,30,1300,34.0,26,63.1,8,9999.0,NO,1008.0,13,0,2021-04-30 13:00:00
2496,2021,4,30,1400,33.0,25,62.9,8,9999.0,NO,1007.0,14,0,2021-04-30 14:00:00
2497,2021,4,30,1500,32.0,25,66.6,10,9999.0,NO,1006.0,15,0,2021-04-30 15:00:00
2498,2021,4,30,1600,32.0,25,66.6,10,9999.0,YES,1006.0,16,0,2021-04-30 16:00:00
2499,2021,4,30,1700,30.0,26,79.2,10,9999.0,YES,1007.0,17,0,2021-04-30 17:00:00
2500,2021,4,30,1800,29.0,26,83.9,6,9999.0,YES,1007.0,18,0,2021-04-30 18:00:00
2501,2021,4,30,1900,29.0,26,83.9,6,9999.0,YES,1007.0,19,0,2021-04-30 19:00:00
2502,2021,4,30,2000,29.0,26,83.9,4,9999.0,NO,1008.0,20,0,2021-04-30 20:00:00
2503,2021,4,30,2100,28.0,26,88.9,0,9999.0,NO,1009.0,21,0,2021-04-30 21:00:00
2504,2021,4,30,2200,27.0,26,94.3,0,9999.0,NO,1009.0,22,0,2021-04-30 22:00:00
2505,2021,4,30,2300,27.0,26,94.3,0,9999.0,NO,1008.0,23,0,2021-04-30 23:00:00
2506,2021,6,1,0000,23.0,23,100.0,3,9999.0,NO,1011.0,0,0,2021-06-01 00:00:00
2507,2021,6,1,0100,23.0,23,100.0,3,9999.0,NO,1011.0,1,0,2021-06-01 01:00:00
2508,2021,6,1,0200,24.0,23,94.1,4,9999.0,NO,1011.0,2,0,2021-06-01 02:00:00
2509,2021,6,1,0300,24.0,23,94.1,3,9999.0,NO,1010.0,3,0,2021-06-01 03:00:00
2510,2021,6,1,0400,24.0,23,94.1,5,8000.0,NO,1010.0,4,0,2021-06-01 04:00:00
2511,2021,6,1,0500,24.0,23,94.1,4,7000.0,NO,1011.0,5,0,2021-06-01 05:00:00
2512,2021,6,1,0600,23.0,23,100.0,5,7000.0,NO,1011.0,6,0,2021-06-01 06:00:00
2513,2021,6,1,0700,25.0,24,94.2,3,7000.0,NO,1012.0,7,0,2021-06-01 07:00:00
2514,2021,6,1,0800,27.0,24,83.7,3,8000.0,NO,1012.0,8,0,2021-06-01 08:00:00
2515,2021,6,1,0900,28.0,24,78.9,6,8000.0,NO,1012.0,9,0,2021-06-01 09:00:00
2516,2021,6,1,1000,29.0,24,74.4,3,8000.0,NO,1011.0,10,0,2021-06-01 10:00:00
2517,2021,6,1,1100,30.0,24,70.3,5,9999.0,NO,1010.0,11,0,2021-06-01 11:00:00
2518,2021,6,1,1200,32.0,25,66.6,4,9999.0,NO,1010.0,12,0,2021-06-01 12:00:00
2519,2021,6,1,1300,32.0,24,62.7,4,9999.0,NO,1009.0,13,0,2021-06-01 13:00:00
2520,2021,6,1,1400,33.0,25,62.9,5,9999.0,NO,1008.0,14,0,2021-06-01 14:00:00
2521,2021,6,1,1500,32.0,25,66.6,5,9999.0,NO,1008.0,15,0,2021-06-01 15:00:00
2522,2021,6,1,1900,27.0,25,88.8,3,9999.0,NO,1010.0,19,0,2021-06-01 19:00:00
2523,2021,6,1,2000,28.0,25,83.8,4,9999.0,NO,1011.0,20,0,2021-06-01 20:00:00
2524,2021,6,1,2100,28.0,26,88.9,4,9999.0,NO,1011.0,21,0,2021-06-01 21:00:00
2525,2021,6,1,2200,27.0,25,88.8,3,9999.0,NO,1011.0,22,0,2021-06-01 22:00:00
2526,2021,6,1,2300,27.0,25,88.8,2,9999.0,NO,1011.0,23,0,2021-06-01 23:00:00
2527,2021,6,2,0000,26.0,25,94.2,3,9999.0,NO,1011.0,0,0,2021-06-02 00:00:00
2528,2021,6,2,0100,26.0,25,94.2,2,9999.0,NO,1011.0,1,0,2021-06-02 01:00:00
2529,2021,6,2,0200,26.0,25,94.2,2,9999.0,YES,1011.0,2,0,2021-06-02 02:00:00
2530,2021,6,2,0300,25.0,24,94.2,14,8000.0,YES,1011.0,3,0,2021-06-02 03:00:00
2531,2021,6,2,0400,23.0,23,100.0,4,8000.0,NO,1012.0,4,0,2021-06-02 04:00:00
2532,2021,6,2,0500,23.0,22,94.1,3,8000.0,YES,1012.0,5,0,2021-06-02 05:00:00
2533,2021,6,2,0600,23.0,22,94.1,5,8000.0,YES,1012.0,6,0,2021-06-02 06:00:00
2534,2021,6,2,0700,23.0,22,94.1,1,8000.0,YES,1013.0,7,0,2021-06-02 07:00:00
2535,2021,6,2,0800,23.0,23,100.0,3,6000.0,YES,1014.0,8,0,2021-06-02 08:00:00
2536,2021,6,2,0900,24.0,23,94.1,1,6000.0,YES,1014.0,9,0,2021-06-02 09:00:00
2537,2021,6,2,1000,24.0,23,94.1,2,2500.0,NO,1013.0,10,0,2021-06-02 10:00:00
2538,2021,6,2,1100,26.0,23,83.6,2,8000.0,NO,1012.0,11,0,2021-06-02 11:00:00
2539,2021,6,2,1200,27.0,24,83.7,3,8000.0,NO,1012.0,12,0,2021-06-02 12:00:00
2540,2021,6,2,1300,27.0,24,83.7,4,9999.0,NO,1011.0,13,0,2021-06-02 13:00:00
2541,2021,6,2,1400,28.0,24,78.9,4,9999.0,NO,1011.0,14,0,2021-06-02 14:00:00
2542,2021,6,2,1500,28.0,24,78.9,4,9999.0,NO,1010.0,15,0,2021-06-02 15:00:00
2543,2021,6,2,1600,28.0,23,74.3,3,9999.0,NO,1011.0,16,0,2021-06-02 16:00:00
2544,2021,6,2,1700,27.0,24,83.7,2,9999.0,NO,1011.0,17,0,2021-06-02 17:00:00
2545,2021,6,2,1800,25.0,24,94.2,2,9999.0,NO,1011.0,18,0,2021-06-02 18:00:00
2546,2021,6,2,1900,25.0,24,94.2,4,9999.0,NO,1012.0,19,0,2021-06-02 19:00:00
2547,2021,6,2,2000,25.0,24,94.2,1,9999.0,NO,1012.0,20,0,2021-06-02 20:00:00
2548,2021,6,2,2100,24.0,24,100.0,1,9999.0,NO,1012.0,21,0,2021-06-02 21:00:00
2549,2021,6,2,2200,24.0,23,94.1,2,9999.0,NO,1012.0,22,0,2021-06-02 22:00:00
2550,2021,6,2,2300,24.0,23,94.1,0,9999.0,NO,1012.0,23,0,2021-06-02 23:00:00
2551,2021,6,3,0000,24.0,23,94.1,0,8000.0,NO,1011.0,0,0,2021-06-03 00:00:00
2552,2021,6,3,0200,24.0,24,100.0,0,7000.0,NO,1012.0,2,0,2021-06-03 02:00:00
2553,2021,6,3,0300,24.0,24,100.0,0,6000.0,NO,1011.0,3,0,2021-06-03 03:00:00
2554,2021,6,3,0400,24.0,24,100.0,3,6000.0,NO,1012.0,4,0,2021-06-03 04:00:00
2555,2021,6,3,0500,24.0,24,100.0,3,4000.0,NO,1012.0,5,0,2021-06-03 05:00:00
2556,2021,6,3,0600,24.0,24,100.0,1,4000.0,NO,1012.0,6,0,2021-06-03 06:00:00
2557,2021,6,3,0700,26.0,25,94.2,5,8000.0,NO,1013.0,7,0,2021-06-03 07:00:00
2558,2021,6,3,0800,27.0,25,88.8,5,9999.0,NO,1013.0,8,0,2021-06-03 08:00:00
2559,2021,6,3,0900,29.0,25,79.0,2,9999.0,NO,1013.0,9,0,2021-06-03 09:00:00
2560,2021,6,3,1000,30.0,25,74.6,2,9999.0,NO,1013.0,10,0,2021-06-03 10:00:00
2561,2021,6,3,1100,30.0,24,70.3,2,9999.0,NO,1012.0,11,0,2021-06-03 11:00:00
2562,2021,6,3,1200,32.0,25,66.6,4,9999.0,NO,1011.0,12,0,2021-06-03 12:00:00
2563,2021,6,3,1300,31.0,24,66.4,5,9999.0,NO,1011.0,13,0,2021-06-03 13:00:00
2564,2021,6,3,1400,32.0,25,66.6,5,9999.0,NO,1010.0,14,0,2021-06-03 14:00:00
2565,2021,6,3,1500,31.0,25,70.4,7,9999.0,NO,1010.0,15,0,2021-06-03 15:00:00
2566,2021,6,3,1600,31.0,25,70.4,6,9999.0,NO,1010.0,16,0,2021-06-03 16:00:00
2567,2021,6,3,1700,29.0,25,79.0,4,9999.0,NO,1010.0,17,0,2021-06-03 17:00:00
2568,2021,6,3,1800,28.0,25,83.8,3,9999.0,NO,1010.0,18,0,2021-06-03 18:00:00
2569,2021,6,3,1900,28.0,26,88.9,2,9999.0,NO,1011.0,19,0,2021-06-03 19:00:00
2570,2021,6,3,2000,27.0,25,88.8,2,9999.0,NO,1012.0,20,0,2021-06-03 20:00:00
2571,2021,6,3,2100,26.0,25,94.2,2,9999.0,NO,1012.0,21,0,2021-06-03 21:00:00
2572,2021,6,3,2200,26.0,25,94.2,2,9999.0,NO,1012.0,22,0,2021-06-03 22:00:00
2573,2021,6,3,2300,26.0,25,94.2,0,9999.0,NO,1012.0,23,0,2021-06-03 23:00:00
2574,2021,6,4,0000,26.0,25,94.2,3,9999.0,NO,1012.0,0,0,2021-06-04 00:00:00
2575,2021,6,4,0100,26.0,25,94.2,3,9999.0,NO,1011.0,1,0,2021-06-04 01:00:00
2576,2021,6,4,0200,26.0,25,94.2,2,9999.0,NO,1011.0,2,0,2021-06-04 02:00:00
2577,2021,6,4,0300,25.0,25,100.0,0,9999.0,NO,1010.0,3,0,2021-06-04 03:00:00
2578,2021,6,4,0400,25.0,25,100.0,2,9999.0,NO,1010.0,4,0,2021-06-04 04:00:00
2579,2021,6,4,0500,25.0,25,100.0,4,8000.0,NO,1011.0,5,0,2021-06-04 05:00:00
2580,2021,6,4,0600,25.0,25,100.0,4,6000.0,NO,1012.0,6,0,2021-06-04 06:00:00
2581,2021,6,4,0700,27.0,25,88.8,4,9999.0,NO,1013.0,7,0,2021-06-04 07:00:00
2582,2021,6,4,0800,28.0,25,83.8,3,9999.0,NO,1013.0,8,0,2021-06-04 08:00:00
2583,2021,6,4,0900,29.0,25,79.0,4,9999.0,NO,1013.0,9,0,2021-06-04 09:00:00
2584,2021,6,4,1000,31.0,25,70.4,4,9999.0,NO,1012.0,10,0,2021-06-04 10:00:00
2585,2021,6,4,1100,31.0,26,74.8,8,9999.0,NO,1012.0,11,0,2021-06-04 11:00:00
2586,2021,6,4,1200,31.0,25,70.4,6,9999.0,NO,1011.0,12,0,2021-06-04 12:00:00
2587,2021,6,4,1300,32.0,26,70.6,7,9999.0,NO,1011.0,13,0,2021-06-04 13:00:00
2588,2021,6,4,1400,31.0,25,70.4,8,9999.0,NO,1010.0,14,0,2021-06-04 14:00:00
2589,2021,6,4,1500,30.0,26,79.2,6,9999.0,NO,1009.0,15,0,2021-06-04 15:00:00
2590,2021,6,4,1600,29.0,25,79.0,5,9999.0,NO,1009.0,16,0,2021-06-04 16:00:00
2591,2021,6,4,1700,29.0,25,79.0,4,9999.0,NO,1009.0,17,0,2021-06-04 17:00:00
2592,2021,6,4,1800,28.0,25,83.8,4,9999.0,NO,1010.0,18,0,2021-06-04 18:00:00
2593,2021,6,4,1900,28.0,26,88.9,2,9999.0,NO,1010.0,19,0,2021-06-04 19:00:00
2594,2021,6,4,2000,27.0,26,94.3,1,9999.0,NO,1011.0,20,0,2021-06-04 20:00:00
2595,2021,6,4,2100,27.0,26,94.3,2,9999.0,NO,1012.0,21,0,2021-06-04 21:00:00
2596,2021,6,4,2200,27.0,26,94.3,2,9999.0,NO,1012.0,22,0,2021-06-04 22:00:00
2597,2021,6,4,2300,26.0,25,94.2,2,9999.0,NO,1012.0,23,0,2021-06-04 23:00:00
2598,2021,6,5,0000,26.0,25,94.2,1,9999.0,NO,1011.0,0,0,2021-06-05 00:00:00
2599,2021,6,5,0100,25.0,25,100.0,1,9999.0,NO,1011.0,1,0,2021-06-05 01:00:00
2600,2021,6,5,0200,25.0,24,94.2,1,9999.0,NO,1010.0,2,0,2021-06-05 02:00:00
2601,2021,6,5,0300,26.0,25,94.2,2,9000.0,NO,1010.0,3,0,2021-06-05 03:00:00
2602,2021,6,5,0400,25.0,25,100.0,3,8000.0,NO,1011.0,4,0,2021-06-05 04:00:00
2603,2021,6,5,0500,25.0,25,100.0,3,1800.0,NO,1011.0,5,0,2021-06-05 05:00:00
2604,2021,6,5,0600,26.0,25,94.2,5,2000.0,NO,1012.0,6,0,2021-06-05 06:00:00
2605,2021,6,5,0700,26.0,25,94.2,3,8000.0,NO,1012.0,7,0,2021-06-05 07:00:00
2606,2021,6,5,0800,29.0,25,79.0,0,8000.0,NO,1012.0,8,0,2021-06-05 08:00:00
2607,2021,6,5,0900,27.0,25,88.8,3,2800.0,YES,1013.0,9,0,2021-06-05 09:00:00
2608,2021,6,5,1000,26.0,24,88.7,4,8000.0,YES,1013.0,10,0,2021-06-05 10:00:00
2609,2021,6,5,1100,26.0,25,94.2,3,1700.0,YES,1012.0,11,0,2021-06-05 11:00:00
2610,2021,6,5,1200,27.0,25,88.8,2,8000.0,YES,1011.0,12,0,2021-06-05 12:00:00
2611,2021,6,5,1300,28.0,26,88.9,4,9999.0,YES,1010.0,13,0,2021-06-05 13:00:00
2612,2021,6,5,1400,28.0,26,88.9,5,9999.0,NO,1010.0,14,0,2021-06-05 14:00:00
2613,2021,6,5,1500,29.0,25,79.0,4,9999.0,NO,1009.0,15,0,2021-06-05 15:00:00
2614,2021,6,5,1600,29.0,25,79.0,4,9999.0,NO,1009.0,16,0,2021-06-05 16:00:00
2615,2021,6,5,1700,28.0,25,83.8,3,9999.0,NO,1010.0,17,0,2021-06-05 17:00:00
2616,2021,6,5,1800,27.0,26,94.3,2,9999.0,YES,1011.0,18,0,2021-06-05 18:00:00
2617,2021,6,5,1900,26.0,24,88.7,11,9999.0,YES,1012.0,19,0,2021-06-05 19:00:00
2618,2021,6,5,2000,24.0,23,94.1,4,7000.0,YES,1012.0,20,0,2021-06-05 20:00:00
2619,2021,6,5,2100,24.0,23,94.1,9,9999.0,YES,1013.0,21,0,2021-06-05 21:00:00
2620,2021,6,5,2200,24.0,23,94.1,5,9999.0,NO,1013.0,22,0,2021-06-05 22:00:00
2621,2021,6,5,2300,24.0,22,88.6,2,9999.0,YES,1013.0,23,0,2021-06-05 23:00:00
2622,2021,6,6,0000,23.0,23,100.0,2,9999.0,NO,1012.0,0,0,2021-06-06 00:00:00
2623,2021,6,6,0100,23.0,23,100.0,2,8000.0,NO,1011.0,1,0,2021-06-06 01:00:00
2624,2021,6,6,0200,23.0,23,100.0,4,8000.0,NO,1011.0,2,0,2021-06-06 02:00:00
2625,2021,6,6,0300,23.0,23,100.0,4,8000.0,NO,1011.0,3,0,2021-06-06 03:00:00
2626,2021,6,6,0400,23.0,23,100.0,2,8000.0,NO,1011.0,4,0,2021-06-06 04:00:00
2627,2021,6,6,0500,23.0,23,100.0,1,7000.0,NO,1011.0,5,0,2021-06-06 05:00:00
2628,2021,6,6,0600,23.0,23,100.0,2,6000.0,NO,1011.0,6,0,2021-06-06 06:00:00
2629,2021,6,6,0700,24.0,23,94.1,3,5000.0,NO,1012.0,7,0,2021-06-06 07:00:00
2630,2021,6,6,0800,25.0,23,88.7,5,7000.0,NO,1012.0,8,0,2021-06-06 08:00:00
2631,2021,6,6,0900,27.0,24,83.7,5,9999.0,NO,1012.0,9,0,2021-06-06 09:00:00
2632,2021,6,6,1000,28.0,24,78.9,2,9999.0,NO,1012.0,10,0,2021-06-06 10:00:00
2633,2021,6,6,1100,28.0,25,83.8,4,9999.0,NO,1012.0,11,0,2021-06-06 11:00:00
2634,2021,6,6,1200,29.0,24,74.4,2,9999.0,NO,1011.0,12,0,2021-06-06 12:00:00
2635,2021,6,6,1300,29.0,24,74.4,3,9999.0,NO,1011.0,13,0,2021-06-06 13:00:00
2636,2021,6,6,1400,30.0,24,70.3,4,9999.0,NO,1010.0,14,0,2021-06-06 14:00:00
2637,2021,6,6,1500,29.0,24,74.4,4,9999.0,NO,1010.0,15,0,2021-06-06 15:00:00
2638,2021,6,6,1600,29.0,24,74.4,4,9999.0,NO,1009.0,16,0,2021-06-06 16:00:00
2639,2021,6,6,1700,29.0,24,74.4,4,9999.0,NO,1009.0,17,0,2021-06-06 17:00:00
2640,2021,6,6,1800,27.0,25,88.8,2,9999.0,NO,1010.0,18,0,2021-06-06 18:00:00
2641,2021,6,6,1900,26.0,25,94.2,2,9999.0,NO,1011.0,19,0,2021-06-06 19:00:00
2642,2021,6,6,2000,25.0,24,94.2,0,9999.0,NO,1011.0,20,0,2021-06-06 20:00:00
2643,2021,6,6,2100,25.0,24,94.2,2,9999.0,NO,1012.0,21,0,2021-06-06 21:00:00
2644,2021,6,6,2200,25.0,24,94.2,0,9999.0,NO,1012.0,22,0,2021-06-06 22:00:00
2645,2021,6,6,2300,24.0,24,100.0,2,9999.0,NO,1011.0,23,0,2021-06-06 23:00:00
2646,2021,6,7,0000,24.0,24,100.0,0,9999.0,NO,1011.0,0,0,2021-06-07 00:00:00
2647,2021,6,7,0100,24.0,24,100.0,2,9999.0,NO,1011.0,1,0,2021-06-07 01:00:00
2648,2021,6,7,0200,24.0,24,100.0,1,9999.0,NO,1010.0,2,0,2021-06-07 02:00:00
2649,2021,6,7,0300,24.0,24,100.0,2,9999.0,NO,1011.0,3,0,2021-06-07 03:00:00
2650,2021,6,7,0400,24.0,24,100.0,2,9999.0,NO,1011.0,4,0,2021-06-07 04:00:00
2651,2021,6,7,0500,24.0,24,100.0,2,3200.0,NO,1011.0,5,0,2021-06-07 05:00:00
2652,2021,6,7,0600,24.0,24,100.0,2,6000.0,NO,1012.0,6,0,2021-06-07 06:00:00
2653,2021,6,7,0700,25.0,24,94.2,2,9999.0,NO,1012.0,7,0,2021-06-07 07:00:00
2654,2021,6,7,0800,27.0,25,88.8,2,8000.0,NO,1013.0,8,0,2021-06-07 08:00:00
2655,2021,6,7,0900,29.0,24,74.4,2,9999.0,NO,1012.0,9,0,2021-06-07 09:00:00
2656,2021,6,7,1000,29.0,24,74.4,0,9999.0,NO,1012.0,10,0,2021-06-07 10:00:00
2657,2021,6,7,1100,31.0,25,70.4,3,9999.0,NO,1011.0,11,0,2021-06-07 11:00:00
2658,2021,6,7,1200,32.0,24,62.7,3,9999.0,NO,1010.0,12,0,2021-06-07 12:00:00
2659,2021,6,7,1300,32.0,24,62.7,4,9999.0,NO,1009.0,13,0,2021-06-07 13:00:00
2660,2021,6,7,1400,33.0,25,62.9,4,9999.0,NO,1008.0,14,0,2021-06-07 14:00:00
2661,2021,6,7,1500,33.0,24,59.2,5,9999.0,NO,1008.0,15,0,2021-06-07 15:00:00
2662,2021,6,7,1600,31.0,24,66.4,6,9999.0,NO,1008.0,16,0,2021-06-07 16:00:00
2663,2021,6,7,1700,30.0,24,70.3,4,9999.0,NO,1009.0,17,0,2021-06-07 17:00:00
2664,2021,6,7,1800,29.0,25,79.0,2,9999.0,NO,1009.0,18,0,2021-06-07 18:00:00
2665,2021,6,7,1900,27.0,25,88.8,2,9999.0,NO,1010.0,19,0,2021-06-07 19:00:00
2666,2021,6,7,2000,27.0,25,88.8,2,9999.0,NO,1010.0,20,0,2021-06-07 20:00:00
2667,2021,6,7,2100,25.0,25,100.0,2,9999.0,NO,1011.0,21,0,2021-06-07 21:00:00
2668,2021,6,7,2200,25.0,25,100.0,2,9999.0,NO,1011.0,22,0,2021-06-07 22:00:00
2669,2021,6,7,2300,25.0,25,100.0,2,9999.0,NO,1011.0,23,0,2021-06-07 23:00:00
2670,2021,6,8,0000,25.0,25,100.0,2,8000.0,NO,1011.0,0,0,2021-06-08 00:00:00
2671,2021,6,8,0100,25.0,25,100.0,0,8000.0,NO,1010.0,1,0,2021-06-08 01:00:00
2672,2021,6,8,0200,25.0,25,100.0,2,8000.0,NO,1010.0,2,0,2021-06-08 02:00:00
2673,2021,6,8,0300,25.0,25,100.0,1,8000.0,NO,1010.0,3,0,2021-06-08 03:00:00
2674,2021,6,8,0400,25.0,25,100.0,2,8000.0,NO,1010.0,4,0,2021-06-08 04:00:00
2675,2021,6,8,0500,25.0,25,100.0,0,3000.0,NO,1011.0,5,0,2021-06-08 05:00:00
2676,2021,6,8,0600,25.0,25,100.0,0,4000.0,NO,1011.0,6,0,2021-06-08 06:00:00
2677,2021,6,8,0700,27.0,25,88.8,0,4000.0,NO,1011.0,7,0,2021-06-08 07:00:00
2678,2021,6,8,0800,28.0,26,88.9,2,6000.0,NO,1012.0,8,0,2021-06-08 08:00:00
2679,2021,6,8,0900,30.0,26,79.2,3,9999.0,NO,1012.0,9,0,2021-06-08 09:00:00
2680,2021,6,8,1000,31.0,26,74.8,3,9999.0,NO,1011.0,10,0,2021-06-08 10:00:00
2681,2021,6,8,1100,30.0,26,79.2,5,9999.0,NO,1011.0,11,0,2021-06-08 11:00:00
2682,2021,6,8,1200,30.0,26,79.2,6,4000.0,YES,1010.0,12,0,2021-06-08 12:00:00
2683,2021,6,8,1300,28.0,27,94.3,5,3500.0,YES,1009.0,13,0,2021-06-08 13:00:00
2684,2021,6,8,1400,28.0,27,94.3,7,9999.0,YES,1008.0,14,0,2021-06-08 14:00:00
2685,2021,6,8,1500,28.0,26,88.9,5,9999.0,NO,1008.0,15,0,2021-06-08 15:00:00
2686,2021,6,8,1600,28.0,26,88.9,4,9999.0,YES,1009.0,16,0,2021-06-08 16:00:00
2687,2021,6,8,1700,28.0,25,83.8,3,9999.0,YES,1009.0,17,0,2021-06-08 17:00:00
2688,2021,6,8,1800,27.0,26,94.3,2,9999.0,YES,1009.0,18,0,2021-06-08 18:00:00
2689,2021,6,8,1900,27.0,26,94.3,4,9999.0,YES,1010.0,19,0,2021-06-08 19:00:00
2690,2021,6,8,2000,26.0,24,88.7,5,9999.0,YES,1011.0,20,0,2021-06-08 20:00:00
2691,2021,6,8,2100,26.0,24,88.7,2,8000.0,YES,1011.0,21,0,2021-06-08 21:00:00
2692,2021,6,8,2200,25.0,25,100.0,3,9999.0,NO,1011.0,22,0,2021-06-08 22:00:00
2693,2021,6,8,2300,25.0,24,94.2,3,9999.0,NO,1012.0,23,0,2021-06-08 23:00:00
2694,2021,6,9,0000,25.0,24,94.2,1,9999.0,NO,1011.0,0,0,2021-06-09 00:00:00
2695,2021,6,9,0100,25.0,24,94.2,0,9999.0,NO,1011.0,1,0,2021-06-09 01:00:00
2696,2021,6,9,0200,25.0,25,100.0,2,9999.0,NO,1010.0,2,0,2021-06-09 02:00:00
2697,2021,6,9,0300,25.0,25,100.0,3,9999.0,NO,1010.0,3,0,2021-06-09 03:00:00
2698,2021,6,9,0400,25.0,25,100.0,3,9999.0,NO,1010.0,4,0,2021-06-09 04:00:00
2699,2021,6,9,0500,25.0,24,94.2,11,9999.0,YES,1011.0,5,0,2021-06-09 05:00:00
2700,2021,6,9,0600,25.0,24,94.2,3,6000.0,NO,1011.0,6,0,2021-06-09 06:00:00
2701,2021,6,9,0700,26.0,24,88.7,4,8000.0,NO,1011.0,7,0,2021-06-09 07:00:00
2702,2021,6,9,0800,28.0,24,78.9,2,8000.0,NO,1011.0,8,0,2021-06-09 08:00:00
2703,2021,6,9,0900,29.0,24,74.4,1,8000.0,NO,1012.0,9,0,2021-06-09 09:00:00
2704,2021,6,9,1000,30.0,25,74.6,4,8000.0,NO,1012.0,10,0,2021-06-09 10:00:00
2705,2021,6,9,1100,31.0,25,70.4,2,8000.0,NO,1011.0,11,0,2021-06-09 11:00:00
2706,2021,6,9,1200,32.0,26,70.6,6,9999.0,NO,1010.0,12,0,2021-06-09 12:00:00
2707,2021,6,9,1300,32.0,25,66.6,6,9999.0,NO,1009.0,13,0,2021-06-09 13:00:00
2708,2021,6,9,1400,32.0,25,66.6,7,9999.0,NO,1009.0,14,0,2021-06-09 14:00:00
2709,2021,6,9,1500,31.0,25,70.4,7,9999.0,NO,1008.0,15,0,2021-06-09 15:00:00
2710,2021,6,9,1600,30.0,26,79.2,5,9999.0,NO,1008.0,16,0,2021-06-09 16:00:00
2711,2021,6,9,1700,29.0,26,83.9,5,9999.0,NO,1009.0,17,0,2021-06-09 17:00:00
2712,2021,6,9,1800,28.0,26,88.9,4,9999.0,NO,1009.0,18,0,2021-06-09 18:00:00
2713,2021,6,9,1900,28.0,26,88.9,3,9999.0,NO,1009.0,19,0,2021-06-09 19:00:00
2714,2021,6,9,2000,27.0,26,94.3,4,9999.0,YES,1010.0,20,0,2021-06-09 20:00:00
2715,2021,6,9,2100,27.0,26,94.3,3,9999.0,YES,1010.0,21,0,2021-06-09 21:00:00
2716,2021,6,9,2200,26.0,24,88.7,3,9999.0,NO,1011.0,22,0,2021-06-09 22:00:00
2717,2021,6,9,2300,26.0,23,83.6,4,9999.0,NO,1011.0,23,0,2021-06-09 23:00:00
2718,2021,6,10,0000,25.0,22,83.4,3,9999.0,NO,1011.0,0,0,2021-06-10 00:00:00
2719,2021,6,10,0100,25.0,23,88.7,4,9999.0,NO,1010.0,1,0,2021-06-10 01:00:00
2720,2021,6,10,0200,25.0,23,88.7,4,9999.0,NO,1010.0,2,0,2021-06-10 02:00:00
2721,2021,6,10,0300,25.0,23,88.7,2,9999.0,NO,1010.0,3,0,2021-06-10 03:00:00
2722,2021,6,10,0400,25.0,23,88.7,3,9999.0,NO,1010.0,4,0,2021-06-10 04:00:00
2723,2021,6,10,0500,25.0,24,94.2,3,8000.0,NO,1010.0,5,0,2021-06-10 05:00:00
2724,2021,6,10,0600,24.0,23,94.1,3,6000.0,NO,1010.0,6,0,2021-06-10 06:00:00
2725,2021,6,10,0700,26.0,23,83.6,0,4500.0,NO,1011.0,7,0,2021-06-10 07:00:00
2726,2021,6,10,0800,29.0,25,79.0,2,8000.0,NO,1011.0,8,0,2021-06-10 08:00:00
2727,2021,6,10,0900,30.0,25,74.6,3,9999.0,NO,1011.0,9,0,2021-06-10 09:00:00
2728,2021,6,10,1000,30.0,25,74.6,2,9999.0,NO,1011.0,10,0,2021-06-10 10:00:00
2729,2021,6,10,1100,32.0,25,66.6,2,9999.0,NO,1010.0,11,0,2021-06-10 11:00:00
2730,2021,6,10,1200,32.0,26,70.6,4,9999.0,NO,1009.0,12,0,2021-06-10 12:00:00
2731,2021,6,10,1300,33.0,25,62.9,5,9999.0,NO,1008.0,13,0,2021-06-10 13:00:00
2732,2021,6,10,1400,34.0,25,59.5,5,9999.0,NO,1007.0,14,0,2021-06-10 14:00:00
2733,2021,6,10,1500,33.0,26,66.8,6,9999.0,NO,1007.0,15,0,2021-06-10 15:00:00
2734,2021,6,10,1600,32.0,25,66.6,6,9999.0,NO,1006.0,16,0,2021-06-10 16:00:00
2735,2021,6,10,1700,30.0,26,79.2,7,9999.0,NO,1006.0,17,0,2021-06-10 17:00:00
2736,2021,6,10,1800,29.0,26,83.9,6,9999.0,NO,1007.0,18,0,2021-06-10 18:00:00
2737,2021,6,10,1900,29.0,26,83.9,4,9999.0,NO,1008.0,19,0,2021-06-10 19:00:00
2738,2021,6,10,2000,28.0,26,88.9,4,9999.0,NO,1009.0,20,0,2021-06-10 20:00:00
2739,2021,6,10,2100,28.0,26,88.9,4,9999.0,NO,1009.0,21,0,2021-06-10 21:00:00
2740,2021,6,10,2200,28.0,26,88.9,5,9999.0,YES,1010.0,22,0,2021-06-10 22:00:00
2741,2021,6,10,2300,27.0,25,88.8,3,8000.0,YES,1010.0,23,0,2021-06-10 23:00:00
2742,2021,6,11,0000,26.0,25,94.2,3,8000.0,YES,1009.0,0,0,2021-06-11 00:00:00
2743,2021,6,11,0100,26.0,26,100.0,2,9999.0,YES,1009.0,1,0,2021-06-11 01:00:00
2744,2021,6,11,0200,26.0,26,100.0,0,9999.0,NO,1008.0,2,0,2021-06-11 02:00:00
2745,2021,6,11,0300,26.0,26,100.0,0,9999.0,NO,1008.0,3,0,2021-06-11 03:00:00
2746,2021,6,11,0400,26.0,26,100.0,3,9999.0,NO,1009.0,4,0,2021-06-11 04:00:00
2747,2021,6,11,0500,26.0,25,94.2,3,9999.0,NO,1009.0,5,0,2021-06-11 05:00:00
2748,2021,6,11,0600,26.0,25,94.2,3,2500.0,YES,1009.0,6,0,2021-06-11 06:00:00
2749,2021,6,11,0700,26.0,25,94.2,3,8000.0,YES,1010.0,7,0,2021-06-11 07:00:00
2750,2021,6,11,0800,25.0,23,88.7,5,8000.0,YES,1010.0,8,0,2021-06-11 08:00:00
2751,2021,6,11,0900,26.0,23,83.6,4,9999.0,NO,1011.0,9,0,2021-06-11 09:00:00
2752,2021,6,11,1000,27.0,24,83.7,0,8000.0,NO,1011.0,10,0,2021-06-11 10:00:00
2753,2021,6,11,1100,28.0,24,78.9,2,9999.0,NO,1011.0,11,0,2021-06-11 11:00:00
2754,2021,6,11,1200,27.0,25,88.8,4,4000.0,YES,1010.0,12,0,2021-06-11 12:00:00
2755,2021,6,11,1400,28.0,25,83.8,3,9999.0,YES,1008.0,14,0,2021-06-11 14:00:00
2756,2021,6,11,1500,29.0,25,79.0,4,9999.0,NO,1007.0,15,0,2021-06-11 15:00:00
2757,2021,6,11,1600,29.0,25,79.0,4,9999.0,NO,1007.0,16,0,2021-06-11 16:00:00
2758,2021,6,11,1700,29.0,25,79.0,3,9999.0,NO,1008.0,17,0,2021-06-11 17:00:00
2759,2021,6,11,1800,28.0,26,88.9,2,9999.0,YES,1009.0,18,0,2021-06-11 18:00:00
2760,2021,6,11,1900,27.0,26,94.3,3,9999.0,YES,1008.0,19,0,2021-06-11 19:00:00
2761,2021,6,11,2000,27.0,26,94.3,2,9999.0,YES,1011.0,20,0,2021-06-11 20:00:00
2762,2021,6,11,2100,26.0,25,94.2,0,9999.0,NO,1011.0,21,0,2021-06-11 21:00:00
2763,2021,6,11,2200,26.0,25,94.2,0,9999.0,NO,1012.0,22,0,2021-06-11 22:00:00
2764,2021,6,11,2300,26.0,25,94.2,4,9999.0,YES,1012.0,23,0,2021-06-11 23:00:00
2765,2021,6,12,0000,26.0,25,94.2,3,9999.0,YES,1012.0,0,0,2021-06-12 00:00:00
2766,2021,6,12,0100,26.0,25,94.2,0,9999.0,YES,1012.0,1,0,2021-06-12 01:00:00
2767,2021,6,12,0200,24.0,24,100.0,4,8000.0,YES,1012.0,2,0,2021-06-12 02:00:00
2768,2021,6,12,0300,24.0,24,100.0,3,9999.0,YES,1011.0,3,0,2021-06-12 03:00:00
2769,2021,6,12,0400,24.0,23,94.1,2,9999.0,NO,1011.0,4,0,2021-06-12 04:00:00
2770,2021,6,12,0500,24.0,23,94.1,3,9999.0,NO,1012.0,5,0,2021-06-12 05:00:00
2771,2021,6,12,0600,25.0,24,94.2,4,9999.0,NO,1012.0,6,0,2021-06-12 06:00:00
2772,2021,6,12,0700,25.0,24,94.2,4,7000.0,NO,1014.0,7,0,2021-06-12 07:00:00
2773,2021,6,12,0800,27.0,24,83.7,3,7000.0,NO,1014.0,8,0,2021-06-12 08:00:00
2774,2021,6,12,0900,28.0,25,83.8,4,8000.0,NO,1014.0,9,0,2021-06-12 09:00:00
2775,2021,6,12,1000,29.0,25,79.0,4,9999.0,NO,1014.0,10,0,2021-06-12 10:00:00
2776,2021,6,12,1100,30.0,24,70.3,5,9999.0,NO,1014.0,11,0,2021-06-12 11:00:00
2777,2021,6,12,1200,30.0,25,74.6,4,9999.0,NO,1013.0,12,0,2021-06-12 12:00:00
2778,2021,6,12,1300,,NO,66.4,6,8000.0,NO,,13,0,2021-06-12 13:00:00
2779,2021,6,12,1400,31.0,24,66.4,5,9999.0,NO,1011.0,14,0,2021-06-12 14:00:00
2780,2021,6,12,1500,31.0,24,66.4,7,9999.0,NO,1011.0,15,0,2021-06-12 15:00:00
2781,2021,6,12,1600,30.0,24,70.3,6,9999.0,NO,1011.0,16,0,2021-06-12 16:00:00
2782,2021,6,12,1800,28.0,25,83.8,3,9999.0,NO,1011.0,18,0,2021-06-12 18:00:00
2783,2021,6,12,1900,27.0,25,88.8,2,9999.0,NO,1011.0,19,0,2021-06-12 19:00:00
2784,2021,6,12,2000,26.0,25,94.2,2,9999.0,NO,1012.0,20,0,2021-06-12 20:00:00
2785,2021,6,12,2100,26.0,24,88.7,2,9999.0,NO,1013.0,21,0,2021-06-12 21:00:00
2786,2021,6,12,2200,25.0,24,94.2,3,9999.0,NO,1014.0,22,0,2021-06-12 22:00:00
2787,2021,6,12,2300,25.0,24,94.2,0,9999.0,NO,1013.0,23,0,2021-06-12 23:00:00
2788,2021,6,13,0000,25.0,24,94.2,3,6000.0,NO,1013.0,0,0,2021-06-13 00:00:00
2789,2021,6,13,0100,25.0,24,94.2,3,6000.0,NO,1012.0,1,0,2021-06-13 01:00:00
2790,2021,6,13,0200,24.0,24,100.0,5,6000.0,NO,1012.0,2,0,2021-06-13 02:00:00
2791,2021,6,13,0300,24.0,24,100.0,2,6000.0,NO,1012.0,3,0,2021-06-13 03:00:00
2792,2021,6,13,0400,24.0,24,100.0,2,6000.0,NO,1013.0,4,0,2021-06-13 04:00:00
2793,2021,6,13,0500,24.0,24,100.0,0,6000.0,NO,1013.0,5,0,2021-06-13 05:00:00
2794,2021,6,13,0600,24.0,24,100.0,3,2000.0,NO,1013.0,6,0,2021-06-13 06:00:00
2795,2021,6,13,0700,25.0,25,100.0,3,3200.0,NO,1014.0,7,0,2021-06-13 07:00:00
2796,2021,6,13,0800,27.0,25,88.8,4,8000.0,NO,1015.0,8,0,2021-06-13 08:00:00
2797,2021,6,13,0900,28.0,25,83.8,5,9999.0,NO,1015.0,9,0,2021-06-13 09:00:00
2798,2021,6,13,1000,29.0,24,74.4,3,9999.0,NO,1014.0,10,0,2021-06-13 10:00:00
2799,2021,6,13,1100,31.0,24,66.4,4,9999.0,NO,1013.0,11,0,2021-06-13 11:00:00
2800,2021,6,13,1200,31.0,24,66.4,5,9999.0,NO,1012.0,12,0,2021-06-13 12:00:00
2801,2021,6,13,1300,31.0,24,66.4,4,9999.0,NO,1011.0,13,0,2021-06-13 13:00:00
2802,2021,6,13,1400,31.0,25,70.4,5,9999.0,NO,1011.0,14,0,2021-06-13 14:00:00
2803,2021,6,13,1500,30.0,26,79.2,3,9999.0,NO,1010.0,15,0,2021-06-13 15:00:00
2804,2021,6,13,1600,29.0,26,83.9,4,9999.0,NO,1010.0,16,0,2021-06-13 16:00:00
2805,2021,6,13,1700,29.0,26,83.9,3,9999.0,NO,1010.0,17,0,2021-06-13 17:00:00
2806,2021,6,13,1800,28.0,26,88.9,3,9999.0,NO,1011.0,18,0,2021-06-13 18:00:00
2807,2021,6,13,1900,27.0,26,94.3,1,9999.0,NO,1012.0,19,0,2021-06-13 19:00:00
2808,2021,6,13,2100,27.0,26,94.3,3,9999.0,NO,1012.0,21,0,2021-06-13 21:00:00
2809,2021,6,13,2200,27.0,26,94.3,3,9999.0,NO,1012.0,22,0,2021-06-13 22:00:00
2810,2021,6,14,0000,27.0,25,88.8,1,9999.0,NO,1011.0,0,0,2021-06-14 00:00:00
2811,2021,6,14,0100,27.0,25,88.8,1,9999.0,NO,1011.0,1,0,2021-06-14 01:00:00
2812,2021,6,14,0200,27.0,26,94.3,2,9999.0,NO,1010.0,2,0,2021-06-14 02:00:00
2813,2021,6,14,0300,27.0,26,94.3,6,9999.0,NO,1011.0,3,0,2021-06-14 03:00:00
2814,2021,6,14,0400,27.0,25,88.8,2,9999.0,NO,1011.0,4,0,2021-06-14 04:00:00
2815,2021,6,14,0500,26.0,25,94.2,2,9999.0,NO,1011.0,5,0,2021-06-14 05:00:00
2816,2021,6,14,0600,26.0,25,94.2,0,8000.0,NO,1011.0,6,0,2021-06-14 06:00:00
2817,2021,6,14,0700,27.0,26,94.3,3,6000.0,NO,1012.0,7,0,2021-06-14 07:00:00
2818,2021,6,14,0800,29.0,26,83.9,3,9999.0,NO,1013.0,8,0,2021-06-14 08:00:00
2819,2021,6,14,0900,29.0,26,83.9,4,9999.0,NO,1013.0,9,0,2021-06-14 09:00:00
2820,2021,6,14,1000,29.0,26,83.9,6,9999.0,NO,1013.0,10,0,2021-06-14 10:00:00
2821,2021,6,14,1100,31.0,26,74.8,5,9999.0,NO,1012.0,11,0,2021-06-14 11:00:00
2822,2021,6,14,1200,31.0,26,74.8,6,9999.0,NO,1012.0,12,0,2021-06-14 12:00:00
2823,2021,6,14,1300,31.0,26,74.8,7,9999.0,NO,1011.0,13,0,2021-06-14 13:00:00
2824,2021,6,14,1400,31.0,26,74.8,7,9999.0,NO,1010.0,14,0,2021-06-14 14:00:00
2825,2021,6,14,1500,31.0,26,74.8,8,9999.0,NO,1010.0,15,0,2021-06-14 15:00:00
2826,2021,6,14,1600,30.0,25,74.6,7,9999.0,NO,1010.0,16,0,2021-06-14 16:00:00
2827,2021,6,14,1700,29.0,26,83.9,6,9999.0,NO,1010.0,17,0,2021-06-14 17:00:00
2828,2021,6,14,1800,28.0,26,88.9,3,9999.0,NO,1010.0,18,0,2021-06-14 18:00:00
2829,2021,6,14,1900,28.0,25,83.8,3,9999.0,NO,1011.0,19,0,2021-06-14 19:00:00
2830,2021,6,14,2000,28.0,26,88.9,4,9999.0,NO,1012.0,20,0,2021-06-14 20:00:00
2831,2021,6,14,2100,28.0,26,88.9,3,9999.0,NO,1013.0,21,0,2021-06-14 21:00:00
2832,2021,6,14,2200,26.0,25,94.2,0,9999.0,NO,1013.0,22,0,2021-06-14 22:00:00
2833,2021,6,14,2300,26.0,25,94.2,3,9999.0,NO,1012.0,23,0,2021-06-14 23:00:00
2834,2021,6,15,0000,26.0,25,94.2,4,9999.0,NO,1012.0,0,0,2021-06-15 00:00:00
2835,2021,6,15,0100,26.0,25,94.2,4,9999.0,YES,1012.0,1,0,2021-06-15 01:00:00
2836,2021,6,15,0200,26.0,26,100.0,2,9999.0,NO,1011.0,2,0,2021-06-15 02:00:00
2837,2021,6,15,0300,26.0,25,94.2,5,9999.0,NO,1011.0,3,0,2021-06-15 03:00:00
2838,2021,6,15,0400,24.0,22,88.6,13,9999.0,YES,1011.0,4,0,2021-06-15 04:00:00
2839,2021,6,15,0500,23.0,22,94.1,5,8000.0,YES,1014.0,5,0,2021-06-15 05:00:00
2840,2021,6,15,0600,23.0,22,94.1,4,8000.0,YES,1012.0,6,0,2021-06-15 06:00:00
2841,2021,6,15,0700,23.0,22,94.1,6,8000.0,YES,1012.0,7,0,2021-06-15 07:00:00
2842,2021,6,15,0800,24.0,23,94.1,5,9999.0,NO,1013.0,8,0,2021-06-15 08:00:00
2843,2021,6,15,0900,25.0,23,88.7,7,9999.0,NO,1013.0,9,0,2021-06-15 09:00:00
2844,2021,6,15,1000,27.0,23,78.8,6,9999.0,NO,1013.0,10,0,2021-06-15 10:00:00
2845,2021,6,15,1100,28.0,23,74.3,3,9999.0,NO,1013.0,11,0,2021-06-15 11:00:00
2846,2021,6,15,1200,29.0,24,74.4,4,9999.0,NO,1012.0,12,0,2021-06-15 12:00:00
2847,2021,6,15,1300,30.0,24,70.3,4,9999.0,NO,1012.0,13,0,2021-06-15 13:00:00
2848,2021,6,15,1400,31.0,24,66.4,3,9999.0,NO,1011.0,14,0,2021-06-15 14:00:00
2849,2021,6,15,1500,31.0,24,66.4,3,9999.0,NO,1011.0,15,0,2021-06-15 15:00:00
2850,2021,6,15,1600,31.0,23,62.5,3,9999.0,NO,1010.0,16,0,2021-06-15 16:00:00
2851,2021,6,15,1700,30.0,24,70.3,4,9999.0,NO,1010.0,17,0,2021-06-15 17:00:00
2852,2021,6,15,1800,28.0,24,78.9,3,9999.0,NO,1011.0,18,0,2021-06-15 18:00:00
2853,2021,6,15,1900,27.0,24,83.7,4,9999.0,NO,1011.0,19,0,2021-06-15 19:00:00
2854,2021,6,15,2000,27.0,25,88.8,3,9999.0,NO,1012.0,20,0,2021-06-15 20:00:00
2855,2021,6,15,2100,25.0,25,100.0,2,9999.0,NO,1013.0,21,0,2021-06-15 21:00:00
2856,2021,6,15,2200,25.0,24,94.2,3,9999.0,NO,1012.0,22,0,2021-06-15 22:00:00
2857,2021,6,15,2300,24.0,24,100.0,2,9999.0,NO,1012.0,23,0,2021-06-15 23:00:00
2858,2021,6,16,0000,25.0,24,94.2,2,9999.0,NO,1012.0,0,0,2021-06-16 00:00:00
2859,2021,6,16,0100,25.0,24,94.2,3,9999.0,NO,1011.0,1,0,2021-06-16 01:00:00
2860,2021,6,16,0200,25.0,24,94.2,3,9999.0,NO,1011.0,2,0,2021-06-16 02:00:00
2861,2021,6,16,0300,25.0,24,94.2,3,8000.0,NO,1011.0,3,0,2021-06-16 03:00:00
2862,2021,6,16,0400,25.0,24,94.2,3,8000.0,NO,1011.0,4,0,2021-06-16 04:00:00
2863,2021,6,16,0500,25.0,24,94.2,2,4000.0,NO,1012.0,5,0,2021-06-16 05:00:00
2864,2021,6,16,0600,24.0,23,94.1,0,4000.0,NO,1012.0,6,0,2021-06-16 06:00:00
2865,2021,6,16,0700,25.0,24,94.2,7,4500.0,NO,1014.0,7,0,2021-06-16 07:00:00
2866,2021,6,16,0800,27.0,24,83.7,2,8000.0,NO,1014.0,8,0,2021-06-16 08:00:00
2867,2021,6,16,0900,29.0,24,74.4,2,8000.0,NO,1013.0,9,0,2021-06-16 09:00:00
2868,2021,6,16,1000,30.0,24,70.3,4,8000.0,NO,1013.0,10,0,2021-06-16 10:00:00
2869,2021,6,16,1100,31.0,24,66.4,4,8000.0,NO,1012.0,11,0,2021-06-16 11:00:00
2870,2021,6,16,1200,32.0,23,59.0,6,9999.0,NO,1012.0,12,0,2021-06-16 12:00:00
2871,2021,6,16,1300,32.0,24,62.7,7,9999.0,NO,1011.0,13,0,2021-06-16 13:00:00
2872,2021,6,16,1400,32.0,25,66.6,7,9999.0,NO,1010.0,14,0,2021-06-16 14:00:00
2873,2021,6,16,1500,31.0,24,66.4,7,9999.0,NO,1010.0,15,0,2021-06-16 15:00:00
2874,2021,6,16,1600,31.0,24,66.4,7,9999.0,NO,1010.0,16,0,2021-06-16 16:00:00
2875,2021,6,16,1700,29.0,24,74.4,5,9999.0,NO,1011.0,17,0,2021-06-16 17:00:00
2876,2021,6,16,1800,29.0,24,74.4,5,9999.0,NO,1012.0,18,0,2021-06-16 18:00:00
2877,2021,6,16,1900,27.0,26,94.3,4,9999.0,NO,1012.0,19,0,2021-06-16 19:00:00
2878,2021,6,16,2000,28.0,25,83.8,4,9999.0,NO,1013.0,20,0,2021-06-16 20:00:00
2879,2021,6,16,2100,28.0,25,83.8,4,9999.0,NO,1014.0,21,0,2021-06-16 21:00:00
2880,2021,6,16,2200,27.0,25,88.8,3,9999.0,YES,1014.0,22,0,2021-06-16 22:00:00
2881,2021,6,16,2300,27.0,25,88.8,4,9999.0,NO,1014.0,23,0,2021-06-16 23:00:00
2882,2021,6,17,0000,26.0,25,94.2,6,9999.0,NO,1014.0,0,0,2021-06-17 00:00:00
2883,2021,6,17,0400,24.0,24,100.0,3,9999.0,NO,1013.0,4,0,2021-06-17 04:00:00
2884,2021,6,17,0500,24.0,24,100.0,4,9999.0,NO,1014.0,5,0,2021-06-17 05:00:00
2885,2021,6,17,0600,24.0,24,100.0,5,8000.0,NO,1015.0,6,0,2021-06-17 06:00:00
2886,2021,6,17,0700,25.0,24,94.2,5,9999.0,NO,1016.0,7,0,2021-06-17 07:00:00
2887,2021,6,17,0800,25.0,24,94.2,5,7000.0,NO,1016.0,8,0,2021-06-17 08:00:00
2888,2021,6,17,0900,28.0,25,83.8,2,8000.0,NO,1016.0,9,0,2021-06-17 09:00:00
2889,2021,6,17,1000,30.0,24,70.3,2,9999.0,NO,1016.0,10,0,2021-06-17 10:00:00
2890,2021,6,17,1100,31.0,24,66.4,3,9999.0,NO,1015.0,11,0,2021-06-17 11:00:00
2891,2021,6,17,1200,31.0,25,70.4,3,9999.0,NO,1014.0,12,0,2021-06-17 12:00:00
2892,2021,6,17,1300,32.0,24,62.7,6,9999.0,NO,1013.0,13,0,2021-06-17 13:00:00
2893,2021,6,17,1400,32.0,24,62.7,6,9999.0,NO,1013.0,14,0,2021-06-17 14:00:00
2894,2021,6,17,1500,31.0,24,66.4,8,9999.0,NO,1012.0,15,0,2021-06-17 15:00:00
2895,2021,6,17,1600,30.0,24,70.3,8,9999.0,NO,1012.0,16,0,2021-06-17 16:00:00
2896,2021,6,17,1700,29.0,24,74.4,5,9999.0,NO,1012.0,17,0,2021-06-17 17:00:00
2897,2021,6,17,1800,27.0,24,83.7,3,9999.0,NO,1013.0,18,0,2021-06-17 18:00:00
2898,2021,6,17,1900,,NO,94.2,2,9999.0,NO,,19,0,2021-06-17 19:00:00
2899,2021,6,17,2000,25.0,24,94.2,2,9999.0,NO,1014.0,20,0,2021-06-17 20:00:00
2900,2021,6,17,2100,25.0,24,94.2,2,9999.0,NO,1014.0,21,0,2021-06-17 21:00:00
2901,2021,6,17,2200,25.0,24,94.2,3,9999.0,NO,1015.0,22,0,2021-06-17 22:00:00
2902,2021,6,17,2300,25.0,24,94.2,4,9999.0,NO,1016.0,23,0,2021-06-17 23:00:00
2903,2021,6,18,0000,25.0,24,94.2,4,9999.0,NO,1014.0,0,0,2021-06-18 00:00:00
2904,2021,6,18,0100,25.0,24,94.2,6,9999.0,NO,1014.0,1,0,2021-06-18 01:00:00
2905,2021,6,18,0200,25.0,23,88.7,5,9999.0,NO,1013.0,2,0,2021-06-18 02:00:00
2906,2021,6,18,0300,24.0,23,94.1,0,9999.0,NO,1013.0,3,0,2021-06-18 03:00:00
2907,2021,6,18,0400,24.0,23,94.1,3,9999.0,NO,1014.0,4,0,2021-06-18 04:00:00
2908,2021,6,18,0500,24.0,24,100.0,1,8000.0,NO,1014.0,5,0,2021-06-18 05:00:00
2909,2021,6,18,0600,25.0,24,94.2,0,7000.0,NO,1015.0,6,0,2021-06-18 06:00:00
2910,2021,6,18,0700,26.0,24,88.7,3,4000.0,NO,1015.0,7,0,2021-06-18 07:00:00
2911,2021,6,18,0800,27.0,24,83.7,3,9999.0,NO,1016.0,8,0,2021-06-18 08:00:00
2912,2021,6,18,0900,29.0,25,79.0,3,9999.0,NO,1015.0,9,0,2021-06-18 09:00:00
2913,2021,6,18,1000,29.0,24,74.4,0,9999.0,NO,1015.0,10,0,2021-06-18 10:00:00
2914,2021,6,18,1100,30.0,25,74.6,3,9999.0,NO,1014.0,11,0,2021-06-18 11:00:00
2915,2021,6,18,1200,30.0,25,74.6,1,9999.0,NO,1013.0,12,0,2021-06-18 12:00:00
2916,2021,6,18,1300,32.0,24,62.7,2,9999.0,NO,1013.0,13,0,2021-06-18 13:00:00
2917,2021,6,18,1400,31.0,24,66.4,6,9999.0,NO,1011.0,14,0,2021-06-18 14:00:00
2918,2021,6,18,1500,31.0,24,66.4,6,9999.0,NO,1011.0,15,0,2021-06-18 15:00:00
2919,2021,6,18,1600,31.0,24,66.4,6,9999.0,NO,1011.0,16,0,2021-06-18 16:00:00
2920,2021,6,18,1700,29.0,24,74.4,6,9999.0,NO,1011.0,17,0,2021-06-18 17:00:00
2921,2021,6,18,1800,28.0,24,78.9,5,9999.0,NO,1012.0,18,0,2021-06-18 18:00:00
2922,2021,6,18,1900,27.0,24,83.7,4,9999.0,NO,1013.0,19,0,2021-06-18 19:00:00
2923,2021,6,18,2000,26.0,24,88.7,2,9999.0,NO,1013.0,20,0,2021-06-18 20:00:00
2924,2021,6,18,2100,26.0,25,94.2,3,9999.0,NO,1014.0,21,0,2021-06-18 21:00:00
2925,2021,6,18,2200,26.0,25,94.2,3,9999.0,NO,1013.0,22,0,2021-06-18 22:00:00
2926,2021,6,18,2300,25.0,25,100.0,3,9999.0,NO,1013.0,23,0,2021-06-18 23:00:00
2927,2021,6,19,0000,26.0,25,94.2,4,9999.0,NO,1013.0,0,0,2021-06-19 00:00:00
2928,2021,6,19,0100,26.0,25,94.2,4,9999.0,NO,1013.0,1,0,2021-06-19 01:00:00
2929,2021,6,19,0200,25.0,24,94.2,0,9999.0,NO,1012.0,2,0,2021-06-19 02:00:00
2930,2021,6,19,0300,25.0,25,100.0,2,9999.0,NO,1012.0,3,0,2021-06-19 03:00:00
2931,2021,6,19,0400,25.0,25,100.0,1,9999.0,NO,1012.0,4,0,2021-06-19 04:00:00
2932,2021,6,19,0500,25.0,25,100.0,1,9999.0,NO,1013.0,5,0,2021-06-19 05:00:00
2933,2021,6,19,0600,25.0,25,100.0,2,4000.0,YES,1013.0,6,0,2021-06-19 06:00:00
2934,2021,6,19,0700,26.0,25,94.2,0,4000.0,YES,1014.0,7,0,2021-06-19 07:00:00
2935,2021,6,19,0800,27.0,25,88.8,2,6000.0,YES,1015.0,8,0,2021-06-19 08:00:00
2936,2021,6,19,0900,28.0,25,83.8,2,9999.0,YES,1015.0,9,0,2021-06-19 09:00:00
2937,2021,6,19,1000,28.0,25,83.8,4,9999.0,YES,1014.0,10,0,2021-06-19 10:00:00
2938,2021,6,19,1100,26.0,25,94.2,9,2500.0,YES,1014.0,11,0,2021-06-19 11:00:00
2939,2021,6,19,1200,26.0,25,94.2,7,8000.0,YES,1013.0,12,0,2021-06-19 12:00:00
2940,2021,6,19,1300,27.0,24,83.7,4,7000.0,YES,1012.0,13,0,2021-06-19 13:00:00
2941,2021,6,19,1400,27.0,24,83.7,7,9999.0,NO,1012.0,14,0,2021-06-19 14:00:00
2942,2021,6,19,1500,28.0,25,83.8,7,9999.0,NO,1012.0,15,0,2021-06-19 15:00:00
2943,2021,6,19,1600,29.0,25,79.0,5,9999.0,NO,1011.0,16,0,2021-06-19 16:00:00
2944,2021,6,19,1700,27.0,25,88.8,4,9999.0,NO,1011.0,17,0,2021-06-19 17:00:00
2945,2021,6,19,1800,27.0,25,88.8,2,9999.0,NO,1012.0,18,0,2021-06-19 18:00:00
2946,2021,6,19,1900,27.0,25,88.8,2,9999.0,NO,1013.0,19,0,2021-06-19 19:00:00
2947,2021,6,19,2000,26.0,25,94.2,2,9999.0,NO,1013.0,20,0,2021-06-19 20:00:00
2948,2021,6,19,2100,25.0,25,100.0,0,9999.0,NO,1014.0,21,0,2021-06-19 21:00:00
2949,2021,6,19,2200,25.0,24,94.2,1,9999.0,NO,1014.0,22,0,2021-06-19 22:00:00
2950,2021,6,19,2300,25.0,24,94.2,1,8000.0,NO,1014.0,23,0,2021-06-19 23:00:00
2951,2021,6,20,0000,25.0,24,94.2,3,8000.0,NO,1014.0,0,0,2021-06-20 00:00:00
2952,2021,6,20,0100,25.0,24,94.2,4,8000.0,NO,1013.0,1,0,2021-06-20 01:00:00
2953,2021,6,20,0200,25.0,25,100.0,4,3000.0,NO,1013.0,2,0,2021-06-20 02:00:00
2954,2021,6,20,0300,25.0,25,100.0,3,3200.0,NO,1013.0,3,0,2021-06-20 03:00:00
2955,2021,6,20,0400,25.0,25,100.0,3,3000.0,NO,1013.0,4,0,2021-06-20 04:00:00
2956,2021,6,20,0500,25.0,25,100.0,4,3000.0,NO,1013.0,5,0,2021-06-20 05:00:00
2957,2021,6,20,0600,25.0,25,100.0,0,3000.0,NO,1014.0,6,0,2021-06-20 06:00:00
2958,2021,6,20,0700,25.0,25,100.0,1,4000.0,NO,1014.0,7,0,2021-06-20 07:00:00
2959,2021,6,20,0800,28.0,25,83.8,3,6000.0,NO,1014.0,8,0,2021-06-20 08:00:00
2960,2021,6,20,0900,30.0,24,70.3,2,8000.0,NO,1015.0,9,0,2021-06-20 09:00:00
2961,2021,6,20,1000,30.0,25,74.6,4,9999.0,NO,1015.0,10,0,2021-06-20 10:00:00
2962,2021,6,20,1100,32.0,23,59.0,4,9999.0,NO,1013.0,11,0,2021-06-20 11:00:00
2963,2021,6,20,1200,32.0,24,62.7,3,9999.0,NO,1013.0,12,0,2021-06-20 12:00:00
2964,2021,6,20,1300,32.0,24,62.7,3,9999.0,NO,1012.0,13,0,2021-06-20 13:00:00
2965,2021,6,20,1400,32.0,24,62.7,8,9999.0,NO,1011.0,14,0,2021-06-20 14:00:00
2966,2021,6,20,1500,31.0,25,70.4,7,9999.0,NO,1010.0,15,0,2021-06-20 15:00:00
2967,2021,6,20,1600,30.0,25,74.6,7,9999.0,NO,1010.0,16,0,2021-06-20 16:00:00
2968,2021,6,20,1700,29.0,25,79.0,6,9999.0,NO,1010.0,17,0,2021-06-20 17:00:00
2969,2021,6,20,1800,28.0,25,83.8,4,9999.0,NO,1011.0,18,0,2021-06-20 18:00:00
2970,2021,6,20,1900,27.0,25,88.8,5,9999.0,NO,1012.0,19,0,2021-06-20 19:00:00
2971,2021,6,20,2000,27.0,25,88.8,2,9999.0,NO,1013.0,20,0,2021-06-20 20:00:00
2972,2021,6,20,2100,27.0,25,88.8,1,9999.0,NO,1013.0,21,0,2021-06-20 21:00:00
2973,2021,6,20,2200,27.0,25,88.8,2,9999.0,YES,1013.0,22,0,2021-06-20 22:00:00
2974,2021,6,20,2300,26.0,25,94.2,2,9999.0,NO,1013.0,23,0,2021-06-20 23:00:00
2975,2021,6,21,0000,26.0,25,94.2,0,9999.0,NO,1012.0,0,0,2021-06-21 00:00:00
2976,2021,6,21,0100,26.0,25,94.2,0,9999.0,NO,1012.0,1,0,2021-06-21 01:00:00
2977,2021,6,21,0200,26.0,25,94.2,4,9999.0,NO,1012.0,2,0,2021-06-21 02:00:00
2978,2021,6,21,0300,26.0,25,94.2,3,9999.0,NO,1012.0,3,0,2021-06-21 03:00:00
2979,2021,6,21,0400,25.0,24,94.2,2,9999.0,NO,1012.0,4,0,2021-06-21 04:00:00
2980,2021,6,21,0500,25.0,25,100.0,0,6000.0,NO,1012.0,5,0,2021-06-21 05:00:00
2981,2021,6,21,0600,26.0,25,94.2,2,3500.0,YES,1013.0,6,0,2021-06-21 06:00:00
2982,2021,6,21,0700,26.0,24,88.7,2,4000.0,YES,1014.0,7,0,2021-06-21 07:00:00
2983,2021,6,21,0800,26.0,24,88.7,4,4000.0,YES,1014.0,8,0,2021-06-21 08:00:00
2984,2021,6,21,0900,26.0,25,94.2,2,4000.0,YES,1015.0,9,0,2021-06-21 09:00:00
2985,2021,6,21,1000,26.0,25,94.2,4,6000.0,YES,1014.0,10,0,2021-06-21 10:00:00
2986,2021,6,21,1100,26.0,25,94.2,4,6000.0,YES,1014.0,11,0,2021-06-21 11:00:00
2987,2021,6,21,1200,26.0,25,94.2,5,6000.0,YES,1014.0,12,0,2021-06-21 12:00:00
2988,2021,6,21,1300,25.0,25,100.0,7,7000.0,YES,1013.0,13,0,2021-06-21 13:00:00
2989,2021,6,21,1400,25.0,25,100.0,10,800.0,YES,1013.0,14,0,2021-06-21 14:00:00
2990,2021,6,21,1500,23.0,23,100.0,2,8000.0,YES,1014.0,15,0,2021-06-21 15:00:00
2991,2021,6,21,1600,23.0,23,100.0,4,7000.0,YES,1013.0,16,0,2021-06-21 16:00:00
2992,2021,6,21,1700,23.0,23,100.0,2,7000.0,YES,1013.0,17,0,2021-06-21 17:00:00
2993,2021,6,21,1800,23.0,23,100.0,3,8000.0,YES,1013.0,18,0,2021-06-21 18:00:00
2994,2021,6,21,1900,23.0,22,94.1,0,7000.0,YES,1013.0,19,0,2021-06-21 19:00:00
2995,2021,6,21,2000,23.0,22,94.1,3,7000.0,YES,1013.0,20,0,2021-06-21 20:00:00
2996,2021,6,21,2100,23.0,22,94.1,7,8000.0,YES,1014.0,21,0,2021-06-21 21:00:00
2997,2021,6,21,2200,22.0,22,100.0,8,8000.0,YES,1014.0,22,0,2021-06-21 22:00:00
2998,2021,6,21,2300,23.0,22,94.1,5,8000.0,NO,1014.0,23,0,2021-06-21 23:00:00
2999,2021,6,22,0000,23.0,22,94.1,0,8000.0,NO,1014.0,0,0,2021-06-22 00:00:00
3000,2021,6,22,0100,22.0,22,100.0,2,8000.0,NO,1013.0,1,0,2021-06-22 01:00:00
3001,2021,6,22,0200,23.0,22,94.1,3,8000.0,NO,1012.0,2,0,2021-06-22 02:00:00
3002,2021,6,22,0300,23.0,22,94.1,3,8000.0,NO,1012.0,3,0,2021-06-22 03:00:00
3003,2021,6,22,0400,23.0,22,94.1,3,8000.0,NO,1012.0,4,0,2021-06-22 04:00:00
3004,2021,6,22,0500,23.0,22,94.1,3,7000.0,NO,1013.0,5,0,2021-06-22 05:00:00
3005,2021,6,22,0600,23.0,22,94.1,3,7000.0,NO,1013.0,6,0,2021-06-22 06:00:00
3006,2021,6,22,0700,23.0,23,100.0,2,6000.0,NO,1014.0,7,0,2021-06-22 07:00:00
3007,2021,6,22,0800,25.0,23,88.7,4,8000.0,NO,1014.0,8,0,2021-06-22 08:00:00
3008,2021,6,22,0900,27.0,23,78.8,2,9999.0,NO,1014.0,9,0,2021-06-22 09:00:00
3009,2021,6,22,1000,29.0,23,70.1,3,9999.0,NO,1014.0,10,0,2021-06-22 10:00:00
3010,2021,6,22,1100,29.0,24,74.4,4,9999.0,NO,1014.0,11,0,2021-06-22 11:00:00
3011,2021,6,22,1200,28.0,23,74.3,4,9999.0,NO,1013.0,12,0,2021-06-22 12:00:00
3012,2021,6,22,1300,29.0,24,74.4,6,9999.0,NO,1012.0,13,0,2021-06-22 13:00:00
3013,2021,6,22,1400,30.0,24,70.3,6,9999.0,NO,1011.0,14,0,2021-06-22 14:00:00
3014,2021,6,22,1500,30.0,23,66.2,7,9999.0,NO,1010.0,15,0,2021-06-22 15:00:00
3015,2021,6,22,1600,29.0,24,74.4,7,9999.0,NO,1010.0,16,0,2021-06-22 16:00:00
3016,2021,6,22,1700,27.0,23,78.8,4,9999.0,NO,1011.0,17,0,2021-06-22 17:00:00
3017,2021,6,22,1800,26.0,24,88.7,3,9999.0,NO,1012.0,18,0,2021-06-22 18:00:00
3018,2021,6,22,1900,26.0,24,88.7,3,9999.0,NO,1012.0,19,0,2021-06-22 19:00:00
3019,2021,6,22,2000,26.0,24,88.7,2,9999.0,NO,1012.0,20,0,2021-06-22 20:00:00
3020,2021,6,22,2100,25.0,24,94.2,2,9999.0,NO,1013.0,21,0,2021-06-22 21:00:00
3021,2021,6,22,2200,25.0,24,94.2,2,9999.0,NO,1013.0,22,0,2021-06-22 22:00:00
3022,2021,6,22,2300,25.0,24,94.2,2,9999.0,NO,1013.0,23,0,2021-06-22 23:00:00
3023,2021,6,23,0000,25.0,24,94.2,5,9999.0,NO,1012.0,0,0,2021-06-23 00:00:00
3024,2021,6,23,0100,25.0,24,94.2,2,9999.0,YES,1012.0,1,0,2021-06-23 01:00:00
3025,2021,6,23,0200,24.0,23,94.1,6,6000.0,YES,1012.0,2,0,2021-06-23 02:00:00
3026,2021,6,23,0300,23.0,23,100.0,4,6000.0,YES,1012.0,3,0,2021-06-23 03:00:00
3027,2021,6,23,0400,24.0,24,100.0,2,6000.0,YES,1012.0,4,0,2021-06-23 04:00:00
3028,2021,6,23,0500,24.0,24,100.0,5,6000.0,YES,1012.0,5,0,2021-06-23 05:00:00
3029,2021,6,23,0600,24.0,23,94.1,4,6000.0,YES,1013.0,6,0,2021-06-23 06:00:00
3030,2021,6,23,0700,24.0,23,94.1,4,8000.0,YES,1013.0,7,0,2021-06-23 07:00:00
3031,2021,6,23,0800,24.0,23,94.1,4,8000.0,YES,1014.0,8,0,2021-06-23 08:00:00
3032,2021,6,23,0900,26.0,24,88.7,3,8000.0,YES,1015.0,9,0,2021-06-23 09:00:00
3033,2021,6,23,1000,26.0,23,83.6,3,8000.0,NO,1014.0,10,0,2021-06-23 10:00:00
3034,2021,6,23,1100,27.0,24,83.7,3,7000.0,YES,1014.0,11,0,2021-06-23 11:00:00
3035,2021,6,23,1200,27.0,24,83.7,3,8000.0,YES,1013.0,12,0,2021-06-23 12:00:00
3036,2021,6,23,1300,29.0,24,74.4,7,9999.0,NO,1012.0,13,0,2021-06-23 13:00:00
3037,2021,6,23,1400,29.0,24,74.4,9,9999.0,NO,1011.0,14,0,2021-06-23 14:00:00
3038,2021,6,23,1500,29.0,24,74.4,10,9999.0,NO,1010.0,15,0,2021-06-23 15:00:00
3039,2021,6,23,1600,28.0,23,74.3,8,9999.0,YES,1011.0,16,0,2021-06-23 16:00:00
3040,2021,6,23,1700,26.0,24,88.7,5,9999.0,YES,1011.0,17,0,2021-06-23 17:00:00
3041,2021,6,23,1800,26.0,24,88.7,4,8000.0,YES,1012.0,18,0,2021-06-23 18:00:00
3042,2021,6,23,1900,26.0,25,94.2,2,8000.0,NO,1013.0,19,0,2021-06-23 19:00:00
3043,2021,6,23,2000,25.0,24,94.2,2,8000.0,YES,1014.0,20,0,2021-06-23 20:00:00
3044,2021,6,23,2100,25.0,24,94.2,0,8000.0,YES,1014.0,21,0,2021-06-23 21:00:00
3045,2021,6,23,2200,25.0,24,94.2,4,7000.0,YES,1014.0,22,0,2021-06-23 22:00:00
3046,2021,6,23,2300,25.0,24,94.2,3,8000.0,YES,1014.0,23,0,2021-06-23 23:00:00
3047,2021,6,24,0000,25.0,24,94.2,2,8000.0,YES,1014.0,0,0,2021-06-24 00:00:00
3048,2021,6,24,0100,25.0,24,94.2,2,8000.0,YES,1013.0,1,0,2021-06-24 01:00:00
3049,2021,6,24,0200,25.0,24,94.2,2,6000.0,YES,1013.0,2,0,2021-06-24 02:00:00
3050,2021,6,24,0300,25.0,24,94.2,2,6000.0,YES,1012.0,3,0,2021-06-24 03:00:00
3051,2021,6,24,0400,25.0,24,94.2,2,6000.0,YES,1012.0,4,0,2021-06-24 04:00:00
3052,2021,6,24,0500,25.0,24,94.2,0,6000.0,NO,1012.0,5,0,2021-06-24 05:00:00
3053,2021,6,24,0600,23.0,23,100.0,0,6000.0,YES,1013.0,6,0,2021-06-24 06:00:00
3054,2021,6,24,0700,23.0,23,100.0,3,6000.0,NO,1014.0,7,0,2021-06-24 07:00:00
3055,2021,6,24,0800,25.0,23,88.7,2,7000.0,NO,1015.0,8,0,2021-06-24 08:00:00
3056,2021,6,24,0900,26.0,23,83.6,5,9999.0,NO,1014.0,9,0,2021-06-24 09:00:00
3057,2021,6,24,1000,29.0,24,74.4,3,9999.0,NO,1014.0,10,0,2021-06-24 10:00:00
3058,2021,6,24,1100,31.0,24,66.4,4,9999.0,NO,1013.0,11,0,2021-06-24 11:00:00
3059,2021,6,24,1200,30.0,24,70.3,6,9999.0,NO,1012.0,12,0,2021-06-24 12:00:00
3060,2021,6,24,1300,31.0,24,66.4,4,9999.0,NO,1010.0,13,0,2021-06-24 13:00:00
3061,2021,6,24,1400,31.0,24,66.4,8,9999.0,NO,1010.0,14,0,2021-06-24 14:00:00
3062,2021,6,24,1500,32.0,24,62.7,8,9999.0,NO,1009.0,15,0,2021-06-24 15:00:00
3063,2021,6,24,1600,31.0,25,70.4,8,9999.0,NO,1009.0,16,0,2021-06-24 16:00:00
3064,2021,6,24,1700,29.0,24,74.4,4,9999.0,NO,1010.0,17,0,2021-06-24 17:00:00
3065,2021,6,24,1800,28.0,24,78.9,3,9999.0,NO,1010.0,18,0,2021-06-24 18:00:00
3066,2021,6,24,1900,27.0,24,83.7,3,9999.0,NO,1011.0,19,0,2021-06-24 19:00:00
3067,2021,6,24,2000,26.0,24,88.7,2,9999.0,NO,1012.0,20,0,2021-06-24 20:00:00
3068,2021,6,24,2100,24.0,24,100.0,2,9999.0,NO,1012.0,21,0,2021-06-24 21:00:00
3069,2021,6,24,2200,24.0,24,100.0,0,9999.0,NO,1012.0,22,0,2021-06-24 22:00:00
3070,2021,6,24,2300,24.0,24,100.0,2,9999.0,NO,1013.0,23,0,2021-06-24 23:00:00
3071,2021,6,25,0000,25.0,24,94.2,2,9999.0,NO,1012.0,0,0,2021-06-25 00:00:00
3072,2021,6,25,0100,25.0,24,94.2,3,9999.0,NO,1012.0,1,0,2021-06-25 01:00:00
3073,2021,6,25,0200,25.0,24,94.2,2,9999.0,NO,1012.0,2,0,2021-06-25 02:00:00
3074,2021,6,25,0300,25.0,24,94.2,4,9999.0,NO,1012.0,3,0,2021-06-25 03:00:00
3075,2021,6,25,0400,24.0,24,100.0,4,7000.0,YES,1012.0,4,0,2021-06-25 04:00:00
3076,2021,6,25,0500,25.0,24,94.2,3,9999.0,NO,1012.0,5,0,2021-06-25 05:00:00
3077,2021,6,25,0600,25.0,24,94.2,4,8000.0,YES,1012.0,6,0,2021-06-25 06:00:00
3078,2021,6,25,0700,26.0,24,88.7,2,9999.0,NO,1012.0,7,0,2021-06-25 07:00:00
3079,2021,6,25,0800,29.0,24,74.4,2,9999.0,NO,1013.0,8,0,2021-06-25 08:00:00
3080,2021,6,25,0900,28.0,25,83.8,3,9999.0,NO,1013.0,9,0,2021-06-25 09:00:00
3081,2021,6,25,1000,29.0,25,79.0,2,9999.0,NO,1013.0,10,0,2021-06-25 10:00:00
3082,2021,6,25,1100,31.0,25,70.4,2,9999.0,NO,1012.0,11,0,2021-06-25 11:00:00
3083,2021,6,25,1200,31.0,26,74.8,4,9999.0,NO,1011.0,12,0,2021-06-25 12:00:00
3084,2021,6,25,1300,31.0,26,74.8,6,9999.0,NO,1010.0,13,0,2021-06-25 13:00:00
3085,2021,6,25,1400,32.0,25,66.6,5,9999.0,NO,1009.0,14,0,2021-06-25 14:00:00
3086,2021,6,25,1500,31.0,25,70.4,7,9999.0,NO,1009.0,15,0,2021-06-25 15:00:00
3087,2021,6,25,1600,30.0,25,74.6,7,9999.0,YES,1008.0,16,0,2021-06-25 16:00:00
3088,2021,6,25,1700,29.0,25,79.0,8,9999.0,YES,1009.0,17,0,2021-06-25 17:00:00
3089,2021,6,25,1800,28.0,25,83.8,4,9999.0,NO,1010.0,18,0,2021-06-25 18:00:00
3090,2021,6,25,1900,28.0,25,83.8,4,9999.0,NO,1010.0,19,0,2021-06-25 19:00:00
3091,2021,6,25,2000,27.0,25,88.8,2,9999.0,NO,1011.0,20,0,2021-06-25 20:00:00
3092,2021,6,25,2100,27.0,25,88.8,3,9999.0,NO,1012.0,21,0,2021-06-25 21:00:00
3093,2021,6,25,2200,27.0,25,88.8,3,9999.0,NO,1012.0,22,0,2021-06-25 22:00:00
3094,2021,6,25,2300,26.0,24,88.7,3,9999.0,YES,1012.0,23,0,2021-06-25 23:00:00
3095,2021,6,26,0000,26.0,23,83.6,4,9999.0,YES,1012.0,0,0,2021-06-26 00:00:00
3096,2021,6,26,0100,25.0,23,88.7,5,9999.0,YES,1011.0,1,0,2021-06-26 01:00:00
3097,2021,6,26,0200,25.0,23,88.7,4,9999.0,YES,1011.0,2,0,2021-06-26 02:00:00
3098,2021,6,26,0300,24.0,23,94.1,5,9999.0,YES,1010.0,3,0,2021-06-26 03:00:00
3099,2021,6,26,0400,24.0,23,94.1,1,9999.0,NO,1010.0,4,0,2021-06-26 04:00:00
3100,2021,6,26,0500,24.0,23,94.1,0,8000.0,NO,1010.0,5,0,2021-06-26 05:00:00
3101,2021,6,26,0600,25.0,24,94.2,3,3000.0,NO,1011.0,6,0,2021-06-26 06:00:00
3102,2021,6,26,0700,26.0,24,88.7,4,8000.0,NO,1011.0,7,0,2021-06-26 07:00:00
3103,2021,6,26,0800,27.0,25,88.8,4,9999.0,NO,1011.0,8,0,2021-06-26 08:00:00
3104,2021,6,26,0900,29.0,25,79.0,2,9999.0,NO,1012.0,9,0,2021-06-26 09:00:00
3105,2021,6,26,1000,30.0,25,74.6,4,9999.0,NO,1011.0,10,0,2021-06-26 10:00:00
3106,2021,6,26,1100,31.0,24,66.4,4,9999.0,NO,1011.0,11,0,2021-06-26 11:00:00
3107,2021,6,26,1200,32.0,24,62.7,3,9999.0,NO,1010.0,12,0,2021-06-26 12:00:00
3108,2021,6,26,1300,31.0,25,70.4,6,9999.0,NO,1009.0,13,0,2021-06-26 13:00:00
3109,2021,6,26,1400,32.0,25,66.6,7,9999.0,NO,1009.0,14,0,2021-06-26 14:00:00
3110,2021,6,26,1500,30.0,26,79.2,7,9999.0,NO,1008.0,15,0,2021-06-26 15:00:00
3111,2021,6,26,1600,30.0,26,79.2,7,9999.0,NO,1008.0,16,0,2021-06-26 16:00:00
3112,2021,6,26,1700,28.0,25,83.8,7,9999.0,YES,1009.0,17,0,2021-06-26 17:00:00
3113,2021,6,26,1800,28.0,25,83.8,5,9999.0,YES,1009.0,18,0,2021-06-26 18:00:00
3114,2021,6,26,1900,27.0,24,83.7,5,9999.0,NO,1009.0,19,0,2021-06-26 19:00:00
3115,2021,6,26,2000,27.0,24,83.7,4,9999.0,NO,1010.0,20,0,2021-06-26 20:00:00
3116,2021,6,26,2100,28.0,25,83.8,3,9999.0,NO,1011.0,21,0,2021-06-26 21:00:00
3117,2021,6,26,2200,27.0,25,88.8,2,9999.0,NO,1011.0,22,0,2021-06-26 22:00:00
3118,2021,6,26,2300,27.0,25,88.8,3,9999.0,YES,1011.0,23,0,2021-06-26 23:00:00
3119,2021,6,27,0000,26.0,24,88.7,5,9999.0,YES,1011.0,0,0,2021-06-27 00:00:00
3120,2021,6,27,0100,26.0,24,88.7,2,9999.0,YES,1010.0,1,0,2021-06-27 01:00:00
3121,2021,6,27,0200,26.0,24,88.7,0,9999.0,YES,1010.0,2,0,2021-06-27 02:00:00
3122,2021,6,27,0300,26.0,24,88.7,2,8000.0,NO,1010.0,3,0,2021-06-27 03:00:00
3123,2021,6,27,0400,25.0,24,94.2,3,8000.0,YES,1010.0,4,0,2021-06-27 04:00:00
3124,2021,6,27,0500,25.0,24,94.2,2,8000.0,YES,1011.0,5,0,2021-06-27 05:00:00
3125,2021,6,27,0600,25.0,24,94.2,2,8000.0,YES,1011.0,6,0,2021-06-27 06:00:00
3126,2021,6,27,0700,25.0,25,100.0,4,8000.0,YES,1012.0,7,0,2021-06-27 07:00:00
3127,2021,6,27,0800,26.0,25,94.2,4,8000.0,YES,1013.0,8,0,2021-06-27 08:00:00
3128,2021,6,27,0900,27.0,25,88.8,3,9999.0,YES,1013.0,9,0,2021-06-27 09:00:00
3129,2021,6,27,1000,27.0,25,88.8,4,8000.0,YES,1013.0,10,0,2021-06-27 10:00:00
3130,2021,6,27,1100,27.0,25,88.8,5,9999.0,NO,1012.0,11,0,2021-06-27 11:00:00
3131,2021,6,27,1200,29.0,25,79.0,5,9999.0,NO,1011.0,12,0,2021-06-27 12:00:00
3132,2021,6,27,1300,29.0,24,74.4,5,9999.0,NO,1010.0,13,0,2021-06-27 13:00:00
3133,2021,6,27,1400,26.0,25,94.2,6,8000.0,YES,1010.0,14,0,2021-06-27 14:00:00
3134,2021,6,27,1500,25.0,23,88.7,6,,YES,1012.0,15,0,2021-06-27 15:00:00
3135,2021,6,27,1600,22.0,21,94.1,5,8000.0,YES,1009.0,16,0,2021-06-27 16:00:00
3136,2021,6,27,1700,23.0,22,94.1,4,8000.0,YES,1009.0,17,0,2021-06-27 17:00:00
3137,2021,6,27,1800,22.0,22,100.0,3,9999.0,YES,1010.0,18,0,2021-06-27 18:00:00
3138,2021,6,27,1900,22.0,22,100.0,4,9999.0,NO,1010.0,19,0,2021-06-27 19:00:00
3139,2021,6,27,2000,22.0,22,100.0,4,9999.0,NO,1012.0,20,0,2021-06-27 20:00:00
3140,2021,6,27,2100,23.0,22,94.1,3,9999.0,NO,1012.0,21,0,2021-06-27 21:00:00
3141,2021,6,27,2200,22.0,22,100.0,2,9999.0,NO,1012.0,22,0,2021-06-27 22:00:00
3142,2021,6,27,2300,22.0,22,100.0,3,9999.0,NO,1012.0,23,0,2021-06-27 23:00:00
3143,2021,6,28,0000,22.0,22,100.0,2,9999.0,NO,1012.0,0,0,2021-06-28 00:00:00
3144,2021,6,28,0100,22.0,22,100.0,2,9999.0,NO,1012.0,1,0,2021-06-28 01:00:00
3145,2021,6,28,0200,22.0,22,100.0,2,9999.0,NO,1012.0,2,0,2021-06-28 02:00:00
3146,2021,6,28,0300,22.0,22,100.0,3,9999.0,NO,1012.0,3,0,2021-06-28 03:00:00
3147,2021,6,28,0400,23.0,23,100.0,5,9999.0,NO,1012.0,4,0,2021-06-28 04:00:00
3148,2021,6,28,0500,23.0,23,100.0,0,9999.0,NO,1012.0,5,0,2021-06-28 05:00:00
3149,2021,6,28,0600,23.0,23,100.0,2,4000.0,NO,1013.0,6,0,2021-06-28 06:00:00
3150,2021,6,28,0700,24.0,24,100.0,4,4000.0,NO,1014.0,7,0,2021-06-28 07:00:00
3151,2021,6,28,0800,25.0,23,88.7,8,6000.0,YES,1015.0,8,0,2021-06-28 08:00:00
3152,2021,6,28,1000,27.0,24,83.7,4,9999.0,NO,1015.0,10,0,2021-06-28 10:00:00
3153,2021,6,28,1100,28.0,24,78.9,4,9999.0,NO,1014.0,11,0,2021-06-28 11:00:00
3154,2021,6,28,1200,30.0,24,70.3,6,9999.0,NO,1013.0,12,0,2021-06-28 12:00:00
3155,2021,6,28,1300,30.0,24,70.3,4,9999.0,NO,1012.0,13,0,2021-06-28 13:00:00
3156,2021,6,28,1400,30.0,25,74.6,5,9999.0,NO,1012.0,14,0,2021-06-28 14:00:00
3157,2021,6,28,1500,30.0,24,70.3,5,9999.0,NO,1011.0,15,0,2021-06-28 15:00:00
3158,2021,6,28,1600,30.0,23,66.2,3,9999.0,NO,1011.0,16,0,2021-06-28 16:00:00
3159,2021,6,28,1700,28.0,24,78.9,4,9999.0,NO,1011.0,17,0,2021-06-28 17:00:00
3160,2021,6,28,1800,27.0,24,83.7,3,9999.0,NO,1012.0,18,0,2021-06-28 18:00:00
3161,2021,6,28,1900,27.0,24,83.7,2,9999.0,NO,1013.0,19,0,2021-06-28 19:00:00
3162,2021,6,28,2000,27.0,25,88.8,2,9999.0,NO,1013.0,20,0,2021-06-28 20:00:00
3163,2021,6,28,2100,25.0,25,100.0,1,9999.0,NO,1014.0,21,0,2021-06-28 21:00:00
3164,2021,6,28,2200,25.0,25,100.0,0,8000.0,YES,1014.0,22,0,2021-06-28 22:00:00
3165,2021,6,28,2300,25.0,25,100.0,6,6000.0,YES,1014.0,23,0,2021-06-28 23:00:00
3166,2021,6,29,0000,23.0,23,100.0,3,8000.0,YES,1014.0,0,0,2021-06-29 00:00:00
3167,2021,6,29,0100,23.0,22,94.1,4,8000.0,YES,1014.0,1,0,2021-06-29 01:00:00
3168,2021,6,29,0200,23.0,23,100.0,8,9999.0,YES,1013.0,2,0,2021-06-29 02:00:00
3169,2021,6,29,0300,24.0,23,94.1,4,9999.0,YES,1013.0,3,0,2021-06-29 03:00:00
3170,2021,6,29,0400,24.0,23,94.1,3,9999.0,NO,1013.0,4,0,2021-06-29 04:00:00
3171,2021,6,29,0500,23.0,23,100.0,3,6000.0,NO,1014.0,5,0,2021-06-29 05:00:00
3172,2021,6,29,0600,23.0,23,100.0,1,3000.0,NO,1015.0,6,0,2021-06-29 06:00:00
3173,2021,6,29,0700,23.0,23,100.0,0,6000.0,NO,1016.0,7,0,2021-06-29 07:00:00
3174,2021,6,29,0800,26.0,24,88.7,1,6000.0,NO,1016.0,8,0,2021-06-29 08:00:00
3175,2021,6,29,0900,27.0,25,88.8,2,8000.0,NO,1016.0,9,0,2021-06-29 09:00:00
3176,2021,6,29,1000,29.0,25,79.0,2,9999.0,NO,1015.0,10,0,2021-06-29 10:00:00
3177,2021,6,29,1100,30.0,24,70.3,6,9999.0,NO,1015.0,11,0,2021-06-29 11:00:00
3178,2021,6,29,1200,31.0,26,74.8,5,9999.0,NO,1014.0,12,0,2021-06-29 12:00:00
3179,2021,6,29,1300,32.0,24,62.7,7,9999.0,NO,1014.0,13,0,2021-06-29 13:00:00
3180,2021,6,29,1400,31.0,23,62.5,7,9999.0,NO,1013.0,14,0,2021-06-29 14:00:00
3181,2021,6,29,1500,31.0,23,62.5,7,9999.0,NO,1012.0,15,0,2021-06-29 15:00:00
3182,2021,6,29,1600,30.0,24,70.3,5,9999.0,NO,1012.0,16,0,2021-06-29 16:00:00
3183,2021,6,29,1700,29.0,23,70.1,5,9999.0,NO,1012.0,17,0,2021-06-29 17:00:00
3184,2021,6,29,1800,28.0,24,78.9,4,9999.0,NO,1013.0,18,0,2021-06-29 18:00:00
3185,2021,6,29,1900,27.0,24,83.7,4,9999.0,NO,1013.0,19,0,2021-06-29 19:00:00
3186,2021,6,29,2000,27.0,25,88.8,5,9999.0,NO,1014.0,20,0,2021-06-29 20:00:00
3187,2021,6,29,2100,27.0,25,88.8,2,9999.0,NO,1014.0,21,0,2021-06-29 21:00:00
3188,2021,6,29,2200,26.0,25,94.2,3,9999.0,NO,1015.0,22,0,2021-06-29 22:00:00
3189,2021,6,29,2300,27.0,25,88.8,3,9999.0,NO,1015.0,23,0,2021-06-29 23:00:00
3190,2021,6,30,0000,27.0,25,88.8,4,9999.0,NO,1015.0,0,0,2021-06-30 00:00:00
3191,2021,6,30,0100,26.0,24,88.7,3,9999.0,NO,1014.0,1,0,2021-06-30 01:00:00
3192,2021,6,30,0200,26.0,24,88.7,4,9999.0,NO,1014.0,2,0,2021-06-30 02:00:00
3193,2021,6,30,0300,25.0,24,94.2,4,9999.0,NO,1014.0,3,0,2021-06-30 03:00:00
3194,2021,6,30,0400,24.0,23,94.1,2,9999.0,NO,1014.0,4,0,2021-06-30 04:00:00
3195,2021,6,30,0500,23.0,23,100.0,1,6000.0,NO,1014.0,5,0,2021-06-30 05:00:00
3196,2021,6,30,0600,24.0,23,94.1,2,3500.0,NO,1015.0,6,0,2021-06-30 06:00:00
3197,2021,6,30,0800,28.0,23,74.3,4,8000.0,NO,1016.0,8,0,2021-06-30 08:00:00
3198,2021,6,30,0900,29.0,24,74.4,3,8000.0,NO,1015.0,9,0,2021-06-30 09:00:00
3199,2021,6,30,1000,29.0,24,74.4,2,8000.0,NO,1015.0,10,0,2021-06-30 10:00:00
3200,2021,6,30,1100,30.0,24,70.3,3,9999.0,NO,1015.0,11,0,2021-06-30 11:00:00
3201,2021,6,30,1200,32.0,22,55.5,6,9999.0,NO,1014.0,12,0,2021-06-30 12:00:00
3202,2021,6,30,1300,32.0,23,59.0,5,9999.0,NO,1014.0,13,0,2021-06-30 13:00:00
3203,2021,6,30,1400,32.0,23,59.0,7,9999.0,NO,1013.0,14,0,2021-06-30 14:00:00
3204,2021,6,30,1500,31.0,24,66.4,7,9999.0,NO,1012.0,15,0,2021-06-30 15:00:00
3205,2021,6,30,1600,31.0,24,66.4,7,9999.0,NO,1012.0,16,0,2021-06-30 16:00:00
3206,2021,6,30,1700,29.0,24,74.4,6,9999.0,NO,1013.0,17,0,2021-06-30 17:00:00
3207,2021,6,30,1800,28.0,24,78.9,3,9999.0,NO,1013.0,18,0,2021-06-30 18:00:00
3208,2021,6,30,1900,27.0,24,83.7,2,9999.0,NO,1013.0,19,0,2021-06-30 19:00:00
3209,2021,6,30,2000,26.0,24,88.7,2,9999.0,NO,1013.0,20,0,2021-06-30 20:00:00
3210,2021,6,30,2100,25.0,24,94.2,1,9999.0,NO,1014.0,21,0,2021-06-30 21:00:00
3211,2021,6,30,2200,25.0,24,94.2,1,9999.0,NO,1014.0,22,0,2021-06-30 22:00:00
3212,2021,6,30,2300,25.0,24,94.2,4,9999.0,NO,1014.0,23,0,2021-06-30 23:00:00
3213,2021,8,1,0000,25,24,94.2,2,7000.0,NO,1015.0,0,0,2021-08-01 00:00:00
3214,2021,8,1,0100,25,25,100.0,3,7000.0,NO,1014.0,1,0,2021-08-01 01:00:00
3215,2021,8,1,0200,25,24,94.2,3,6000.0,YES,1014.0,2,0,2021-08-01 02:00:00
3216,2021,8,1,0300,25,24,94.2,2,4000.0,YES,1014.0,3,0,2021-08-01 03:00:00
3217,2021,8,1,0400,25,24,94.2,4,6000.0,YES,1015.0,4,0,2021-08-01 04:00:00
3218,2021,8,1,0500,25,25,100.0,1,6000.0,YES,1015.0,5,0,2021-08-01 05:00:00
3219,2021,8,1,0600,24,24,100.0,2,1600.0,YES,1015.0,6,0,2021-08-01 06:00:00
3220,2021,8,1,0700,24,24,100.0,4,2800.0,YES,1017.0,7,0,2021-08-01 07:00:00
3221,2021,8,1,0800,24,24,100.0,2,2200.0,YES,1018.0,8,0,2021-08-01 08:00:00
3222,2021,8,1,0900,24,24,100.0,2,2000.0,YES,1017.0,9,0,2021-08-01 09:00:00
3223,2021,8,1,1000,24,24,100.0,1,3200.0,YES,1016.0,10,0,2021-08-01 10:00:00
3224,2021,8,1,1100,26,25,94.2,3,8000.0,YES,1015.0,11,0,2021-08-01 11:00:00
3225,2021,8,1,1200,28,25,83.8,4,8000.0,YES,1014.0,12,0,2021-08-01 12:00:00
3226,2021,8,1,1300,29,25,79.0,6,9999.0,YES,1014.0,13,0,2021-08-01 13:00:00
3227,2021,8,1,1400,28,24,78.9,6,9999.0,NO,1013.0,14,0,2021-08-01 14:00:00
3228,2021,8,1,1500,29,25,79.0,7,9999.0,NO,1013.0,15,0,2021-08-01 15:00:00
3229,2021,8,1,1600,28,24,78.9,6,9999.0,NO,1013.0,16,0,2021-08-01 16:00:00
3230,2021,8,1,1700,27,25,88.8,6,9999.0,YES,1014.0,17,0,2021-08-01 17:00:00
3231,2021,8,1,1800,27,24,83.7,6,9999.0,NO,1014.0,18,0,2021-08-01 18:00:00
3232,2021,8,1,1900,27,24,83.7,6,9999.0,NO,1015.0,19,0,2021-08-01 19:00:00
3233,2021,8,1,2000,26,24,88.7,3,9999.0,NO,1015.0,20,0,2021-08-01 20:00:00
3234,2021,8,1,2100,26,24,88.7,2,9999.0,NO,1016.0,21,0,2021-08-01 21:00:00
3235,2021,8,1,2200,25,24,94.2,2,9999.0,NO,1016.0,22,0,2021-08-01 22:00:00
3236,2021,8,1,2300,25,25,100.0,2,9999.0,NO,1015.0,23,0,2021-08-01 23:00:00
3237,2021,8,2,0000,25,25,100.0,2,9999.0,NO,1015.0,0,0,2021-08-02 00:00:00
3238,2021,8,2,0100,25,25,100.0,2,9999.0,NO,1014.0,1,0,2021-08-02 01:00:00
3239,2021,8,2,0200,25,24,94.2,5,9999.0,YES,1014.0,2,0,2021-08-02 02:00:00
3240,2021,8,2,0300,25,23,88.7,4,9000.0,YES,1014.0,3,0,2021-08-02 03:00:00
3241,2021,8,2,0400,24,23,94.1,2,9999.0,NO,1014.0,4,0,2021-08-02 04:00:00
3242,2021,8,2,0500,24,24,100.0,0,9999.0,NO,1014.0,5,0,2021-08-02 05:00:00
3243,2021,8,2,0600,24,24,100.0,2,7000.0,NO,1015.0,6,0,2021-08-02 06:00:00
3244,2021,8,2,0700,25,24,94.2,5,4000.0,NO,1015.0,7,0,2021-08-02 07:00:00
3245,2021,8,2,0800,26,24,88.7,3,8000.0,NO,1016.0,8,0,2021-08-02 08:00:00
3246,2021,8,2,0900,27,24,83.7,5,6000.0,NO,1016.0,9,0,2021-08-02 09:00:00
3247,2021,8,2,1000,28,24,78.9,6,8000.0,NO,1016.0,10,0,2021-08-02 10:00:00
3248,2021,8,2,1100,28,24,78.9,7,9999.0,NO,1015.0,11,0,2021-08-02 11:00:00
3249,2021,8,2,1200,27,24,83.7,6,9999.0,NO,1015.0,12,0,2021-08-02 12:00:00
3250,2021,8,2,1300,28,24,78.9,8,9999.0,YES,1013.0,13,0,2021-08-02 13:00:00
3251,2021,8,2,1400,26,24,88.7,6,9999.0,YES,1013.0,14,0,2021-08-02 14:00:00
3252,2021,8,2,1500,26,24,88.7,5,9999.0,YES,1013.0,15,0,2021-08-02 15:00:00
3253,2021,8,2,1600,26,24,88.7,3,9999.0,NO,1013.0,16,0,2021-08-02 16:00:00
3254,2021,8,2,1700,25,24,94.2,4,9999.0,NO,1013.0,17,0,2021-08-02 17:00:00
3255,2021,8,2,1800,25,24,94.2,2,9999.0,NO,1013.0,18,0,2021-08-02 18:00:00
3256,2021,8,2,1900,25,24,94.2,0,9999.0,YES,1014.0,19,0,2021-08-02 19:00:00
3257,2021,8,2,2100,25,24,94.2,2,4000.0,YES,1015.0,21,0,2021-08-02 21:00:00
3258,2021,8,2,2200,25,25,100.0,3,4000.0,YES,1015.0,22,0,2021-08-02 22:00:00
3259,2021,8,2,2300,25,24,94.2,2,4000.0,YES,1015.0,23,0,2021-08-02 23:00:00
3260,2021,8,3,0000,25,24,94.2,0,4000.0,YES,1014.0,0,0,2021-08-03 00:00:00
3261,2021,8,3,0100,25,24,94.2,3,3200.0,YES,1014.0,1,0,2021-08-03 01:00:00
3262,2021,8,3,0200,24,24,100.0,3,6000.0,YES,1014.0,2,0,2021-08-03 02:00:00
3263,2021,8,3,0300,24,24,100.0,1,6000.0,YES,1014.0,3,0,2021-08-03 03:00:00
3264,2021,8,3,0400,24,24,100.0,4,6000.0,YES,1014.0,4,0,2021-08-03 04:00:00
3265,2021,8,3,0500,23,23,100.0,6,4000.0,YES,1014.0,5,0,2021-08-03 05:00:00
3266,2021,8,3,0600,23,23,100.0,2,6000.0,YES,1015.0,6,0,2021-08-03 06:00:00
3267,2021,8,3,0800,23,22,94.1,1,9999.0,NO,1016.0,8,0,2021-08-03 08:00:00
3268,2021,8,3,0900,25,23,88.7,0,9999.0,NO,1016.0,9,0,2021-08-03 09:00:00
3269,2021,8,3,1000,25,23,88.7,2,9999.0,NO,1016.0,10,0,2021-08-03 10:00:00
3270,2021,8,3,1100,27,23,78.8,2,9999.0,NO,1015.0,11,0,2021-08-03 11:00:00
3271,2021,8,3,1200,27,23,78.8,2,9999.0,NO,1014.0,12,0,2021-08-03 12:00:00
3272,2021,8,3,1300,28,23,74.3,2,9999.0,NO,1013.0,13,0,2021-08-03 13:00:00
3273,2021,8,3,1400,27,24,83.7,3,9999.0,NO,1012.0,14,0,2021-08-03 14:00:00
3274,2021,8,3,1500,28,24,78.9,4,9999.0,NO,1012.0,15,0,2021-08-03 15:00:00
3275,2021,8,3,1600,28,24,78.9,5,9999.0,NO,1011.0,16,0,2021-08-03 16:00:00
3276,2021,8,3,1700,27,23,78.8,3,9999.0,NO,1012.0,17,0,2021-08-03 17:00:00
3277,2021,8,3,1800,26,23,83.6,4,9999.0,NO,1013.0,18,0,2021-08-03 18:00:00
3278,2021,8,3,1900,25,23,88.7,2,9999.0,NO,1014.0,19,0,2021-08-03 19:00:00
3279,2021,8,3,2000,25,24,94.2,2,9999.0,NO,1014.0,20,0,2021-08-03 20:00:00
3280,2021,8,3,2100,25,24,94.2,2,9999.0,NO,1015.0,21,0,2021-08-03 21:00:00
3281,2021,8,3,2200,24,23,94.1,2,9999.0,NO,1015.0,22,0,2021-08-03 22:00:00
3282,2021,8,3,2300,24,23,94.1,3,9999.0,NO,1015.0,23,0,2021-08-03 23:00:00
3283,2021,8,4,0000,24,23,94.1,2,9999.0,NO,1015.0,0,0,2021-08-04 00:00:00
3284,2021,8,4,0100,23,23,100.0,0,9999.0,NO,1014.0,1,0,2021-08-04 01:00:00
3285,2021,8,4,0200,23,23,100.0,2,9999.0,NO,1014.0,2,0,2021-08-04 02:00:00
3286,2021,8,4,0300,23,23,100.0,2,9999.0,NO,1014.0,3,0,2021-08-04 03:00:00
3287,2021,8,4,0400,24,24,100.0,3,9999.0,NO,1014.0,4,0,2021-08-04 04:00:00
3288,2021,8,4,0500,23,23,100.0,4,9999.0,NO,1014.0,5,0,2021-08-04 05:00:00
3289,2021,8,4,0600,23,23,100.0,4,3000.0,NO,1015.0,6,0,2021-08-04 06:00:00
3290,2021,8,4,0700,25,23,88.7,3,7000.0,NO,1016.0,7,0,2021-08-04 07:00:00
3291,2021,8,4,0800,27,23,78.8,2,8000.0,NO,1016.0,8,0,2021-08-04 08:00:00
3292,2021,8,4,0900,29,24,74.4,2,9999.0,NO,1016.0,9,0,2021-08-04 09:00:00
3293,2021,8,4,1000,29,24,74.4,3,9999.0,NO,1016.0,10,0,2021-08-04 10:00:00
3294,2021,8,4,1100,30,24,70.3,5,9999.0,NO,1015.0,11,0,2021-08-04 11:00:00
3295,2021,8,4,1200,30,24,70.3,6,9999.0,NO,1014.0,12,0,2021-08-04 12:00:00
3296,2021,8,4,1300,31,24,66.4,7,9999.0,NO,1013.0,13,0,2021-08-04 13:00:00
3297,2021,8,4,1400,30,24,70.3,6,9999.0,NO,1013.0,14,0,2021-08-04 14:00:00
3298,2021,8,4,1500,30,24,70.3,6,9999.0,NO,1012.0,15,0,2021-08-04 15:00:00
3299,2021,8,4,1600,29,24,74.4,7,9999.0,NO,1012.0,16,0,2021-08-04 16:00:00
3300,2021,8,4,1700,28,24,78.9,5,9999.0,NO,1012.0,17,0,2021-08-04 17:00:00
3301,2021,8,4,1800,26,24,88.7,4,9999.0,NO,1013.0,18,0,2021-08-04 18:00:00
3302,2021,8,4,1900,26,24,88.7,3,9999.0,NO,1014.0,19,0,2021-08-04 19:00:00
3303,2021,8,4,2000,25,24,94.2,2,9999.0,NO,1014.0,20,0,2021-08-04 20:00:00
3304,2021,8,4,2100,25,24,94.2,2,9999.0,NO,1015.0,21,0,2021-08-04 21:00:00
3305,2021,8,4,2200,25,25,100.0,2,9999.0,NO,1016.0,22,0,2021-08-04 22:00:00
3306,2021,8,4,2300,24,24,100.0,3,9999.0,NO,1016.0,23,0,2021-08-04 23:00:00
3307,2021,8,5,0000,24,24,100.0,1,9999.0,NO,1016.0,0,0,2021-08-05 00:00:00
3308,2021,8,5,0100,25,25,100.0,4,9999.0,NO,1015.0,1,0,2021-08-05 01:00:00
3309,2021,8,5,0200,25,25,100.0,3,8000.0,NO,1015.0,2,0,2021-08-05 02:00:00
3310,2021,8,5,0300,25,25,100.0,2,7000.0,NO,1015.0,3,0,2021-08-05 03:00:00
3311,2021,8,5,0400,25,25,100.0,2,4500.0,YES,1015.0,4,0,2021-08-05 04:00:00
3312,2021,8,5,0500,25,24,94.2,3,3800.0,NO,1015.0,5,0,2021-08-05 05:00:00
3313,2021,8,5,0600,25,24,94.2,3,2200.0,NO,1015.0,6,0,2021-08-05 06:00:00
3314,2021,8,5,0700,25,24,94.2,3,2200.0,NO,1017.0,7,0,2021-08-05 07:00:00
3315,2021,8,5,0800,28,25,83.8,1,6000.0,NO,1017.0,8,0,2021-08-05 08:00:00
3316,2021,8,5,0900,28,24,78.9,2,9999.0,YES,1017.0,9,0,2021-08-05 09:00:00
3317,2021,8,5,1000,27,25,88.8,5,6000.0,YES,1017.0,10,0,2021-08-05 10:00:00
3318,2021,8,5,1100,26,25,94.2,3,3000.0,YES,1017.0,11,0,2021-08-05 11:00:00
3319,2021,8,5,1200,27,26,94.3,5,6000.0,YES,,12,0,2021-08-05 12:00:00
3320,2021,8,5,1300,28,25,83.8,5,9999.0,NO,,13,0,2021-08-05 13:00:00
3321,2021,8,5,1400,29,24,74.4,6,9999.0,NO,1014.0,14,0,2021-08-05 14:00:00
3322,2021,8,5,1500,29,24,74.4,8,9999.0,NO,1013.0,15,0,2021-08-05 15:00:00
3323,2021,8,5,1600,28,24,78.9,6,9999.0,NO,1013.0,16,0,2021-08-05 16:00:00
3324,2021,8,5,1700,27,24,83.7,6,9999.0,NO,1013.0,17,0,2021-08-05 17:00:00
3325,2021,8,5,1800,26,24,88.7,4,9999.0,NO,1014.0,18,0,2021-08-05 18:00:00
3326,2021,8,5,1900,26,24,88.7,5,9999.0,NO,1015.0,19,0,2021-08-05 19:00:00
3327,2021,8,5,2000,26,24,88.7,6,9999.0,NO,1015.0,20,0,2021-08-05 20:00:00
3328,2021,8,5,2100,26,24,88.7,4,9999.0,NO,1016.0,21,0,2021-08-05 21:00:00
3329,2021,8,5,2200,26,24,88.7,3,9999.0,NO,1016.0,22,0,2021-08-05 22:00:00
3330,2021,8,5,2300,25,23,88.7,5,9000.0,YES,1016.0,23,0,2021-08-05 23:00:00
3331,2021,8,6,0000,25,24,94.2,2,8000.0,NO,1016.0,0,0,2021-08-06 00:00:00
3332,2021,8,6,0100,24,24,100.0,3,9999.0,NO,1015.0,1,0,2021-08-06 01:00:00
3333,2021,8,6,0200,24,23,94.1,3,9999.0,YES,1014.0,2,0,2021-08-06 02:00:00
3334,2021,8,6,0300,24,23,94.1,2,9999.0,NO,1014.0,3,0,2021-08-06 03:00:00
3335,2021,8,6,0400,24,23,94.1,3,9999.0,NO,1014.0,4,0,2021-08-06 04:00:00
3336,2021,8,6,0500,24,23,94.1,3,9999.0,NO,1015.0,5,0,2021-08-06 05:00:00
3337,2021,8,6,0600,24,23,94.1,4,7000.0,YES,1015.0,6,0,2021-08-06 06:00:00
3338,2021,8,6,0700,24,23,94.1,2,8000.0,YES,1016.0,7,0,2021-08-06 07:00:00
3339,2021,8,6,0800,25,23,88.7,5,8000.0,NO,1016.0,8,0,2021-08-06 08:00:00
3340,2021,8,6,0900,28,24,78.9,4,9999.0,NO,1016.0,9,0,2021-08-06 09:00:00
3341,2021,8,6,1000,28,24,78.9,5,9999.0,NO,1017.0,10,0,2021-08-06 10:00:00
3342,2021,8,6,1100,28,24,78.9,4,9999.0,NO,1016.0,11,0,2021-08-06 11:00:00
3343,2021,8,6,1200,30,25,74.6,6,9999.0,NO,1015.0,12,0,2021-08-06 12:00:00
3344,2021,8,6,1300,30,24,70.3,9,9999.0,NO,1014.0,13,0,2021-08-06 13:00:00
3345,2021,8,6,1400,29,24,74.4,8,9999.0,NO,1013.0,14,0,2021-08-06 14:00:00
3346,2021,8,6,1500,29,24,74.4,8,9999.0,NO,1012.0,15,0,2021-08-06 15:00:00
3347,2021,8,6,1600,27,24,83.7,5,9999.0,YES,1012.0,16,0,2021-08-06 16:00:00
3348,2021,8,6,1700,26,24,88.7,5,9999.0,NO,1013.0,17,0,2021-08-06 17:00:00
3349,2021,8,6,1800,26,24,88.7,2,9999.0,NO,1013.0,18,0,2021-08-06 18:00:00
3350,2021,8,6,1900,26,24,88.7,4,9999.0,NO,1014.0,19,0,2021-08-06 19:00:00
3351,2021,8,6,2000,26,24,88.7,3,9999.0,NO,1015.0,20,0,2021-08-06 20:00:00
3352,2021,8,6,2100,25,24,94.2,3,7000.0,YES,1016.0,21,0,2021-08-06 21:00:00
3353,2021,8,6,2200,25,24,94.2,3,7000.0,YES,1016.0,22,0,2021-08-06 22:00:00
3354,2021,8,6,2300,24,24,100.0,3,9999.0,NO,1015.0,23,0,2021-08-06 23:00:00
3355,2021,8,7,0000,24,24,100.0,2,9999.0,NO,1015.0,0,0,2021-08-07 00:00:00
3356,2021,8,7,0100,24,24,100.0,2,9999.0,NO,1014.0,1,0,2021-08-07 01:00:00
3357,2021,8,7,0200,24,24,100.0,1,9999.0,NO,1013.0,2,0,2021-08-07 02:00:00
3358,2021,8,7,0300,24,24,100.0,3,9999.0,NO,1013.0,3,0,2021-08-07 03:00:00
3359,2021,8,7,0400,24,24,100.0,4,8000.0,NO,1014.0,4,0,2021-08-07 04:00:00
3360,2021,8,7,0500,24,24,100.0,5,7000.0,NO,1014.0,5,0,2021-08-07 05:00:00
3361,2021,8,7,0600,24,24,100.0,5,4000.0,NO,1015.0,6,0,2021-08-07 06:00:00
3362,2021,8,7,0700,25,24,94.2,4,4000.0,NO,1015.0,7,0,2021-08-07 07:00:00
3363,2021,8,7,0800,28,24,78.9,2,8000.0,NO,1016.0,8,0,2021-08-07 08:00:00
3364,2021,8,7,0900,29,24,74.4,3,9999.0,NO,1016.0,9,0,2021-08-07 09:00:00
3365,2021,8,7,1000,29,24,74.4,6,9999.0,NO,1015.0,10,0,2021-08-07 10:00:00
3366,2021,8,7,1100,29,24,74.4,8,9999.0,NO,1015.0,11,0,2021-08-07 11:00:00
3367,2021,8,7,1200,31,24,66.4,6,9999.0,NO,1014.0,12,0,2021-08-07 12:00:00
3368,2021,8,7,1300,30,24,70.3,7,9999.0,NO,1013.0,13,0,2021-08-07 13:00:00
3369,2021,8,7,1400,28,24,78.9,5,9999.0,NO,1012.0,14,0,2021-08-07 14:00:00
3370,2021,8,7,1500,29,24,74.4,7,9999.0,NO,1012.0,15,0,2021-08-07 15:00:00
3371,2021,8,7,1600,28,24,78.9,7,9999.0,NO,1012.0,16,0,2021-08-07 16:00:00
3372,2021,8,7,1700,27,24,83.7,6,9999.0,NO,1012.0,17,0,2021-08-07 17:00:00
3373,2021,8,7,1800,27,24,83.7,5,9999.0,NO,1013.0,18,0,2021-08-07 18:00:00
3374,2021,8,7,1900,26,24,88.7,4,9999.0,NO,1014.0,19,0,2021-08-07 19:00:00
3375,2021,8,7,2000,26,24,88.7,4,9999.0,NO,1015.0,20,0,2021-08-07 20:00:00
3376,2021,8,7,2100,25,24,94.2,4,9999.0,NO,1015.0,21,0,2021-08-07 21:00:00
3377,2021,8,7,2200,25,24,94.2,2,9999.0,NO,1015.0,22,0,2021-08-07 22:00:00
3378,2021,8,7,2300,25,24,94.2,2,9999.0,NO,1015.0,23,0,2021-08-07 23:00:00
3379,2021,8,8,0000,25,24,94.2,1,9999.0,NO,1014.0,0,0,2021-08-08 00:00:00
3380,2021,8,8,0100,25,24,94.2,4,9999.0,NO,1014.0,1,0,2021-08-08 01:00:00
3381,2021,8,8,0200,25,24,94.2,4,9999.0,NO,1014.0,2,0,2021-08-08 02:00:00
3382,2021,8,8,0300,25,24,94.2,3,9999.0,NO,1014.0,3,0,2021-08-08 03:00:00
3383,2021,8,8,0400,25,24,94.2,2,9999.0,NO,1014.0,4,0,2021-08-08 04:00:00
3384,2021,8,8,0500,24,24,100.0,4,9999.0,NO,1014.0,5,0,2021-08-08 05:00:00
3385,2021,8,8,0600,25,24,94.2,2,2000.0,YES,1015.0,6,0,2021-08-08 06:00:00
3386,2021,8,8,0700,25,24,94.2,4,3800.0,YES,1016.0,7,0,2021-08-08 07:00:00
3387,2021,8,8,0800,24,24,100.0,3,6000.0,YES,1017.0,8,0,2021-08-08 08:00:00
3388,2021,8,8,0900,26,24,88.7,0,8000.0,YES,1017.0,9,0,2021-08-08 09:00:00
3389,2021,8,8,1000,23,23,100.0,2,4200.0,YES,1017.0,10,0,2021-08-08 10:00:00
3390,2021,8,8,1100,25,23,88.7,2,6000.0,YES,1016.0,11,0,2021-08-08 11:00:00
3391,2021,8,8,1200,26,24,88.7,4,9999.0,NO,1016.0,12,0,2021-08-08 12:00:00
3392,2021,8,8,1300,28,24,78.9,5,9999.0,NO,1015.0,13,0,2021-08-08 13:00:00
3393,2021,8,8,1400,26,24,88.7,3,3200.0,YES,1014.0,14,0,2021-08-08 14:00:00
3394,2021,8,8,1500,25,24,94.2,3,3200.0,YES,1013.0,15,0,2021-08-08 15:00:00
3395,2021,8,8,1600,25,23,88.7,3,9999.0,NO,1013.0,16,0,2021-08-08 16:00:00
3396,2021,8,8,1700,25,23,88.7,4,9999.0,NO,1014.0,17,0,2021-08-08 17:00:00
3397,2021,8,8,1800,25,23,88.7,3,9999.0,NO,1014.0,18,0,2021-08-08 18:00:00
3398,2021,8,8,1900,25,23,88.7,3,9999.0,NO,1015.0,19,0,2021-08-08 19:00:00
3399,2021,8,8,2000,25,23,88.7,3,9999.0,NO,1016.0,20,0,2021-08-08 20:00:00
3400,2021,8,8,2100,24,24,100.0,3,9999.0,NO,1016.0,21,0,2021-08-08 21:00:00
3401,2021,8,8,2200,24,24,100.0,0,9999.0,NO,1016.0,22,0,2021-08-08 22:00:00
3402,2021,8,8,2300,24,24,100.0,2,9999.0,NO,1016.0,23,0,2021-08-08 23:00:00
3403,2021,8,9,0000,24,24,100.0,4,9999.0,NO,1015.0,0,0,2021-08-09 00:00:00
3404,2021,8,9,0100,24,23,94.1,4,9999.0,NO,1015.0,1,0,2021-08-09 01:00:00
3405,2021,8,9,0200,24,23,94.1,2,9999.0,NO,1014.0,2,0,2021-08-09 02:00:00
3406,2021,8,9,0300,24,23,94.1,2,9999.0,NO,1014.0,3,0,2021-08-09 03:00:00
3407,2021,8,9,0400,23,23,100.0,2,6000.0,NO,1014.0,4,0,2021-08-09 04:00:00
3408,2021,8,9,0500,24,24,100.0,3,6000.0,NO,1015.0,5,0,2021-08-09 05:00:00
3409,2021,8,9,0600,24,24,100.0,0,6000.0,NO,1015.0,6,0,2021-08-09 06:00:00
3410,2021,8,9,0700,24,24,100.0,0,6000.0,NO,1016.0,7,0,2021-08-09 07:00:00
3411,2021,8,9,0800,26,24,88.7,2,4000.0,NO,1017.0,8,0,2021-08-09 08:00:00
3412,2021,8,9,0900,27,24,83.7,4,6000.0,NO,1017.0,9,0,2021-08-09 09:00:00
3413,2021,8,9,1000,26,24,88.7,2,2000.0,YES,1017.0,10,0,2021-08-09 10:00:00
3414,2021,8,9,1100,26,24,88.7,5,2000.0,YES,1016.0,11,0,2021-08-09 11:00:00
3415,2021,8,9,1200,27,25,88.8,6,8000.0,NO,1015.0,12,0,2021-08-09 12:00:00
3416,2021,8,9,1300,28,24,78.9,4,9999.0,NO,1014.0,13,0,2021-08-09 13:00:00
3417,2021,8,9,1400,29,25,79.0,2,9999.0,NO,1014.0,14,0,2021-08-09 14:00:00
3418,2021,8,9,1500,29,24,74.4,6,9999.0,NO,1013.0,15,0,2021-08-09 15:00:00
3419,2021,8,9,1600,28,24,78.9,5,9999.0,NO,1013.0,16,0,2021-08-09 16:00:00
3420,2021,8,9,1700,27,24,83.7,5,9999.0,NO,1013.0,17,0,2021-08-09 17:00:00
3421,2021,8,9,1800,26,24,88.7,5,9999.0,NO,1014.0,18,0,2021-08-09 18:00:00
3422,2021,8,9,1900,25,24,94.2,4,9999.0,NO,1015.0,19,0,2021-08-09 19:00:00
3423,2021,8,9,2000,25,24,94.2,4,9999.0,YES,1015.0,20,0,2021-08-09 20:00:00
3424,2021,8,9,2100,25,25,100.0,0,9999.0,YES,1016.0,21,0,2021-08-09 21:00:00
3425,2021,8,9,2200,25,25,100.0,2,9999.0,YES,1016.0,22,0,2021-08-09 22:00:00
3426,2021,8,9,2300,25,24,94.2,0,9999.0,YES,1015.0,23,0,2021-08-09 23:00:00
3427,2021,8,10,0000,25,24,94.2,2,9999.0,YES,1015.0,0,0,2021-08-10 00:00:00
3428,2021,8,10,0100,24,24,100.0,1,9999.0,YES,1015.0,1,0,2021-08-10 01:00:00
3429,2021,8,10,0200,24,23,94.1,2,9999.0,YES,1014.0,2,0,2021-08-10 02:00:00
3430,2021,8,10,0300,24,24,100.0,5,9999.0,NO,1014.0,3,0,2021-08-10 03:00:00
3431,2021,8,10,0400,24,24,100.0,3,9999.0,NO,1014.0,4,0,2021-08-10 04:00:00
3432,2021,8,10,0500,24,24,100.0,2,7000.0,NO,1014.0,5,0,2021-08-10 05:00:00
3433,2021,8,10,0600,24,24,100.0,0,2500.0,NO,1014.0,6,0,2021-08-10 06:00:00
3434,2021,8,10,0700,25,24,94.2,2,2800.0,NO,1015.0,7,0,2021-08-10 07:00:00
3435,2021,8,10,0800,27,24,83.7,3,4500.0,NO,1015.0,8,0,2021-08-10 08:00:00
3436,2021,8,10,0900,29,24,74.4,1,8000.0,NO,1016.0,9,0,2021-08-10 09:00:00
3437,2021,8,10,1000,29,25,79.0,5,9999.0,NO,1015.0,10,0,2021-08-10 10:00:00
3438,2021,8,10,1600,29,24,74.4,6,9999.0,YES,1011.0,16,0,2021-08-10 16:00:00
3439,2021,8,10,2000,26,24,88.7,4,9999.0,NO,1013.0,20,0,2021-08-10 20:00:00
3440,2021,8,11,0000,25,24,94.2,2,9999.0,NO,1013.0,0,0,2021-08-11 00:00:00
3441,2021,8,11,0100,25,24,94.2,2,9999.0,NO,1013.0,1,0,2021-08-11 01:00:00
3442,2021,8,11,0200,25,24,94.2,3,9999.0,YES,1012.0,2,0,2021-08-11 02:00:00
3443,2021,8,11,0300,25,24,94.2,4,3500.0,YES,1012.0,3,0,2021-08-11 03:00:00
3444,2021,8,11,0400,24,23,94.1,8,,YES,1013.0,4,0,2021-08-11 04:00:00
3445,2021,8,11,0500,24,24,100.0,4,6000.0,YES,1013.0,5,0,2021-08-11 05:00:00
3446,2021,8,11,1300,26,24,88.7,4,4000.0,YES,1013.0,13,0,2021-08-11 13:00:00
3447,2021,8,11,2300,24,24,100.0,3,9999.0,NO,1013.0,23,0,2021-08-11 23:00:00
3448,2021,8,12,0000,24,24,100.0,4,9999.0,NO,1013.0,0,0,2021-08-12 00:00:00
3449,2021,8,12,0100,24,24,100.0,5,2000.0,YES,1013.0,1,0,2021-08-12 01:00:00
3450,2021,8,12,0200,24,23,94.1,7,2000.0,YES,1013.0,2,0,2021-08-12 02:00:00
3451,2021,8,12,0300,23,23,100.0,5,2000.0,YES,1013.0,3,0,2021-08-12 03:00:00
3452,2021,8,12,0400,23,23,100.0,3,4000.0,YES,1013.0,4,0,2021-08-12 04:00:00
3453,2021,8,12,0500,22,22,100.0,3,4000.0,YES,1013.0,5,0,2021-08-12 05:00:00
3454,2021,8,12,0600,23,23,100.0,3,2000.0,YES,1014.0,6,0,2021-08-12 06:00:00
3455,2021,8,13,1200,30,23,66.2,6,9999.0,NO,1013.0,12,0,2021-08-13 12:00:00
3456,2021,8,14,0000,25,24,94.2,3,9999.0,NO,1014.0,0,0,2021-08-14 00:00:00
3457,2021,8,14,0100,25,24,94.2,2,9999.0,NO,1013.0,1,0,2021-08-14 01:00:00
3458,2021,8,14,0200,24,24,100.0,3,9999.0,NO,1013.0,2,0,2021-08-14 02:00:00
3459,2021,8,14,0300,24,24,100.0,2,8000.0,YES,1013.0,3,0,2021-08-14 03:00:00
3460,2021,8,14,0400,24,24,100.0,3,8000.0,YES,1013.0,4,0,2021-08-14 04:00:00
3461,2021,8,14,0500,24,24,100.0,3,6000.0,YES,1014.0,5,0,2021-08-14 05:00:00
3462,2021,8,14,0600,24,24,100.0,2,4000.0,YES,1014.0,6,0,2021-08-14 06:00:00
3463,2021,8,14,1900,26,24,88.7,4,9999.0,NO,1011.0,19,0,2021-08-14 19:00:00
3464,2021,8,15,0000,26,24,88.7,3,9999.0,NO,1012.0,0,0,2021-08-15 00:00:00
3465,2021,8,15,0100,26,24,88.7,1,9999.0,NO,1011.0,1,0,2021-08-15 01:00:00
3466,2021,8,15,0200,25,24,94.2,2,9999.0,NO,1011.0,2,0,2021-08-15 02:00:00
3467,2021,8,15,0300,24,24,100.0,2,9999.0,NO,1011.0,3,0,2021-08-15 03:00:00
3468,2021,8,15,0400,24,24,100.0,4,8000.0,NO,1011.0,4,0,2021-08-15 04:00:00
3469,2021,8,15,0500,24,24,100.0,3,7000.0,NO,1012.0,5,0,2021-08-15 05:00:00
3470,2021,8,15,0600,24,24,100.0,3,4000.0,NO,1012.0,6,0,2021-08-15 06:00:00
3471,2021,8,15,0700,25,24,94.2,4,4000.0,YES,1013.0,7,0,2021-08-15 07:00:00
3472,2021,8,15,0800,27,24,83.7,4,8000.0,YES,1013.0,8,0,2021-08-15 08:00:00
3473,2021,8,15,0900,26,24,88.7,5,8000.0,YES,1014.0,9,0,2021-08-15 09:00:00
3474,2021,8,15,1000,28,25,83.8,6,9999.0,YES,1013.0,10,0,2021-08-15 10:00:00
3475,2021,8,15,1100,30,24,70.3,6,9999.0,NO,1013.0,11,0,2021-08-15 11:00:00
3476,2021,8,15,1200,29,24,74.4,7,9999.0,NO,1012.0,12,0,2021-08-15 12:00:00
3477,2021,8,15,1300,30,24,70.3,8,9999.0,NO,1011.0,13,0,2021-08-15 13:00:00
3478,2021,8,15,1400,29,24,74.4,7,9999.0,NO,1010.0,14,0,2021-08-15 14:00:00
3479,2021,8,15,1500,28,24,78.9,5,9999.0,NO,1009.0,15,0,2021-08-15 15:00:00
3480,2021,8,15,1600,29,24,74.4,6,9999.0,NO,1009.0,16,0,2021-08-15 16:00:00
3481,2021,8,15,1700,27,24,83.7,4,9999.0,NO,1010.0,17,0,2021-08-15 17:00:00
3482,2021,8,15,1800,26,24,88.7,4,9999.0,NO,1010.0,18,0,2021-08-15 18:00:00
3483,2021,8,15,1900,25,24,94.2,3,9999.0,NO,1010.0,19,0,2021-08-15 19:00:00
3484,2021,8,15,2000,25,24,94.2,2,9999.0,NO,1011.0,20,0,2021-08-15 20:00:00
3485,2021,8,15,2100,24,24,100.0,2,9999.0,NO,1012.0,21,0,2021-08-15 21:00:00
3486,2021,8,15,2200,24,24,100.0,2,9999.0,NO,1012.0,22,0,2021-08-15 22:00:00
3487,2021,8,15,2300,25,25,100.0,2,9999.0,NO,1012.0,23,0,2021-08-15 23:00:00
3488,2021,8,16,0000,24,24,100.0,0,9999.0,NO,1012.0,0,0,2021-08-16 00:00:00
3489,2021,8,16,0100,24,24,100.0,4,9999.0,NO,1012.0,1,0,2021-08-16 01:00:00
3490,2021,8,16,0200,24,24,100.0,3,9999.0,NO,1011.0,2,0,2021-08-16 02:00:00
3491,2021,8,16,0300,24,24,100.0,1,9999.0,YES,1011.0,3,0,2021-08-16 03:00:00
3492,2021,8,16,0400,24,24,100.0,0,9999.0,YES,1011.0,4,0,2021-08-16 04:00:00
3493,2021,8,16,0500,24,24,100.0,3,6000.0,NO,1011.0,5,0,2021-08-16 05:00:00
3494,2021,8,16,0700,25,24,94.2,1,7000.0,NO,1013.0,7,0,2021-08-16 07:00:00
3495,2021,8,16,0800,26,24,88.7,6,9000.0,YES,1014.0,8,0,2021-08-16 08:00:00
3496,2021,8,16,0900,26,24,88.7,3,8000.0,NO,1014.0,9,0,2021-08-16 09:00:00
3497,2021,8,16,1000,29,24,74.4,3,9999.0,NO,1014.0,10,0,2021-08-16 10:00:00
3498,2021,8,16,1100,29,25,79.0,5,9999.0,NO,1013.0,11,0,2021-08-16 11:00:00
3499,2021,8,16,1200,30,24,70.3,6,9999.0,NO,1012.0,12,0,2021-08-16 12:00:00
3500,2021,8,16,1300,30,24,70.3,9,9999.0,NO,1011.0,13,0,2021-08-16 13:00:00
3501,2021,8,16,1400,29,24,74.4,8,9999.0,YES,1017.0,14,0,2021-08-16 14:00:00
3502,2021,8,16,1500,29,24,74.4,6,9999.0,YES,1011.0,15,0,2021-08-16 15:00:00
3503,2021,8,16,1600,27,24,83.7,4,9999.0,NO,1011.0,16,0,2021-08-16 16:00:00
3504,2021,8,16,1700,26,24,88.7,3,9999.0,YES,1011.0,17,0,2021-08-16 17:00:00
3505,2021,8,16,1800,26,24,88.7,3,9999.0,YES,1012.0,18,0,2021-08-16 18:00:00
3506,2021,8,16,1900,25,24,94.2,3,9999.0,NO,1013.0,19,0,2021-08-16 19:00:00
3507,2021,8,16,2000,25,24,94.2,3,9999.0,NO,1013.0,20,0,2021-08-16 20:00:00
3508,2021,8,16,2100,25,24,94.2,2,9999.0,NO,1014.0,21,0,2021-08-16 21:00:00
3509,2021,8,16,2200,25,24,94.2,3,9999.0,NO,1014.0,22,0,2021-08-16 22:00:00
3510,2021,8,16,2300,25,24,94.2,4,9999.0,NO,1014.0,23,0,2021-08-16 23:00:00
3511,2021,8,17,0000,25,23,88.7,3,9999.0,NO,1013.0,0,0,2021-08-17 00:00:00
3512,2021,8,17,0100,25,23,88.7,2,9999.0,NO,1013.0,1,0,2021-08-17 01:00:00
3513,2021,8,17,0200,25,24,94.2,3,9999.0,NO,1012.0,2,0,2021-08-17 02:00:00
3514,2021,8,17,0300,24,23,94.1,0,9999.0,NO,1012.0,3,0,2021-08-17 03:00:00
3515,2021,8,17,0400,24,24,100.0,2,9999.0,NO,1012.0,4,0,2021-08-17 04:00:00
3516,2021,8,17,0500,24,23,94.1,2,8000.0,NO,1013.0,5,0,2021-08-17 05:00:00
3517,2021,8,17,0600,24,24,100.0,3,7000.0,NO,1013.0,6,0,2021-08-17 06:00:00
3518,2021,8,17,0700,25,24,94.2,3,8000.0,NO,1015.0,7,0,2021-08-17 07:00:00
3519,2021,8,17,0800,27,24,83.7,2,9999.0,NO,1015.0,8,0,2021-08-17 08:00:00
3520,2021,8,17,0900,27,24,83.7,4,8000.0,NO,1016.0,9,0,2021-08-17 09:00:00
3521,2021,8,17,1000,27,24,83.7,4,8000.0,NO,1015.0,10,0,2021-08-17 10:00:00
3522,2021,8,17,1100,27,24,83.7,4,9999.0,YES,1015.0,11,0,2021-08-17 11:00:00
3523,2021,8,17,1200,28,24,78.9,4,9999.0,YES,1014.0,12,0,2021-08-17 12:00:00
3524,2021,8,17,1300,27,24,83.7,9,9999.0,YES,1013.0,13,0,2021-08-17 13:00:00
3525,2021,8,17,1400,29,23,70.1,8,9999.0,YES,1012.0,14,0,2021-08-17 14:00:00
3526,2021,8,17,1500,28,23,74.3,6,9999.0,NO,1011.0,15,0,2021-08-17 15:00:00
3527,2021,8,17,1600,27,23,78.8,3,9999.0,NO,1011.0,16,0,2021-08-17 16:00:00
3528,2021,8,17,1700,26,24,88.7,4,9999.0,YES,1013.0,17,0,2021-08-17 17:00:00
3529,2021,8,17,1800,25,24,94.2,2,9999.0,YES,1013.0,18,0,2021-08-17 18:00:00
3530,2021,8,17,1900,25,24,94.2,5,9999.0,YES,1014.0,19,0,2021-08-17 19:00:00
3531,2021,8,17,2000,24,24,100.0,5,6000.0,YES,1014.0,20,0,2021-08-17 20:00:00
3532,2021,8,17,2100,24,23,94.1,6,3500.0,YES,1015.0,21,0,2021-08-17 21:00:00
3533,2021,8,17,2200,24,23,94.1,4,4500.0,YES,1015.0,22,0,2021-08-17 22:00:00
3534,2021,8,17,2300,23,23,100.0,5,8000.0,YES,1015.0,23,0,2021-08-17 23:00:00
3535,2021,8,18,0000,23,22,94.1,5,8000.0,YES,1015.0,0,0,2021-08-18 00:00:00
3536,2021,8,18,0100,23,22,94.1,5,9999.0,YES,1014.0,1,0,2021-08-18 01:00:00
3537,2021,8,18,0200,23,22,94.1,3,9999.0,YES,1014.0,2,0,2021-08-18 02:00:00
3538,2021,8,18,0300,23,22,94.1,3,9999.0,NO,1014.0,3,0,2021-08-18 03:00:00
3539,2021,8,18,0400,23,22,94.1,3,8000.0,NO,1013.0,4,0,2021-08-18 04:00:00
3540,2021,8,18,0500,23,22,94.1,1,7000.0,NO,1013.0,5,0,2021-08-18 05:00:00
3541,2021,8,18,0600,23,23,100.0,2,2000.0,NO,1014.0,6,0,2021-08-18 06:00:00
3542,2021,8,18,0700,24,23,94.1,3,6000.0,NO,1015.0,7,0,2021-08-18 07:00:00
3543,2021,8,18,0800,24,23,94.1,3,7000.0,NO,1015.0,8,0,2021-08-18 08:00:00
3544,2021,8,18,0900,27,24,83.7,1,8000.0,NO,1015.0,9,0,2021-08-18 09:00:00
3545,2021,8,18,1000,27,23,78.8,3,9999.0,NO,1015.0,10,0,2021-08-18 10:00:00
3546,2021,8,18,1100,28,23,74.3,1,9999.0,NO,1014.0,11,0,2021-08-18 11:00:00
3547,2021,8,18,1200,28,23,74.3,4,9999.0,NO,1013.0,12,0,2021-08-18 12:00:00
3548,2021,8,18,1300,28,23,74.3,4,9999.0,NO,1012.0,13,0,2021-08-18 13:00:00
3549,2021,8,18,1400,29,24,74.4,6,9999.0,NO,1011.0,14,0,2021-08-18 14:00:00
3550,2021,8,18,1500,29,24,74.4,5,9999.0,NO,1011.0,15,0,2021-08-18 15:00:00
3551,2021,8,18,1600,28,24,78.9,6,9999.0,NO,1011.0,16,0,2021-08-18 16:00:00
3552,2021,8,18,1700,27,24,83.7,6,9999.0,NO,1012.0,17,0,2021-08-18 17:00:00
3553,2021,8,18,1800,26,24,88.7,5,9999.0,NO,1012.0,18,0,2021-08-18 18:00:00
3554,2021,8,18,1900,26,24,88.7,3,9999.0,NO,1013.0,19,0,2021-08-18 19:00:00
3555,2021,8,18,2000,25,24,94.2,0,9999.0,NO,1014.0,20,0,2021-08-18 20:00:00
3556,2021,8,18,2100,25,24,94.2,0,9999.0,NO,1014.0,21,0,2021-08-18 21:00:00
3557,2021,8,18,2200,25,24,94.2,3,9999.0,NO,1014.0,22,0,2021-08-18 22:00:00
3558,2021,8,18,2300,25,24,94.2,3,9999.0,NO,1014.0,23,0,2021-08-18 23:00:00
3559,2021,8,19,0000,24,24,100.0,3,9999.0,NO,1013.0,0,0,2021-08-19 00:00:00
3560,2021,8,19,0100,24,24,100.0,3,9999.0,NO,1012.0,1,0,2021-08-19 01:00:00
3561,2021,8,19,0200,24,24,100.0,5,9999.0,NO,1012.0,2,0,2021-08-19 02:00:00
3562,2021,8,19,0300,25,24,94.2,5,8000.0,YES,1012.0,3,0,2021-08-19 03:00:00
3563,2021,8,19,0400,25,23,88.7,5,7000.0,NO,1012.0,4,0,2021-08-19 04:00:00
3564,2021,8,19,0500,25,24,94.2,4,8000.0,NO,1012.0,5,0,2021-08-19 05:00:00
3565,2021,8,19,0600,25,23,88.7,4,8000.0,NO,1013.0,6,0,2021-08-19 06:00:00
3566,2021,8,19,0700,25,24,94.2,2,6000.0,NO,1014.0,7,0,2021-08-19 07:00:00
3567,2021,8,19,0800,25,23,88.7,4,4000.0,YES,1015.0,8,0,2021-08-19 08:00:00
3568,2021,8,19,0900,24,23,94.1,5,4000.0,YES,1015.0,9,0,2021-08-19 09:00:00
3569,2021,8,19,1000,25,23,88.7,2,8000.0,YES,1015.0,10,0,2021-08-19 10:00:00
3570,2021,8,19,1100,27,23,78.8,3,9999.0,NO,1014.0,11,0,2021-08-19 11:00:00
3571,2021,8,19,1200,28,22,69.9,4,9999.0,NO,1013.0,12,0,2021-08-19 12:00:00
3572,2021,8,19,1300,30,23,66.2,5,9999.0,NO,1011.0,13,0,2021-08-19 13:00:00
3573,2021,8,19,1400,28,23,74.3,5,9999.0,NO,1010.0,14,0,2021-08-19 14:00:00
3574,2021,8,19,1500,27,23,78.8,7,9999.0,NO,1010.0,15,0,2021-08-19 15:00:00
3575,2021,8,19,1600,27,24,83.7,5,9999.0,NO,1010.0,16,0,2021-08-19 16:00:00
3576,2021,8,19,1700,26,23,83.6,5,9999.0,YES,1010.0,17,0,2021-08-19 17:00:00
3577,2021,8,19,1800,25,24,94.2,7,3000.0,YES,1011.0,18,0,2021-08-19 18:00:00
3578,2021,8,19,1900,24,23,94.1,5,9999.0,YES,1012.0,19,0,2021-08-19 19:00:00
3579,2021,8,19,2000,24,23,94.1,2,9999.0,YES,1012.0,20,0,2021-08-19 20:00:00
3580,2021,8,19,2100,24,23,94.1,2,9999.0,NO,1013.0,21,0,2021-08-19 21:00:00
3581,2021,8,19,2200,24,23,94.1,4,9999.0,NO,1013.0,22,0,2021-08-19 22:00:00
3582,2021,8,19,2300,24,24,100.0,5,9999.0,NO,1013.0,23,0,2021-08-19 23:00:00
3583,2021,8,20,0000,24,24,100.0,1,9999.0,YES,1013.0,0,0,2021-08-20 00:00:00
3584,2021,8,20,0100,24,23,94.1,3,9999.0,YES,1012.0,1,0,2021-08-20 01:00:00
3585,2021,8,20,0200,24,23,94.1,3,9999.0,YES,1011.0,2,0,2021-08-20 02:00:00
3586,2021,8,20,0300,23,22,94.1,2,6000.0,YES,1011.0,3,0,2021-08-20 03:00:00
3587,2021,8,20,0400,23,22,94.1,3,8000.0,NO,1011.0,4,0,2021-08-20 04:00:00
3588,2021,8,20,0500,23,22,94.1,2,6000.0,YES,1011.0,5,0,2021-08-20 05:00:00
3589,2021,8,20,0600,23,22,94.1,2,6000.0,NO,1012.0,6,0,2021-08-20 06:00:00
3590,2021,8,20,0700,24,23,94.1,4,8000.0,NO,1013.0,7,0,2021-08-20 07:00:00
3591,2021,8,20,0800,26,23,83.6,3,9999.0,NO,1014.0,8,0,2021-08-20 08:00:00
3592,2021,8,20,0900,27,23,78.8,1,9999.0,NO,1014.0,9,0,2021-08-20 09:00:00
3593,2021,8,20,1000,28,23,74.3,1,9999.0,NO,1014.0,10,0,2021-08-20 10:00:00
3594,2021,8,20,1100,29,23,70.1,2,9999.0,NO,1013.0,11,0,2021-08-20 11:00:00
3595,2021,8,20,1200,30,24,70.3,3,9999.0,NO,1012.0,12,0,2021-08-20 12:00:00
3596,2021,8,20,1300,27,24,83.7,7,9999.0,NO,1011.0,13,0,2021-08-20 13:00:00
3597,2021,8,20,1400,26,24,88.7,5,9999.0,YES,1011.0,14,0,2021-08-20 14:00:00
3598,2021,8,20,1500,26,24,88.7,4,9999.0,YES,1010.0,15,0,2021-08-20 15:00:00
3599,2021,8,20,1600,27,24,83.7,5,9999.0,YES,1010.0,16,0,2021-08-20 16:00:00
3600,2021,8,20,1700,27,23,78.8,6,9999.0,NO,1010.0,17,0,2021-08-20 17:00:00
3601,2021,8,20,1800,25,23,88.7,2,9999.0,NO,1011.0,18,0,2021-08-20 18:00:00
3602,2021,8,20,1900,24,23,94.1,0,9999.0,NO,1011.0,19,0,2021-08-20 19:00:00
3603,2021,8,20,2000,24,23,94.1,0,9999.0,NO,1012.0,20,0,2021-08-20 20:00:00
3604,2021,8,20,2100,24,24,100.0,4,9999.0,NO,1013.0,21,0,2021-08-20 21:00:00
3605,2021,8,20,2200,24,24,100.0,3,9999.0,NO,1013.0,22,0,2021-08-20 22:00:00
3606,2021,8,20,2300,25,24,94.2,3,9999.0,NO,1012.0,23,0,2021-08-20 23:00:00
3607,2021,8,21,0000,24,24,100.0,4,6000.0,YES,1011.0,0,0,2021-08-21 00:00:00
3608,2021,8,21,0100,24,24,100.0,5,4000.0,YES,1011.0,1,0,2021-08-21 01:00:00
3609,2021,8,21,0200,24,23,94.1,1,4000.0,YES,1011.0,2,0,2021-08-21 02:00:00
3610,2021,8,21,0300,24,24,100.0,0,9999.0,YES,1011.0,3,0,2021-08-21 03:00:00
3611,2021,8,21,0400,24,24,100.0,0,9999.0,NO,1011.0,4,0,2021-08-21 04:00:00
3612,2021,8,21,0500,24,24,100.0,0,6000.0,NO,1011.0,5,0,2021-08-21 05:00:00
3613,2021,8,21,0600,24,24,100.0,2,1800.0,YES,1012.0,6,0,2021-08-21 06:00:00
3614,2021,8,21,0700,24,24,100.0,2,2500.0,YES,1013.0,7,0,2021-08-21 07:00:00
3615,2021,8,21,0800,25,24,94.2,0,6000.0,YES,1014.0,8,0,2021-08-21 08:00:00
3616,2021,8,21,0900,27,24,83.7,3,9999.0,YES,1014.0,9,0,2021-08-21 09:00:00
3617,2021,8,21,1000,26,24,88.7,1,9999.0,NO,1014.0,10,0,2021-08-21 10:00:00
3618,2021,8,21,1100,25,24,94.2,6,1400.0,YES,1014.0,11,0,2021-08-21 11:00:00
3619,2021,8,21,1200,24,23,94.1,3,4000.0,YES,1013.0,12,0,2021-08-21 12:00:00
3620,2021,8,21,1300,24,24,100.0,4,8000.0,YES,1012.0,13,0,2021-08-21 13:00:00
3621,2021,8,21,1400,24,24,100.0,2,3500.0,YES,1011.0,14,0,2021-08-21 14:00:00
3622,2021,8,21,1500,25,24,94.2,4,8000.0,YES,1011.0,15,0,2021-08-21 15:00:00
3623,2021,8,21,1600,25,24,94.2,3,6000.0,YES,1011.0,16,0,2021-08-21 16:00:00
3624,2021,8,21,1700,25,24,94.2,3,7000.0,YES,1010.0,17,0,2021-08-21 17:00:00
3625,2021,8,21,1800,25,24,94.2,2,8000.0,YES,1011.0,18,0,2021-08-21 18:00:00
3626,2021,8,21,1900,25,24,94.2,1,3500.0,YES,1012.0,19,0,2021-08-21 19:00:00
3627,2021,8,21,2000,25,24,94.2,3,9999.0,NO,1013.0,20,0,2021-08-21 20:00:00
3628,2021,8,21,2100,24,24,100.0,3,8000.0,NO,1013.0,21,0,2021-08-21 21:00:00
3629,2021,8,21,2200,24,24,100.0,3,6000.0,YES,1013.0,22,0,2021-08-21 22:00:00
3630,2021,8,21,2300,24,23,94.1,2,3500.0,YES,1013.0,23,0,2021-08-21 23:00:00
3631,2021,8,22,0000,24,24,100.0,2,4500.0,YES,1012.0,0,0,2021-08-22 00:00:00
3632,2021,8,22,0100,24,24,100.0,3,9999.0,YES,1011.0,1,0,2021-08-22 01:00:00
3633,2021,8,22,0200,24,24,100.0,2,9999.0,YES,1011.0,2,0,2021-08-22 02:00:00
3634,2021,8,22,0300,24,24,100.0,2,9999.0,NO,1011.0,3,0,2021-08-22 03:00:00
3635,2021,8,22,0400,24,24,100.0,2,9000.0,NO,1011.0,4,0,2021-08-22 04:00:00
3636,2021,8,22,0500,24,23,94.1,2,6000.0,NO,1011.0,5,0,2021-08-22 05:00:00
3637,2021,8,22,0600,24,24,100.0,0,4200.0,NO,1012.0,6,0,2021-08-22 06:00:00
3638,2021,8,22,0700,24,24,100.0,3,4000.0,NO,1012.0,7,0,2021-08-22 07:00:00
3639,2021,8,22,0800,25,23,88.7,2,4500.0,NO,1013.0,8,0,2021-08-22 08:00:00
3640,2021,8,22,0900,27,24,83.7,1,8000.0,NO,1013.0,9,0,2021-08-22 09:00:00
3641,2021,8,22,1000,27,23,78.8,2,8000.0,NO,1014.0,10,0,2021-08-22 10:00:00
3642,2021,8,22,1100,28,24,78.9,1,9999.0,YES,1013.0,11,0,2021-08-22 11:00:00
3643,2021,8,22,1200,30,24,70.3,3,9999.0,NO,1011.0,12,0,2021-08-22 12:00:00
3644,2021,8,22,1300,31,23,62.5,4,9999.0,NO,1010.0,13,0,2021-08-22 13:00:00
3645,2021,8,22,1400,31,24,66.4,4,9999.0,NO,1009.0,14,0,2021-08-22 14:00:00
3646,2021,8,22,1500,30,23,66.2,5,9999.0,NO,1008.0,15,0,2021-08-22 15:00:00
3647,2021,8,22,1600,30,24,70.3,5,9999.0,NO,1008.0,16,0,2021-08-22 16:00:00
3648,2021,8,22,1700,27,24,83.7,7,9999.0,NO,1009.0,17,0,2021-08-22 17:00:00
3649,2021,8,22,1800,26,24,88.7,5,9999.0,NO,1009.0,18,0,2021-08-22 18:00:00
3650,2021,8,22,1900,26,24,88.7,4,9999.0,NO,1009.0,19,0,2021-08-22 19:00:00
3651,2021,8,22,2000,26,24,88.7,3,9999.0,NO,1010.0,20,0,2021-08-22 20:00:00
3652,2021,8,22,2100,26,24,88.7,3,9999.0,NO,1011.0,21,0,2021-08-22 21:00:00
3653,2021,8,22,2200,25,24,94.2,2,9999.0,NO,1011.0,22,0,2021-08-22 22:00:00
3654,2021,8,22,2300,25,24,94.2,2,9999.0,NO,1011.0,23,0,2021-08-22 23:00:00
3655,2021,8,23,0000,25,24,94.2,0,9999.0,NO,1011.0,0,0,2021-08-23 00:00:00
3656,2021,8,23,0100,25,24,94.2,2,9999.0,NO,1010.0,1,0,2021-08-23 01:00:00
3657,2021,8,23,0200,24,24,100.0,2,9999.0,NO,1010.0,2,0,2021-08-23 02:00:00
3658,2021,8,23,0300,24,24,100.0,3,9999.0,NO,1010.0,3,0,2021-08-23 03:00:00
3659,2021,8,23,0400,24,24,100.0,4,9999.0,YES,1010.0,4,0,2021-08-23 04:00:00
3660,2021,8,23,0500,24,24,100.0,3,2500.0,YES,1011.0,5,0,2021-08-23 05:00:00
3661,2021,8,23,0600,24,24,100.0,3,8000.0,YES,1011.0,6,0,2021-08-23 06:00:00
3662,2021,8,23,0700,25,24,94.2,2,8000.0,YES,1012.0,7,0,2021-08-23 07:00:00
3663,2021,8,23,0800,27,24,83.7,3,8000.0,NO,1012.0,8,0,2021-08-23 08:00:00
3664,2021,8,23,0900,28,25,83.8,3,9999.0,NO,1012.0,9,0,2021-08-23 09:00:00
3665,2021,8,23,1000,28,24,78.9,4,9999.0,YES,1012.0,10,0,2021-08-23 10:00:00
3666,2021,8,23,1100,30,25,74.6,6,9999.0,NO,1011.0,11,0,2021-08-23 11:00:00
3667,2021,8,23,1200,31,24,66.4,6,9999.0,NO,1010.0,12,0,2021-08-23 12:00:00
3668,2021,8,23,1300,31,25,70.4,8,9999.0,YES,1010.0,13,0,2021-08-23 13:00:00
3669,2021,8,23,1400,30,25,74.6,8,9999.0,YES,1009.0,14,0,2021-08-23 14:00:00
3670,2021,8,23,1500,29,24,74.4,8,9999.0,NO,1008.0,15,0,2021-08-23 15:00:00
3671,2021,8,23,1600,29,24,74.4,7,9999.0,NO,1008.0,16,0,2021-08-23 16:00:00
3672,2021,8,23,1700,28,23,74.3,5,9999.0,NO,1008.0,17,0,2021-08-23 17:00:00
3673,2021,8,23,1800,26,24,88.7,3,9999.0,NO,1009.0,18,0,2021-08-23 18:00:00
3674,2021,8,23,1900,26,24,88.7,3,9999.0,NO,1009.0,19,0,2021-08-23 19:00:00
3675,2021,8,23,2000,26,24,88.7,4,9999.0,NO,1010.0,20,0,2021-08-23 20:00:00
3676,2021,8,23,2100,26,24,88.7,3,9999.0,NO,1010.0,21,0,2021-08-23 21:00:00
3677,2021,8,23,2200,25,24,94.2,2,9999.0,NO,1011.0,22,0,2021-08-23 22:00:00
3678,2021,8,23,2300,25,25,100.0,2,9999.0,NO,1010.0,23,0,2021-08-23 23:00:00
3679,2021,8,24,0000,25,25,100.0,9,4000.0,YES,1010.0,0,0,2021-08-24 00:00:00
3680,2021,8,24,0100,25,24,94.2,7,6000.0,YES,1010.0,1,0,2021-08-24 01:00:00
3681,2021,8,24,0200,25,24,94.2,3,6000.0,YES,1010.0,2,0,2021-08-24 02:00:00
3682,2021,8,24,0300,24,24,100.0,2,8000.0,YES,1010.0,3,0,2021-08-24 03:00:00
3683,2021,8,24,0400,24,24,100.0,2,8000.0,YES,1010.0,4,0,2021-08-24 04:00:00
3684,2021,8,24,0500,24,24,100.0,0,8000.0,NO,1010.0,5,0,2021-08-24 05:00:00
3685,2021,8,24,0600,25,24,94.2,2,8000.0,NO,1010.0,6,0,2021-08-24 06:00:00
3686,2021,8,24,0700,25,25,100.0,2,9999.0,NO,1011.0,7,0,2021-08-24 07:00:00
3687,2021,8,24,0800,27,25,88.8,2,8000.0,YES,1012.0,8,0,2021-08-24 08:00:00
3688,2021,8,24,0900,28,24,78.9,3,9999.0,NO,1011.0,9,0,2021-08-24 09:00:00
3689,2021,8,24,1000,29,25,79.0,4,9999.0,NO,1011.0,10,0,2021-08-24 10:00:00
3690,2021,8,24,1100,29,24,74.4,4,9999.0,YES,1011.0,11,0,2021-08-24 11:00:00
3691,2021,8,24,1200,28,25,83.8,5,8000.0,YES,1010.0,12,0,2021-08-24 12:00:00
3692,2021,8,24,1300,28,25,83.8,7,9999.0,NO,1010.0,13,0,2021-08-24 13:00:00
3693,2021,8,24,1400,29,25,79.0,8,9999.0,NO,1009.0,14,0,2021-08-24 14:00:00
3694,2021,8,24,1500,28,25,83.8,8,9999.0,NO,1009.0,15,0,2021-08-24 15:00:00
3695,2021,8,24,1600,28,25,83.8,5,8000.0,YES,1010.0,16,0,2021-08-24 16:00:00
3696,2021,8,24,1700,27,24,83.7,6,9999.0,NO,1008.0,17,0,2021-08-24 17:00:00
3697,2021,8,24,1800,26,24,88.7,6,9999.0,NO,1008.0,18,0,2021-08-24 18:00:00
3698,2021,8,24,1900,26,24,88.7,6,9999.0,NO,1009.0,19,0,2021-08-24 19:00:00
3699,2021,8,24,2000,26,24,88.7,4,9999.0,NO,1010.0,20,0,2021-08-24 20:00:00
3700,2021,8,24,2100,26,24,88.7,4,9999.0,NO,1011.0,21,0,2021-08-24 21:00:00
3701,2021,8,24,2200,26,24,88.7,3,9999.0,NO,1011.0,22,0,2021-08-24 22:00:00
3702,2021,8,24,2300,25,24,94.2,0,9999.0,NO,1011.0,23,0,2021-08-24 23:00:00
3703,2021,8,25,0000,25,24,94.2,2,9999.0,NO,1010.0,0,0,2021-08-25 00:00:00
3704,2021,8,25,0100,24,24,100.0,2,9999.0,NO,1010.0,1,0,2021-08-25 01:00:00
3705,2021,8,25,0200,25,24,94.2,4,8000.0,YES,1010.0,2,0,2021-08-25 02:00:00
3706,2021,8,25,0300,24,24,100.0,1,9999.0,YES,1010.0,3,0,2021-08-25 03:00:00
3707,2021,8,25,0400,24,24,100.0,1,9999.0,NO,1010.0,4,0,2021-08-25 04:00:00
3708,2021,8,25,0500,24,24,100.0,2,5000.0,NO,1009.0,5,0,2021-08-25 05:00:00
3709,2021,8,25,0600,24,24,100.0,0,2400.0,NO,1009.0,6,0,2021-08-25 06:00:00
3710,2021,8,25,0700,26,24,88.7,1,2400.0,NO,1010.0,7,0,2021-08-25 07:00:00
3711,2021,8,25,0800,27,24,83.7,0,7000.0,YES,1011.0,8,0,2021-08-25 08:00:00
3712,2021,8,25,0900,28,24,78.9,5,9999.0,NO,1011.0,9,0,2021-08-25 09:00:00
3713,2021,8,25,1000,28,24,78.9,4,9999.0,NO,1011.0,10,0,2021-08-25 10:00:00
3714,2021,8,25,1100,30,25,74.6,4,9999.0,YES,1010.0,11,0,2021-08-25 11:00:00
3715,2021,8,25,1200,30,24,70.3,5,9999.0,NO,1010.0,12,0,2021-08-25 12:00:00
3716,2021,8,25,1300,31,24,66.4,6,9999.0,NO,1009.0,13,0,2021-08-25 13:00:00
3717,2021,8,25,1400,31,24,66.4,7,9999.0,NO,1008.0,14,0,2021-08-25 14:00:00
3718,2021,8,25,1500,30,23,66.2,10,9999.0,NO,1008.0,15,0,2021-08-25 15:00:00
3719,2021,8,25,1600,29,24,74.4,7,9999.0,NO,1007.0,16,0,2021-08-25 16:00:00
3720,2021,8,25,1700,28,24,78.9,7,9999.0,NO,1008.0,17,0,2021-08-25 17:00:00
3721,2021,8,25,1800,27,24,83.7,4,9999.0,NO,1009.0,18,0,2021-08-25 18:00:00
3722,2021,8,25,1900,26,24,88.7,3,9999.0,NO,1009.0,19,0,2021-08-25 19:00:00
3723,2021,8,25,2000,26,24,88.7,1,9999.0,NO,1010.0,20,0,2021-08-25 20:00:00
3724,2021,8,25,2100,26,25,94.2,3,9999.0,NO,1010.0,21,0,2021-08-25 21:00:00
3725,2021,8,25,2200,25,24,94.2,3,9999.0,NO,1010.0,22,0,2021-08-25 22:00:00
3726,2021,8,26,0000,25,24,94.2,3,4000.0,YES,1010.0,0,0,2021-08-26 00:00:00
3727,2021,8,26,0100,24,24,100.0,5,7000.0,YES,1010.0,1,0,2021-08-26 01:00:00
3728,2021,8,26,0200,24,24,100.0,2,9999.0,YES,1010.0,2,0,2021-08-26 02:00:00
3729,2021,8,26,0300,25,25,100.0,1,9999.0,YES,1010.0,3,0,2021-08-26 03:00:00
3730,2021,8,26,0400,25,25,100.0,4,7000.0,YES,1010.0,4,0,2021-08-26 04:00:00
3731,2021,8,26,0500,25,25,100.0,4,6000.0,YES,1010.0,5,0,2021-08-26 05:00:00
3732,2021,8,26,0600,25,25,100.0,0,4000.0,YES,1011.0,6,0,2021-08-26 06:00:00
3733,2021,8,26,0700,25,25,100.0,4,3500.0,YES,1012.0,7,0,2021-08-26 07:00:00
3734,2021,8,26,0800,26,25,94.2,2,4500.0,NO,1012.0,8,0,2021-08-26 08:00:00
3735,2021,8,26,0900,28,25,83.8,0,6000.0,NO,1013.0,9,0,2021-08-26 09:00:00
3736,2021,8,26,1000,29,25,79.0,3,9999.0,NO,1012.0,10,0,2021-08-26 10:00:00
3737,2021,8,26,1100,29,24,74.4,4,9999.0,NO,1012.0,11,0,2021-08-26 11:00:00
3738,2021,8,26,1200,31,25,70.4,5,9999.0,NO,1011.0,12,0,2021-08-26 12:00:00
3739,2021,8,26,1300,31,24,66.4,8,9999.0,NO,1010.0,13,0,2021-08-26 13:00:00
3740,2021,8,26,1400,31,24,66.4,7,9999.0,NO,1009.0,14,0,2021-08-26 14:00:00
3741,2021,8,26,1500,29,25,79.0,8,9999.0,NO,1009.0,15,0,2021-08-26 15:00:00
3742,2021,8,26,1600,29,25,79.0,8,9999.0,YES,1009.0,16,0,2021-08-26 16:00:00
3743,2021,8,26,1700,28,24,78.9,6,9999.0,YES,1009.0,17,0,2021-08-26 17:00:00
3744,2021,8,26,1800,27,25,88.8,5,9999.0,YES,1011.0,18,0,2021-08-26 18:00:00
3745,2021,8,26,1900,26,25,94.2,4,6000.0,YES,1011.0,19,0,2021-08-26 19:00:00
3746,2021,8,26,2000,25,24,94.2,2,8000.0,YES,1012.0,20,0,2021-08-26 20:00:00
3747,2021,8,26,2100,25,25,100.0,2,9999.0,NO,1013.0,21,0,2021-08-26 21:00:00
3748,2021,8,26,2200,25,25,100.0,2,9999.0,NO,1012.0,22,0,2021-08-26 22:00:00
3749,2021,8,26,2300,25,25,100.0,2,9999.0,NO,1012.0,23,0,2021-08-26 23:00:00
3750,2021,8,27,0000,25,24,94.2,2,9999.0,NO,1012.0,0,0,2021-08-27 00:00:00
3751,2021,8,27,0100,25,25,100.0,0,9999.0,NO,1011.0,1,0,2021-08-27 01:00:00
3752,2021,8,27,0200,25,25,100.0,4,9999.0,YES,1011.0,2,0,2021-08-27 02:00:00
3753,2021,8,27,0300,25,24,94.2,4,9999.0,NO,1011.0,3,0,2021-08-27 03:00:00
3754,2021,8,27,0400,25,24,94.2,2,9999.0,NO,1012.0,4,0,2021-08-27 04:00:00
3755,2021,8,27,0500,24,24,100.0,0,9999.0,NO,1012.0,5,0,2021-08-27 05:00:00
3756,2021,8,27,0600,25,24,94.2,4,8000.0,NO,1013.0,6,0,2021-08-27 06:00:00
3757,2021,8,27,0700,26,24,88.7,2,8000.0,NO,1013.0,7,0,2021-08-27 07:00:00
3758,2021,8,27,0800,28,24,78.9,0,8000.0,NO,1014.0,8,0,2021-08-27 08:00:00
3759,2021,8,27,0900,28,24,78.9,3,8000.0,NO,1014.0,9,0,2021-08-27 09:00:00
3760,2021,8,27,1000,31,25,70.4,3,9999.0,NO,1013.0,10,0,2021-08-27 10:00:00
3761,2021,8,27,1100,32,25,66.6,4,9999.0,NO,1013.0,11,0,2021-08-27 11:00:00
3762,2021,8,27,1200,30,25,74.6,8,9999.0,NO,1012.0,12,0,2021-08-27 12:00:00
3763,2021,8,27,1300,30,25,74.6,8,9999.0,NO,1011.0,13,0,2021-08-27 13:00:00
3764,2021,8,27,1400,28,25,83.8,8,,NO,1011.0,14,0,2021-08-27 14:00:00
3765,2021,8,27,1500,30,24,70.3,9,9999.0,NO,1010.0,15,0,2021-08-27 15:00:00
3766,2021,8,27,1600,28,24,78.9,8,9999.0,NO,1010.0,16,0,2021-08-27 16:00:00
3767,2021,8,27,1700,27,24,83.7,7,9999.0,NO,1011.0,17,0,2021-08-27 17:00:00
3768,2021,8,27,1800,27,24,83.7,4,9999.0,YES,1011.0,18,0,2021-08-27 18:00:00
3769,2021,8,27,1900,26,25,94.2,3,9999.0,YES,1013.0,19,0,2021-08-27 19:00:00
3770,2021,8,27,2000,26,25,94.2,2,8000.0,YES,1013.0,20,0,2021-08-27 20:00:00
3771,2021,8,27,2100,25,25,100.0,3,9999.0,YES,1013.0,21,0,2021-08-27 21:00:00
3772,2021,8,27,2200,25,25,100.0,1,9999.0,YES,1014.0,22,0,2021-08-27 22:00:00
3773,2021,8,27,2300,25,25,100.0,4,8000.0,YES,1013.0,23,0,2021-08-27 23:00:00
3774,2021,8,28,0000,25,25,100.0,3,9999.0,YES,1013.0,0,0,2021-08-28 00:00:00
3775,2021,8,28,0100,25,24,94.2,1,9999.0,YES,1013.0,1,0,2021-08-28 01:00:00
3776,2021,8,28,0200,25,25,100.0,3,9999.0,YES,1013.0,2,0,2021-08-28 02:00:00
3777,2021,8,28,0300,25,24,94.2,3,9999.0,YES,1012.0,3,0,2021-08-28 03:00:00
3778,2021,8,28,0400,25,24,94.2,0,9999.0,NO,1012.0,4,0,2021-08-28 04:00:00
3779,2021,8,28,0500,25,25,100.0,2,9999.0,NO,1012.0,5,0,2021-08-28 05:00:00
3780,2021,8,28,0600,25,25,100.0,2,6000.0,YES,1013.0,6,0,2021-08-28 06:00:00
3781,2021,8,28,0700,25,24,94.2,7,7000.0,YES,1013.0,7,0,2021-08-28 07:00:00
3782,2021,8,28,0800,25,24,94.2,3,6000.0,YES,1014.0,8,0,2021-08-28 08:00:00
3783,2021,8,28,0900,26,25,94.2,2,7000.0,NO,1014.0,9,0,2021-08-28 09:00:00
3784,2021,8,28,1000,25,24,94.2,4,9000.0,YES,1014.0,10,0,2021-08-28 10:00:00
3785,2021,8,28,1100,26,24,88.7,6,9999.0,NO,1013.0,11,0,2021-08-28 11:00:00
3786,2021,8,28,1200,27,25,88.8,9,9999.0,NO,1012.0,12,0,2021-08-28 12:00:00
3787,2021,8,28,1300,29,25,79.0,7,9999.0,NO,1011.0,13,0,2021-08-28 13:00:00
3788,2021,8,28,1400,30,25,74.6,6,9999.0,NO,1010.0,14,0,2021-08-28 14:00:00
3789,2021,8,28,1500,28,24,78.9,7,9999.0,YES,1009.0,15,0,2021-08-28 15:00:00
3790,2021,8,28,1600,27,24,83.7,6,9999.0,YES,1010.0,16,0,2021-08-28 16:00:00
3791,2021,8,28,1700,26,24,88.7,4,9999.0,NO,1010.0,17,0,2021-08-28 17:00:00
3792,2021,8,28,1800,26,24,88.7,4,9999.0,NO,1011.0,18,0,2021-08-28 18:00:00
3793,2021,8,28,1900,26,24,88.7,4,9999.0,NO,1011.0,19,0,2021-08-28 19:00:00
3794,2021,8,28,2000,25,24,94.2,2,9999.0,NO,1012.0,20,0,2021-08-28 20:00:00
3795,2021,8,28,2100,25,24,94.2,2,9999.0,NO,1012.0,21,0,2021-08-28 21:00:00
3796,2021,8,28,2200,25,24,94.2,2,9999.0,NO,1012.0,22,0,2021-08-28 22:00:00
3797,2021,8,28,2300,25,24,94.2,0,9999.0,NO,1012.0,23,0,2021-08-28 23:00:00
3798,2021,8,29,0000,25,24,94.2,3,9999.0,NO,1011.0,0,0,2021-08-29 00:00:00
3799,2021,8,29,0100,25,25,100.0,2,6000.0,YES,1010.0,1,0,2021-08-29 01:00:00
3800,2021,8,29,0200,25,25,100.0,3,3800.0,YES,1010.0,2,0,2021-08-29 02:00:00
3801,2021,8,29,0300,25,24,94.2,3,3600.0,YES,1010.0,3,0,2021-08-29 03:00:00
3802,2021,8,29,0400,25,24,94.2,4,4000.0,YES,1010.0,4,0,2021-08-29 04:00:00
3803,2021,8,29,0500,24,24,100.0,2,8000.0,YES,1011.0,5,0,2021-08-29 05:00:00
3804,2021,8,29,0600,24,24,100.0,1,6000.0,YES,1011.0,6,0,2021-08-29 06:00:00
3805,2021,8,29,0700,24,24,100.0,3,3000.0,YES,1011.0,7,0,2021-08-29 07:00:00
3806,2021,8,29,0800,25,24,94.2,4,6000.0,YES,1012.0,8,0,2021-08-29 08:00:00
3807,2021,8,29,0900,26,24,88.7,4,9999.0,NO,1012.0,9,0,2021-08-29 09:00:00
3808,2021,8,29,1100,27,25,88.8,2,8000.0,YES,1011.0,11,0,2021-08-29 11:00:00
3809,2021,8,29,1200,29,25,79.0,2,9999.0,NO,1010.0,12,0,2021-08-29 12:00:00
3810,2021,8,29,1300,30,24,70.3,4,9999.0,NO,1009.0,13,0,2021-08-29 13:00:00
3811,2021,8,29,1400,29,24,74.4,6,9999.0,NO,1009.0,14,0,2021-08-29 14:00:00
3812,2021,8,29,1500,30,24,70.3,6,9999.0,NO,1008.0,15,0,2021-08-29 15:00:00
3813,2021,8,29,1600,29,25,79.0,6,9999.0,NO,1008.0,16,0,2021-08-29 16:00:00
3814,2021,8,29,1700,27,24,83.7,5,9999.0,NO,1009.0,17,0,2021-08-29 17:00:00
3815,2021,8,29,1800,26,24,88.7,3,9999.0,NO,1009.0,18,0,2021-08-29 18:00:00
3816,2021,8,29,1900,26,24,88.7,2,9999.0,NO,1010.0,19,0,2021-08-29 19:00:00
3817,2021,8,29,2000,25,24,94.2,0,9999.0,NO,1011.0,20,0,2021-08-29 20:00:00
3818,2021,8,29,2100,25,24,94.2,0,9999.0,NO,1011.0,21,0,2021-08-29 21:00:00
3819,2021,8,29,2200,25,24,94.2,1,9999.0,NO,1011.0,22,0,2021-08-29 22:00:00
3820,2021,8,29,2300,25,24,94.2,4,7000.0,YES,1011.0,23,0,2021-08-29 23:00:00
3821,2021,8,30,0000,25,25,100.0,0,9999.0,NO,1010.0,0,0,2021-08-30 00:00:00
3822,2021,8,30,0100,25,25,100.0,3,4000.0,YES,1010.0,1,0,2021-08-30 01:00:00
3823,2021,8,30,0200,25,24,94.2,3,4200.0,YES,1010.0,2,0,2021-08-30 02:00:00
3824,2021,8,30,0300,25,24,94.2,4,3000.0,YES,1010.0,3,0,2021-08-30 03:00:00
3825,2021,8,30,0400,25,24,94.2,5,4000.0,YES,1010.0,4,0,2021-08-30 04:00:00
3826,2021,8,30,0500,25,24,94.2,3,4000.0,YES,1011.0,5,0,2021-08-30 05:00:00
3827,2021,8,30,0600,25,24,94.2,2,8000.0,YES,1011.0,6,0,2021-08-30 06:00:00
3828,2021,8,30,0700,25,24,94.2,3,8000.0,YES,1011.0,7,0,2021-08-30 07:00:00
3829,2021,8,30,0800,28,25,83.8,2,9999.0,YES,1012.0,8,0,2021-08-30 08:00:00
3830,2021,8,30,0900,27,25,88.8,3,6000.0,YES,1012.0,9,0,2021-08-30 09:00:00
3831,2021,8,30,1000,28,25,83.8,5,9999.0,YES,1012.0,10,0,2021-08-30 10:00:00
3832,2021,8,30,1100,28,25,83.8,5,8000.0,YES,1011.0,11,0,2021-08-30 11:00:00
3833,2021,8,30,1200,30,25,74.6,5,9999.0,NO,1010.0,12,0,2021-08-30 12:00:00
3834,2021,8,30,1300,30,25,74.6,6,9999.0,NO,1009.0,13,0,2021-08-30 13:00:00
3835,2021,8,30,1400,30,24,70.3,8,9999.0,NO,1008.0,14,0,2021-08-30 14:00:00
3836,2021,8,30,1500,30,24,70.3,6,9999.0,NO,1008.0,15,0,2021-08-30 15:00:00
3837,2021,8,30,1600,29,24,74.4,6,9999.0,NO,1008.0,16,0,2021-08-30 16:00:00
3838,2021,8,30,1700,27,24,83.7,4,9999.0,NO,1009.0,17,0,2021-08-30 17:00:00
3839,2021,8,30,1800,27,24,83.7,3,9999.0,NO,1009.0,18,0,2021-08-30 18:00:00
3840,2021,8,30,1900,26,24,88.7,3,9999.0,NO,1010.0,19,0,2021-08-30 19:00:00
3841,2021,8,30,2000,26,25,94.2,3,9999.0,NO,1011.0,20,0,2021-08-30 20:00:00
3842,2021,8,30,2100,26,25,94.2,2,9999.0,YES,1011.0,21,0,2021-08-30 21:00:00
3843,2021,8,30,2200,26,25,94.2,0,9999.0,YES,1012.0,22,0,2021-08-30 22:00:00
3844,2021,8,30,2300,23,22,94.1,8,,YES,1012.0,23,0,2021-08-30 23:00:00
3845,2021,8,31,0000,23,22,94.1,2,8000.0,YES,1010.0,0,0,2021-08-31 00:00:00
3846,2021,8,31,0100,23,22,94.1,4,8000.0,YES,1009.0,1,0,2021-08-31 01:00:00
3847,2021,8,31,0200,23,22,94.1,5,9999.0,YES,1008.0,2,0,2021-08-31 02:00:00
3848,2021,8,31,0300,23,23,100.0,6,9999.0,YES,1009.0,3,0,2021-08-31 03:00:00
3849,2021,8,31,0400,23,23,100.0,8,9999.0,YES,1010.0,4,0,2021-08-31 04:00:00
3850,2021,8,31,0500,23,22,94.1,5,9999.0,YES,1010.0,5,0,2021-08-31 05:00:00
3851,2021,8,31,0600,23,23,100.0,4,6000.0,YES,1010.0,6,0,2021-08-31 06:00:00
3852,2021,8,31,0700,24,23,94.1,3,8000.0,NO,1011.0,7,0,2021-08-31 07:00:00
3853,2021,8,31,0800,25,23,88.7,4,9999.0,NO,1012.0,8,0,2021-08-31 08:00:00
3854,2021,8,31,0900,27,24,83.7,3,9999.0,NO,1012.0,9,0,2021-08-31 09:00:00
3855,2021,8,31,1000,27,24,83.7,6,9999.0,NO,1012.0,10,0,2021-08-31 10:00:00
3856,2021,8,31,1100,28,24,78.9,5,9999.0,NO,1012.0,11,0,2021-08-31 11:00:00
3857,2021,8,31,1200,30,24,70.3,6,9999.0,NO,1011.0,12,0,2021-08-31 12:00:00
3858,2021,8,31,1300,30,24,70.3,4,9999.0,NO,1010.0,13,0,2021-08-31 13:00:00
3859,2021,8,31,1400,30,24,70.3,5,9999.0,NO,1008.0,14,0,2021-08-31 14:00:00
3860,2021,8,31,1500,30,24,70.3,7,9999.0,NO,1007.0,15,0,2021-08-31 15:00:00
3861,2021,8,31,1600,29,25,79.0,6,9999.0,NO,1008.0,16,0,2021-08-31 16:00:00
3862,2021,8,31,1700,28,25,83.8,4,9999.0,NO,1008.0,17,0,2021-08-31 17:00:00
3863,2021,8,31,1800,26,24,88.7,5,9999.0,NO,1009.0,18,0,2021-08-31 18:00:00
3864,2021,8,31,1900,26,24,88.7,5,9999.0,NO,1010.0,19,0,2021-08-31 19:00:00
3865,2021,8,31,2000,27,25,88.8,6,9999.0,NO,1011.0,20,0,2021-08-31 20:00:00
3866,2021,8,31,2100,26,25,94.2,4,9999.0,NO,1011.0,21,0,2021-08-31 21:00:00
3867,2021,8,31,2200,26,25,94.2,2,9999.0,NO,1011.0,22,0,2021-08-31 22:00:00
3868,2021,8,31,2300,25,24,94.2,3,9999.0,NO,1011.0,23,0,2021-08-31 23:00:00
3869,2021,9,1,0000,25,25,100.0,3,9999.0,NO,1010.0,0,0,2021-09-01 00:00:00
3870,2021,9,1,0100,25,25,100.0,3,9999.0,NO,1010.0,1,0,2021-09-01 01:00:00
3871,2021,9,1,0200,25,24,94.2,3,9999.0,YES,1009.0,2,0,2021-09-01 02:00:00
3872,2021,9,1,0300,25,24,94.2,2,9999.0,YES,1010.0,3,0,2021-09-01 03:00:00
3873,2021,9,1,0400,25,25,100.0,2,9999.0,YES,1010.0,4,0,2021-09-01 04:00:00
3874,2021,9,1,0500,25,24,94.2,5,9999.0,YES,1011.0,5,0,2021-09-01 05:00:00
3875,2021,9,1,0600,24,24,100.0,0,9999.0,YES,1011.0,6,0,2021-09-01 06:00:00
3876,2021,9,1,0700,25,24,94.2,2,8000.0,YES,1011.0,7,0,2021-09-01 07:00:00
3877,2021,9,1,0800,26,25,94.2,0,8000.0,YES,1011.0,8,0,2021-09-01 08:00:00
3878,2021,9,1,0900,28,25,83.8,5,7000.0,YES,1011.0,9,0,2021-09-01 09:00:00
3879,2021,9,1,1000,25,24,94.2,4,1700.0,YES,1011.0,10,0,2021-09-01 10:00:00
3880,2021,9,1,1100,25,25,100.0,3,1500.0,YES,1010.0,11,0,2021-09-01 11:00:00
3881,2021,9,1,1200,25,24,94.2,4,700.0,YES,1010.0,12,0,2021-09-01 12:00:00
3882,2021,9,1,1300,23,23,100.0,7,1600.0,YES,1010.0,13,0,2021-09-01 13:00:00
3883,2021,9,1,1400,23,23,100.0,6,1600.0,YES,1010.0,14,0,2021-09-01 14:00:00
3884,2021,9,1,1500,23,23,100.0,8,2500.0,YES,1009.0,15,0,2021-09-01 15:00:00
3885,2021,9,1,1600,23,23,100.0,1,2000.0,YES,1009.0,16,0,2021-09-01 16:00:00
3886,2021,9,1,2100,24,24,100.0,3,4000.0,YES,1012.0,21,0,2021-09-01 21:00:00
3887,2021,9,1,2200,24,24,100.0,2,3800.0,YES,1013.0,22,0,2021-09-01 22:00:00
3888,2021,9,1,2300,24,24,100.0,3,7000.0,YES,1012.0,23,0,2021-09-01 23:00:00
3889,2021,9,2,0000,24,24,100.0,3,7000.0,YES,1011.0,0,0,2021-09-02 00:00:00
3890,2021,9,2,0100,24,24,100.0,2,7000.0,YES,1011.0,1,0,2021-09-02 01:00:00
3891,2021,9,2,0200,24,24,100.0,1,8000.0,YES,1010.0,2,0,2021-09-02 02:00:00
3892,2021,9,2,0300,24,24,100.0,1,8000.0,YES,1011.0,3,0,2021-09-02 03:00:00
3893,2021,9,2,0900,28,24,78.9,1,6000.0,YES,1013.0,9,0,2021-09-02 09:00:00
3894,2021,9,2,1000,26,24,88.7,2,3500.0,YES,1013.0,10,0,2021-09-02 10:00:00
3895,2021,9,2,1100,27,25,88.8,3,2000.0,YES,1012.0,11,0,2021-09-02 11:00:00
3896,2021,9,2,1200,26,25,94.2,4,2900.0,YES,1012.0,12,0,2021-09-02 12:00:00
3897,2021,9,2,1300,25,24,94.2,6,2500.0,YES,1011.0,13,0,2021-09-02 13:00:00
3898,2021,9,2,1400,25,24,94.2,5,2500.0,YES,1011.0,14,0,2021-09-02 14:00:00
3899,2021,9,2,1500,25,24,94.2,4,2000.0,YES,1010.0,15,0,2021-09-02 15:00:00
3900,2021,9,2,1600,25,24,94.2,5,8000.0,YES,1010.0,16,0,2021-09-02 16:00:00
3901,2021,9,2,1700,25,24,94.2,4,6000.0,YES,1010.0,17,0,2021-09-02 17:00:00
3902,2021,9,2,1800,25,24,94.2,2,8000.0,YES,1011.0,18,0,2021-09-02 18:00:00
3903,2021,9,2,1900,24,24,100.0,3,3500.0,YES,1011.0,19,0,2021-09-02 19:00:00
3904,2021,9,2,2000,24,24,100.0,2,2500.0,YES,1012.0,20,0,2021-09-02 20:00:00
3905,2021,9,2,2100,24,24,100.0,4,2000.0,YES,1013.0,21,0,2021-09-02 21:00:00
3906,2021,9,2,2200,24,24,100.0,2,4000.0,YES,1013.0,22,0,2021-09-02 22:00:00
3907,2021,9,2,2300,24,24,100.0,3,4000.0,YES,1013.0,23,0,2021-09-02 23:00:00
3908,2021,9,3,0000,23,23,100.0,2,8000.0,YES,1012.0,0,0,2021-09-03 00:00:00
3909,2021,9,3,0100,23,23,100.0,1,9999.0,YES,1011.0,1,0,2021-09-03 01:00:00
3910,2021,9,3,0200,24,24,100.0,2,8000.0,YES,1012.0,2,0,2021-09-03 02:00:00
3911,2021,9,3,0300,24,24,100.0,5,6000.0,YES,1012.0,3,0,2021-09-03 03:00:00
3912,2021,9,3,0400,24,24,100.0,5,7000.0,NO,1012.0,4,0,2021-09-03 04:00:00
3913,2021,9,3,0500,24,24,100.0,4,6000.0,NO,1013.0,5,0,2021-09-03 05:00:00
3914,2021,9,3,0600,24,24,100.0,3,4500.0,NO,1013.0,6,0,2021-09-03 06:00:00
3915,2021,9,3,0700,24,24,100.0,2,4500.0,NO,1014.0,7,0,2021-09-03 07:00:00
3916,2021,9,3,0800,24,24,100.0,3,6000.0,NO,1015.0,8,0,2021-09-03 08:00:00
3917,2021,9,3,0900,26,23,83.6,1,8000.0,YES,1014.0,9,0,2021-09-03 09:00:00
3918,2021,9,3,1000,27,23,78.8,4,7000.0,NO,1014.0,10,0,2021-09-03 10:00:00
3919,2021,9,3,1100,28,24,78.9,4,8000.0,NO,1014.0,11,0,2021-09-03 11:00:00
3920,2021,9,3,1200,27,24,83.7,3,8000.0,NO,1013.0,12,0,2021-09-03 12:00:00
3921,2021,9,3,1300,28,24,78.9,3,9999.0,NO,1012.0,13,0,2021-09-03 13:00:00
3922,2021,9,3,1400,28,23,74.3,3,9999.0,NO,1011.0,14,0,2021-09-03 14:00:00
3923,2021,9,3,1500,27,23,78.8,5,9999.0,NO,1011.0,15,0,2021-09-03 15:00:00
3924,2021,9,3,1600,27,23,78.8,5,9999.0,NO,1010.0,16,0,2021-09-03 16:00:00
3925,2021,9,3,1700,26,23,83.6,4,9999.0,NO,1011.0,17,0,2021-09-03 17:00:00
3926,2021,9,3,1800,24,23,94.1,2,9999.0,NO,1011.0,18,0,2021-09-03 18:00:00
3927,2021,9,3,1900,24,23,94.1,1,9999.0,NO,1012.0,19,0,2021-09-03 19:00:00
3928,2021,9,3,2000,24,23,94.1,2,9999.0,NO,1012.0,20,0,2021-09-03 20:00:00
3929,2021,9,3,2100,24,23,94.1,2,9999.0,NO,1013.0,21,0,2021-09-03 21:00:00
3930,2021,9,3,2200,24,23,94.1,3,9999.0,NO,1013.0,22,0,2021-09-03 22:00:00
3931,2021,9,3,2300,24,23,94.1,2,9999.0,NO,1013.0,23,0,2021-09-03 23:00:00
3932,2021,9,4,0000,24,23,94.1,3,9999.0,NO,1013.0,0,0,2021-09-04 00:00:00
3933,2021,9,4,0100,24,23,94.1,2,9999.0,NO,1012.0,1,0,2021-09-04 01:00:00
3934,2021,9,4,0200,23,23,100.0,4,9999.0,NO,1012.0,2,0,2021-09-04 02:00:00
3935,2021,9,4,0300,24,23,94.1,3,9999.0,NO,1011.0,3,0,2021-09-04 03:00:00
3936,2021,9,4,0400,24,23,94.1,3,9999.0,NO,1011.0,4,0,2021-09-04 04:00:00
3937,2021,9,4,0500,24,23,94.1,2,7000.0,NO,1012.0,5,0,2021-09-04 05:00:00
3938,2021,9,4,0600,24,23,94.1,2,7000.0,NO,1013.0,6,0,2021-09-04 06:00:00
3939,2021,9,4,0700,24,23,94.1,3,8000.0,NO,1013.0,7,0,2021-09-04 07:00:00
3940,2021,9,4,0800,28,22,69.9,2,8000.0,NO,1014.0,8,0,2021-09-04 08:00:00
3941,2021,9,4,0900,29,22,65.9,3,8000.0,NO,1014.0,9,0,2021-09-04 09:00:00
3942,2021,9,4,1000,30,22,62.2,6,9999.0,NO,1014.0,10,0,2021-09-04 10:00:00
3943,2021,9,4,1100,30,22,62.2,5,9999.0,NO,1013.0,11,0,2021-09-04 11:00:00
3944,2021,9,4,1200,31,23,62.5,4,9999.0,NO,1012.0,12,0,2021-09-04 12:00:00
3945,2021,9,4,1300,29,23,70.1,5,9999.0,NO,1011.0,13,0,2021-09-04 13:00:00
3946,2021,9,4,1400,30,23,66.2,6,9999.0,NO,1010.0,14,0,2021-09-04 14:00:00
3947,2021,9,4,1500,31,24,66.4,6,9999.0,NO,1009.0,15,0,2021-09-04 15:00:00
3948,2021,9,4,1600,30,24,70.3,4,9999.0,NO,1009.0,16,0,2021-09-04 16:00:00
3949,2021,9,4,1700,27,24,83.7,5,9999.0,NO,1010.0,17,0,2021-09-04 17:00:00
3950,2021,9,4,2000,26,24,88.7,3,9999.0,NO,1012.0,20,0,2021-09-04 20:00:00
3951,2021,9,4,2200,25,24,94.2,2,9999.0,NO,1013.0,22,0,2021-09-04 22:00:00
3952,2021,9,4,2300,24,23,94.1,4,9999.0,NO,1014.0,23,0,2021-09-04 23:00:00
3953,2021,9,5,0000,24,23,94.1,3,9999.0,NO,1013.0,0,0,2021-09-05 00:00:00
3954,2021,9,5,0700,25,24,94.2,2,6000.0,YES,1014.0,7,0,2021-09-05 07:00:00
3955,2021,9,5,0800,27,24,83.7,3,8000.0,NO,1015.0,8,0,2021-09-05 08:00:00
3956,2021,9,5,0900,28,25,83.8,2,9999.0,NO,1015.0,9,0,2021-09-05 09:00:00
3957,2021,9,5,1000,30,24,70.3,4,9999.0,NO,1014.0,10,0,2021-09-05 10:00:00
3958,2021,9,5,1100,30,23,66.2,5,9999.0,NO,1013.0,11,0,2021-09-05 11:00:00
3959,2021,9,5,1200,31,25,70.4,6,9999.0,NO,1012.0,12,0,2021-09-05 12:00:00
3960,2021,9,5,1300,30,24,70.3,7,9999.0,NO,1011.0,13,0,2021-09-05 13:00:00
3961,2021,9,5,1400,29,24,74.4,8,9999.0,NO,1011.0,14,0,2021-09-05 14:00:00
3962,2021,9,5,1500,27,24,83.7,8,9999.0,NO,1011.0,15,0,2021-09-05 15:00:00
3963,2021,9,5,1600,28,24,78.9,7,9999.0,NO,1010.0,16,0,2021-09-05 16:00:00
3964,2021,9,5,1700,27,24,83.7,6,9999.0,NO,1010.0,17,0,2021-09-05 17:00:00
3965,2021,9,5,1800,26,24,88.7,4,8000.0,YES,1011.0,18,0,2021-09-05 18:00:00
3966,2021,9,5,1900,26,24,88.7,3,9999.0,NO,1011.0,19,0,2021-09-05 19:00:00
3967,2021,9,5,2000,26,24,88.7,3,9999.0,NO,1013.0,20,0,2021-09-05 20:00:00
3968,2021,9,5,2100,25,24,94.2,4,9999.0,NO,1013.0,21,0,2021-09-05 21:00:00
3969,2021,9,5,2200,25,24,94.2,3,9999.0,NO,1013.0,22,0,2021-09-05 22:00:00
3970,2021,9,5,2300,25,24,94.2,5,9999.0,NO,1013.0,23,0,2021-09-05 23:00:00
3971,2021,9,6,0000,25,24,94.2,3,9999.0,NO,1013.0,0,0,2021-09-06 00:00:00
3972,2021,9,6,0100,25,24,94.2,3,9999.0,NO,1012.0,1,0,2021-09-06 01:00:00
3973,2021,9,6,0200,25,24,94.2,3,9999.0,NO,1012.0,2,0,2021-09-06 02:00:00
3974,2021,9,6,0300,24,24,100.0,3,9999.0,NO,1012.0,3,0,2021-09-06 03:00:00
3975,2021,9,6,0400,24,23,94.1,2,9999.0,NO,1012.0,4,0,2021-09-06 04:00:00
3976,2021,9,6,0500,24,23,94.1,2,8000.0,NO,1012.0,5,0,2021-09-06 05:00:00
3977,2021,9,6,0600,24,23,94.1,4,7000.0,YES,1013.0,6,0,2021-09-06 06:00:00
3978,2021,9,6,0700,25,24,94.2,4,4000.0,YES,1014.0,7,0,2021-09-06 07:00:00
3979,2021,9,6,0800,26,25,94.2,2,3500.0,YES,1015.0,8,0,2021-09-06 08:00:00
3980,2021,9,6,0900,27,24,83.7,4,9999.0,YES,1015.0,9,0,2021-09-06 09:00:00
3981,2021,9,6,1000,27,24,83.7,5,9999.0,YES,1015.0,10,0,2021-09-06 10:00:00
3982,2021,9,6,1100,25,24,94.2,4,8000.0,YES,1015.0,11,0,2021-09-06 11:00:00
3983,2021,9,6,1200,27,25,88.8,3,9999.0,YES,1014.0,12,0,2021-09-06 12:00:00
3984,2021,9,6,1300,28,24,78.9,2,9999.0,NO,1013.0,13,0,2021-09-06 13:00:00
3985,2021,9,6,1400,28,25,83.8,3,9999.0,NO,1012.0,14,0,2021-09-06 14:00:00
3986,2021,9,6,1500,27,24,83.7,5,9999.0,NO,1011.0,15,0,2021-09-06 15:00:00
3987,2021,9,6,1600,28,24,78.9,4,9999.0,NO,1011.0,16,0,2021-09-06 16:00:00
3988,2021,9,6,1700,27,23,78.8,4,9999.0,NO,1011.0,17,0,2021-09-06 17:00:00
3989,2021,9,6,1800,25,23,88.7,2,9999.0,NO,1012.0,18,0,2021-09-06 18:00:00
3990,2021,9,6,1900,25,24,94.2,1,9999.0,NO,1013.0,19,0,2021-09-06 19:00:00
3991,2021,9,6,2000,25,24,94.2,0,9999.0,NO,1014.0,20,0,2021-09-06 20:00:00
3992,2021,9,6,2100,24,24,100.0,0,9999.0,NO,1014.0,21,0,2021-09-06 21:00:00
3993,2021,9,6,2200,24,24,100.0,2,9999.0,NO,1014.0,22,0,2021-09-06 22:00:00
3994,2021,9,6,2300,24,24,100.0,0,9999.0,NO,1014.0,23,0,2021-09-06 23:00:00
3995,2021,9,7,0000,24,24,100.0,0,9999.0,NO,1013.0,0,0,2021-09-07 00:00:00
3996,2021,9,7,0100,25,24,94.2,2,8000.0,NO,1012.0,1,0,2021-09-07 01:00:00
3997,2021,9,7,0200,24,24,100.0,2,6000.0,NO,1012.0,2,0,2021-09-07 02:00:00
3998,2021,9,7,0300,25,25,100.0,0,6000.0,NO,1012.0,3,0,2021-09-07 03:00:00
3999,2021,9,7,0400,24,24,100.0,1,6000.0,NO,1013.0,4,0,2021-09-07 04:00:00
4000,2021,9,7,0500,24,24,100.0,0,2500.0,NO,1012.0,5,0,2021-09-07 05:00:00
4001,2021,9,7,0600,24,24,100.0,1,2500.0,NO,1013.0,6,0,2021-09-07 06:00:00
4002,2021,9,7,0700,25,24,94.2,2,2500.0,NO,1013.0,7,0,2021-09-07 07:00:00
4003,2021,9,7,0800,28,24,78.9,2,8000.0,NO,1013.0,8,0,2021-09-07 08:00:00
4004,2021,9,7,0900,28,24,78.9,3,9999.0,NO,1013.0,9,0,2021-09-07 09:00:00
4005,2021,9,7,1000,29,24,74.4,3,9999.0,NO,1013.0,10,0,2021-09-07 10:00:00
4006,2021,9,7,2200,25,25,100.0,0,9999.0,NO,1013.0,22,0,2021-09-07 22:00:00
4007,2021,9,8,0000,25,25,100.0,2,9999.0,YES,1012.0,0,0,2021-09-08 00:00:00
4008,2021,9,8,0100,25,25,100.0,3,3500.0,YES,1012.0,1,0,2021-09-08 01:00:00
4009,2021,9,8,0200,23,22,94.1,3,3200.0,YES,1012.0,2,0,2021-09-08 02:00:00
4010,2021,9,8,0300,23,22,94.1,3,4000.0,YES,1012.0,3,0,2021-09-08 03:00:00
4011,2021,9,8,0400,23,23,100.0,2,7000.0,YES,1012.0,4,0,2021-09-08 04:00:00
4012,2021,9,8,0500,23,23,100.0,1,7000.0,YES,1013.0,5,0,2021-09-08 05:00:00
4013,2021,9,8,0600,23,23,100.0,2,3500.0,NO,1013.0,6,0,2021-09-08 06:00:00
4014,2021,9,8,0700,25,24,94.2,2,6000.0,NO,1014.0,7,0,2021-09-08 07:00:00
4015,2021,9,8,0800,28,24,78.9,3,9999.0,NO,1014.0,8,0,2021-09-08 08:00:00
4016,2021,9,8,0900,29,24,74.4,4,9999.0,NO,1014.0,9,0,2021-09-08 09:00:00
4017,2021,9,8,1000,30,24,70.3,3,9999.0,NO,1014.0,10,0,2021-09-08 10:00:00
4018,2021,9,8,1100,30,25,74.6,2,9999.0,NO,1013.0,11,0,2021-09-08 11:00:00
4019,2021,9,8,1200,30,25,74.6,3,9999.0,NO,1011.0,12,0,2021-09-08 12:00:00
4020,2021,9,8,1300,31,25,70.4,8,9999.0,NO,1011.0,13,0,2021-09-08 13:00:00
4021,2021,9,8,1400,31,24,66.4,4,9999.0,NO,1010.0,14,0,2021-09-08 14:00:00
4022,2021,9,8,1500,30,25,74.6,4,9999.0,NO,1010.0,15,0,2021-09-08 15:00:00
4023,2021,9,8,1600,29,25,79.0,4,9999.0,NO,1010.0,16,0,2021-09-08 16:00:00
4024,2021,9,8,1700,28,25,83.8,3,9999.0,NO,1010.0,17,0,2021-09-08 17:00:00
4025,2021,9,8,1800,26,24,88.7,1,9999.0,NO,1010.0,18,0,2021-09-08 18:00:00
4026,2021,9,8,1900,25,24,94.2,0,9999.0,NO,1010.0,19,0,2021-09-08 19:00:00
4027,2021,9,8,2000,25,24,94.2,0,9999.0,NO,1011.0,20,0,2021-09-08 20:00:00
4028,2021,9,8,2100,25,25,100.0,0,8000.0,NO,1012.0,21,0,2021-09-08 21:00:00
4029,2021,9,8,2200,25,25,100.0,0,8000.0,NO,1012.0,22,0,2021-09-08 22:00:00
4030,2021,9,8,2300,25,25,100.0,0,8000.0,NO,1012.0,23,0,2021-09-08 23:00:00
4031,2021,9,9,0000,25,25,100.0,1,8000.0,NO,1011.0,0,0,2021-09-09 00:00:00
4032,2021,9,9,0100,25,25,100.0,1,8000.0,NO,1011.0,1,0,2021-09-09 01:00:00
4033,2021,9,9,0200,25,25,100.0,2,6000.0,NO,1011.0,2,0,2021-09-09 02:00:00
4034,2021,9,9,0300,25,25,100.0,2,8000.0,NO,1011.0,3,0,2021-09-09 03:00:00
4035,2021,9,9,0400,25,25,100.0,3,6000.0,NO,1012.0,4,0,2021-09-09 04:00:00
4036,2021,9,9,0500,25,25,100.0,2,6000.0,NO,1012.0,5,0,2021-09-09 05:00:00
4037,2021,9,9,0600,25,25,100.0,2,6000.0,NO,1012.0,6,0,2021-09-09 06:00:00
4038,2021,9,9,0700,25,25,100.0,0,8000.0,NO,1012.0,7,0,2021-09-09 07:00:00
4039,2021,9,9,0800,29,25,79.0,2,9999.0,NO,1013.0,8,0,2021-09-09 08:00:00
4040,2021,9,9,0900,30,25,74.6,5,9999.0,NO,1013.0,9,0,2021-09-09 09:00:00
4041,2021,9,9,1000,29,25,79.0,2,9999.0,NO,1013.0,10,0,2021-09-09 10:00:00
4042,2021,9,9,1100,30,25,74.6,3,9999.0,NO,1012.0,11,0,2021-09-09 11:00:00
4043,2021,9,9,1200,31,26,74.8,5,9999.0,NO,1011.0,12,0,2021-09-09 12:00:00
4044,2021,9,9,1400,31,25,70.4,10,9999.0,NO,1009.0,14,0,2021-09-09 14:00:00
4045,2021,9,9,1500,30,25,74.6,10,9999.0,NO,1009.0,15,0,2021-09-09 15:00:00
4046,2021,9,9,1600,29,25,79.0,10,9999.0,YES,1010.0,16,0,2021-09-09 16:00:00
4047,2021,9,9,1700,28,25,83.8,6,9999.0,YES,1010.0,17,0,2021-09-09 17:00:00
4048,2021,9,9,1800,28,25,83.8,4,9999.0,NO,1011.0,18,0,2021-09-09 18:00:00
4049,2021,9,9,1900,28,26,88.9,4,9999.0,YES,1012.0,19,0,2021-09-09 19:00:00
4050,2021,9,9,2000,25,23,88.7,6,9999.0,YES,1013.0,20,0,2021-09-09 20:00:00
4051,2021,9,9,2100,25,23,88.7,6,9999.0,YES,1013.0,21,0,2021-09-09 21:00:00
4052,2021,9,9,2200,24,24,100.0,0,8000.0,YES,1013.0,22,0,2021-09-09 22:00:00
4053,2021,9,9,2300,24,23,94.1,0,8000.0,YES,1012.0,23,0,2021-09-09 23:00:00
4054,2021,9,10,0000,24,23,94.1,0,8000.0,YES,1013.0,0,0,2021-09-10 00:00:00
4055,2021,9,10,0100,24,24,100.0,0,8000.0,NO,1012.0,1,0,2021-09-10 01:00:00
4056,2021,9,10,0200,24,24,100.0,0,8000.0,NO,1012.0,2,0,2021-09-10 02:00:00
4057,2021,9,10,0300,24,24,100.0,0,8000.0,YES,1012.0,3,0,2021-09-10 03:00:00
4058,2021,9,10,0400,24,24,100.0,10,8000.0,YES,1013.0,4,0,2021-09-10 04:00:00
4059,2021,9,10,0500,24,23,94.1,0,8000.0,NO,1012.0,5,0,2021-09-10 05:00:00
4060,2021,9,10,0600,24,23,94.1,0,4000.0,NO,1012.0,6,0,2021-09-10 06:00:00
4061,2021,9,10,0700,24,24,100.0,0,7000.0,YES,1013.0,7,0,2021-09-10 07:00:00
4062,2021,9,10,0800,26,24,88.7,4,8000.0,NO,1013.0,8,0,2021-09-10 08:00:00
4063,2021,9,10,0900,27,24,83.7,0,8000.0,NO,1014.0,9,0,2021-09-10 09:00:00
4064,2021,9,10,1000,29,24,74.4,6,8000.0,NO,1014.0,10,0,2021-09-10 10:00:00
4065,2021,9,10,1100,31,25,70.4,4,7000.0,NO,1013.0,11,0,2021-09-10 11:00:00
4066,2021,9,10,1200,31,25,70.4,6,9999.0,NO,1012.0,12,0,2021-09-10 12:00:00
4067,2021,9,10,1300,31,25,70.4,6,9999.0,NO,1011.0,13,0,2021-09-10 13:00:00
4068,2021,9,10,1400,32,25,66.6,10,9999.0,NO,1010.0,14,0,2021-09-10 14:00:00
4069,2021,9,10,1500,31,25,70.4,8,9999.0,NO,1010.0,15,0,2021-09-10 15:00:00
4070,2021,9,10,1600,31,25,70.4,8,9999.0,NO,1010.0,16,0,2021-09-10 16:00:00
4071,2021,9,10,1700,28,25,83.8,7,9999.0,NO,1011.0,17,0,2021-09-10 17:00:00
4072,2021,9,10,1800,27,25,88.8,6,9999.0,NO,1011.0,18,0,2021-09-10 18:00:00
4073,2021,9,10,1900,27,25,88.8,5,9999.0,NO,1012.0,19,0,2021-09-10 19:00:00
4074,2021,9,10,2000,26,25,94.2,2,9999.0,NO,1012.0,20,0,2021-09-10 20:00:00
4075,2021,9,10,2100,27,25,88.8,4,9999.0,NO,1013.0,21,0,2021-09-10 21:00:00
4076,2021,9,10,2200,27,25,88.8,4,9999.0,NO,1014.0,22,0,2021-09-10 22:00:00
4077,2021,9,10,2300,26,25,94.2,6,9999.0,NO,1014.0,23,0,2021-09-10 23:00:00
4078,2021,9,11,0000,26,25,94.2,6,9999.0,YES,1013.0,0,0,2021-09-11 00:00:00
4079,2021,9,11,0100,25,24,94.2,8,9999.0,YES,1013.0,1,0,2021-09-11 01:00:00
4080,2021,9,11,0200,24,23,94.1,0,9999.0,NO,1013.0,2,0,2021-09-11 02:00:00
4081,2021,9,11,0300,24,23,94.1,0,9999.0,YES,1013.0,3,0,2021-09-11 03:00:00
4082,2021,9,11,0400,24,23,94.1,0,9999.0,YES,1013.0,4,0,2021-09-11 04:00:00
4083,2021,9,11,0500,24,23,94.1,0,6000.0,YES,1013.0,5,0,2021-09-11 05:00:00
4084,2021,9,11,0600,25,24,94.2,0,7000.0,NO,1014.0,6,0,2021-09-11 06:00:00
4085,2021,9,11,0700,26,25,94.2,4,7000.0,NO,1013.0,7,0,2021-09-11 07:00:00
4086,2021,9,11,0800,27,25,88.8,5,8000.0,NO,1014.0,8,0,2021-09-11 08:00:00
4087,2021,9,11,0900,29,25,79.0,2,8000.0,NO,1014.0,9,0,2021-09-11 09:00:00
4088,2021,9,11,1000,30,25,74.6,4,9999.0,NO,1013.0,10,0,2021-09-11 10:00:00
4089,2021,9,11,1100,31,25,70.4,5,9999.0,NO,1013.0,11,0,2021-09-11 11:00:00
4090,2021,9,11,1200,31,25,70.4,8,9999.0,NO,1012.0,12,0,2021-09-11 12:00:00
4091,2021,9,11,1300,32,26,70.6,10,9999.0,YES,1011.0,13,0,2021-09-11 13:00:00
4092,2021,9,11,1400,30,25,74.6,10,9999.0,YES,1011.0,14,0,2021-09-11 14:00:00
4093,2021,9,11,1500,28,25,83.8,8,9999.0,YES,1011.0,15,0,2021-09-11 15:00:00
4094,2021,9,11,1600,23,23,100.0,6,2000.0,YES,1012.0,16,0,2021-09-11 16:00:00
4095,2021,9,11,1700,23,23,100.0,4,6000.0,YES,1012.0,17,0,2021-09-11 17:00:00
4096,2021,9,11,1800,22,22,100.0,4,4000.0,YES,1012.0,18,0,2021-09-11 18:00:00
4097,2021,9,11,1900,23,22,94.1,0,9999.0,NO,1012.0,19,0,2021-09-11 19:00:00
4098,2021,9,11,2000,23,22,94.1,0,9999.0,NO,1014.0,20,0,2021-09-11 20:00:00
4099,2021,9,11,2100,23,23,100.0,1,9999.0,NO,1014.0,21,0,2021-09-11 21:00:00
4100,2021,9,11,2200,23,22,94.1,2,8000.0,NO,1014.0,22,0,2021-09-11 22:00:00
4101,2021,9,11,2300,23,22,94.1,2,8000.0,NO,1013.0,23,0,2021-09-11 23:00:00
4102,2021,9,12,0000,23,22,94.1,0,8000.0,NO,1013.0,0,0,2021-09-12 00:00:00
4103,2021,9,12,0100,23,23,100.0,0,9999.0,NO,1013.0,1,0,2021-09-12 01:00:00
4104,2021,9,12,0200,23,23,100.0,0,9999.0,NO,1012.0,2,0,2021-09-12 02:00:00
4105,2021,9,12,0300,23,23,100.0,2,9999.0,YES,1013.0,3,0,2021-09-12 03:00:00
4106,2021,9,12,0400,23,23,100.0,4,9999.0,YES,1012.0,4,0,2021-09-12 04:00:00
4107,2021,9,12,0500,23,23,100.0,4,9999.0,NO,1012.0,5,0,2021-09-12 05:00:00
4108,2021,9,12,0600,23,23,100.0,4,6000.0,NO,1014.0,6,0,2021-09-12 06:00:00
4109,2021,9,12,0700,24,24,100.0,2,6000.0,NO,1014.0,7,0,2021-09-12 07:00:00
4110,2021,9,12,0800,24,23,94.1,0,6000.0,YES,1014.0,8,0,2021-09-12 08:00:00
4111,2021,9,12,0900,25,24,94.2,0,8000.0,YES,1015.0,9,0,2021-09-12 09:00:00
4112,2021,9,12,1000,26,24,88.7,4,9999.0,NO,1015.0,10,0,2021-09-12 10:00:00
4113,2021,9,12,1100,26,24,88.7,4,6000.0,YES,1014.0,11,0,2021-09-12 11:00:00
4114,2021,9,12,1200,26,24,88.7,6,9999.0,YES,1013.0,12,0,2021-09-12 12:00:00
4115,2021,9,12,1300,27,24,83.7,8,9999.0,YES,1012.0,13,0,2021-09-12 13:00:00
4116,2021,9,12,1400,27,24,83.7,8,9999.0,NO,1011.0,14,0,2021-09-12 14:00:00
4117,2021,9,12,1500,28,24,78.9,8,9999.0,NO,1010.0,15,0,2021-09-12 15:00:00
4118,2021,9,12,1600,28,23,74.3,6,9999.0,NO,1010.0,16,0,2021-09-12 16:00:00
4119,2021,9,12,1700,27,24,83.7,4,9999.0,NO,1011.0,17,0,2021-09-12 17:00:00
4120,2021,9,12,1800,26,23,83.6,4,9999.0,NO,1011.0,18,0,2021-09-12 18:00:00
4121,2021,9,12,1900,25,23,88.7,6,9999.0,NO,1012.0,19,0,2021-09-12 19:00:00
4122,2021,9,12,2000,25,23,88.7,4,9999.0,NO,1013.0,20,0,2021-09-12 20:00:00
4123,2021,9,12,2100,25,24,94.2,2,9999.0,NO,1013.0,21,0,2021-09-12 21:00:00
4124,2021,9,12,2200,24,24,100.0,1,9999.0,NO,1013.0,22,0,2021-09-12 22:00:00
4125,2021,9,12,2300,24,24,100.0,2,8000.0,NO,1013.0,23,0,2021-09-12 23:00:00
4126,2021,9,13,0000,24,24,100.0,2,8000.0,NO,1013.0,0,0,2021-09-13 00:00:00
4127,2021,9,13,0100,24,24,100.0,0,8000.0,NO,1012.0,1,0,2021-09-13 01:00:00
4128,2021,9,13,0200,24,23,94.1,0,6000.0,YES,1011.0,2,0,2021-09-13 02:00:00
4129,2021,9,13,0300,24,24,100.0,0,6000.0,YES,1011.0,3,0,2021-09-13 03:00:00
4130,2021,9,13,0400,24,23,94.1,0,8000.0,NO,1012.0,4,0,2021-09-13 04:00:00
4131,2021,9,13,0500,23,23,100.0,0,2000.0,YES,1012.0,5,0,2021-09-13 05:00:00
4132,2021,9,13,0600,23,23,100.0,0,2000.0,YES,1013.0,6,0,2021-09-13 06:00:00
4133,2021,9,13,0700,24,23,94.1,4,9999.0,NO,1013.0,7,0,2021-09-13 07:00:00
4134,2021,9,13,0800,26,24,88.7,4,9999.0,NO,1014.0,8,0,2021-09-13 08:00:00
4135,2021,9,13,0900,28,24,78.9,6,9999.0,NO,1014.0,9,0,2021-09-13 09:00:00
4136,2021,9,13,1000,29,24,74.4,8,9999.0,NO,1013.0,10,0,2021-09-13 10:00:00
4137,2021,9,13,1100,30,24,70.3,8,9999.0,NO,1012.0,11,0,2021-09-13 11:00:00
4138,2021,9,13,1200,31,25,70.4,6,9999.0,NO,1011.0,12,0,2021-09-13 12:00:00
4139,2021,9,13,1300,31,24,66.4,8,9999.0,NO,1010.0,13,0,2021-09-13 13:00:00
4140,2021,9,13,1400,31,24,66.4,8,9999.0,NO,1010.0,14,0,2021-09-13 14:00:00
4141,2021,9,13,1500,31,24,66.4,8,9999.0,NO,1010.0,15,0,2021-09-13 15:00:00
4142,2021,9,13,1600,30,24,70.3,6,9999.0,NO,1009.0,16,0,2021-09-13 16:00:00
4143,2021,9,13,1700,27,24,83.7,6,9999.0,NO,1010.0,17,0,2021-09-13 17:00:00
4144,2021,9,13,1800,26,24,88.7,4,9999.0,NO,1010.0,18,0,2021-09-13 18:00:00
4145,2021,9,13,1900,26,24,88.7,10,9999.0,NO,1011.0,19,0,2021-09-13 19:00:00
4146,2021,9,13,2000,26,24,88.7,4,9999.0,NO,1012.0,20,0,2021-09-13 20:00:00
4147,2021,9,13,2200,25,25,100.0,0,9999.0,NO,1013.0,22,0,2021-09-13 22:00:00
4148,2021,9,13,2300,25,24,94.2,6,6000.0,YES,1012.0,23,0,2021-09-13 23:00:00
4149,2021,9,14,0000,24,24,100.0,0,9999.0,YES,1012.0,0,0,2021-09-14 00:00:00
4150,2021,9,14,0100,24,24,100.0,0,9999.0,YES,1011.0,1,0,2021-09-14 01:00:00
4151,2021,9,14,0200,24,24,100.0,0,9999.0,NO,1011.0,2,0,2021-09-14 02:00:00
4152,2021,9,14,0300,24,24,100.0,0,9999.0,NO,1011.0,3,0,2021-09-14 03:00:00
4153,2021,9,14,0400,24,23,94.1,4,9999.0,NO,1012.0,4,0,2021-09-14 04:00:00
4154,2021,9,14,0500,24,23,94.1,6,7000.0,NO,1012.0,5,0,2021-09-14 05:00:00
4155,2021,9,14,0600,24,23,94.1,4,9999.0,YES,1013.0,6,0,2021-09-14 06:00:00
4156,2021,9,14,0700,24,23,94.1,4,8000.0,YES,1014.0,7,0,2021-09-14 07:00:00
4157,2021,9,14,0800,24,23,94.1,4,4000.0,YES,1015.0,8,0,2021-09-14 08:00:00
4158,2021,9,14,0900,24,23,94.1,4,6000.0,YES,1016.0,9,0,2021-09-14 09:00:00
4159,2021,9,14,1000,24,23,94.1,4,8000.0,NO,1015.0,10,0,2021-09-14 10:00:00
4160,2021,9,14,1100,25,24,94.2,6,9999.0,YES,1014.0,11,0,2021-09-14 11:00:00
4161,2021,9,14,1200,27,23,78.8,2,9999.0,NO,1012.0,12,0,2021-09-14 12:00:00
4162,2021,9,14,1300,27,23,78.8,0,9999.0,NO,1011.0,13,0,2021-09-14 13:00:00
4163,2021,9,14,1400,27,24,83.7,3,9999.0,YES,1010.0,14,0,2021-09-14 14:00:00
4164,2021,9,14,1500,26,24,88.7,5,9999.0,NO,1010.0,15,0,2021-09-14 15:00:00
4165,2021,9,14,1600,26,24,88.7,4,9999.0,NO,1010.0,16,0,2021-09-14 16:00:00
4166,2021,9,14,1700,26,24,88.7,3,9999.0,NO,1011.0,17,0,2021-09-14 17:00:00
4167,2021,9,14,1800,25,24,94.2,3,9999.0,NO,1011.0,18,0,2021-09-14 18:00:00
4168,2021,9,14,1900,25,23,88.7,2,9999.0,NO,1012.0,19,0,2021-09-14 19:00:00
4169,2021,9,14,2000,24,23,94.1,3,9999.0,NO,1013.0,20,0,2021-09-14 20:00:00
4170,2021,9,14,2100,23,23,100.0,0,9999.0,NO,1013.0,21,0,2021-09-14 21:00:00
4171,2021,9,14,2200,23,23,100.0,0,9999.0,NO,1014.0,22,0,2021-09-14 22:00:00
4172,2021,9,14,2300,24,23,94.1,3,8000.0,NO,1013.0,23,0,2021-09-14 23:00:00
4173,2021,9,15,0000,24,23,94.1,0,8000.0,NO,1012.0,0,0,2021-09-15 00:00:00
4174,2021,9,15,0100,23,23,100.0,0,8000.0,NO,1012.0,1,0,2021-09-15 01:00:00
4175,2021,9,15,0200,23,23,100.0,0,8000.0,NO,1012.0,2,0,2021-09-15 02:00:00
4176,2021,9,15,0300,23,23,100.0,2,7000.0,NO,1012.0,3,0,2021-09-15 03:00:00
4177,2021,9,15,0400,23,23,100.0,2,6000.0,NO,1012.0,4,0,2021-09-15 04:00:00
4178,2021,9,15,0500,23,23,100.0,2,1800.0,NO,1013.0,5,0,2021-09-15 05:00:00
4179,2021,9,15,0600,23,23,100.0,1,300.0,NO,1014.0,6,0,2021-09-15 06:00:00
4180,2021,9,15,0700,24,24,100.0,1,1600.0,NO,1014.0,7,0,2021-09-15 07:00:00
4181,2021,9,15,0800,27,24,83.7,3,4500.0,NO,1015.0,8,0,2021-09-15 08:00:00
4182,2021,9,15,0900,28,23,74.3,3,9999.0,NO,1015.0,9,0,2021-09-15 09:00:00
4183,2021,9,15,1000,31,23,62.5,2,9999.0,NO,1015.0,10,0,2021-09-15 10:00:00
4184,2021,9,15,1100,31,23,62.5,3,9999.0,NO,1014.0,11,0,2021-09-15 11:00:00
4185,2021,9,15,1200,31,24,66.4,2,9999.0,NO,1012.0,12,0,2021-09-15 12:00:00
4186,2021,9,15,1300,31,23,62.5,3,9999.0,NO,1011.0,13,0,2021-09-15 13:00:00
4187,2021,9,15,1400,31,24,66.4,4,9999.0,NO,1010.0,14,0,2021-09-15 14:00:00
4188,2021,9,15,1500,32,23,59.0,4,9999.0,NO,1010.0,15,0,2021-09-15 15:00:00
4189,2021,9,15,1600,31,24,66.4,4,9999.0,NO,1010.0,16,0,2021-09-15 16:00:00
4190,2021,9,15,1700,29,24,74.4,3,9999.0,NO,1010.0,17,0,2021-09-15 17:00:00
4191,2021,9,15,1800,27,24,83.7,2,9999.0,NO,1011.0,18,0,2021-09-15 18:00:00
4192,2021,9,15,1900,26,24,88.7,2,9999.0,NO,1011.0,19,0,2021-09-15 19:00:00
4193,2021,9,15,2000,26,25,94.2,2,9999.0,NO,1013.0,20,0,2021-09-15 20:00:00
4194,2021,9,15,2100,26,25,94.2,1,9999.0,NO,1014.0,21,0,2021-09-15 21:00:00
4195,2021,9,15,2200,26,25,94.2,0,9999.0,NO,1013.0,22,0,2021-09-15 22:00:00
4196,2021,9,15,2300,26,25,94.2,0,9999.0,NO,1013.0,23,0,2021-09-15 23:00:00
4197,2021,9,16,0000,26,25,94.2,2,9999.0,NO,1012.0,0,0,2021-09-16 00:00:00
4198,2021,9,16,0100,26,25,94.2,4,6000.0,YES,1012.0,1,0,2021-09-16 01:00:00
4199,2021,9,16,0200,25,24,94.2,7,2500.0,YES,1012.0,2,0,2021-09-16 02:00:00
4200,2021,9,16,0300,24,23,94.1,3,2000.0,YES,1013.0,3,0,2021-09-16 03:00:00
4201,2021,9,16,0400,24,23,94.1,0,7000.0,YES,1013.0,4,0,2021-09-16 04:00:00
4202,2021,9,16,0500,24,24,100.0,2,6000.0,YES,1013.0,5,0,2021-09-16 05:00:00
4203,2021,9,16,0600,24,24,100.0,2,2000.0,YES,1014.0,6,0,2021-09-16 06:00:00
4204,2021,9,16,0700,25,25,100.0,1,1200.0,NO,1014.0,7,0,2021-09-16 07:00:00
4205,2021,9,16,0800,26,25,94.2,5,4500.0,YES,1015.0,8,0,2021-09-16 08:00:00
4206,2021,9,16,1000,29,24,74.4,3,9999.0,NO,1015.0,10,0,2021-09-16 10:00:00
4207,2021,9,16,1100,29,25,79.0,4,9999.0,NO,1014.0,11,0,2021-09-16 11:00:00
4208,2021,9,16,1200,31,26,74.8,5,9999.0,NO,1013.0,12,0,2021-09-16 12:00:00
4209,2021,9,18,0300,25,25,100.0,2,9999.0,NO,1011.0,3,0,2021-09-18 03:00:00
4210,2021,9,18,0400,25,25,100.0,3,9999.0,YES,1012.0,4,0,2021-09-18 04:00:00
4211,2021,9,18,0500,25,25,100.0,1,9999.0,YES,1012.0,5,0,2021-09-18 05:00:00
4212,2021,9,18,0600,25,24,94.2,2,6000.0,YES,1013.0,6,0,2021-09-18 06:00:00
4213,2021,9,18,0700,26,25,94.2,3,8000.0,NO,1013.0,7,0,2021-09-18 07:00:00
4214,2021,9,18,1600,28,24,78.9,4,9999.0,NO,1010.0,16,0,2021-09-18 16:00:00
4215,2021,9,18,1700,27,24,83.7,3,9999.0,NO,1011.0,17,0,2021-09-18 17:00:00
4216,2021,9,18,1800,26,24,88.7,2,9999.0,NO,1012.0,18,0,2021-09-18 18:00:00
4217,2021,9,18,1900,26,25,94.2,0,9999.0,YES,1013.0,19,0,2021-09-18 19:00:00
4218,2021,9,18,2000,26,25,94.2,3,9999.0,YES,1013.0,20,0,2021-09-18 20:00:00
4219,2021,9,18,2100,24,23,94.1,7,2000.0,YES,1015.0,21,0,2021-09-18 21:00:00
4220,2021,9,18,2200,23,23,100.0,0,6000.0,YES,1014.0,22,0,2021-09-18 22:00:00
4221,2021,9,18,2300,23,23,100.0,2,6000.0,YES,1013.0,23,0,2021-09-18 23:00:00
4222,2021,9,19,0000,23,23,100.0,1,6000.0,YES,1012.0,0,0,2021-09-19 00:00:00
4223,2021,9,19,0100,23,23,100.0,3,8000.0,YES,1011.0,1,0,2021-09-19 01:00:00
4224,2021,9,19,0200,23,23,100.0,2,8000.0,YES,1011.0,2,0,2021-09-19 02:00:00
4225,2021,9,19,0300,23,23,100.0,2,8000.0,NO,1011.0,3,0,2021-09-19 03:00:00
4226,2021,9,19,0400,23,23,100.0,2,8000.0,NO,1011.0,4,0,2021-09-19 04:00:00
4227,2021,9,19,0500,23,23,100.0,2,7000.0,NO,1012.0,5,0,2021-09-19 05:00:00
4228,2021,9,19,0600,24,23,94.1,3,6000.0,NO,1013.0,6,0,2021-09-19 06:00:00
4229,2021,9,19,0700,27,24,83.7,2,3500.0,NO,1013.0,7,0,2021-09-19 07:00:00
4230,2021,9,19,0800,27,24,83.7,4,6000.0,NO,1014.0,8,0,2021-09-19 08:00:00
4231,2021,9,19,0900,28,24,78.9,3,9999.0,NO,1014.0,9,0,2021-09-19 09:00:00
4232,2021,9,19,1000,30,24,70.3,2,9999.0,NO,1014.0,10,0,2021-09-19 10:00:00
4233,2021,9,19,1100,30,24,70.3,2,9999.0,NO,1013.0,11,0,2021-09-19 11:00:00
4234,2021,9,19,1200,31,24,66.4,2,9999.0,NO,1011.0,12,0,2021-09-19 12:00:00
4235,2021,9,19,1300,31,25,70.4,4,9999.0,NO,1010.0,13,0,2021-09-19 13:00:00
4236,2021,9,19,1400,31,25,70.4,5,9999.0,NO,1010.0,14,0,2021-09-19 14:00:00
4237,2021,9,19,1500,29,24,74.4,7,9999.0,NO,1010.0,15,0,2021-09-19 15:00:00
4238,2021,9,19,1600,28,24,78.9,5,9999.0,NO,1010.0,16,0,2021-09-19 16:00:00
4239,2021,9,19,1700,27,24,83.7,3,9999.0,NO,1010.0,17,0,2021-09-19 17:00:00
4240,2021,9,19,1800,26,24,88.7,2,9999.0,YES,1010.0,18,0,2021-09-19 18:00:00
4241,2021,9,19,1900,26,24,88.7,1,9999.0,YES,1011.0,19,0,2021-09-19 19:00:00
4242,2021,9,19,2000,25,24,94.2,0,9999.0,YES,1013.0,20,0,2021-09-19 20:00:00
4243,2021,9,19,2100,25,24,94.2,2,9999.0,YES,1013.0,21,0,2021-09-19 21:00:00
4244,2021,9,19,2200,24,24,100.0,1,9999.0,NO,1013.0,22,0,2021-09-19 22:00:00
4245,2021,9,19,2300,24,24,100.0,1,9999.0,NO,1012.0,23,0,2021-09-19 23:00:00
4246,2021,9,20,0000,24,24,100.0,0,8000.0,NO,1012.0,0,0,2021-09-20 00:00:00
4247,2021,9,20,0100,24,23,94.1,2,8000.0,NO,1011.0,1,0,2021-09-20 01:00:00
4248,2021,9,20,0200,24,24,100.0,3,8000.0,NO,1011.0,2,0,2021-09-20 02:00:00
4249,2021,9,20,0300,24,24,100.0,2,8000.0,NO,1011.0,3,0,2021-09-20 03:00:00
4250,2021,9,20,0400,24,24,100.0,2,7000.0,NO,1011.0,4,0,2021-09-20 04:00:00
4251,2021,9,20,0500,24,24,100.0,2,6000.0,NO,1011.0,5,0,2021-09-20 05:00:00
4252,2021,9,20,0600,25,25,100.0,1,6000.0,YES,1012.0,6,0,2021-09-20 06:00:00
4253,2021,9,20,0700,25,25,100.0,3,6000.0,YES,1013.0,7,0,2021-09-20 07:00:00
4254,2021,9,20,0800,27,24,83.7,2,6000.0,NO,1013.0,8,0,2021-09-20 08:00:00
4255,2021,9,20,0900,28,24,78.9,2,9999.0,YES,1013.0,9,0,2021-09-20 09:00:00
4256,2021,9,20,1000,29,25,79.0,2,9999.0,YES,1013.0,10,0,2021-09-20 10:00:00
4257,2021,9,20,1100,30,25,74.6,3,9999.0,YES,1012.0,11,0,2021-09-20 11:00:00
4258,2021,9,20,1200,31,25,70.4,4,9999.0,NO,1011.0,12,0,2021-09-20 12:00:00
4259,2021,9,20,1300,31,24,66.4,5,9999.0,NO,1010.0,13,0,2021-09-20 13:00:00
4260,2021,9,20,1400,29,24,74.4,5,9999.0,NO,1009.0,14,0,2021-09-20 14:00:00
4261,2021,9,20,1500,28,24,78.9,5,9999.0,NO,1009.0,15,0,2021-09-20 15:00:00
4262,2021,9,20,1600,29,24,74.4,4,9999.0,NO,1009.0,16,0,2021-09-20 16:00:00
4263,2021,9,20,1700,28,24,78.9,3,9999.0,NO,1009.0,17,0,2021-09-20 17:00:00
4264,2021,9,20,1800,27,25,88.8,2,9999.0,NO,1010.0,18,0,2021-09-20 18:00:00
4265,2021,9,20,1900,27,25,88.8,1,9999.0,YES,1011.0,19,0,2021-09-20 19:00:00
4266,2021,9,20,2000,26,25,94.2,1,9999.0,NO,1011.0,20,0,2021-09-20 20:00:00
4267,2021,9,20,2100,26,25,94.2,3,6000.0,YES,1012.0,21,0,2021-09-20 21:00:00
4268,2021,9,20,2200,25,24,94.2,5,4000.0,YES,1013.0,22,0,2021-09-20 22:00:00
4269,2021,9,20,2300,24,24,100.0,5,3000.0,YES,1012.0,23,0,2021-09-20 23:00:00
4270,2021,9,21,0000,24,23,94.1,4,2000.0,YES,1012.0,0,0,2021-09-21 00:00:00
4271,2021,9,21,0100,24,23,94.1,0,8000.0,YES,1011.0,1,0,2021-09-21 01:00:00
4272,2021,9,21,0200,24,24,100.0,3,8000.0,YES,1011.0,2,0,2021-09-21 02:00:00
4273,2021,9,21,0300,24,24,100.0,0,8000.0,NO,1011.0,3,0,2021-09-21 03:00:00
4274,2021,9,21,0400,24,24,100.0,2,6000.0,NO,1011.0,4,0,2021-09-21 04:00:00
4275,2021,9,21,0500,24,24,100.0,3,6000.0,NO,1011.0,5,0,2021-09-21 05:00:00
4276,2021,9,21,0600,24,24,100.0,1,8000.0,NO,1012.0,6,0,2021-09-21 06:00:00
4277,2021,9,21,0700,24,24,100.0,2,6000.0,YES,1013.0,7,0,2021-09-21 07:00:00
4278,2021,9,21,0800,24,23,94.1,3,6000.0,YES,1014.0,8,0,2021-09-21 08:00:00
4279,2021,9,21,0900,24,23,94.1,3,7000.0,YES,1015.0,9,0,2021-09-21 09:00:00
4280,2021,9,21,1000,24,24,100.0,2,6000.0,YES,1013.0,10,0,2021-09-21 10:00:00
4281,2021,9,21,1100,26,24,88.7,2,8000.0,NO,1012.0,11,0,2021-09-21 11:00:00
4282,2021,9,21,1200,27,24,83.7,3,8000.0,NO,1012.0,12,0,2021-09-21 12:00:00
4283,2021,9,21,1400,31,24,66.4,4,9999.0,NO,1010.0,14,0,2021-09-21 14:00:00
4284,2021,9,21,1500,29,24,74.4,5,9999.0,NO,1009.0,15,0,2021-09-21 15:00:00
4285,2021,9,21,1600,29,24,74.4,3,9999.0,NO,1009.0,16,0,2021-09-21 16:00:00
4286,2021,9,21,1700,27,24,83.7,3,9999.0,NO,1009.0,17,0,2021-09-21 17:00:00
4287,2021,9,21,1800,26,23,83.6,1,9999.0,NO,1010.0,18,0,2021-09-21 18:00:00
4288,2021,9,21,1900,25,24,94.2,1,9999.0,NO,1011.0,19,0,2021-09-21 19:00:00
4289,2021,9,21,2000,26,24,88.7,3,9999.0,NO,1013.0,20,0,2021-09-21 20:00:00
4290,2021,9,21,2100,26,25,94.2,2,9999.0,NO,1013.0,21,0,2021-09-21 21:00:00
4291,2021,9,21,2200,25,24,94.2,2,9999.0,NO,1013.0,22,0,2021-09-21 22:00:00
4292,2021,9,21,2300,25,24,94.2,4,8000.0,YES,1013.0,23,0,2021-09-21 23:00:00
4293,2021,9,22,0000,25,24,94.2,2,4500.0,YES,1013.0,0,0,2021-09-22 00:00:00
4294,2021,9,22,0100,25,24,94.2,5,8000.0,YES,1012.0,1,0,2021-09-22 01:00:00
4295,2021,9,22,0200,24,24,100.0,2,9999.0,YES,1012.0,2,0,2021-09-22 02:00:00
4296,2021,9,22,0300,24,24,100.0,3,9999.0,YES,1011.0,3,0,2021-09-22 03:00:00
4297,2021,9,22,0400,24,24,100.0,0,9999.0,NO,1011.0,4,0,2021-09-22 04:00:00
4298,2021,9,22,0500,24,24,100.0,1,6000.0,NO,1011.0,5,0,2021-09-22 05:00:00
4299,2021,9,22,0600,24,24,100.0,1,8000.0,NO,1012.0,6,0,2021-09-22 06:00:00
4300,2021,9,22,0700,25,24,94.2,2,4000.0,NO,1013.0,7,0,2021-09-22 07:00:00
4301,2021,9,22,0800,26,24,88.7,2,8000.0,NO,1013.0,8,0,2021-09-22 08:00:00
4302,2021,9,22,0900,26,25,94.2,2,6000.0,YES,1014.0,9,0,2021-09-22 09:00:00
4303,2021,9,22,1000,28,24,78.9,2,9999.0,NO,1013.0,10,0,2021-09-22 10:00:00
4304,2021,9,22,1100,29,26,83.9,0,9999.0,NO,1012.0,11,0,2021-09-22 11:00:00
4305,2021,9,22,1200,29,24,74.4,2,9999.0,YES,1011.0,12,0,2021-09-22 12:00:00
4306,2021,9,22,1300,27,26,94.3,3,9999.0,YES,1010.0,13,0,2021-09-22 13:00:00
4307,2021,9,22,1400,26,25,94.2,4,9999.0,YES,1010.0,14,0,2021-09-22 14:00:00
4308,2021,9,22,1500,26,25,94.2,5,9999.0,YES,1009.0,15,0,2021-09-22 15:00:00
4309,2021,9,22,1600,25,24,94.2,3,9000.0,YES,1009.0,16,0,2021-09-22 16:00:00
4310,2021,9,22,1700,25,25,100.0,2,9999.0,YES,1010.0,17,0,2021-09-22 17:00:00
4311,2021,9,22,1800,25,24,94.2,1,9999.0,NO,1010.0,18,0,2021-09-22 18:00:00
4312,2021,9,22,1900,25,24,94.2,0,9999.0,NO,1011.0,19,0,2021-09-22 19:00:00
4313,2021,9,22,2000,25,24,94.2,0,9999.0,NO,1012.0,20,0,2021-09-22 20:00:00
4314,2021,9,22,2100,25,24,94.2,1,9999.0,NO,1012.0,21,0,2021-09-22 21:00:00
4315,2021,9,22,2200,24,24,100.0,2,9999.0,NO,1012.0,22,0,2021-09-22 22:00:00
4316,2021,9,22,2300,25,24,94.2,5,9999.0,YES,1012.0,23,0,2021-09-22 23:00:00
4317,2021,9,23,0000,24,24,100.0,4,8000.0,YES,1012.0,0,0,2021-09-23 00:00:00
4318,2021,9,23,0100,24,23,94.1,4,8000.0,YES,1011.0,1,0,2021-09-23 01:00:00
4319,2021,9,23,0200,24,23,94.1,4,8000.0,YES,1011.0,2,0,2021-09-23 02:00:00
4320,2021,9,23,0300,24,23,94.1,2,8000.0,NO,1011.0,3,0,2021-09-23 03:00:00
4321,2021,9,23,0400,24,23,94.1,2,8000.0,YES,1011.0,4,0,2021-09-23 04:00:00
4322,2021,9,23,0500,24,23,94.1,4,8000.0,YES,1011.0,5,0,2021-09-23 05:00:00
4323,2021,9,23,0600,24,23,94.1,2,8000.0,YES,1012.0,6,0,2021-09-23 06:00:00
4324,2021,9,23,0700,25,24,94.2,0,8000.0,NO,1013.0,7,0,2021-09-23 07:00:00
4325,2021,9,23,0800,27,24,83.7,2,8000.0,NO,1013.0,8,0,2021-09-23 08:00:00
4326,2021,9,23,0900,27,23,78.8,0,7000.0,NO,1014.0,9,0,2021-09-23 09:00:00
4327,2021,9,23,1000,27,25,88.8,3,9999.0,NO,1014.0,10,0,2021-09-23 10:00:00
4328,2021,9,23,1100,28,24,78.9,2,9999.0,NO,1013.0,11,0,2021-09-23 11:00:00
4329,2021,9,23,1200,30,24,70.3,3,9999.0,NO,1012.0,12,0,2021-09-23 12:00:00
4330,2021,9,23,1300,30,24,70.3,3,9999.0,NO,1011.0,13,0,2021-09-23 13:00:00
4331,2021,9,23,1400,29,24,74.4,3,9999.0,NO,1010.0,14,0,2021-09-23 14:00:00
4332,2021,9,23,1500,28,24,78.9,3,9999.0,NO,1010.0,15,0,2021-09-23 15:00:00
4333,2021,9,23,1600,27,24,83.7,2,9999.0,NO,1009.0,16,0,2021-09-23 16:00:00
4334,2021,9,23,1700,26,24,88.7,0,9999.0,NO,1010.0,17,0,2021-09-23 17:00:00
4335,2021,9,23,1800,26,24,88.7,1,9999.0,NO,1010.0,18,0,2021-09-23 18:00:00
4336,2021,9,23,1900,26,24,88.7,0,9999.0,NO,1011.0,19,0,2021-09-23 19:00:00
4337,2021,9,23,2000,25,24,94.2,2,9999.0,NO,1012.0,20,0,2021-09-23 20:00:00
4338,2021,9,23,2100,25,25,100.0,4,9999.0,NO,1013.0,21,0,2021-09-23 21:00:00
4339,2021,9,23,2200,25,24,94.2,3,9999.0,NO,1013.0,22,0,2021-09-23 22:00:00
4340,2021,9,23,2300,25,24,94.2,2,9999.0,NO,1012.0,23,0,2021-09-23 23:00:00
4341,2021,9,24,0000,25,24,94.2,2,9999.0,NO,1012.0,0,0,2021-09-24 00:00:00
4342,2021,9,24,0100,25,24,94.2,2,9999.0,NO,1012.0,1,0,2021-09-24 01:00:00
4343,2021,9,24,0200,25,24,94.2,3,9999.0,NO,1011.0,2,0,2021-09-24 02:00:00
4344,2021,9,24,0300,25,24,94.2,2,9999.0,NO,1011.0,3,0,2021-09-24 03:00:00
4345,2021,9,24,0400,25,24,94.2,0,9000.0,NO,1012.0,4,0,2021-09-24 04:00:00
4346,2021,9,24,0500,25,24,94.2,0,7000.0,YES,1012.0,5,0,2021-09-24 05:00:00
4347,2021,9,24,0600,25,25,100.0,0,4000.0,YES,1013.0,6,0,2021-09-24 06:00:00
4348,2021,9,24,0800,28,24,78.9,3,9999.0,NO,1014.0,8,0,2021-09-24 08:00:00
4349,2021,9,24,0900,30,24,70.3,3,9999.0,NO,1014.0,9,0,2021-09-24 09:00:00
4350,2021,9,24,1000,30,25,74.6,3,9999.0,NO,1014.0,10,0,2021-09-24 10:00:00
4351,2021,9,24,1100,31,25,70.4,3,9999.0,NO,1013.0,11,0,2021-09-24 11:00:00
4352,2021,9,24,1200,32,24,62.7,3,9999.0,NO,1012.0,12,0,2021-09-24 12:00:00
4353,2021,9,24,1300,32,24,62.7,5,9999.0,NO,1011.0,13,0,2021-09-24 13:00:00
4354,2021,9,24,1400,31,24,66.4,4,9999.0,NO,1010.0,14,0,2021-09-24 14:00:00
4355,2021,9,24,1500,30,24,70.3,4,9999.0,NO,1009.0,15,0,2021-09-24 15:00:00
4356,2021,9,24,1600,29,24,74.4,3,9999.0,NO,1009.0,16,0,2021-09-24 16:00:00
4357,2021,9,24,1700,28,24,78.9,2,9999.0,NO,1010.0,17,0,2021-09-24 17:00:00
4358,2021,9,24,1800,26,25,94.2,1,9999.0,NO,1011.0,18,0,2021-09-24 18:00:00
4359,2021,9,24,1900,26,24,88.7,2,9999.0,YES,1012.0,19,0,2021-09-24 19:00:00
4360,2021,9,24,2000,26,25,94.2,2,9999.0,YES,1013.0,20,0,2021-09-24 20:00:00
4361,2021,9,24,2100,26,25,94.2,2,9999.0,NO,1013.0,21,0,2021-09-24 21:00:00
4362,2021,9,24,2200,26,25,94.2,2,9999.0,YES,1013.0,22,0,2021-09-24 22:00:00
4363,2021,9,24,2300,26,25,94.2,2,9999.0,YES,1013.0,23,0,2021-09-24 23:00:00
4364,2021,9,25,0100,24,23,94.1,2,6000.0,YES,1013.0,1,0,2021-09-25 01:00:00
4365,2021,9,25,0200,24,24,100.0,2,7000.0,YES,1012.0,2,0,2021-09-25 02:00:00
4366,2021,9,25,0300,24,23,94.1,2,8000.0,YES,1013.0,3,0,2021-09-25 03:00:00
4367,2021,9,25,0400,23,23,100.0,3,8000.0,YES,1013.0,4,0,2021-09-25 04:00:00
4368,2021,9,25,0500,23,23,100.0,3,7000.0,YES,1013.0,5,0,2021-09-25 05:00:00
4369,2021,9,25,0600,23,23,100.0,2,7000.0,YES,1014.0,6,0,2021-09-25 06:00:00
4370,2021,9,25,0700,23,23,100.0,3,4000.0,YES,1014.0,7,0,2021-09-25 07:00:00
4371,2021,9,25,0800,24,23,94.1,3,6000.0,YES,1015.0,8,0,2021-09-25 08:00:00
4372,2021,9,25,0900,25,23,88.7,3,8000.0,NO,1015.0,9,0,2021-09-25 09:00:00
4373,2021,9,25,1000,25,23,88.7,3,8000.0,YES,1015.0,10,0,2021-09-25 10:00:00
4374,2021,9,25,1100,27,24,83.7,1,8000.0,YES,1014.0,11,0,2021-09-25 11:00:00
4375,2021,9,25,1200,28,25,83.8,2,8000.0,YES,1012.0,12,0,2021-09-25 12:00:00
4376,2021,9,25,1300,29,24,74.4,2,8000.0,NO,1012.0,13,0,2021-09-25 13:00:00
4377,2021,9,25,1400,29,24,74.4,2,9999.0,NO,1011.0,14,0,2021-09-25 14:00:00
4378,2021,9,25,1500,28,24,78.9,1,9999.0,NO,1011.0,15,0,2021-09-25 15:00:00
4379,2021,9,25,1600,28,24,78.9,0,9999.0,NO,1011.0,16,0,2021-09-25 16:00:00
4380,2021,9,25,1700,27,25,88.8,0,9999.0,NO,1011.0,17,0,2021-09-25 17:00:00
4381,2021,9,25,1800,25,24,94.2,0,9999.0,NO,1011.0,18,0,2021-09-25 18:00:00
4382,2021,9,25,1900,25,24,94.2,0,9999.0,NO,1011.0,19,0,2021-09-25 19:00:00
4383,2021,9,25,2000,24,24,100.0,0,9999.0,NO,1012.0,20,0,2021-09-25 20:00:00
4384,2021,9,25,2100,24,24,100.0,0,9999.0,NO,1013.0,21,0,2021-09-25 21:00:00
4385,2021,9,25,2200,24,24,100.0,0,9999.0,NO,1013.0,22,0,2021-09-25 22:00:00
4386,2021,9,25,2300,24,24,100.0,3,9999.0,NO,1013.0,23,0,2021-09-25 23:00:00
4387,2021,9,26,0000,24,24,100.0,2,9999.0,NO,1012.0,0,0,2021-09-26 00:00:00
4388,2021,9,26,0100,24,24,100.0,1,9999.0,NO,1012.0,1,0,2021-09-26 01:00:00
4389,2021,9,26,0200,24,24,100.0,1,9999.0,NO,1012.0,2,0,2021-09-26 02:00:00
4390,2021,9,26,0300,24,24,100.0,0,8000.0,NO,1012.0,3,0,2021-09-26 03:00:00
4391,2021,9,26,0400,24,24,100.0,2,8000.0,NO,1012.0,4,0,2021-09-26 04:00:00
4392,2021,9,26,0500,24,24,100.0,2,7000.0,NO,1013.0,5,0,2021-09-26 05:00:00
4393,2021,9,26,0600,24,24,100.0,2,1800.0,NO,1013.0,6,0,2021-09-26 06:00:00
4394,2021,9,26,0700,25,25,100.0,0,2000.0,NO,1013.0,7,0,2021-09-26 07:00:00
4395,2021,9,26,0800,29,24,74.4,3,8000.0,NO,1014.0,8,0,2021-09-26 08:00:00
4396,2021,9,26,0900,29,24,74.4,3,9999.0,NO,1014.0,9,0,2021-09-26 09:00:00
4397,2021,9,26,1000,32,24,62.7,1,9999.0,NO,1013.0,10,0,2021-09-26 10:00:00
4398,2021,9,26,1100,31,24,66.4,3,9999.0,NO,1012.0,11,0,2021-09-26 11:00:00
4399,2021,9,26,1200,32,25,66.6,3,9999.0,NO,1011.0,12,0,2021-09-26 12:00:00
4400,2021,9,26,1300,32,25,66.6,5,9999.0,NO,1010.0,13,0,2021-09-26 13:00:00
4401,2021,9,26,1400,32,24,62.7,5,9999.0,NO,1010.0,14,0,2021-09-26 14:00:00
4402,2021,9,26,1500,30,24,70.3,5,9999.0,NO,1009.0,15,0,2021-09-26 15:00:00
4403,2021,9,26,1600,29,24,74.4,4,9999.0,NO,1010.0,16,0,2021-09-26 16:00:00
4404,2021,9,26,1700,27,25,88.8,3,9999.0,NO,1010.0,17,0,2021-09-26 17:00:00
4405,2021,9,26,1800,27,24,83.7,1,9999.0,NO,1010.0,18,0,2021-09-26 18:00:00
4406,2021,9,26,1900,25,24,94.2,1,9999.0,NO,1011.0,19,0,2021-09-26 19:00:00
4407,2021,9,26,2000,25,24,94.2,2,9999.0,NO,1012.0,20,0,2021-09-26 20:00:00
4408,2021,9,26,2100,25,24,94.2,0,9999.0,NO,1013.0,21,0,2021-09-26 21:00:00
4409,2021,9,26,2200,25,25,100.0,0,9999.0,NO,1013.0,22,0,2021-09-26 22:00:00
4410,2021,9,26,2300,25,25,100.0,2,9999.0,NO,1014.0,23,0,2021-09-26 23:00:00
4411,2021,9,27,0000,24,23,94.1,3,9999.0,YES,1013.0,0,0,2021-09-27 00:00:00
4412,2021,9,27,0200,24,23,94.1,0,9999.0,YES,1011.0,2,0,2021-09-27 02:00:00
4413,2021,9,27,0300,23,23,100.0,2,9999.0,NO,1011.0,3,0,2021-09-27 03:00:00
4414,2021,9,27,0400,24,23,94.1,0,9999.0,NO,1011.0,4,0,2021-09-27 04:00:00
4415,2021,9,27,0500,24,24,100.0,0,6000.0,NO,1011.0,5,0,2021-09-27 05:00:00
4416,2021,9,27,0600,24,24,100.0,2,2000.0,NO,1012.0,6,0,2021-09-27 06:00:00
4417,2021,9,27,0700,25,25,100.0,3,2000.0,NO,1013.0,7,0,2021-09-27 07:00:00
4418,2021,9,27,0800,28,25,83.8,4,8000.0,NO,1014.0,8,0,2021-09-27 08:00:00
4419,2021,9,27,0900,28,25,83.8,4,9999.0,NO,1014.0,9,0,2021-09-27 09:00:00
4420,2021,9,27,1000,29,24,74.4,3,9999.0,NO,1014.0,10,0,2021-09-27 10:00:00
4421,2021,9,27,1100,30,24,70.3,3,9999.0,NO,1013.0,11,0,2021-09-27 11:00:00
4422,2021,9,27,1200,31,24,66.4,4,9999.0,NO,1011.0,12,0,2021-09-27 12:00:00
4423,2021,9,27,1300,31,24,66.4,4,9999.0,NO,1010.0,13,0,2021-09-27 13:00:00
4424,2021,9,27,1400,32,25,66.6,4,9999.0,NO,1009.0,14,0,2021-09-27 14:00:00
4425,2021,9,27,1500,31,25,70.4,5,9999.0,NO,1009.0,15,0,2021-09-27 15:00:00
4426,2021,9,27,1600,29,25,79.0,6,9999.0,NO,1009.0,16,0,2021-09-27 16:00:00
4427,2021,9,27,1700,28,24,78.9,4,9999.0,YES,1009.0,17,0,2021-09-27 17:00:00
4428,2021,9,27,1800,27,24,83.7,3,9999.0,YES,1010.0,18,0,2021-09-27 18:00:00
4429,2021,9,27,1900,26,24,88.7,2,9999.0,NO,1010.0,19,0,2021-09-27 19:00:00
4430,2021,9,27,2000,27,24,83.7,2,9999.0,NO,1011.0,20,0,2021-09-27 20:00:00
4431,2021,9,27,2100,27,24,83.7,2,9999.0,NO,1012.0,21,0,2021-09-27 21:00:00
4432,2021,9,27,2200,27,24,83.7,1,9999.0,NO,1012.0,22,0,2021-09-27 22:00:00
4433,2021,9,27,2300,26,24,88.7,0,9999.0,NO,1011.0,23,0,2021-09-27 23:00:00
4434,2021,9,28,0000,25,24,94.2,2,6000.0,YES,1011.0,0,0,2021-09-28 00:00:00
4435,2021,9,28,0100,25,24,94.2,1,8000.0,YES,1011.0,1,0,2021-09-28 01:00:00
4436,2021,9,28,0200,25,24,94.2,0,8000.0,YES,1010.0,2,0,2021-09-28 02:00:00
4437,2021,9,28,0300,25,24,94.2,2,7000.0,YES,1010.0,3,0,2021-09-28 03:00:00
4438,2021,9,28,0400,25,24,94.2,0,8000.0,YES,1010.0,4,0,2021-09-28 04:00:00
4439,2021,9,28,0500,25,25,100.0,0,8000.0,NO,1011.0,5,0,2021-09-28 05:00:00
4440,2021,9,28,0600,25,25,100.0,3,6000.0,NO,1011.0,6,0,2021-09-28 06:00:00
4441,2021,9,28,0700,27,24,83.7,3,7000.0,NO,1012.0,7,0,2021-09-28 07:00:00
4442,2021,9,28,0800,29,24,74.4,3,7000.0,NO,1012.0,8,0,2021-09-28 08:00:00
4443,2021,9,28,0900,30,24,70.3,4,8000.0,NO,1013.0,9,0,2021-09-28 09:00:00
4444,2021,9,28,1000,31,25,70.4,3,9999.0,NO,1012.0,10,0,2021-09-28 10:00:00
4445,2021,9,28,1100,32,25,66.6,3,9999.0,NO,1011.0,11,0,2021-09-28 11:00:00
4446,2021,9,28,1200,30,24,70.3,5,9999.0,NO,1010.0,12,0,2021-09-28 12:00:00
4447,2021,9,28,1300,31,25,70.4,5,9999.0,NO,1009.0,13,0,2021-09-28 13:00:00
4448,2021,9,28,1400,30,24,70.3,7,9999.0,NO,1009.0,14,0,2021-09-28 14:00:00
4449,2021,9,28,1500,29,25,79.0,6,9999.0,NO,1008.0,15,0,2021-09-28 15:00:00
4450,2021,9,28,1600,28,25,83.8,4,9999.0,NO,1008.0,16,0,2021-09-28 16:00:00
4451,2021,9,28,1700,27,24,83.7,3,9999.0,NO,1008.0,17,0,2021-09-28 17:00:00
4452,2021,9,28,1800,27,24,83.7,3,9999.0,NO,1009.0,18,0,2021-09-28 18:00:00
4453,2021,9,28,1900,26,24,88.7,2,9999.0,NO,1010.0,19,0,2021-09-28 19:00:00
4454,2021,9,28,2000,26,24,88.7,2,9999.0,NO,1011.0,20,0,2021-09-28 20:00:00
4455,2021,9,28,2100,26,24,88.7,2,9999.0,NO,1011.0,21,0,2021-09-28 21:00:00
4456,2021,9,28,2200,25,24,94.2,0,6000.0,NO,1011.0,22,0,2021-09-28 22:00:00
4457,2021,9,28,2300,25,24,94.2,0,8000.0,NO,1011.0,23,0,2021-09-28 23:00:00
4458,2021,9,29,0000,25,24,94.2,2,8000.0,NO,1011.0,0,0,2021-09-29 00:00:00
4459,2021,9,29,0100,25,24,94.2,3,8000.0,NO,1010.0,1,0,2021-09-29 01:00:00
4460,2021,9,29,0200,25,24,94.2,2,8000.0,NO,1010.0,2,0,2021-09-29 02:00:00
4461,2021,9,29,0300,25,24,94.2,2,8000.0,NO,1010.0,3,0,2021-09-29 03:00:00
4462,2021,9,29,0400,24,24,100.0,4,8000.0,NO,1010.0,4,0,2021-09-29 04:00:00
4463,2021,9,29,0500,25,24,94.2,3,8000.0,NO,1011.0,5,0,2021-09-29 05:00:00
4464,2021,9,29,0600,24,23,94.1,1,8000.0,NO,1011.0,6,0,2021-09-29 06:00:00
4465,2021,9,29,0700,25,24,94.2,2,6000.0,NO,1012.0,7,0,2021-09-29 07:00:00
4466,2021,9,29,0800,26,24,88.7,3,4000.0,YES,1013.0,8,0,2021-09-29 08:00:00
4467,2021,9,29,0900,29,24,74.4,2,9999.0,NO,1013.0,9,0,2021-09-29 09:00:00
4468,2021,9,29,1000,31,24,66.4,3,9999.0,NO,1013.0,10,0,2021-09-29 10:00:00
4469,2021,9,29,1100,30,23,66.2,3,9999.0,NO,1011.0,11,0,2021-09-29 11:00:00
4470,2021,9,29,1200,32,23,59.0,3,9999.0,NO,1010.0,12,0,2021-09-29 12:00:00
4471,2021,9,29,1300,32,23,59.0,3,9999.0,NO,1009.0,13,0,2021-09-29 13:00:00
4472,2021,9,29,1400,32,25,66.6,4,9999.0,NO,1008.0,14,0,2021-09-29 14:00:00
4473,2021,9,29,1500,30,25,74.6,5,9999.0,NO,1008.0,15,0,2021-09-29 15:00:00
4474,2021,9,29,1600,28,24,78.9,3,9999.0,NO,1008.0,16,0,2021-09-29 16:00:00
4475,2021,9,29,1700,27,24,83.7,2,9999.0,NO,1009.0,17,0,2021-09-29 17:00:00
4476,2021,9,29,1800,26,24,88.7,0,9999.0,NO,1010.0,18,0,2021-09-29 18:00:00
4477,2021,9,29,1900,26,24,88.7,2,9999.0,NO,1011.0,19,0,2021-09-29 19:00:00
4478,2021,9,29,2000,25,24,94.2,1,9999.0,NO,1011.0,20,0,2021-09-29 20:00:00
4479,2021,9,29,2100,25,24,94.2,2,9999.0,NO,1011.0,21,0,2021-09-29 21:00:00
4480,2021,9,29,2200,25,25,100.0,2,9999.0,NO,1010.0,22,0,2021-09-29 22:00:00
4481,2021,9,29,2300,25,25,100.0,3,8000.0,NO,1010.0,23,0,2021-09-29 23:00:00
4482,2021,9,30,0000,25,24,94.2,3,8000.0,YES,1010.0,0,0,2021-09-30 00:00:00
4483,2021,9,30,0100,25,24,94.2,2,8000.0,YES,1010.0,1,0,2021-09-30 01:00:00
4484,2021,9,30,0200,24,24,100.0,1,8000.0,NO,1010.0,2,0,2021-09-30 02:00:00
4485,2021,9,30,0300,24,24,100.0,0,8000.0,NO,1011.0,3,0,2021-09-30 03:00:00
4486,2021,9,30,0400,24,24,100.0,2,6000.0,NO,1011.0,4,0,2021-09-30 04:00:00
4487,2021,9,30,0500,24,24,100.0,0,6000.0,NO,1011.0,5,0,2021-09-30 05:00:00
4488,2021,9,30,0600,24,24,100.0,4,4000.0,NO,1011.0,6,0,2021-09-30 06:00:00
4489,2021,9,30,0700,25,24,94.2,1,6000.0,NO,1013.0,7,0,2021-09-30 07:00:00
4490,2021,9,30,0800,27,24,83.7,2,8000.0,NO,1013.0,8,0,2021-09-30 08:00:00
4491,2021,9,30,0900,30,24,70.3,3,9999.0,NO,1013.0,9,0,2021-09-30 09:00:00
4492,2021,9,30,1000,31,24,66.4,1,9999.0,NO,1012.0,10,0,2021-09-30 10:00:00
4493,2021,9,30,1100,31,24,66.4,0,9999.0,NO,1011.0,11,0,2021-09-30 11:00:00
4494,2021,9,30,1300,32,25,66.6,5,9999.0,NO,1009.0,13,0,2021-09-30 13:00:00
4495,2021,9,30,1400,31,25,70.4,5,9999.0,NO,1008.0,14,0,2021-09-30 14:00:00
4496,2021,9,30,1500,31,25,70.4,5,9999.0,NO,1008.0,15,0,2021-09-30 15:00:00
4497,2021,9,30,1600,30,25,74.6,4,9999.0,NO,1008.0,16,0,2021-09-30 16:00:00
4498,2021,9,30,1700,28,25,83.8,5,9999.0,NO,1009.0,17,0,2021-09-30 17:00:00
4499,2021,9,30,1900,27,25,88.8,3,9999.0,NO,1010.0,19,0,2021-09-30 19:00:00
4500,2021,9,30,2000,27,25,88.8,3,9999.0,NO,1011.0,20,0,2021-09-30 20:00:00
4501,2021,9,30,2100,26,25,94.2,1,9999.0,NO,1012.0,21,0,2021-09-30 21:00:00
4502,2021,9,30,2200,26,25,94.2,2,6000.0,YES,1012.0,22,0,2021-09-30 22:00:00
4503,2021,9,30,2300,26,25,94.2,0,9999.0,NO,1012.0,23,0,2021-09-30 23:00:00
4504,2021,10,1,0100,24,23,94.1,2,6000.0,YES,1011.0,1,0,2021-10-01 01:00:00
4505,2021,10,1,0200,24,24,100.0,0,9999.0,NO,1010.0,2,0,2021-10-01 02:00:00
4506,2021,10,1,0300,24,24,100.0,2,9999.0,NO,1010.0,3,0,2021-10-01 03:00:00
4507,2021,10,1,0400,25,25,100.0,2,9999.0,YES,1011.0,4,0,2021-10-01 04:00:00
4508,2021,10,1,0500,23,22,94.1,6,4500.0,YES,1012.0,5,0,2021-10-01 05:00:00
4509,2021,10,1,0600,22,22,100.0,5,6000.0,YES,1013.0,6,0,2021-10-01 06:00:00
4510,2021,10,1,0700,22,22,100.0,1,6000.0,YES,1014.0,7,0,2021-10-01 07:00:00
4511,2021,10,1,0800,23,23,100.0,2,6000.0,NO,1014.0,8,0,2021-10-01 08:00:00
4512,2021,10,1,0900,24,23,94.1,4,6000.0,NO,1015.0,9,0,2021-10-01 09:00:00
4513,2021,10,1,1000,25,23,88.7,3,9999.0,NO,1014.0,10,0,2021-10-01 10:00:00
4514,2021,10,1,1100,26,23,83.6,4,9999.0,NO,1013.0,11,0,2021-10-01 11:00:00
4515,2021,10,1,1200,27,23,78.8,3,9999.0,NO,1012.0,12,0,2021-10-01 12:00:00
4516,2021,10,1,1300,26,23,83.6,3,9999.0,NO,1012.0,13,0,2021-10-01 13:00:00
4517,2021,10,1,1400,26,23,83.6,4,9999.0,NO,1011.0,14,0,2021-10-01 14:00:00
4518,2021,10,1,1500,25,23,88.7,2,9999.0,NO,1010.0,15,0,2021-10-01 15:00:00
4519,2021,10,1,1600,25,23,88.7,2,9999.0,NO,1011.0,16,0,2021-10-01 16:00:00
4520,2021,10,1,1700,25,23,88.7,2,9999.0,NO,1011.0,17,0,2021-10-01 17:00:00
4521,2021,10,1,1800,25,24,94.2,2,9999.0,NO,1011.0,18,0,2021-10-01 18:00:00
4522,2021,10,1,1900,24,23,94.1,3,9999.0,NO,1012.0,19,0,2021-10-01 19:00:00
4523,2021,10,1,2000,24,23,94.1,2,9999.0,NO,1012.0,20,0,2021-10-01 20:00:00
4524,2021,10,1,2100,24,23,94.1,1,9999.0,NO,1012.0,21,0,2021-10-01 21:00:00
4525,2021,10,1,2200,23,23,100.0,0,9999.0,NO,1012.0,22,0,2021-10-01 22:00:00
4526,2021,10,1,2300,23,23,100.0,0,9999.0,NO,1011.0,23,0,2021-10-01 23:00:00
4527,2021,10,2,0000,23,23,100.0,1,9999.0,NO,1011.0,0,0,2021-10-02 00:00:00
4528,2021,10,2,0100,23,23,100.0,2,8000.0,NO,1011.0,1,0,2021-10-02 01:00:00
4529,2021,10,2,0200,23,23,100.0,2,8000.0,NO,1011.0,2,0,2021-10-02 02:00:00
4530,2021,10,2,0300,23,23,100.0,2,8000.0,NO,1011.0,3,0,2021-10-02 03:00:00
4531,2021,10,2,0400,23,23,100.0,2,8000.0,NO,1011.0,4,0,2021-10-02 04:00:00
4532,2021,10,2,0500,23,23,100.0,2,6000.0,NO,1012.0,5,0,2021-10-02 05:00:00
4533,2021,10,2,0600,23,23,100.0,2,6000.0,NO,1012.0,6,0,2021-10-02 06:00:00
4534,2021,10,2,0700,24,24,100.0,2,6000.0,NO,1013.0,7,0,2021-10-02 07:00:00
4535,2021,10,2,0800,28,24,78.9,2,6000.0,NO,1013.0,8,0,2021-10-02 08:00:00
4536,2021,10,2,0900,28,24,78.9,0,8000.0,NO,1013.0,9,0,2021-10-02 09:00:00
4537,2021,10,2,1000,30,23,66.2,2,8000.0,NO,1012.0,10,0,2021-10-02 10:00:00
4538,2021,10,2,1100,32,23,59.0,2,9999.0,NO,1011.0,11,0,2021-10-02 11:00:00
4539,2021,10,2,1200,32,23,59.0,3,9999.0,NO,1010.0,12,0,2021-10-02 12:00:00
4540,2021,10,2,1300,30,22,62.2,4,9999.0,NO,1010.0,13,0,2021-10-02 13:00:00
4541,2021,10,2,1400,32,24,62.7,4,9999.0,NO,1008.0,14,0,2021-10-02 14:00:00
4542,2021,10,2,1500,32,23,59.0,4,9999.0,NO,1008.0,15,0,2021-10-02 15:00:00
4543,2021,10,2,1600,30,24,70.3,5,9999.0,NO,1008.0,16,0,2021-10-02 16:00:00
4544,2021,10,2,1700,27,24,83.7,3,9999.0,NO,1009.0,17,0,2021-10-02 17:00:00
4545,2021,10,2,1800,26,24,88.7,2,9999.0,NO,1009.0,18,0,2021-10-02 18:00:00
4546,2021,10,2,1900,26,24,88.7,1,9999.0,NO,1010.0,19,0,2021-10-02 19:00:00
4547,2021,10,2,2000,25,24,94.2,1,9999.0,NO,1011.0,20,0,2021-10-02 20:00:00
4548,2021,10,2,2100,25,24,94.2,0,9999.0,NO,1012.0,21,0,2021-10-02 21:00:00
4549,2021,10,2,2200,25,24,94.2,2,9999.0,NO,1012.0,22,0,2021-10-02 22:00:00
4550,2021,10,2,2300,25,25,100.0,2,9999.0,NO,1012.0,23,0,2021-10-02 23:00:00
4551,2021,10,3,0000,25,24,94.2,1,9999.0,NO,1011.0,0,0,2021-10-03 00:00:00
4552,2021,10,3,0100,25,24,94.2,2,9999.0,NO,1010.0,1,0,2021-10-03 01:00:00
4553,2021,10,3,0200,25,24,94.2,2,9999.0,YES,1010.0,2,0,2021-10-03 02:00:00
4554,2021,10,3,0300,25,24,94.2,1,4000.0,YES,1010.0,3,0,2021-10-03 03:00:00
4555,2021,10,3,0400,25,24,94.2,2,8000.0,YES,1010.0,4,0,2021-10-03 04:00:00
4556,2021,10,3,0500,25,24,94.2,0,9999.0,NO,1011.0,5,0,2021-10-03 05:00:00
4557,2021,10,3,0600,25,25,100.0,3,9999.0,NO,1011.0,6,0,2021-10-03 06:00:00
4558,2021,10,3,0700,25,24,94.2,3,9999.0,NO,1012.0,7,0,2021-10-03 07:00:00
4559,2021,10,3,0800,27,25,88.8,4,9999.0,NO,1013.0,8,0,2021-10-03 08:00:00
4560,2021,10,3,0900,27,25,88.8,1,9999.0,NO,1013.0,9,0,2021-10-03 09:00:00
4561,2021,10,3,1000,30,25,74.6,2,9999.0,NO,1013.0,10,0,2021-10-03 10:00:00
4562,2021,10,3,1100,31,25,70.4,4,9999.0,NO,1012.0,11,0,2021-10-03 11:00:00
4563,2021,10,3,1200,32,25,66.6,4,9999.0,NO,1011.0,12,0,2021-10-03 12:00:00
4564,2021,10,3,1300,32,25,66.6,4,9999.0,NO,1009.0,13,0,2021-10-03 13:00:00
4565,2021,10,3,1400,31,25,70.4,5,9999.0,NO,1009.0,14,0,2021-10-03 14:00:00
4566,2021,10,3,1500,30,24,70.3,6,9999.0,NO,1008.0,15,0,2021-10-03 15:00:00
4567,2021,10,3,1600,30,25,74.6,5,9999.0,YES,1008.0,16,0,2021-10-03 16:00:00
4568,2021,10,3,1700,28,24,78.9,4,9999.0,YES,1009.0,17,0,2021-10-03 17:00:00
4569,2021,10,3,1800,27,25,88.8,3,9999.0,YES,1009.0,18,0,2021-10-03 18:00:00
4570,2021,10,3,1900,27,23,78.8,4,9999.0,YES,1011.0,19,0,2021-10-03 19:00:00
4571,2021,10,3,2000,25,24,94.2,2,9999.0,NO,1012.0,20,0,2021-10-03 20:00:00
4572,2021,10,3,2100,25,23,88.7,3,9999.0,NO,1013.0,21,0,2021-10-03 21:00:00
4573,2021,10,3,2200,25,22,83.4,2,9999.0,NO,1013.0,22,0,2021-10-03 22:00:00
4574,2021,10,3,2300,24,23,94.1,2,9999.0,NO,1013.0,23,0,2021-10-03 23:00:00
4575,2021,10,4,0000,24,22,88.6,2,9999.0,NO,1012.0,0,0,2021-10-04 00:00:00
4576,2021,10,4,0100,24,23,94.1,1,9999.0,NO,1011.0,1,0,2021-10-04 01:00:00
4577,2021,10,4,0200,24,23,94.1,2,8000.0,NO,1010.0,2,0,2021-10-04 02:00:00
4578,2021,10,4,0300,23,23,100.0,2,8000.0,NO,1010.0,3,0,2021-10-04 03:00:00
4579,2021,10,4,0400,24,23,94.1,3,8000.0,NO,1010.0,4,0,2021-10-04 04:00:00
4580,2021,10,4,0500,24,23,94.1,2,8000.0,NO,1011.0,5,0,2021-10-04 05:00:00
4581,2021,10,4,0600,24,23,94.1,2,7000.0,NO,1012.0,6,0,2021-10-04 06:00:00
4582,2021,10,4,0700,27,24,83.7,2,8000.0,NO,1013.0,7,0,2021-10-04 07:00:00
4583,2021,10,4,0800,30,24,70.3,4,8000.0,NO,1013.0,8,0,2021-10-04 08:00:00
4584,2021,10,4,0900,31,24,66.4,3,8000.0,NO,1013.0,9,0,2021-10-04 09:00:00
4585,2021,10,4,1000,32,24,62.7,3,8000.0,NO,1012.0,10,0,2021-10-04 10:00:00
4586,2021,10,4,1100,33,24,59.2,2,9999.0,NO,1011.0,11,0,2021-10-04 11:00:00
4587,2021,10,4,1200,31,25,70.4,3,9999.0,NO,1010.0,12,0,2021-10-04 12:00:00
4588,2021,10,4,1300,33,25,62.9,4,9999.0,NO,1008.0,13,0,2021-10-04 13:00:00
4589,2021,10,4,1400,33,25,62.9,4,9999.0,NO,1008.0,14,0,2021-10-04 14:00:00
4590,2021,10,4,1500,31,25,70.4,5,9999.0,NO,1007.0,15,0,2021-10-04 15:00:00
4591,2021,10,4,1600,29,25,79.0,5,9999.0,NO,1007.0,16,0,2021-10-04 16:00:00
4592,2021,10,4,1700,28,25,83.8,5,9999.0,NO,1008.0,17,0,2021-10-04 17:00:00
4593,2021,10,4,1800,28,25,83.8,3,9999.0,NO,1010.0,18,0,2021-10-04 18:00:00
4594,2021,10,4,1900,27,25,88.8,3,9999.0,NO,1010.0,19,0,2021-10-04 19:00:00
4595,2021,10,4,2000,27,25,88.8,2,9999.0,NO,1010.0,20,0,2021-10-04 20:00:00
4596,2021,10,4,2100,27,25,88.8,3,9999.0,NO,1011.0,21,0,2021-10-04 21:00:00
4597,2021,10,4,2200,26,25,94.2,0,9999.0,NO,1012.0,22,0,2021-10-04 22:00:00
4598,2021,10,4,2300,25,23,88.7,3,9999.0,NO,1011.0,23,0,2021-10-04 23:00:00
4599,2021,10,5,0000,25,23,88.7,2,9999.0,NO,1011.0,0,0,2021-10-05 00:00:00
4600,2021,10,5,0100,24,23,94.1,2,9999.0,NO,1010.0,1,0,2021-10-05 01:00:00
4601,2021,10,5,0200,24,22,88.6,2,9999.0,NO,1010.0,2,0,2021-10-05 02:00:00
4602,2021,10,5,0300,24,22,88.6,3,9999.0,NO,1010.0,3,0,2021-10-05 03:00:00
4603,2021,10,5,0400,24,23,94.1,1,9999.0,NO,1010.0,4,0,2021-10-05 04:00:00
4604,2021,10,5,0500,24,23,94.1,1,7000.0,NO,1010.0,5,0,2021-10-05 05:00:00
4605,2021,10,5,0600,24,23,94.1,2,8000.0,NO,1011.0,6,0,2021-10-05 06:00:00
4606,2021,10,5,0700,27,22,74.1,1,9999.0,NO,1012.0,7,0,2021-10-05 07:00:00
4607,2021,10,5,0800,30,22,62.2,3,9999.0,NO,1012.0,8,0,2021-10-05 08:00:00
4608,2021,10,5,0900,31,23,62.5,2,9999.0,NO,1013.0,9,0,2021-10-05 09:00:00
4609,2021,10,5,1000,32,25,66.6,4,9999.0,NO,1013.0,10,0,2021-10-05 10:00:00
4610,2021,10,5,1100,32,24,62.7,4,9999.0,NO,1011.0,11,0,2021-10-05 11:00:00
4611,2021,10,5,1200,31,24,66.4,4,9999.0,NO,1010.0,12,0,2021-10-05 12:00:00
4612,2021,10,5,1300,32,24,62.7,5,9999.0,NO,1009.0,13,0,2021-10-05 13:00:00
4613,2021,10,5,1400,30,25,74.6,4,9999.0,NO,1008.0,14,0,2021-10-05 14:00:00
4614,2021,10,5,1500,29,25,79.0,2,9999.0,NO,1008.0,15,0,2021-10-05 15:00:00
4615,2021,10,5,1600,27,25,88.8,3,9999.0,NO,1008.0,16,0,2021-10-05 16:00:00
4616,2021,10,5,1700,27,25,88.8,3,9999.0,NO,1008.0,17,0,2021-10-05 17:00:00
4617,2021,10,5,1800,27,25,88.8,2,9999.0,NO,1009.0,18,0,2021-10-05 18:00:00
4618,2021,10,5,1900,26,25,94.2,1,9999.0,NO,1010.0,19,0,2021-10-05 19:00:00
4619,2021,10,5,2000,26,25,94.2,1,9999.0,NO,1011.0,20,0,2021-10-05 20:00:00
4620,2021,10,5,2100,26,25,94.2,0,9999.0,NO,1012.0,21,0,2021-10-05 21:00:00
4621,2021,10,5,2200,26,26,100.0,2,9999.0,NO,1012.0,22,0,2021-10-05 22:00:00
4622,2021,10,5,2300,26,25,94.2,0,8000.0,YES,1011.0,23,0,2021-10-05 23:00:00
4623,2021,10,6,0000,26,25,94.2,3,8000.0,YES,1011.0,0,0,2021-10-06 00:00:00
4624,2021,10,6,0100,26,24,88.7,4,8000.0,NO,1010.0,1,0,2021-10-06 01:00:00
4625,2021,10,6,0200,25,24,94.2,3,4000.0,YES,1009.0,2,0,2021-10-06 02:00:00
4626,2021,10,6,0300,25,24,94.2,3,4000.0,YES,1009.0,3,0,2021-10-06 03:00:00
4627,2021,10,6,0400,24,24,100.0,1,9999.0,NO,1010.0,4,0,2021-10-06 04:00:00
4628,2021,10,6,0500,24,24,100.0,2,8000.0,NO,1011.0,5,0,2021-10-06 05:00:00
4629,2021,10,6,0600,24,24,100.0,2,2500.0,YES,1012.0,6,0,2021-10-06 06:00:00
4630,2021,10,6,0700,25,25,100.0,0,6000.0,YES,1012.0,7,0,2021-10-06 07:00:00
4631,2021,10,6,0800,27,25,88.8,4,9999.0,NO,1013.0,8,0,2021-10-06 08:00:00
4632,2021,10,6,0900,29,25,79.0,6,9999.0,NO,1012.0,9,0,2021-10-06 09:00:00
4633,2021,10,6,1000,30,25,74.6,5,9999.0,NO,1012.0,10,0,2021-10-06 10:00:00
4634,2021,10,6,1100,30,24,70.3,4,9999.0,NO,1011.0,11,0,2021-10-06 11:00:00
4635,2021,10,6,1200,31,26,74.8,8,9999.0,NO,1010.0,12,0,2021-10-06 12:00:00
4636,2021,10,6,1300,31,26,74.8,8,9999.0,NO,1009.0,13,0,2021-10-06 13:00:00
4637,2021,10,6,1400,31,25,70.4,5,9999.0,NO,1008.0,14,0,2021-10-06 14:00:00
4638,2021,10,6,1500,31,25,70.4,5,9999.0,NO,1008.0,15,0,2021-10-06 15:00:00
4639,2021,10,6,1600,30,25,74.6,10,,NO,1008.0,16,0,2021-10-06 16:00:00
4640,2021,10,6,1700,28,24,78.9,4,9999.0,NO,1008.0,17,0,2021-10-06 17:00:00
4641,2021,10,6,1800,27,24,83.7,2,9999.0,YES,1010.0,18,0,2021-10-06 18:00:00
4642,2021,10,6,1900,27,24,83.7,2,9999.0,YES,1011.0,19,0,2021-10-06 19:00:00
4643,2021,10,6,2000,25,24,94.2,3,6000.0,YES,1013.0,20,0,2021-10-06 20:00:00
4644,2021,10,6,2100,25,24,94.2,2,6000.0,YES,1013.0,21,0,2021-10-06 21:00:00
4645,2021,10,6,2200,25,24,94.2,3,6000.0,YES,1013.0,22,0,2021-10-06 22:00:00
4646,2021,10,6,2300,25,25,100.0,2,8000.0,YES,1012.0,23,0,2021-10-06 23:00:00
4647,2021,10,7,0000,24,23,94.1,3,8000.0,YES,1013.0,0,0,2021-10-07 00:00:00
4648,2021,10,7,0100,22,22,100.0,8,4000.0,YES,1011.0,1,0,2021-10-07 01:00:00
4649,2021,10,7,0200,22,22,100.0,2,8000.0,YES,1010.0,2,0,2021-10-07 02:00:00
4650,2021,10,7,0300,23,22,94.1,1,8000.0,YES,1010.0,3,0,2021-10-07 03:00:00
4651,2021,10,7,0400,23,22,94.1,0,9999.0,NO,1011.0,4,0,2021-10-07 04:00:00
4652,2021,10,7,0500,23,23,100.0,2,7000.0,NO,1011.0,5,0,2021-10-07 05:00:00
4653,2021,10,7,0600,23,22,94.1,3,7000.0,NO,1011.0,6,0,2021-10-07 06:00:00
4654,2021,10,7,0700,25,22,83.4,5,8000.0,NO,1013.0,7,0,2021-10-07 07:00:00
4655,2021,10,7,0800,29,23,70.1,5,9999.0,NO,1014.0,8,0,2021-10-07 08:00:00
4656,2021,10,7,0900,30,24,70.3,3,9999.0,NO,1014.0,9,0,2021-10-07 09:00:00
4657,2021,10,7,1000,29,23,70.1,4,9999.0,NO,1013.0,10,0,2021-10-07 10:00:00
4658,2021,10,7,1100,28,24,78.9,6,6000.0,YES,1013.0,11,0,2021-10-07 11:00:00
4659,2021,10,7,1200,30,23,66.2,3,9999.0,NO,1011.0,12,0,2021-10-07 12:00:00
4660,2021,10,7,1300,30,23,66.2,3,9999.0,NO,1009.0,13,0,2021-10-07 13:00:00
4661,2021,10,7,1400,33,23,55.8,6,9999.0,NO,1008.0,14,0,2021-10-07 14:00:00
4662,2021,10,7,1500,34,23,52.7,5,9999.0,NO,1007.0,15,0,2021-10-07 15:00:00
4663,2021,10,7,1600,32,22,55.5,4,9999.0,NO,1006.0,16,0,2021-10-07 16:00:00
4664,2021,10,7,1800,26,24,88.7,2,9999.0,NO,1007.0,18,0,2021-10-07 18:00:00
4665,2021,10,7,1900,25,24,94.2,1,9999.0,NO,1008.0,19,0,2021-10-07 19:00:00
4666,2021,10,7,2000,25,24,94.2,1,9999.0,NO,1009.0,20,0,2021-10-07 20:00:00
4667,2021,10,7,2100,26,25,94.2,2,8000.0,NO,1010.0,21,0,2021-10-07 21:00:00
4668,2021,10,7,2200,26,25,94.2,2,9999.0,NO,1010.0,22,0,2021-10-07 22:00:00
4669,2021,10,7,2300,26,25,94.2,0,9999.0,NO,1010.0,23,0,2021-10-07 23:00:00
4670,2021,10,8,0000,26,24,88.7,1,9999.0,NO,1010.0,0,0,2021-10-08 00:00:00
4671,2021,10,8,0100,25,25,100.0,0,9999.0,NO,1009.0,1,0,2021-10-08 01:00:00
4672,2021,10,8,0200,25,25,100.0,0,9999.0,NO,1009.0,2,0,2021-10-08 02:00:00
4673,2021,10,8,0300,25,25,100.0,0,8000.0,NO,1009.0,3,0,2021-10-08 03:00:00
4674,2021,10,8,0400,25,25,100.0,0,8000.0,NO,1009.0,4,0,2021-10-08 04:00:00
4675,2021,10,8,0500,25,25,100.0,2,7000.0,NO,1009.0,5,0,2021-10-08 05:00:00
4676,2021,10,8,0600,26,26,100.0,2,3200.0,NO,1010.0,6,0,2021-10-08 06:00:00
4677,2021,10,8,0700,27,25,88.8,3,4000.0,NO,1010.0,7,0,2021-10-08 07:00:00
4678,2021,10,8,0800,28,26,88.9,4,6000.0,NO,1011.0,8,0,2021-10-08 08:00:00
4679,2021,10,8,0900,28,25,83.8,2,8000.0,NO,1011.0,9,0,2021-10-08 09:00:00
4680,2021,10,8,1000,32,25,66.6,2,8000.0,NO,1010.0,10,0,2021-10-08 10:00:00
4681,2021,10,8,1100,31,25,70.4,3,9999.0,NO,1009.0,11,0,2021-10-08 11:00:00
4682,2021,10,8,1200,32,25,66.6,2,9999.0,NO,1007.0,12,0,2021-10-08 12:00:00
4683,2021,10,8,1300,33,25,62.9,5,9999.0,NO,1006.0,13,0,2021-10-08 13:00:00
4684,2021,10,8,1400,33,25,62.9,6,9999.0,NO,1006.0,14,0,2021-10-08 14:00:00
4685,2021,10,8,1500,31,25,70.4,6,9999.0,NO,1006.0,15,0,2021-10-08 15:00:00
4686,2021,10,8,1600,30,25,74.6,6,9999.0,YES,1005.0,16,0,2021-10-08 16:00:00
4687,2021,10,8,1700,28,25,83.8,5,9999.0,NO,1006.0,17,0,2021-10-08 17:00:00
4688,2021,10,8,1800,28,24,78.9,3,9999.0,NO,1007.0,18,0,2021-10-08 18:00:00
4689,2021,10,8,1900,28,25,83.8,3,9999.0,NO,1008.0,19,0,2021-10-08 19:00:00
4690,2021,10,8,2000,27,25,88.8,2,9999.0,NO,1009.0,20,0,2021-10-08 20:00:00
4691,2021,10,8,2100,28,25,83.8,3,9999.0,NO,1009.0,21,0,2021-10-08 21:00:00
4692,2021,10,8,2200,27,25,88.8,2,9999.0,NO,1009.0,22,0,2021-10-08 22:00:00
4693,2021,10,8,2300,27,25,88.8,1,9999.0,YES,1009.0,23,0,2021-10-08 23:00:00
4694,2021,10,9,0000,27,25,88.8,5,9999.0,YES,1009.0,0,0,2021-10-09 00:00:00
4695,2021,10,9,0100,26,25,94.2,5,8000.0,YES,1008.0,1,0,2021-10-09 01:00:00
4696,2021,10,9,0200,25,25,100.0,2,8000.0,YES,1008.0,2,0,2021-10-09 02:00:00
4697,2021,10,9,0300,25,25,100.0,2,8000.0,YES,1008.0,3,0,2021-10-09 03:00:00
4698,2021,10,9,0400,25,25,100.0,1,8000.0,YES,1008.0,4,0,2021-10-09 04:00:00
4699,2021,10,9,0500,25,25,100.0,2,8000.0,YES,1009.0,5,0,2021-10-09 05:00:00
4700,2021,10,9,0600,25,25,100.0,2,8000.0,YES,1009.0,6,0,2021-10-09 06:00:00
4701,2021,10,9,0700,26,25,94.2,3,6000.0,YES,1010.0,7,0,2021-10-09 07:00:00
4702,2021,10,9,0800,26,25,94.2,3,6000.0,YES,1011.0,8,0,2021-10-09 08:00:00
4703,2021,10,9,0900,26,24,88.7,8,1400.0,YES,1012.0,9,0,2021-10-09 09:00:00
4704,2021,10,9,1000,25,24,94.2,2,6000.0,YES,1012.0,10,0,2021-10-09 10:00:00
4705,2021,10,9,1100,25,24,94.2,2,6000.0,YES,1012.0,11,0,2021-10-09 11:00:00
4706,2021,10,9,1200,24,23,94.1,2,6000.0,YES,1011.0,12,0,2021-10-09 12:00:00
4707,2021,10,9,1300,24,23,94.1,3,7000.0,YES,1010.0,13,0,2021-10-09 13:00:00
4708,2021,10,9,1400,24,23,94.1,3,9999.0,NO,1008.0,14,0,2021-10-09 14:00:00
4709,2021,10,9,1500,24,23,94.1,3,9999.0,NO,1009.0,15,0,2021-10-09 15:00:00
4710,2021,10,9,1600,25,23,88.7,0,9999.0,NO,1009.0,16,0,2021-10-09 16:00:00
4711,2021,10,9,1700,25,23,88.7,2,9999.0,NO,1009.0,17,0,2021-10-09 17:00:00
4712,2021,10,9,1800,24,23,94.1,2,9999.0,NO,1009.0,18,0,2021-10-09 18:00:00
4713,2021,10,9,1900,24,23,94.1,2,9999.0,NO,1010.0,19,0,2021-10-09 19:00:00
4714,2021,10,9,2000,24,23,94.1,3,4000.0,YES,1012.0,20,0,2021-10-09 20:00:00
4715,2021,10,9,2100,24,23,94.1,2,8000.0,NO,1013.0,21,0,2021-10-09 21:00:00
4716,2021,10,9,2200,24,23,94.1,0,8000.0,NO,1012.0,22,0,2021-10-09 22:00:00
4717,2021,10,9,2300,24,23,94.1,2,8000.0,NO,1013.0,23,0,2021-10-09 23:00:00
4718,2021,10,10,0000,24,24,100.0,1,8000.0,NO,1012.0,0,0,2021-10-10 00:00:00
4719,2021,10,10,0100,24,24,100.0,3,8000.0,NO,1011.0,1,0,2021-10-10 01:00:00
4720,2021,10,10,0200,24,23,94.1,5,6000.0,NO,1011.0,2,0,2021-10-10 02:00:00
4721,2021,10,10,0400,24,23,94.1,3,6000.0,YES,1011.0,4,0,2021-10-10 04:00:00
4722,2021,10,10,0500,24,24,100.0,2,6000.0,YES,1011.0,5,0,2021-10-10 05:00:00
4723,2021,10,10,0600,23,23,100.0,1,4000.0,YES,1012.0,6,0,2021-10-10 06:00:00
4724,2021,10,10,0700,24,24,100.0,2,4500.0,YES,1013.0,7,0,2021-10-10 07:00:00
4725,2021,10,10,0800,24,23,94.1,2,6000.0,YES,1013.0,8,0,2021-10-10 08:00:00
4726,2021,10,10,0900,26,24,88.7,1,8000.0,NO,1014.0,9,0,2021-10-10 09:00:00
4727,2021,10,10,1000,25,24,94.2,0,2000.0,YES,1014.0,10,0,2021-10-10 10:00:00
4728,2021,10,10,1100,25,24,94.2,4,9999.0,YES,1013.0,11,0,2021-10-10 11:00:00
4729,2021,10,10,1200,27,23,78.8,2,9999.0,NO,1012.0,12,0,2021-10-10 12:00:00
4730,2021,10,10,1400,27,25,88.8,1,8000.0,NO,1010.0,14,0,2021-10-10 14:00:00
4731,2021,10,10,1500,27,24,83.7,2,8000.0,YES,1010.0,15,0,2021-10-10 15:00:00
4732,2021,10,11,0000,24,24,100.0,1,9999.0,NO,1010.0,0,0,2021-10-11 00:00:00
4733,2021,10,11,0100,24,24,100.0,0,9999.0,NO,1010.0,1,0,2021-10-11 01:00:00
4734,2021,10,11,0200,24,24,100.0,0,9999.0,NO,1010.0,2,0,2021-10-11 02:00:00
4735,2021,10,11,0300,24,24,100.0,3,9999.0,NO,1010.0,3,0,2021-10-11 03:00:00
4736,2021,10,11,0400,24,24,100.0,2,9999.0,NO,1011.0,4,0,2021-10-11 04:00:00
4737,2021,10,11,0500,24,24,100.0,2,6000.0,NO,1011.0,5,0,2021-10-11 05:00:00
4738,2021,10,11,1100,30,25,74.6,2,9999.0,NO,1012.0,11,0,2021-10-11 11:00:00
4739,2021,10,11,1600,28,25,83.8,6,9999.0,NO,1009.0,16,0,2021-10-11 16:00:00
4740,2021,10,11,2100,26,25,94.2,0,9999.0,NO,1012.0,21,0,2021-10-11 21:00:00
4741,2021,10,12,0000,26,25,94.2,2,9999.0,NO,1011.0,0,0,2021-10-12 00:00:00
4742,2021,10,12,0100,26,25,94.2,2,9999.0,NO,1011.0,1,0,2021-10-12 01:00:00
4743,2021,10,12,0200,26,25,94.2,1,9999.0,NO,1011.0,2,0,2021-10-12 02:00:00
4744,2021,10,12,0900,30,24,70.3,2,9999.0,NO,1012.0,9,0,2021-10-12 09:00:00
4745,2021,10,12,1700,28,25,83.8,4,9999.0,NO,1008.0,17,0,2021-10-12 17:00:00
4746,2021,10,12,2300,26,25,94.2,1,9999.0,NO,1011.0,23,0,2021-10-12 23:00:00
4747,2021,10,13,0000,26,25,94.2,0,9999.0,NO,1010.0,0,0,2021-10-13 00:00:00
4748,2021,10,13,0100,25,25,100.0,1,9999.0,NO,1009.0,1,0,2021-10-13 01:00:00
4749,2021,10,13,2200,26,24,88.7,2,9999.0,NO,1011.0,22,0,2021-10-13 22:00:00
4750,2021,10,13,2300,26,24,88.7,0,9999.0,NO,1011.0,23,0,2021-10-13 23:00:00
4751,2021,10,14,0000,25,25,100.0,2,9999.0,NO,1011.0,0,0,2021-10-14 00:00:00
4752,2021,10,14,0100,25,24,94.2,2,9999.0,NO,1010.0,1,0,2021-10-14 01:00:00
4753,2021,10,14,0200,25,24,94.2,1,9999.0,NO,1010.0,2,0,2021-10-14 02:00:00
4754,2021,10,14,0400,25,24,94.2,2,8000.0,NO,1011.0,4,0,2021-10-14 04:00:00
4755,2021,10,14,1200,32,25,66.6,7,9999.0,NO,1010.0,12,0,2021-10-14 12:00:00
4756,2021,10,14,1300,31,24,66.4,8,9999.0,NO,1010.0,13,0,2021-10-14 13:00:00
4757,2021,10,14,1400,31,25,70.4,6,9999.0,NO,1008.0,14,0,2021-10-14 14:00:00
4758,2021,10,14,1500,32,24,62.7,4,9999.0,NO,1008.0,15,0,2021-10-14 15:00:00
4759,2021,10,14,1600,30,24,70.3,4,9999.0,NO,1008.0,16,0,2021-10-14 16:00:00
4760,2021,10,14,1700,28,24,78.9,3,9999.0,NO,1008.0,17,0,2021-10-14 17:00:00
4761,2021,10,14,2300,26,25,94.2,3,9999.0,NO,1011.0,23,0,2021-10-14 23:00:00
4762,2021,10,15,0000,26,25,94.2,2,9999.0,NO,1011.0,0,0,2021-10-15 00:00:00
4763,2021,10,15,0100,26,25,94.2,3,9999.0,NO,1010.0,1,0,2021-10-15 01:00:00
4764,2021,10,15,0200,25,24,94.2,2,9999.0,NO,1010.0,2,0,2021-10-15 02:00:00
4765,2021,10,15,0300,25,25,100.0,2,9999.0,NO,1010.0,3,0,2021-10-15 03:00:00
4766,2021,10,15,0400,25,25,100.0,3,9999.0,NO,1010.0,4,0,2021-10-15 04:00:00
4767,2021,10,15,0500,25,24,94.2,4,9999.0,NO,1010.0,5,0,2021-10-15 05:00:00
4768,2021,10,15,0600,25,24,94.2,4,8000.0,NO,1011.0,6,0,2021-10-15 06:00:00
4769,2021,10,15,0700,27,25,88.8,2,8000.0,YES,1012.0,7,0,2021-10-15 07:00:00
4770,2021,10,15,0800,27,25,88.8,1,9999.0,NO,1012.0,8,0,2021-10-15 08:00:00
4771,2021,10,15,0900,28,25,83.8,3,9999.0,NO,1013.0,9,0,2021-10-15 09:00:00
4772,2021,10,15,1000,30,24,70.3,4,9999.0,NO,1012.0,10,0,2021-10-15 10:00:00
4773,2021,10,15,1100,31,25,70.4,3,9999.0,NO,1011.0,11,0,2021-10-15 11:00:00
4774,2021,10,15,1200,31,25,70.4,5,9999.0,NO,1010.0,12,0,2021-10-15 12:00:00
4775,2021,10,15,1300,32,24,62.7,5,9999.0,NO,1009.0,13,0,2021-10-15 13:00:00
4776,2021,10,15,1400,31,24,66.4,5,9999.0,NO,1008.0,14,0,2021-10-15 14:00:00
4777,2021,10,15,1500,31,24,66.4,6,9999.0,NO,1007.0,15,0,2021-10-15 15:00:00
4778,2021,10,15,1600,30,25,74.6,4,9999.0,NO,1007.0,16,0,2021-10-15 16:00:00
4779,2021,10,15,1700,28,24,78.9,4,9999.0,NO,1008.0,17,0,2021-10-15 17:00:00
4780,2021,10,15,1800,27,24,83.7,2,9999.0,NO,1009.0,18,0,2021-10-15 18:00:00
4781,2021,10,15,1900,27,24,83.7,0,9999.0,NO,1010.0,19,0,2021-10-15 19:00:00
4782,2021,10,15,2200,26,25,94.2,1,9999.0,NO,1011.0,22,0,2021-10-15 22:00:00
4783,2021,10,16,0100,25,24,94.2,2,8000.0,YES,1010.0,1,0,2021-10-16 01:00:00
4784,2021,10,16,0200,24,23,94.1,5,1200.0,YES,1010.0,2,0,2021-10-16 02:00:00
4785,2021,10,16,0300,24,23,94.1,1,8000.0,YES,1009.0,3,0,2021-10-16 03:00:00
4786,2021,10,16,0400,24,24,100.0,2,9999.0,NO,1010.0,4,0,2021-10-16 04:00:00
4787,2021,10,16,0500,24,24,100.0,0,9999.0,NO,1010.0,5,0,2021-10-16 05:00:00
4788,2021,10,16,0600,25,25,100.0,2,8000.0,NO,1011.0,6,0,2021-10-16 06:00:00
4789,2021,10,16,0700,25,24,94.2,3,9999.0,NO,1012.0,7,0,2021-10-16 07:00:00
4790,2021,10,16,0800,26,24,88.7,3,9999.0,NO,1012.0,8,0,2021-10-16 08:00:00
4791,2021,10,16,0900,28,24,78.9,3,9999.0,NO,1012.0,9,0,2021-10-16 09:00:00
4792,2021,10,16,1000,29,24,74.4,3,9999.0,NO,1012.0,10,0,2021-10-16 10:00:00
4793,2021,10,16,1100,29,25,79.0,3,9999.0,NO,1011.0,11,0,2021-10-16 11:00:00
4794,2021,10,16,1400,31,24,66.4,4,9999.0,NO,1007.0,14,0,2021-10-16 14:00:00
4795,2021,10,16,2200,25,25,100.0,2,9999.0,NO,1011.0,22,0,2021-10-16 22:00:00
4796,2021,10,16,2300,26,23,83.6,4,9999.0,NO,1010.0,23,0,2021-10-16 23:00:00
4797,2021,10,17,0000,25,24,94.2,2,9999.0,NO,1010.0,0,0,2021-10-17 00:00:00
4798,2021,10,17,0100,25,23,88.7,3,9999.0,NO,1010.0,1,0,2021-10-17 01:00:00
4799,2021,10,17,0200,25,23,88.7,4,9999.0,NO,1009.0,2,0,2021-10-17 02:00:00
4800,2021,10,17,0300,25,23,88.7,2,9999.0,NO,1009.0,3,0,2021-10-17 03:00:00
4801,2021,10,17,0400,24,23,94.1,2,9999.0,NO,1009.0,4,0,2021-10-17 04:00:00
4802,2021,10,17,0500,25,23,88.7,2,8000.0,NO,1010.0,5,0,2021-10-17 05:00:00
4803,2021,10,17,0600,25,24,94.2,2,8000.0,NO,1011.0,6,0,2021-10-17 06:00:00
4804,2021,10,17,0700,27,23,78.8,2,9999.0,NO,1011.0,7,0,2021-10-17 07:00:00
4805,2021,10,17,0800,28,23,74.3,2,9999.0,NO,1012.0,8,0,2021-10-17 08:00:00
4806,2021,10,17,2200,25,23,88.7,1,9999.0,NO,1012.0,22,0,2021-10-17 22:00:00
4807,2021,10,18,0000,25,24,94.2,1,8000.0,NO,1010.0,0,0,2021-10-18 00:00:00
4808,2021,10,18,0100,25,25,100.0,1,9999.0,NO,1010.0,1,0,2021-10-18 01:00:00
4809,2021,10,18,0200,25,24,94.2,2,9999.0,NO,1010.0,2,0,2021-10-18 02:00:00
4810,2021,10,18,0300,25,24,94.2,2,9999.0,NO,1010.0,3,0,2021-10-18 03:00:00
4811,2021,10,18,0400,25,24,94.2,0,9999.0,NO,1010.0,4,0,2021-10-18 04:00:00
4812,2021,10,18,0500,25,24,94.2,0,7000.0,NO,1010.0,5,0,2021-10-18 05:00:00
4813,2021,10,18,0600,25,24,94.2,0,6000.0,NO,1011.0,6,0,2021-10-18 06:00:00
4814,2021,10,18,0700,27,25,88.8,2,8000.0,NO,1012.0,7,0,2021-10-18 07:00:00
4815,2021,10,18,0800,28,24,78.9,1,8000.0,NO,1012.0,8,0,2021-10-18 08:00:00
4816,2021,10,19,0400,25,25,100.0,4,4000.0,YES,1010.0,4,0,2021-10-19 04:00:00
4817,2021,10,19,0500,24,24,100.0,3,4000.0,YES,1011.0,5,0,2021-10-19 05:00:00
4818,2021,10,19,0600,24,24,100.0,2,7000.0,YES,1011.0,6,0,2021-10-19 06:00:00
4819,2021,10,19,1000,30,24,70.3,2,9999.0,NO,1013.0,10,0,2021-10-19 10:00:00
4820,2021,10,19,1100,28,25,83.8,2,9999.0,NO,1012.0,11,0,2021-10-19 11:00:00
4821,2021,10,19,1200,29,25,79.0,3,9999.0,NO,1011.0,12,0,2021-10-19 12:00:00
4822,2021,10,19,1300,30,24,70.3,4,9999.0,NO,1009.0,13,0,2021-10-19 13:00:00
4823,2021,10,19,1400,31,24,66.4,4,9999.0,NO,1008.0,14,0,2021-10-19 14:00:00
4824,2021,10,19,1500,29,24,74.4,4,9999.0,NO,1009.0,15,0,2021-10-19 15:00:00
4825,2021,10,19,1600,29,24,74.4,5,9999.0,YES,1009.0,16,0,2021-10-19 16:00:00
4826,2021,10,19,1700,27,23,78.8,3,9999.0,YES,1010.0,17,0,2021-10-19 17:00:00
4827,2021,10,19,1800,26,24,88.7,1,9999.0,YES,1011.0,18,0,2021-10-19 18:00:00
4828,2021,10,19,1900,26,25,94.2,2,9999.0,NO,1012.0,19,0,2021-10-19 19:00:00
4829,2021,10,19,2000,26,25,94.2,1,9999.0,NO,1013.0,20,0,2021-10-19 20:00:00
4830,2021,10,19,2100,25,24,94.2,2,9999.0,NO,1013.0,21,0,2021-10-19 21:00:00
4831,2021,10,19,2200,25,24,94.2,1,9999.0,YES,1013.0,22,0,2021-10-19 22:00:00
4832,2021,10,19,2300,25,24,94.2,4,9999.0,YES,1013.0,23,0,2021-10-19 23:00:00
4833,2021,10,20,0000,25,24,94.2,4,9999.0,YES,1012.0,0,0,2021-10-20 00:00:00
4834,2021,10,20,0100,25,24,94.2,3,9999.0,NO,1011.0,1,0,2021-10-20 01:00:00
4835,2021,10,20,0200,24,23,94.1,2,9999.0,NO,1011.0,2,0,2021-10-20 02:00:00
4836,2021,10,20,0300,24,24,100.0,1,9999.0,NO,1011.0,3,0,2021-10-20 03:00:00
4837,2021,10,20,0400,24,24,100.0,1,9999.0,NO,1011.0,4,0,2021-10-20 04:00:00
4838,2021,10,20,0500,24,24,100.0,1,9999.0,NO,1011.0,5,0,2021-10-20 05:00:00
4839,2021,10,20,0600,25,25,100.0,2,8000.0,NO,1012.0,6,0,2021-10-20 06:00:00
4840,2021,10,20,0700,26,24,88.7,2,8000.0,NO,1013.0,7,0,2021-10-20 07:00:00
4841,2021,10,20,0800,29,24,74.4,1,7000.0,NO,1014.0,8,0,2021-10-20 08:00:00
4842,2021,10,20,2200,26,25,94.2,2,9999.0,NO,1013.0,22,0,2021-10-20 22:00:00
4843,2021,10,21,0800,28,25,83.8,3,8000.0,NO,1013.0,8,0,2021-10-21 08:00:00
4844,2021,10,21,1000,30,25,74.6,3,9999.0,NO,1013.0,10,0,2021-10-21 10:00:00
4845,2021,10,21,1100,30,25,74.6,4,9999.0,NO,1012.0,11,0,2021-10-21 11:00:00
4846,2021,10,21,1300,32,24,62.7,5,9999.0,NO,1009.0,13,0,2021-10-21 13:00:00
4847,2021,10,21,2100,27,25,88.8,0,9999.0,NO,1011.0,21,0,2021-10-21 21:00:00
4848,2021,10,21,2200,26,25,94.2,3,9999.0,YES,1011.0,22,0,2021-10-21 22:00:00
4849,2021,10,21,2300,26,25,94.2,0,9999.0,YES,1011.0,23,0,2021-10-21 23:00:00
4850,2021,10,22,0000,26,25,94.2,5,4000.0,YES,1011.0,0,0,2021-10-22 00:00:00
4851,2021,10,22,0100,25,25,100.0,2,7000.0,YES,1010.0,1,0,2021-10-22 01:00:00
4852,2021,10,22,0200,25,25,100.0,3,8000.0,YES,1009.0,2,0,2021-10-22 02:00:00
4853,2021,10,22,0300,23,23,100.0,12,2000.0,YES,1010.0,3,0,2021-10-22 03:00:00
4854,2021,10,22,0400,23,22,94.1,6,4000.0,YES,1011.0,4,0,2021-10-22 04:00:00
4855,2021,10,22,0700,23,23,100.0,1,1800.0,YES,1013.0,7,0,2021-10-22 07:00:00
4856,2021,10,22,0800,23,23,100.0,0,2000.0,YES,1014.0,8,0,2021-10-22 08:00:00
4857,2021,10,22,0900,23,23,100.0,1,2000.0,YES,1014.0,9,0,2021-10-22 09:00:00
4858,2021,10,22,1000,24,24,100.0,0,4000.0,YES,1014.0,10,0,2021-10-22 10:00:00
4859,2021,10,22,1100,24,23,94.1,2,3500.0,YES,1013.0,11,0,2021-10-22 11:00:00
4860,2021,10,22,1200,25,24,94.2,2,3500.0,NO,1013.0,12,0,2021-10-22 12:00:00
4861,2021,10,22,1400,26,24,88.7,3,6000.0,NO,1009.0,14,0,2021-10-22 14:00:00
4862,2021,10,22,1500,26,24,88.7,3,8000.0,NO,1009.0,15,0,2021-10-22 15:00:00
4863,2021,10,22,1600,26,24,88.7,4,9999.0,NO,1009.0,16,0,2021-10-22 16:00:00
4864,2021,10,22,1700,25,23,88.7,2,9999.0,NO,1009.0,17,0,2021-10-22 17:00:00
4865,2021,10,22,1900,24,23,94.1,1,9999.0,NO,1010.0,19,0,2021-10-22 19:00:00
4866,2021,10,22,2100,24,24,100.0,0,9999.0,NO,1012.0,21,0,2021-10-22 21:00:00
4867,2021,10,22,2200,24,24,100.0,1,9999.0,NO,1013.0,22,0,2021-10-22 22:00:00
4868,2021,10,23,0000,24,24,100.0,2,9999.0,NO,1013.0,0,0,2021-10-23 00:00:00
4869,2021,10,23,0200,24,24,100.0,4,6000.0,NO,1013.0,2,0,2021-10-23 02:00:00
4870,2021,10,23,0300,24,24,100.0,3,9999.0,NO,1012.0,3,0,2021-10-23 03:00:00
4871,2021,10,23,0400,23,23,100.0,2,6000.0,NO,1012.0,4,0,2021-10-23 04:00:00
4872,2021,10,23,0800,27,24,83.7,2,8000.0,NO,1015.0,8,0,2021-10-23 08:00:00
4873,2021,10,23,1100,32,24,62.7,3,9999.0,NO,1013.0,11,0,2021-10-23 11:00:00
4874,2021,10,23,1200,32,24,62.7,2,9999.0,NO,1012.0,12,0,2021-10-23 12:00:00
4875,2021,10,23,1400,33,24,59.2,2,9999.0,NO,1010.0,14,0,2021-10-23 14:00:00
4876,2021,10,23,1600,33,25,62.9,1,9999.0,NO,1009.0,16,0,2021-10-23 16:00:00
4877,2021,10,23,2000,25,24,94.2,1,9999.0,NO,1013.0,20,0,2021-10-23 20:00:00
4878,2021,10,23,2200,25,25,100.0,0,9999.0,NO,1013.0,22,0,2021-10-23 22:00:00
4879,2021,10,23,2300,25,25,100.0,2,9999.0,NO,1013.0,23,0,2021-10-23 23:00:00
4880,2021,10,24,0100,25,24,94.2,2,9999.0,NO,1012.0,1,0,2021-10-24 01:00:00
4881,2021,10,24,0400,25,24,94.2,2,9999.0,NO,1012.0,4,0,2021-10-24 04:00:00
4882,2021,10,24,0500,25,25,100.0,0,8000.0,NO,1013.0,5,0,2021-10-24 05:00:00
4883,2021,10,24,0600,25,25,100.0,1,6000.0,NO,1013.0,6,0,2021-10-24 06:00:00
4884,2021,10,24,0700,28,25,83.8,2,6000.0,NO,1014.0,7,0,2021-10-24 07:00:00
4885,2021,10,24,0800,30,25,74.6,2,8000.0,NO,1014.0,8,0,2021-10-24 08:00:00
4886,2021,10,24,0900,31,25,70.4,3,9999.0,NO,1014.0,9,0,2021-10-24 09:00:00
4887,2021,10,24,1100,31,24,66.4,3,9999.0,NO,1012.0,11,0,2021-10-24 11:00:00
4888,2021,10,24,1400,32,25,66.6,4,9999.0,NO,1009.0,14,0,2021-10-24 14:00:00
4889,2021,10,24,1900,28,25,83.8,1,9999.0,NO,1011.0,19,0,2021-10-24 19:00:00
4890,2021,10,25,0000,26,25,94.2,2,9999.0,YES,1011.0,0,0,2021-10-25 00:00:00
4891,2021,10,25,0100,26,25,94.2,10,,YES,1011.0,1,0,2021-10-25 01:00:00
4892,2021,10,25,0200,24,23,94.1,10,9999.0,YES,1010.0,2,0,2021-10-25 02:00:00
4893,2021,10,25,0400,23,22,94.1,2,9999.0,YES,1010.0,4,0,2021-10-25 04:00:00
4894,2021,10,25,0600,24,24,100.0,0,6000.0,NO,1011.0,6,0,2021-10-25 06:00:00
4895,2021,10,25,0800,29,23,70.1,5,9999.0,NO,1014.0,8,0,2021-10-25 08:00:00
4896,2021,10,25,1000,31,25,70.4,3,9999.0,NO,1013.0,10,0,2021-10-25 10:00:00
4897,2021,10,25,1100,32,26,70.6,3,9999.0,NO,1011.0,11,0,2021-10-25 11:00:00
4898,2021,10,25,1200,28,25,83.8,5,6000.0,YES,1011.0,12,0,2021-10-25 12:00:00
4899,2021,10,25,1300,29,26,83.9,2,9999.0,NO,1010.0,13,0,2021-10-25 13:00:00
4900,2021,10,25,1400,27,21,69.7,9,6000.0,YES,1010.0,14,0,2021-10-25 14:00:00
4901,2021,10,25,1500,23,23,100.0,6,8000.0,YES,1010.0,15,0,2021-10-25 15:00:00
4902,2021,10,25,1600,23,23,100.0,2,8000.0,NO,1010.0,16,0,2021-10-25 16:00:00
4903,2021,10,25,2000,23,23,100.0,3,9999.0,NO,1013.0,20,0,2021-10-25 20:00:00
4904,2021,10,25,2200,24,23,94.1,2,9999.0,NO,1014.0,22,0,2021-10-25 22:00:00
4905,2021,10,26,0900,30,24,70.3,6,9999.0,NO,1014.0,9,0,2021-10-26 09:00:00
4906,2021,10,26,1000,30,24,70.3,6,9999.0,NO,1014.0,10,0,2021-10-26 10:00:00
4907,2021,10,26,1100,32,25,66.6,2,9999.0,NO,1012.0,11,0,2021-10-26 11:00:00
4908,2021,10,26,1200,32,25,66.6,5,9999.0,NO,1011.0,12,0,2021-10-26 12:00:00
4909,2021,10,26,1300,34,24,56.0,2,9999.0,NO,1010.0,13,0,2021-10-26 13:00:00
4910,2021,10,26,1400,33,23,55.8,1,9999.0,NO,1009.0,14,0,2021-10-26 14:00:00
4911,2021,10,26,1600,32,25,66.6,3,9999.0,NO,1009.0,16,0,2021-10-26 16:00:00
4912,2021,10,26,1700,29,25,79.0,1,9999.0,NO,1009.0,17,0,2021-10-26 17:00:00
4913,2021,10,26,1800,27,24,83.7,2,9999.0,NO,1011.0,18,0,2021-10-26 18:00:00
4914,2021,10,26,1900,26,24,88.7,0,9999.0,NO,1012.0,19,0,2021-10-26 19:00:00
4915,2021,10,26,2000,26,25,94.2,1,9999.0,NO,1012.0,20,0,2021-10-26 20:00:00
4916,2021,10,26,2100,26,25,94.2,0,9999.0,NO,1013.0,21,0,2021-10-26 21:00:00
4917,2021,10,26,2200,25,25,100.0,0,9999.0,NO,1013.0,22,0,2021-10-26 22:00:00
4918,2021,10,26,2300,25,25,100.0,1,9999.0,NO,1013.0,23,0,2021-10-26 23:00:00
4919,2021,10,27,0000,26,26,100.0,0,9999.0,NO,1012.0,0,0,2021-10-27 00:00:00
4920,2021,10,27,0100,25,24,94.2,2,8000.0,YES,1012.0,1,0,2021-10-27 01:00:00
4921,2021,10,27,0200,25,24,94.2,2,8000.0,YES,1011.0,2,0,2021-10-27 02:00:00
4922,2021,10,27,0300,25,25,100.0,4,4000.0,YES,1012.0,3,0,2021-10-27 03:00:00
4923,2021,10,27,0400,23,22,94.1,6,7000.0,YES,1013.0,4,0,2021-10-27 04:00:00
4924,2021,10,27,0500,23,22,94.1,2,7000.0,YES,1013.0,5,0,2021-10-27 05:00:00
4925,2021,10,27,0600,23,22,94.1,3,6000.0,YES,1013.0,6,0,2021-10-27 06:00:00
4926,2021,10,27,0700,23,22,94.1,3,6000.0,YES,1013.0,7,0,2021-10-27 07:00:00
4927,2021,10,27,1600,32,24,62.7,3,9999.0,NO,1009.0,16,0,2021-10-27 16:00:00
4928,2021,10,27,1700,27,24,83.7,2,9999.0,NO,1010.0,17,0,2021-10-27 17:00:00
4929,2021,10,27,1800,25,24,94.2,0,9999.0,NO,1010.0,18,0,2021-10-27 18:00:00
4930,2021,10,27,1900,24,23,94.1,0,9999.0,NO,1011.0,19,0,2021-10-27 19:00:00
4931,2021,10,27,2200,25,25,100.0,0,9999.0,YES,1013.0,22,0,2021-10-27 22:00:00
4932,2021,10,27,2300,24,23,94.1,3,9999.0,YES,1012.0,23,0,2021-10-27 23:00:00
4933,2021,10,28,1600,30,25,74.6,4,9999.0,NO,1008.0,16,0,2021-10-28 16:00:00
4934,2021,10,28,2200,24,24,100.0,0,9999.0,NO,1011.0,22,0,2021-10-28 22:00:00
4935,2021,10,29,0600,24,23,94.1,3,8000.0,NO,1011.0,6,0,2021-10-29 06:00:00
4936,2021,10,29,0700,25,23,88.7,4,7000.0,NO,1012.0,7,0,2021-10-29 07:00:00
4937,2021,10,29,0900,29,24,74.4,3,7000.0,NO,1012.0,9,0,2021-10-29 09:00:00
4938,2021,10,29,1000,30,24,70.3,3,7000.0,NO,1011.0,10,0,2021-10-29 10:00:00
4939,2021,10,29,1600,31,25,70.4,3,9999.0,NO,1007.0,16,0,2021-10-29 16:00:00
4940,2021,10,29,2100,27,25,88.8,2,9999.0,NO,1010.0,21,0,2021-10-29 21:00:00
4941,2021,10,30,0200,23,23,100.0,3,8000.0,YES,1010.0,2,0,2021-10-30 02:00:00
4942,2021,10,30,0300,23,22,94.1,4,9999.0,NO,1009.0,3,0,2021-10-30 03:00:00
4943,2021,10,30,0900,25,23,88.7,0,7000.0,NO,1012.0,9,0,2021-10-30 09:00:00
4944,2021,10,30,1100,29,23,70.1,4,7000.0,NO,1010.0,11,0,2021-10-30 11:00:00
4945,2021,10,30,1200,30,23,66.2,2,9999.0,NO,1009.0,12,0,2021-10-30 12:00:00
4946,2021,10,30,1500,33,24,59.2,2,9999.0,NO,1007.0,15,0,2021-10-30 15:00:00
4947,2021,10,30,1800,26,24,88.7,1,9999.0,NO,1010.0,18,0,2021-10-30 18:00:00
4948,2021,10,30,2300,25,25,100.0,2,9999.0,NO,1013.0,23,0,2021-10-30 23:00:00
4949,2021,10,31,0000,25,25,100.0,1,8000.0,YES,1012.0,0,0,2021-10-31 00:00:00
4950,2021,10,31,0100,24,24,100.0,2,8000.0,NO,1012.0,1,0,2021-10-31 01:00:00
4951,2021,10,31,0500,23,22,94.1,2,6000.0,YES,1013.0,5,0,2021-10-31 05:00:00
4952,2021,10,31,0600,23,22,94.1,2,8000.0,YES,1013.0,6,0,2021-10-31 06:00:00
4953,2021,10,31,1200,28,24,78.9,2,8000.0,NO,1011.0,12,0,2021-10-31 12:00:00
4954,2021,10,31,1300,29,24,74.4,2,8000.0,NO,1010.0,13,0,2021-10-31 13:00:00
4955,2021,10,31,1900,25,24,94.2,0,9999.0,NO,1012.0,19,0,2021-10-31 19:00:00
4956,2021,10,31,2000,25,24,94.2,0,9999.0,NO,1012.0,20,0,2021-10-31 20:00:00
4957,2021,10,31,2100,24,24,100.0,0,9999.0,NO,1013.0,21,0,2021-10-31 21:00:00
4958,2021,10,31,2200,24,24,100.0,0,9999.0,NO,1013.0,22,0,2021-10-31 22:00:00
4959,2021,10,31,2300,24,24,100.0,0,9999.0,NO,1012.0,23,0,2021-10-31 23:00:00
4960,2021,11,1,0300,25,25,100.0,2,9999.0,NO,1011.0,3,0,2021-11-01 03:00:00
4961,2021,11,1,0600,25,25,100.0,2,6000.0,NO,1013.0,6,0,2021-11-01 06:00:00
4962,2021,11,1,0700,26,25,94.2,3,8000.0,YES,1013.0,7,0,2021-11-01 07:00:00
4963,2021,11,1,0800,27,25,88.8,2,8000.0,YES,1014.0,8,0,2021-11-01 08:00:00
4964,2021,11,1,0900,23,22,94.1,12,1600.0,YES,1015.0,9,0,2021-11-01 09:00:00
4965,2021,11,1,1000,23,22,94.1,4,8000.0,NO,1014.0,10,0,2021-11-01 10:00:00
4966,2021,11,1,1100,23,22,94.1,2,8000.0,NO,1013.0,11,0,2021-11-01 11:00:00
4967,2021,11,1,1200,24,23,94.1,6,6000.0,NO,1013.0,12,0,2021-11-01 12:00:00
4968,2021,11,1,1300,26,22,78.6,2,8000.0,NO,1011.0,13,0,2021-11-01 13:00:00
4969,2021,11,1,1400,27,23,78.8,2,8000.0,NO,1011.0,14,0,2021-11-01 14:00:00
4970,2021,11,1,1500,27,22,74.1,1,8000.0,NO,1011.0,15,0,2021-11-01 15:00:00
4971,2021,11,2,0200,23,22,94.1,2,8000.0,NO,1012.0,2,0,2021-11-02 02:00:00
4972,2021,11,2,0500,23,22,94.1,2,7000.0,NO,1012.0,5,0,2021-11-02 05:00:00
4973,2021,11,2,1300,29,24,74.4,2,9999.0,NO,1011.0,13,0,2021-11-02 13:00:00
4974,2021,11,2,2100,25,24,94.2,0,9999.0,NO,1014.0,21,0,2021-11-02 21:00:00
4975,2021,11,2,2200,25,24,94.2,0,9999.0,NO,1013.0,22,0,2021-11-02 22:00:00
4976,2021,11,2,2300,24,24,100.0,2,9999.0,NO,1013.0,23,0,2021-11-02 23:00:00
4977,2021,11,3,0000,24,24,100.0,2,8000.0,NO,1012.0,0,0,2021-11-03 00:00:00
4978,2021,11,3,0300,24,24,100.0,1,9999.0,NO,1011.0,3,0,2021-11-03 03:00:00
4979,2021,11,3,0500,24,24,100.0,1,6000.0,NO,1012.0,5,0,2021-11-03 05:00:00
4980,2021,11,3,0600,24,24,100.0,2,4000.0,NO,1012.0,6,0,2021-11-03 06:00:00
4981,2021,11,3,0900,28,24,78.9,2,8000.0,NO,1014.0,9,0,2021-11-03 09:00:00
4982,2021,11,3,1100,31,24,66.4,2,9999.0,YES,1012.0,11,0,2021-11-03 11:00:00
4983,2021,11,3,1600,26,23,83.6,7,9999.0,YES,1009.0,16,0,2021-11-03 16:00:00
4984,2021,11,3,2000,24,23,94.1,1,9999.0,NO,1012.0,20,0,2021-11-03 20:00:00
4985,2021,11,4,0100,23,22,94.1,0,9999.0,NO,1011.0,1,0,2021-11-04 01:00:00
4986,2021,11,4,0200,23,22,94.1,0,9999.0,NO,1011.0,2,0,2021-11-04 02:00:00
4987,2021,11,4,0300,23,22,94.1,1,9999.0,NO,1011.0,3,0,2021-11-04 03:00:00
4988,2021,11,4,0800,27,24,83.7,2,8000.0,NO,1013.0,8,0,2021-11-04 08:00:00
4989,2021,11,4,1100,30,24,70.3,2,8000.0,NO,1011.0,11,0,2021-11-04 11:00:00
4990,2021,11,4,1500,32,24,62.7,4,9999.0,NO,1007.0,15,0,2021-11-04 15:00:00
4991,2021,11,4,1600,31,24,66.4,4,9999.0,NO,1007.0,16,0,2021-11-04 16:00:00
4992,2021,11,4,1700,28,24,78.9,2,9999.0,NO,1007.0,17,0,2021-11-04 17:00:00
4993,2021,11,4,1800,27,24,83.7,1,9999.0,NO,1008.0,18,0,2021-11-04 18:00:00
4994,2021,11,5,0000,26,24,88.7,2,8000.0,NO,1010.0,0,0,2021-11-05 00:00:00
4995,2021,11,5,0100,25,23,88.7,6,4000.0,YES,1010.0,1,0,2021-11-05 01:00:00
4996,2021,11,5,0300,23,23,100.0,3,8000.0,NO,1009.0,3,0,2021-11-05 03:00:00
4997,2021,11,5,0400,24,23,94.1,1,8000.0,NO,1010.0,4,0,2021-11-05 04:00:00
4998,2021,11,5,0600,24,24,100.0,0,2000.0,NO,1011.0,6,0,2021-11-05 06:00:00
4999,2021,11,5,0700,25,25,100.0,2,2000.0,NO,1012.0,7,0,2021-11-05 07:00:00
5000,2021,11,5,0900,30,26,79.2,1,8000.0,NO,1012.0,9,0,2021-11-05 09:00:00
5001,2021,11,5,1000,31,25,70.4,2,9999.0,NO,1012.0,10,0,2021-11-05 10:00:00
5002,2021,11,5,1100,31,25,70.4,4,9999.0,NO,1011.0,11,0,2021-11-05 11:00:00
5003,2021,11,5,1200,31,25,70.4,4,9999.0,NO,1010.0,12,0,2021-11-05 12:00:00
5004,2021,11,5,1300,32,26,70.6,4,9999.0,NO,1008.0,13,0,2021-11-05 13:00:00
5005,2021,11,5,1400,33,25,62.9,4,9999.0,NO,1007.0,14,0,2021-11-05 14:00:00
5006,2021,11,5,1500,32,25,66.6,3,9999.0,NO,1007.0,15,0,2021-11-05 15:00:00
5007,2021,11,5,1600,30,25,74.6,4,9999.0,NO,1007.0,16,0,2021-11-05 16:00:00
5008,2021,11,5,1700,28,25,83.8,4,9999.0,NO,1008.0,17,0,2021-11-05 17:00:00
5009,2021,11,5,2300,26,25,94.2,0,9999.0,NO,1011.0,23,0,2021-11-05 23:00:00
5010,2021,11,6,0000,26,26,100.0,2,9999.0,NO,1010.0,0,0,2021-11-06 00:00:00
5011,2021,11,6,0100,25,23,88.7,5,8000.0,YES,1010.0,1,0,2021-11-06 01:00:00
5012,2021,11,6,0200,25,24,94.2,4,8000.0,NO,1010.0,2,0,2021-11-06 02:00:00
5013,2021,11,6,0300,24,22,88.6,5,8000.0,NO,1009.0,3,0,2021-11-06 03:00:00
5014,2021,11,6,0400,24,22,88.6,5,8000.0,NO,1010.0,4,0,2021-11-06 04:00:00
5015,2021,11,6,0500,24,23,94.1,3,8000.0,NO,1011.0,5,0,2021-11-06 05:00:00
5016,2021,11,6,0600,24,23,94.1,1,7000.0,NO,1010.0,6,0,2021-11-06 06:00:00
5017,2021,11,6,0700,26,22,78.6,4,9999.0,NO,1011.0,7,0,2021-11-06 07:00:00
5018,2021,11,6,0800,29,24,74.4,4,9999.0,NO,1012.0,8,0,2021-11-06 08:00:00
5019,2021,11,6,0900,30,25,74.6,3,9999.0,NO,1011.0,9,0,2021-11-06 09:00:00
5020,2021,11,8,0000,25,24,94.2,0,9999.0,NO,1009.0,0,0,2021-11-08 00:00:00
5021,2021,11,8,0100,24,24,100.0,1,9999.0,NO,1009.0,1,0,2021-11-08 01:00:00
5022,2021,11,8,0200,24,24,100.0,1,9999.0,NO,1009.0,2,0,2021-11-08 02:00:00
5023,2021,11,8,0300,24,24,100.0,1,9999.0,NO,1008.0,3,0,2021-11-08 03:00:00
5024,2021,11,8,0400,24,24,100.0,2,9999.0,NO,1008.0,4,0,2021-11-08 04:00:00
5025,2021,11,8,0500,24,24,100.0,3,6000.0,NO,1009.0,5,0,2021-11-08 05:00:00
5026,2021,11,8,1600,28,25,83.8,3,9999.0,NO,1007.0,16,0,2021-11-08 16:00:00
5027,2021,11,9,0100,25,25,100.0,3,8000.0,NO,1009.0,1,0,2021-11-09 01:00:00
5028,2021,11,9,0200,25,25,100.0,1,8000.0,NO,1008.0,2,0,2021-11-09 02:00:00
5029,2021,11,9,0300,25,25,100.0,1,8000.0,NO,1008.0,3,0,2021-11-09 03:00:00
5030,2021,11,9,0400,25,25,100.0,0,8000.0,NO,1009.0,4,0,2021-11-09 04:00:00
5031,2021,11,9,0500,25,25,100.0,0,6000.0,NO,1009.0,5,0,2021-11-09 05:00:00
5032,2021,11,9,0600,25,25,100.0,2,4500.0,NO,1010.0,6,0,2021-11-09 06:00:00
5033,2021,11,9,0700,26,25,94.2,4,6000.0,NO,1011.0,7,0,2021-11-09 07:00:00
5034,2021,11,9,0800,27,25,88.8,2,8000.0,NO,1011.0,8,0,2021-11-09 08:00:00
5035,2021,11,9,0900,29,25,79.0,2,8000.0,NO,1011.0,9,0,2021-11-09 09:00:00
5036,2021,11,9,1000,30,25,74.6,2,8000.0,NO,1011.0,10,0,2021-11-09 10:00:00
5037,2021,11,9,1100,31,25,70.4,2,9999.0,NO,1010.0,11,0,2021-11-09 11:00:00
5038,2021,11,9,1200,32,26,70.6,4,9999.0,NO,1009.0,12,0,2021-11-09 12:00:00
5039,2021,11,9,1300,32,25,66.6,4,9999.0,NO,1008.0,13,0,2021-11-09 13:00:00
5040,2021,11,9,1400,31,25,70.4,5,9999.0,NO,1007.0,14,0,2021-11-09 14:00:00
5041,2021,11,9,1500,31,25,70.4,4,9999.0,NO,1007.0,15,0,2021-11-09 15:00:00
5042,2021,11,9,1600,30,25,74.6,4,9999.0,NO,1007.0,16,0,2021-11-09 16:00:00
5043,2021,11,9,1700,28,25,83.8,2,9999.0,NO,1008.0,17,0,2021-11-09 17:00:00
5044,2021,11,9,1800,27,25,88.8,3,9999.0,YES,1008.0,18,0,2021-11-09 18:00:00
5045,2021,11,9,1900,26,25,94.2,1,9999.0,YES,1010.0,19,0,2021-11-09 19:00:00
5046,2021,11,9,2000,26,25,94.2,0,9999.0,NO,1011.0,20,0,2021-11-09 20:00:00
5047,2021,11,9,2100,26,25,94.2,2,9999.0,NO,1011.0,21,0,2021-11-09 21:00:00
5048,2021,11,9,2200,26,25,94.2,0,9999.0,NO,1011.0,22,0,2021-11-09 22:00:00
5049,2021,11,9,2300,26,25,94.2,2,9999.0,NO,1011.0,23,0,2021-11-09 23:00:00
5050,2021,11,10,0000,26,24,88.7,4,9999.0,YES,1011.0,0,0,2021-11-10 00:00:00
5051,2021,11,10,0100,25,24,94.2,3,9999.0,NO,1010.0,1,0,2021-11-10 01:00:00
5052,2021,11,10,0200,25,24,94.2,0,9999.0,NO,1010.0,2,0,2021-11-10 02:00:00
5053,2021,11,10,0300,25,24,94.2,2,9999.0,NO,1010.0,3,0,2021-11-10 03:00:00
5054,2021,11,10,0400,25,24,94.2,0,9999.0,NO,1010.0,4,0,2021-11-10 04:00:00
5055,2021,11,10,0500,24,24,100.0,0,4000.0,NO,1011.0,5,0,2021-11-10 05:00:00
5056,2021,11,10,0600,25,24,94.2,4,4000.0,NO,1011.0,6,0,2021-11-10 06:00:00
5057,2021,11,11,0700,24,23,94.1,2,6000.0,YES,1012.0,7,0,2021-11-11 07:00:00
5058,2021,11,11,0800,25,23,88.7,0,8000.0,NO,1012.0,8,0,2021-11-11 08:00:00
5059,2021,11,11,1000,26,23,83.6,0,9999.0,NO,1012.0,10,0,2021-11-11 10:00:00
5060,2021,11,11,1100,27,24,83.7,2,9999.0,NO,1011.0,11,0,2021-11-11 11:00:00
5061,2021,11,11,1600,29,24,74.4,4,9999.0,NO,1008.0,16,0,2021-11-11 16:00:00
5062,2021,11,12,0900,28,24,78.9,6,9999.0,NO,1010.0,9,0,2021-11-12 09:00:00
5063,2021,11,12,1000,31,24,66.4,3,9999.0,NO,1009.0,10,0,2021-11-12 10:00:00
5064,2021,11,12,1100,29,24,74.4,4,9999.0,NO,1009.0,11,0,2021-11-12 11:00:00
5065,2021,11,13,1100,32,25,66.6,3,9999.0,NO,1009.0,11,0,2021-11-13 11:00:00
5066,2021,11,13,1200,33,25,62.9,4,9999.0,NO,1008.0,12,0,2021-11-13 12:00:00
5067,2021,11,13,1900,28,25,83.8,2,9999.0,NO,1009.0,19,0,2021-11-13 19:00:00
5068,2021,11,13,2000,26,25,94.2,0,9999.0,NO,1009.0,20,0,2021-11-13 20:00:00
5069,2021,11,13,2100,26,25,94.2,0,9999.0,NO,1010.0,21,0,2021-11-13 21:00:00
5070,2021,11,13,2200,26,25,94.2,0,9999.0,NO,1010.0,22,0,2021-11-13 22:00:00
5071,2021,11,13,2300,26,25,94.2,2,9999.0,NO,1010.0,23,0,2021-11-13 23:00:00
5072,2021,11,14,0000,25,25,100.0,0,9999.0,NO,1009.0,0,0,2021-11-14 00:00:00
5073,2021,11,14,0100,25,25,100.0,2,9999.0,NO,1009.0,1,0,2021-11-14 01:00:00
5074,2021,11,14,0300,25,25,100.0,1,9999.0,NO,1008.0,3,0,2021-11-14 03:00:00
5075,2021,11,14,0500,25,25,100.0,1,8000.0,YES,1010.0,5,0,2021-11-14 05:00:00
5076,2021,11,14,0600,26,26,100.0,2,4000.0,YES,1010.0,6,0,2021-11-14 06:00:00
5077,2021,11,14,1000,23,22,94.1,4,6000.0,YES,1013.0,10,0,2021-11-14 10:00:00
5078,2021,11,14,1300,26,23,83.6,3,9999.0,NO,1010.0,13,0,2021-11-14 13:00:00
5079,2021,11,14,1600,26,23,83.6,2,9999.0,NO,1009.0,16,0,2021-11-14 16:00:00
5080,2021,11,14,1700,25,23,88.7,3,9999.0,NO,1010.0,17,0,2021-11-14 17:00:00
5081,2021,11,14,1800,24,23,94.1,2,9999.0,NO,1010.0,18,0,2021-11-14 18:00:00
5082,2021,11,14,2000,23,22,94.1,0,9999.0,NO,1012.0,20,0,2021-11-14 20:00:00
5083,2021,11,15,0000,22,22,100.0,0,8000.0,NO,1011.0,0,0,2021-11-15 00:00:00
5084,2021,11,15,0200,23,23,100.0,0,9999.0,NO,1010.0,2,0,2021-11-15 02:00:00
5085,2021,11,15,0400,24,24,100.0,3,9999.0,NO,1010.0,4,0,2021-11-15 04:00:00
5086,2021,11,15,0500,23,23,100.0,3,9999.0,NO,1011.0,5,0,2021-11-15 05:00:00
5087,2021,11,15,0600,24,23,94.1,3,2500.0,NO,1011.0,6,0,2021-11-15 06:00:00
5088,2021,11,15,0700,24,23,94.1,1,2500.0,NO,1012.0,7,0,2021-11-15 07:00:00
5089,2021,11,15,0800,25,23,88.7,2,4000.0,NO,1012.0,8,0,2021-11-15 08:00:00
5090,2021,11,15,0900,26,23,83.6,3,4000.0,NO,1013.0,9,0,2021-11-15 09:00:00
5091,2021,11,15,1100,31,24,66.4,2,8000.0,NO,1011.0,11,0,2021-11-15 11:00:00
5092,2021,11,15,1200,31,23,62.5,4,9999.0,NO,1010.0,12,0,2021-11-15 12:00:00
5093,2021,11,15,1500,30,23,66.2,4,9999.0,NO,1008.0,15,0,2021-11-15 15:00:00
5094,2021,11,16,0700,26,23,83.6,4,6000.0,NO,1011.0,7,0,2021-11-16 07:00:00
5095,2021,11,16,0800,29,24,74.4,3,9999.0,NO,1011.0,8,0,2021-11-16 08:00:00
5096,2021,11,16,0900,30,24,70.3,2,9999.0,NO,1011.0,9,0,2021-11-16 09:00:00
5097,2021,11,16,1000,31,24,66.4,3,9999.0,NO,1011.0,10,0,2021-11-16 10:00:00
5098,2021,11,17,1500,31,24,66.4,4,9999.0,NO,1007.0,15,0,2021-11-17 15:00:00
5099,2021,11,18,1400,Q1007,NO,94.1,4,9999.0,NO,1007.0,14,0,2021-11-18 14:00:00
5100,2021,11,19,0000,24,23,94.1,3,9999.0,NO,1010.0,0,0,2021-11-19 00:00:00
5101,2021,11,19,0100,24,23,94.1,4,9999.0,NO,1010.0,1,0,2021-11-19 01:00:00
5102,2021,11,19,0300,24,23,94.1,2,9999.0,NO,1010.0,3,0,2021-11-19 03:00:00
5103,2021,11,19,0400,24,23,94.1,2,9999.0,NO,1010.0,4,0,2021-11-19 04:00:00
5104,2021,11,19,0900,28,25,83.8,2,9999.0,NO,1012.0,9,0,2021-11-19 09:00:00
5105,2021,11,19,1000,31,26,74.8,2,9999.0,NO,1012.0,10,0,2021-11-19 10:00:00
5106,2021,11,19,1100,30,26,79.2,1,9999.0,YES,1010.0,11,0,2021-11-19 11:00:00
5107,2021,11,19,1400,28,25,83.8,4,9999.0,NO,1008.0,14,0,2021-11-19 14:00:00
5108,2021,11,21,1400,31,24,66.4,2,9999.0,NO,1007.0,14,0,2021-11-21 14:00:00
5109,2021,11,21,1600,31,25,70.4,4,9999.0,NO,1006.0,16,0,2021-11-21 16:00:00
5110,2021,11,22,0900,30,25,74.6,3,9999.0,NO,1011.0,9,0,2021-11-22 09:00:00
5111,2021,11,23,0000,26,25,94.2,0,9999.0,NO,1011.0,0,0,2021-11-23 00:00:00
5112,2021,11,23,0200,25,25,100.0,0,9999.0,NO,1010.0,2,0,2021-11-23 02:00:00
5113,2021,11,23,1700,27,25,88.8,1,9999.0,NO,1010.0,17,0,2021-11-23 17:00:00
5114,2021,11,23,1900,25,24,94.2,0,9999.0,NO,1012.0,19,0,2021-11-23 19:00:00
5115,2021,11,24,0300,24,24,100.0,0,9999.0,NO,1010.0,3,0,2021-11-24 03:00:00
5116,2021,11,24,1000,30,25,74.6,4,8000.0,NO,1012.0,10,0,2021-11-24 10:00:00
5117,2021,11,24,1500,32,25,66.6,4,9999.0,NO,1008.0,15,0,2021-11-24 15:00:00
5118,2021,11,24,1600,31,25,70.4,4,9999.0,NO,1008.0,16,0,2021-11-24 16:00:00
5119,2021,11,24,1700,28,25,83.8,2,9999.0,NO,1008.0,17,0,2021-11-24 17:00:00
5120,2021,11,24,1800,27,25,88.8,1,9999.0,NO,1008.0,18,0,2021-11-24 18:00:00
5121,2021,11,25,0000,26,25,94.2,4,9999.0,NO,1009.0,0,0,2021-11-25 00:00:00
5122,2021,11,25,0100,26,25,94.2,0,9999.0,NO,1009.0,1,0,2021-11-25 01:00:00
5123,2021,11,25,0200,26,25,94.2,0,9999.0,NO,1009.0,2,0,2021-11-25 02:00:00
5124,2021,11,25,0300,26,25,94.2,2,9999.0,NO,1009.0,3,0,2021-11-25 03:00:00
5125,2021,11,25,0400,26,25,94.2,1,9999.0,NO,1009.0,4,0,2021-11-25 04:00:00
5126,2021,11,25,0500,25,24,94.2,2,9999.0,NO,1009.0,5,0,2021-11-25 05:00:00
5127,2021,11,25,0900,29,25,79.0,1,6000.0,YES,1011.0,9,0,2021-11-25 09:00:00
5128,2021,11,25,1100,32,25,66.6,3,9999.0,NO,1010.0,11,0,2021-11-25 11:00:00
5129,2021,11,25,2200,26,25,94.2,1,9999.0,NO,1011.0,22,0,2021-11-25 22:00:00
5130,2021,11,26,0000,26,25,94.2,1,9999.0,NO,1010.0,0,0,2021-11-26 00:00:00
5131,2021,11,26,0100,25,25,100.0,2,9999.0,NO,1010.0,1,0,2021-11-26 01:00:00
5132,2021,11,26,1700,29,25,79.0,2,9999.0,NO,1008.0,17,0,2021-11-26 17:00:00
5133,2021,11,26,1900,27,25,88.8,1,9999.0,NO,1009.0,19,0,2021-11-26 19:00:00
5134,2021,11,26,2000,26,25,94.2,0,9999.0,NO,1010.0,20,0,2021-11-26 20:00:00
5135,2021,11,26,2100,26,25,94.2,1,9999.0,NO,1011.0,21,0,2021-11-26 21:00:00
5136,2021,11,26,2200,26,26,100.0,2,9999.0,NO,1011.0,22,0,2021-11-26 22:00:00
5137,2021,11,26,2300,27,26,94.3,2,9999.0,NO,1011.0,23,0,2021-11-26 23:00:00
5138,2021,11,27,0000,26,25,94.2,2,9999.0,NO,1010.0,0,0,2021-11-27 00:00:00
5139,2021,11,27,0300,26,26,100.0,2,9999.0,NO,1010.0,3,0,2021-11-27 03:00:00
5140,2021,11,27,0400,25,25,100.0,0,8000.0,NO,1010.0,4,0,2021-11-27 04:00:00
5141,2021,11,27,0500,25,25,100.0,0,7000.0,NO,1010.0,5,0,2021-11-27 05:00:00
5142,2021,11,27,0600,25,25,100.0,2,2500.0,NO,1011.0,6,0,2021-11-27 06:00:00
5143,2021,11,27,0700,27,26,94.3,2,1800.0,NO,1011.0,7,0,2021-11-27 07:00:00
5144,2021,11,27,0800,29,26,83.9,2,2000.0,NO,1011.0,8,0,2021-11-27 08:00:00
5145,2021,11,27,0900,31,25,70.4,2,7000.0,NO,1011.0,9,0,2021-11-27 09:00:00
5146,2021,11,27,1000,32,26,70.6,2,9999.0,NO,1011.0,10,0,2021-11-27 10:00:00
5147,2021,11,27,1100,33,26,66.8,2,9999.0,NO,1009.0,11,0,2021-11-27 11:00:00
5148,2021,11,27,1200,33,25,62.9,3,9999.0,NO,1009.0,12,0,2021-11-27 12:00:00
5149,2021,11,27,1300,33,26,66.8,3,9999.0,NO,1008.0,13,0,2021-11-27 13:00:00
5150,2021,11,27,1400,32,25,66.6,5,9999.0,NO,1007.0,14,0,2021-11-27 14:00:00
5151,2021,11,27,1500,32,26,70.6,5,9999.0,NO,1007.0,15,0,2021-11-27 15:00:00
5152,2021,11,27,1600,31,25,70.4,5,9999.0,NO,1007.0,16,0,2021-11-27 16:00:00
5153,2021,11,27,1700,29,25,79.0,4,9999.0,NO,1008.0,17,0,2021-11-27 17:00:00
5154,2021,11,27,1800,28,25,83.8,4,9999.0,NO,1010.0,18,0,2021-11-27 18:00:00
5155,2021,11,27,1900,28,25,83.8,3,9999.0,YES,1011.0,19,0,2021-11-27 19:00:00
5156,2021,11,27,2000,27,25,88.8,2,9999.0,YES,1011.0,20,0,2021-11-27 20:00:00
5157,2021,11,27,2100,27,25,88.8,0,9999.0,NO,1011.0,21,0,2021-11-27 21:00:00
5158,2021,11,27,2200,26,26,100.0,2,9999.0,NO,1011.0,22,0,2021-11-27 22:00:00
5159,2021,11,27,2300,26,24,88.7,2,9999.0,NO,1011.0,23,0,2021-11-27 23:00:00
5160,2021,11,28,0000,26,25,94.2,3,9999.0,NO,1010.0,0,0,2021-11-28 00:00:00
5161,2021,11,28,0100,26,25,94.2,2,9999.0,NO,1010.0,1,0,2021-11-28 01:00:00
5162,2021,11,28,0200,25,24,94.2,0,9999.0,NO,1010.0,2,0,2021-11-28 02:00:00
5163,2021,11,28,0300,24,23,94.1,2,9999.0,NO,1010.0,3,0,2021-11-28 03:00:00
5164,2021,11,28,0400,24,23,94.1,2,9999.0,NO,1010.0,4,0,2021-11-28 04:00:00
5165,2021,11,28,0500,24,23,94.1,2,9999.0,NO,1011.0,5,0,2021-11-28 05:00:00
5166,2021,11,28,0600,24,23,94.1,0,8000.0,NO,1011.0,6,0,2021-11-28 06:00:00
5167,2021,11,28,0700,28,25,83.8,1,7000.0,NO,1011.0,7,0,2021-11-28 07:00:00
5168,2021,11,28,2100,27,25,88.8,1,9999.0,NO,1010.0,21,0,2021-11-28 21:00:00
5169,2021,11,30,0000,26,24,88.7,0,9999.0,YES,1010.0,0,0,2021-11-30 00:00:00
5170,2021,11,30,0100,25,24,94.2,1,9999.0,NO,1010.0,1,0,2021-11-30 01:00:00
5171,2021,11,30,0200,25,25,100.0,0,9999.0,NO,1009.0,2,0,2021-11-30 02:00:00
5172,2021,11,30,0300,25,25,100.0,0,8000.0,NO,1009.0,3,0,2021-11-30 03:00:00
5173,2021,11,30,1200,31,26,74.8,4,9999.0,NO,1010.0,12,0,2021-11-30 12:00:00
5174,2021,11,30,1500,30,25,74.6,4,9999.0,NO,1008.0,15,0,2021-11-30 15:00:00
5175,2021,12,1,0000,26,26,100.0,0,9999.0,NO,1010.0,0,0,2021-12-01 00:00:00
5176,2021,12,1,0100,25,25,100.0,2,9999.0,NO,1009.0,1,0,2021-12-01 01:00:00
5177,2021,12,1,0200,25,25,100.0,2,9999.0,NO,1009.0,2,0,2021-12-01 02:00:00
5178,2021,12,1,0300,25,25,100.0,0,9999.0,NO,1009.0,3,0,2021-12-01 03:00:00
5179,2021,12,1,0900,29,26,83.9,3,6000.0,NO,1010.0,9,0,2021-12-01 09:00:00
5180,2021,12,1,1100,30,26,79.2,3,9999.0,NO,1010.0,11,0,2021-12-01 11:00:00
5181,2021,12,1,2100,27,26,94.3,2,9999.0,NO,1010.0,21,0,2021-12-01 21:00:00
5182,2021,12,1,2200,27,26,94.3,1,9999.0,NO,1010.0,22,0,2021-12-01 22:00:00
5183,2021,12,1,2300,26,25,94.2,2,9999.0,NO,1010.0,23,0,2021-12-01 23:00:00
5184,2021,12,2,0000,26,25,94.2,2,9999.0,NO,1009.0,0,0,2021-12-02 00:00:00
5185,2021,12,2,0100,26,25,94.2,2,9999.0,NO,1009.0,1,0,2021-12-02 01:00:00
5186,2021,12,2,0200,26,25,94.2,2,9999.0,NO,1008.0,2,0,2021-12-02 02:00:00
5187,2021,12,2,0400,26,26,100.0,0,9999.0,NO,1008.0,4,0,2021-12-02 04:00:00
5188,2021,12,2,0500,25,25,100.0,0,6000.0,NO,1009.0,5,0,2021-12-02 05:00:00
5189,2021,12,2,0600,26,26,100.0,1,2000.0,NO,1009.0,6,0,2021-12-02 06:00:00
5190,2021,12,2,0700,28,25,83.8,2,6000.0,NO,1010.0,7,0,2021-12-02 07:00:00
5191,2021,12,2,1800,28,26,88.9,3,9999.0,NO,1007.0,18,0,2021-12-02 18:00:00
5192,2021,12,2,1900,28,26,88.9,2,9999.0,NO,1008.0,19,0,2021-12-02 19:00:00
5193,2021,12,2,2000,28,26,88.9,0,9999.0,NO,1008.0,20,0,2021-12-02 20:00:00
5194,2021,12,2,2100,27,26,94.3,0,9999.0,NO,1010.0,21,0,2021-12-02 21:00:00
5195,2021,12,2,2200,27,25,88.8,2,9999.0,NO,1009.0,22,0,2021-12-02 22:00:00
5196,2021,12,2,2300,26,25,94.2,3,9999.0,NO,1009.0,23,0,2021-12-02 23:00:00
5197,2021,12,3,0000,26,25,94.2,2,9999.0,NO,1009.0,0,0,2021-12-03 00:00:00
5198,2021,12,3,0100,25,25,100.0,0,9999.0,NO,1008.0,1,0,2021-12-03 01:00:00
5199,2021,12,3,0200,25,25,100.0,2,9999.0,NO,1007.0,2,0,2021-12-03 02:00:00
5200,2021,12,3,0300,26,26,100.0,2,9999.0,NO,1007.0,3,0,2021-12-03 03:00:00
5201,2021,12,3,0400,26,25,94.2,3,9999.0,NO,1007.0,4,0,2021-12-03 04:00:00
5202,2021,12,3,0500,26,25,94.2,2,7000.0,NO,1008.0,5,0,2021-12-03 05:00:00
5203,2021,12,3,0600,26,26,100.0,2,2000.0,NO,1009.0,6,0,2021-12-03 06:00:00
5204,2021,12,3,0800,27,26,94.3,4,8000.0,YES,1011.0,8,0,2021-12-03 08:00:00
5205,2021,12,3,0900,25,22,83.4,11,9999.0,YES,1011.0,9,0,2021-12-03 09:00:00
5206,2021,12,3,1000,25,22,83.4,8,9999.0,NO,1011.0,10,0,2021-12-03 10:00:00
5207,2021,12,3,1100,25,22,83.4,4,9999.0,NO,1009.0,11,0,2021-12-03 11:00:00
5208,2021,12,3,1200,25,23,88.7,2,9999.0,NO,1009.0,12,0,2021-12-03 12:00:00
5209,2021,12,3,1300,25,23,88.7,2,9999.0,NO,1009.0,13,0,2021-12-03 13:00:00
5210,2021,12,3,1400,26,23,83.6,2,9999.0,NO,1008.0,14,0,2021-12-03 14:00:00
5211,2021,12,3,2100,24,23,94.1,4,9999.0,NO,1011.0,21,0,2021-12-03 21:00:00
5212,2021,12,3,2200,24,23,94.1,2,9999.0,NO,1012.0,22,0,2021-12-03 22:00:00
5213,2021,12,4,0000,23,23,100.0,0,9999.0,NO,1010.0,0,0,2021-12-04 00:00:00
5214,2021,12,4,0100,24,24,100.0,0,9999.0,NO,1010.0,1,0,2021-12-04 01:00:00
5215,2021,12,4,0200,24,24,100.0,3,9999.0,NO,1010.0,2,0,2021-12-04 02:00:00
5216,2021,12,4,0300,23,22,94.1,0,9999.0,NO,1009.0,3,0,2021-12-04 03:00:00
5217,2021,12,4,0800,29,24,74.4,3,4000.0,NO,1011.0,8,0,2021-12-04 08:00:00
5218,2021,12,4,0900,31,25,70.4,3,6000.0,NO,1011.0,9,0,2021-12-04 09:00:00
5219,2021,12,4,1100,32,25,66.6,3,6000.0,NO,1009.0,11,0,2021-12-04 11:00:00
5220,2021,12,4,1400,35,26,59.7,3,6000.0,NO,1006.0,14,0,2021-12-04 14:00:00
5221,2021,12,4,2000,28,26,88.9,3,9999.0,NO,1010.0,20,0,2021-12-04 20:00:00
5222,2021,12,4,2200,28,26,88.9,3,9999.0,NO,1010.0,22,0,2021-12-04 22:00:00
5223,2021,12,4,2300,28,26,88.9,3,9999.0,NO,1010.0,23,0,2021-12-04 23:00:00
5224,2021,12,5,0000,27,26,94.3,1,9999.0,NO,1010.0,0,0,2021-12-05 00:00:00
5225,2021,12,5,0100,27,26,94.3,2,8000.0,NO,1009.0,1,0,2021-12-05 01:00:00
5226,2021,12,5,0200,27,26,94.3,3,8000.0,NO,1009.0,2,0,2021-12-05 02:00:00
5227,2021,12,5,0300,26,25,94.2,3,8000.0,NO,1009.0,3,0,2021-12-05 03:00:00
5228,2021,12,5,1000,32,26,70.6,4,9999.0,NO,1010.0,10,0,2021-12-05 10:00:00
5229,2021,12,5,1100,33,26,66.8,5,9999.0,NO,1009.0,11,0,2021-12-05 11:00:00
5230,2021,12,5,1300,32,26,70.6,4,9999.0,NO,1007.0,13,0,2021-12-05 13:00:00
5231,2021,12,5,1400,32,26,70.6,4,9999.0,NO,1007.0,14,0,2021-12-05 14:00:00
5232,2021,12,5,1600,30,26,79.2,4,9999.0,NO,1007.0,16,0,2021-12-05 16:00:00
5233,2021,12,5,1700,29,25,79.0,2,9999.0,NO,1007.0,17,0,2021-12-05 17:00:00
5234,2021,12,5,1800,28,25,83.8,2,9999.0,NO,1008.0,18,0,2021-12-05 18:00:00
5235,2021,12,5,2200,28,26,88.9,2,9999.0,NO,1010.0,22,0,2021-12-05 22:00:00
5236,2021,12,5,2300,27,26,94.3,2,4000.0,YES,1011.0,23,0,2021-12-05 23:00:00
5237,2021,12,6,0000,27,26,94.3,0,6000.0,YES,1010.0,0,0,2021-12-06 00:00:00
5238,2021,12,6,0100,26,26,100.0,0,9999.0,NO,1009.0,1,0,2021-12-06 01:00:00
5239,2021,12,6,0200,27,27,100.0,3,9999.0,NO,1009.0,2,0,2021-12-06 02:00:00
5240,2021,12,6,0300,26,26,100.0,0,9999.0,YES,1008.0,3,0,2021-12-06 03:00:00
5241,2021,12,6,1000,30,26,79.2,4,7000.0,NO,1011.0,10,0,2021-12-06 10:00:00
5242,2021,12,6,1100,32,26,70.6,3,7000.0,NO,1010.0,11,0,2021-12-06 11:00:00
5243,2021,12,6,1200,32,27,74.9,4,7000.0,NO,1009.0,12,0,2021-12-06 12:00:00
5244,2021,12,6,1300,32,26,70.6,3,7000.0,NO,1009.0,13,0,2021-12-06 13:00:00
5245,2021,12,6,1400,30,26,79.2,5,8000.0,NO,1008.0,14,0,2021-12-06 14:00:00
5246,2021,12,6,1500,30,26,79.2,4,8000.0,NO,1008.0,15,0,2021-12-06 15:00:00
5247,2021,12,6,1900,27,25,88.8,2,9999.0,NO,1010.0,19,0,2021-12-06 19:00:00
5248,2021,12,6,2000,27,25,88.8,2,9999.0,NO,1012.0,20,0,2021-12-06 20:00:00
5249,2021,12,6,2100,27,25,88.8,2,9999.0,NO,1012.0,21,0,2021-12-06 21:00:00
5250,2021,12,6,2200,27,25,88.8,2,9999.0,NO,1012.0,22,0,2021-12-06 22:00:00
5251,2021,12,6,2300,27,26,94.3,2,9999.0,NO,1012.0,23,0,2021-12-06 23:00:00
5252,2021,12,7,0000,26,25,94.2,2,9999.0,NO,1012.0,0,0,2021-12-07 00:00:00
5253,2021,12,7,0100,25,25,100.0,1,8000.0,NO,1011.0,1,0,2021-12-07 01:00:00
5254,2021,12,7,0200,26,26,100.0,2,8000.0,NO,1010.0,2,0,2021-12-07 02:00:00
5255,2021,12,7,0300,26,26,100.0,1,8000.0,NO,1011.0,3,0,2021-12-07 03:00:00
5256,2021,12,8,1500,33,26,66.8,4,8000.0,NO,1008.0,15,0,2021-12-08 15:00:00
5257,2021,12,8,1600,31,26,74.8,4,8000.0,NO,1008.0,16,0,2021-12-08 16:00:00
5258,2021,12,8,1700,29,26,83.9,3,8000.0,NO,1008.0,17,0,2021-12-08 17:00:00
5259,2021,12,8,1800,28,26,88.9,2,9999.0,NO,1009.0,18,0,2021-12-08 18:00:00
5260,2021,12,8,1900,27,26,94.3,0,9999.0,NO,1010.0,19,0,2021-12-08 19:00:00
5261,2021,12,8,2000,27,26,94.3,0,9999.0,NO,1011.0,20,0,2021-12-08 20:00:00
5262,2021,12,8,2100,27,26,94.3,1,9999.0,NO,1011.0,21,0,2021-12-08 21:00:00
5263,2021,12,8,2200,26,26,100.0,0,9999.0,NO,1011.0,22,0,2021-12-08 22:00:00
5264,2021,12,8,2300,27,26,94.3,0,9999.0,NO,1011.0,23,0,2021-12-08 23:00:00
5265,2021,12,9,0000,26,26,100.0,2,9999.0,NO,1011.0,0,0,2021-12-09 00:00:00
5266,2021,12,9,0100,26,26,100.0,3,9999.0,NO,1010.0,1,0,2021-12-09 01:00:00
5267,2021,12,9,0200,26,26,100.0,1,9999.0,NO,1010.0,2,0,2021-12-09 02:00:00
5268,2021,12,9,0300,26,26,100.0,1,9999.0,NO,1010.0,3,0,2021-12-09 03:00:00
5269,2021,12,9,0400,26,26,100.0,1,9999.0,NO,1010.0,4,0,2021-12-09 04:00:00
5270,2021,12,9,0500,26,26,100.0,0,7000.0,NO,1010.0,5,0,2021-12-09 05:00:00
5271,2021,12,9,0600,26,26,100.0,0,1800.0,NO,1010.0,6,0,2021-12-09 06:00:00
5272,2021,12,9,0700,27,27,100.0,2,2200.0,NO,1011.0,7,0,2021-12-09 07:00:00
5273,2021,12,9,0800,29,25,79.0,3,4000.0,NO,1011.0,8,0,2021-12-09 08:00:00
5274,2021,12,9,0900,31,26,74.8,3,4000.0,NO,1010.0,9,0,2021-12-09 09:00:00
5275,2021,12,9,1000,32,25,66.6,1,4000.0,NO,1010.0,10,0,2021-12-09 10:00:00
5276,2021,12,9,1100,32,25,66.6,2,4000.0,NO,1009.0,11,0,2021-12-09 11:00:00
5277,2021,12,9,1200,34,25,59.5,3,4000.0,NO,1008.0,12,0,2021-12-09 12:00:00
5278,2021,12,9,1300,34,25,59.5,4,4000.0,NO,1007.0,13,0,2021-12-09 13:00:00
5279,2021,12,9,1400,33,25,62.9,4,4500.0,NO,1006.0,14,0,2021-12-09 14:00:00
5280,2021,12,9,1500,32,26,70.6,4,7000.0,NO,1006.0,15,0,2021-12-09 15:00:00
5281,2021,12,9,1600,31,26,74.8,3,9999.0,NO,1006.0,16,0,2021-12-09 16:00:00
5282,2021,12,9,1700,29,26,83.9,1,9999.0,NO,1006.0,17,0,2021-12-09 17:00:00
5283,2021,12,9,1800,28,26,88.9,0,9999.0,NO,1007.0,18,0,2021-12-09 18:00:00
5284,2021,12,9,1900,26,25,94.2,0,9999.0,NO,1008.0,19,0,2021-12-09 19:00:00
5285,2021,12,9,2000,26,26,100.0,0,9999.0,NO,1008.0,20,0,2021-12-09 20:00:00
5286,2021,12,9,2100,26,26,100.0,1,9999.0,NO,1008.0,21,0,2021-12-09 21:00:00
5287,2021,12,9,2200,26,26,100.0,1,9999.0,NO,1008.0,22,0,2021-12-09 22:00:00
5288,2021,12,9,2300,26,26,100.0,2,9999.0,NO,1008.0,23,0,2021-12-09 23:00:00
5289,2021,12,10,0000,26,26,100.0,3,9999.0,NO,1008.0,0,0,2021-12-10 00:00:00
5290,2021,12,10,0100,26,26,100.0,0,9999.0,NO,1007.0,1,0,2021-12-10 01:00:00
5291,2021,12,10,0200,25,25,100.0,0,9999.0,NO,1007.0,2,0,2021-12-10 02:00:00
5292,2021,12,10,0300,25,25,100.0,0,9999.0,NO,1007.0,3,0,2021-12-10 03:00:00
5293,2021,12,10,0400,25,25,100.0,2,9999.0,NO,1008.0,4,0,2021-12-10 04:00:00
5294,2021,12,10,0500,25,25,100.0,0,9999.0,NO,1008.0,5,0,2021-12-10 05:00:00
5295,2021,12,10,0600,25,25,100.0,0,2000.0,NO,1009.0,6,0,2021-12-10 06:00:00
5296,2021,12,10,0700,26,26,100.0,2,1800.0,NO,1010.0,7,0,2021-12-10 07:00:00
5297,2021,12,10,0800,27,26,94.3,3,2500.0,NO,1010.0,8,0,2021-12-10 08:00:00
5298,2021,12,10,0900,31,25,70.4,3,4000.0,NO,1009.0,9,0,2021-12-10 09:00:00
5299,2021,12,10,1000,31,25,70.4,2,4000.0,NO,1009.0,10,0,2021-12-10 10:00:00
5300,2021,12,10,1100,33,25,62.9,2,4000.0,NO,1008.0,11,0,2021-12-10 11:00:00
5301,2021,12,10,1200,33,24,59.2,3,4000.0,NO,1007.0,12,0,2021-12-10 12:00:00
5302,2021,12,10,1300,34,25,59.5,3,4000.0,NO,1006.0,13,0,2021-12-10 13:00:00
5303,2021,12,10,1400,34,25,59.5,3,4500.0,NO,1005.0,14,0,2021-12-10 14:00:00
5304,2021,12,10,1500,34,25,59.5,3,4500.0,NO,1004.0,15,0,2021-12-10 15:00:00
5305,2021,12,10,1600,32,25,66.6,2,4500.0,NO,1004.0,16,0,2021-12-10 16:00:00
5306,2021,12,10,1700,30,26,79.2,2,6000.0,NO,1005.0,17,0,2021-12-10 17:00:00
5307,2021,12,10,2100,27,26,94.3,0,9999.0,NO,1008.0,21,0,2021-12-10 21:00:00
5308,2021,12,10,2200,27,27,100.0,0,9999.0,NO,1008.0,22,0,2021-12-10 22:00:00
5309,2021,12,10,2300,27,26,94.3,0,9999.0,NO,1008.0,23,0,2021-12-10 23:00:00
5310,2021,12,11,0000,26,26,100.0,1,9999.0,NO,1007.0,0,0,2021-12-11 00:00:00
5311,2021,12,11,0100,26,25,94.2,2,8000.0,NO,1007.0,1,0,2021-12-11 01:00:00
5312,2021,12,11,0200,26,25,94.2,3,8000.0,NO,1007.0,2,0,2021-12-11 02:00:00
5313,2021,12,11,0300,25,24,94.2,0,8000.0,NO,1006.0,3,0,2021-12-11 03:00:00
5314,2021,12,11,0400,24,24,100.0,0,8000.0,NO,1007.0,4,0,2021-12-11 04:00:00
5315,2021,12,11,0500,24,24,100.0,0,6000.0,NO,1007.0,5,0,2021-12-11 05:00:00
5316,2021,12,11,0600,25,25,100.0,1,2500.0,NO,1008.0,6,0,2021-12-11 06:00:00
5317,2021,12,11,0700,28,25,83.8,4,2500.0,NO,1008.0,7,0,2021-12-11 07:00:00
5318,2021,12,11,0800,29,25,79.0,4,4000.0,NO,1009.0,8,0,2021-12-11 08:00:00
5319,2021,12,11,0900,30,25,74.6,2,4000.0,NO,1008.0,9,0,2021-12-11 09:00:00
5320,2021,12,11,1000,31,24,66.4,4,4000.0,NO,1008.0,10,0,2021-12-11 10:00:00
5321,2021,12,11,1100,32,25,66.6,2,4000.0,NO,1007.0,11,0,2021-12-11 11:00:00
5322,2021,12,11,1200,32,25,66.6,4,4000.0,NO,1006.0,12,0,2021-12-11 12:00:00
5323,2021,12,11,1300,32,25,66.6,3,4000.0,NO,1005.0,13,0,2021-12-11 13:00:00
5324,2021,12,11,1400,32,25,66.6,3,4000.0,NO,1004.0,14,0,2021-12-11 14:00:00
5325,2021,12,11,1500,31,25,70.4,4,4000.0,NO,1004.0,15,0,2021-12-11 15:00:00
5326,2021,12,11,1600,30,25,74.6,3,4000.0,NO,1005.0,16,0,2021-12-11 16:00:00
5327,2021,12,11,1700,29,25,79.0,3,2000.0,NO,1006.0,17,0,2021-12-11 17:00:00
5328,2021,12,11,1800,28,25,83.8,2,2500.0,NO,1007.0,18,0,2021-12-11 18:00:00
5329,2021,12,11,2000,26,25,94.2,0,8000.0,NO,1009.0,20,0,2021-12-11 20:00:00
5330,2021,12,11,2100,26,25,94.2,0,8000.0,NO,1009.0,21,0,2021-12-11 21:00:00
5331,2021,12,11,2200,25,25,100.0,1,7000.0,NO,1009.0,22,0,2021-12-11 22:00:00
5332,2021,12,11,2300,25,25,100.0,2,7000.0,NO,1008.0,23,0,2021-12-11 23:00:00
5333,2021,12,12,0000,25,25,100.0,2,7000.0,NO,1008.0,0,0,2021-12-12 00:00:00
5334,2021,12,12,0100,25,25,100.0,1,7000.0,NO,1007.0,1,0,2021-12-12 01:00:00
5335,2021,12,12,0200,26,26,100.0,0,8000.0,NO,1008.0,2,0,2021-12-12 02:00:00
5336,2021,12,12,0300,26,26,100.0,2,8000.0,NO,1008.0,3,0,2021-12-12 03:00:00
5337,2021,12,12,0400,25,25,100.0,0,8000.0,NO,1008.0,4,0,2021-12-12 04:00:00
5338,2021,12,12,0500,25,25,100.0,0,8000.0,NO,1008.0,5,0,2021-12-12 05:00:00
5339,2021,12,12,0600,25,25,100.0,4,1600.0,NO,1009.0,6,0,2021-12-12 06:00:00
5340,2021,12,12,0700,26,26,100.0,3,1600.0,NO,1010.0,7,0,2021-12-12 07:00:00
5341,2021,12,12,0800,28,25,83.8,2,1800.0,NO,1010.0,8,0,2021-12-12 08:00:00
5342,2021,12,12,0900,31,25,70.4,2,2000.0,NO,1010.0,9,0,2021-12-12 09:00:00
5343,2021,12,12,1000,32,25,66.6,3,2500.0,NO,1009.0,10,0,2021-12-12 10:00:00
5344,2021,12,12,1100,32,25,66.6,4,3200.0,NO,1008.0,11,0,2021-12-12 11:00:00
5345,2021,12,12,1200,33,23,55.8,4,3200.0,NO,1007.0,12,0,2021-12-12 12:00:00
5346,2021,12,12,1400,34,25,59.5,4,3200.0,NO,1005.0,14,0,2021-12-12 14:00:00
5347,2021,12,12,1500,33,23,55.8,3,3200.0,NO,1005.0,15,0,2021-12-12 15:00:00
5348,2021,12,12,1600,31,24,66.4,4,3200.0,NO,1006.0,16,0,2021-12-12 16:00:00
5349,2021,12,12,1700,29,25,79.0,3,4000.0,NO,1006.0,17,0,2021-12-12 17:00:00
5350,2021,12,12,1800,28,25,83.8,2,7000.0,NO,1008.0,18,0,2021-12-12 18:00:00
5351,2021,12,12,1900,28,25,83.8,2,7000.0,NO,1009.0,19,0,2021-12-12 19:00:00
5352,2021,12,12,2000,27,26,94.3,0,7000.0,NO,1009.0,20,0,2021-12-12 20:00:00
5353,2021,12,12,2100,27,26,94.3,0,8000.0,NO,1010.0,21,0,2021-12-12 21:00:00
5354,2021,12,12,2200,26,25,94.2,0,8000.0,NO,1009.0,22,0,2021-12-12 22:00:00
5355,2021,12,12,2300,26,25,94.2,1,8000.0,NO,1009.0,23,0,2021-12-12 23:00:00
5356,2021,12,13,0000,26,25,94.2,0,8000.0,NO,1009.0,0,0,2021-12-13 00:00:00
5357,2021,12,13,0100,26,25,94.2,3,8000.0,NO,1008.0,1,0,2021-12-13 01:00:00
5358,2021,12,13,0200,26,25,94.2,2,8000.0,NO,1008.0,2,0,2021-12-13 02:00:00
5359,2021,12,13,0300,26,25,94.2,3,8000.0,NO,1008.0,3,0,2021-12-13 03:00:00
5360,2021,12,13,0400,25,25,100.0,2,8000.0,NO,1009.0,4,0,2021-12-13 04:00:00
5361,2021,12,13,0500,25,25,100.0,0,6000.0,NO,1009.0,5,0,2021-12-13 05:00:00
5362,2021,12,13,0600,26,26,100.0,0,2400.0,NO,1009.0,6,0,2021-12-13 06:00:00
5363,2021,12,13,0700,27,26,94.3,2,1800.0,NO,1010.0,7,0,2021-12-13 07:00:00
5364,2021,12,13,0800,30,26,79.2,3,1800.0,NO,1010.0,8,0,2021-12-13 08:00:00
5365,2021,12,13,0900,31,25,70.4,3,2000.0,NO,1010.0,9,0,2021-12-13 09:00:00
5366,2021,12,13,1000,32,25,66.6,0,2000.0,NO,1010.0,10,0,2021-12-13 10:00:00
5367,2021,12,13,1200,34,26,63.1,3,2000.0,NO,1007.0,12,0,2021-12-13 12:00:00
5368,2021,12,13,1300,34,26,63.1,3,2000.0,NO,1007.0,13,0,2021-12-13 13:00:00
5369,2021,12,13,1400,34,25,59.5,4,2500.0,NO,1006.0,14,0,2021-12-13 14:00:00
5370,2021,12,13,1500,32,25,66.6,4,2500.0,NO,1006.0,15,0,2021-12-13 15:00:00
5371,2021,12,13,1600,31,26,74.8,4,2800.0,NO,1006.0,16,0,2021-12-13 16:00:00
5372,2021,12,13,1700,29,26,83.9,3,3500.0,NO,1006.0,17,0,2021-12-13 17:00:00
5373,2021,12,13,1800,29,26,83.9,2,7000.0,NO,1007.0,18,0,2021-12-13 18:00:00
5374,2021,12,13,1900,27,26,94.3,1,8000.0,NO,1008.0,19,0,2021-12-13 19:00:00
5375,2021,12,13,2000,27,26,94.3,0,8000.0,NO,1009.0,20,0,2021-12-13 20:00:00
5376,2021,12,13,2100,26,26,100.0,0,8000.0,NO,1009.0,21,0,2021-12-13 21:00:00
5377,2021,12,13,2200,26,26,100.0,0,8000.0,NO,1009.0,22,0,2021-12-13 22:00:00
5378,2021,12,13,2300,26,26,100.0,0,8000.0,NO,1009.0,23,0,2021-12-13 23:00:00
5379,2021,12,14,0000,26,26,100.0,0,8000.0,NO,1008.0,0,0,2021-12-14 00:00:00
5380,2021,12,14,0100,26,26,100.0,2,9999.0,NO,1008.0,1,0,2021-12-14 01:00:00
5381,2021,12,14,0200,26,26,100.0,1,9999.0,NO,1008.0,2,0,2021-12-14 02:00:00
5382,2021,12,14,0300,26,26,100.0,2,9999.0,NO,1008.0,3,0,2021-12-14 03:00:00
5383,2021,12,14,0400,26,26,100.0,1,,NO,1008.0,4,0,2021-12-14 04:00:00
5384,2021,12,14,0500,25,25,100.0,1,8000.0,NO,1008.0,5,0,2021-12-14 05:00:00
5385,2021,12,14,0600,25,25,100.0,1,2000.0,NO,1009.0,6,0,2021-12-14 06:00:00
5386,2021,12,14,0700,27,26,94.3,1,2000.0,NO,1010.0,7,0,2021-12-14 07:00:00
5387,2021,12,14,0800,30,26,79.2,2,1800.0,NO,1010.0,8,0,2021-12-14 08:00:00
5388,2021,12,14,0900,31,26,74.8,2,6000.0,NO,1010.0,9,0,2021-12-14 09:00:00
5389,2021,12,14,1000,30,25,74.6,2,7000.0,NO,1010.0,10,0,2021-12-14 10:00:00
5390,2021,12,14,1100,32,25,66.6,3,8000.0,NO,1009.0,11,0,2021-12-14 11:00:00
5391,2021,12,14,1200,33,25,62.9,3,8000.0,NO,1008.0,12,0,2021-12-14 12:00:00
5392,2021,12,14,1300,32,26,70.6,4,8000.0,NO,1007.0,13,0,2021-12-14 13:00:00
5393,2021,12,14,1400,32,26,70.6,3,8000.0,NO,1007.0,14,0,2021-12-14 14:00:00
5394,2021,12,14,1500,31,26,74.8,4,8000.0,NO,1006.0,15,0,2021-12-14 15:00:00
5395,2021,12,14,1600,30,26,79.2,2,9999.0,NO,1006.0,16,0,2021-12-14 16:00:00
5396,2021,12,14,1700,29,25,79.0,2,9999.0,NO,1006.0,17,0,2021-12-14 17:00:00
5397,2021,12,14,1800,28,25,83.8,0,8000.0,NO,1007.0,18,0,2021-12-14 18:00:00
5398,2021,12,14,1900,27,25,88.8,0,9999.0,NO,1008.0,19,0,2021-12-14 19:00:00
5399,2021,12,14,2000,26,25,94.2,0,9999.0,NO,1008.0,20,0,2021-12-14 20:00:00
5400,2021,12,14,2100,26,26,100.0,2,9999.0,NO,1009.0,21,0,2021-12-14 21:00:00
5401,2021,12,14,2200,26,25,94.2,0,9999.0,NO,1009.0,22,0,2021-12-14 22:00:00
5402,2021,12,14,2300,26,26,100.0,2,9999.0,NO,1009.0,23,0,2021-12-14 23:00:00
5403,2021,12,15,0000,26,26,100.0,2,9999.0,NO,1008.0,0,0,2021-12-15 00:00:00
5404,2021,12,15,0100,26,26,100.0,2,8000.0,NO,1008.0,1,0,2021-12-15 01:00:00
5405,2021,12,15,0200,26,26,100.0,0,8000.0,NO,1008.0,2,0,2021-12-15 02:00:00
5406,2021,12,15,0300,25,25,100.0,2,8000.0,NO,1007.0,3,0,2021-12-15 03:00:00
5407,2021,12,15,0500,26,26,100.0,2,6000.0,NO,1008.0,5,0,2021-12-15 05:00:00
5408,2021,12,15,0600,26,26,100.0,5,3500.0,NO,1009.0,6,0,2021-12-15 06:00:00
5409,2021,12,15,0700,27,25,88.8,4,3500.0,NO,1010.0,7,0,2021-12-15 07:00:00
5410,2021,12,15,0800,29,24,74.4,4,6000.0,NO,1010.0,8,0,2021-12-15 08:00:00
5411,2021,12,15,0900,30,25,74.6,4,6000.0,NO,1010.0,9,0,2021-12-15 09:00:00
5412,2021,12,15,1000,32,25,66.6,3,6000.0,NO,1009.0,10,0,2021-12-15 10:00:00
5413,2021,12,15,1100,33,24,59.2,2,8000.0,NO,1009.0,11,0,2021-12-15 11:00:00
5414,2021,12,15,1200,34,24,56.0,3,7000.0,NO,1008.0,12,0,2021-12-15 12:00:00
5415,2021,12,15,1300,34,24,56.0,3,8000.0,NO,1008.0,13,0,2021-12-15 13:00:00
5416,2021,12,15,1400,34,23,52.7,3,8000.0,NO,1006.0,14,0,2021-12-15 14:00:00
5417,2021,12,15,1500,32,24,62.7,3,8000.0,NO,1006.0,15,0,2021-12-15 15:00:00
5418,2021,12,15,1600,31,25,70.4,2,8000.0,NO,1006.0,16,0,2021-12-15 16:00:00
5419,2021,12,15,1700,30,25,74.6,2,8000.0,NO,1006.0,17,0,2021-12-15 17:00:00
5420,2021,12,15,1800,28,25,83.8,2,8000.0,NO,1007.0,18,0,2021-12-15 18:00:00
5421,2021,12,15,1900,27,25,88.8,0,8000.0,NO,1008.0,19,0,2021-12-15 19:00:00
5422,2021,12,15,2000,27,26,94.3,1,8000.0,NO,1009.0,20,0,2021-12-15 20:00:00
5423,2021,12,15,2100,27,26,94.3,2,8000.0,NO,1010.0,21,0,2021-12-15 21:00:00
5424,2021,12,15,2200,27,26,94.3,2,8000.0,NO,1010.0,22,0,2021-12-15 22:00:00
5425,2021,12,15,2300,26,26,100.0,2,8000.0,NO,1009.0,23,0,2021-12-15 23:00:00
5426,2021,12,16,0000,26,26,100.0,3,8000.0,NO,1009.0,0,0,2021-12-16 00:00:00
5427,2021,12,16,0100,26,26,100.0,2,8000.0,NO,1008.0,1,0,2021-12-16 01:00:00
5428,2021,12,16,0200,26,26,100.0,1,8000.0,NO,1008.0,2,0,2021-12-16 02:00:00
5429,2021,12,16,0300,26,26,100.0,2,8000.0,NO,1008.0,3,0,2021-12-16 03:00:00
5430,2021,12,16,0400,26,26,100.0,4,8000.0,NO,1008.0,4,0,2021-12-16 04:00:00
5431,2021,12,16,0500,26,26,100.0,3,7000.0,NO,1009.0,5,0,2021-12-16 05:00:00
5432,2021,12,16,0600,26,25,94.2,2,7000.0,NO,1009.0,6,0,2021-12-16 06:00:00
5433,2021,12,16,0700,27,25,88.8,4,6000.0,NO,1010.0,7,0,2021-12-16 07:00:00
5434,2021,12,16,0800,28,25,83.8,2,8000.0,NO,1010.0,8,0,2021-12-16 08:00:00
5435,2021,12,16,0900,30,26,79.2,1,8000.0,NO,1011.0,9,0,2021-12-16 09:00:00
5436,2021,12,16,1000,32,25,66.6,1,8000.0,NO,1010.0,10,0,2021-12-16 10:00:00
5437,2021,12,16,1100,32,25,66.6,2,8000.0,NO,1010.0,11,0,2021-12-16 11:00:00
5438,2021,12,16,1200,34,25,59.5,3,8000.0,NO,1009.0,12,0,2021-12-16 12:00:00
5439,2021,12,16,1300,34,25,59.5,3,8000.0,NO,1008.0,13,0,2021-12-16 13:00:00
5440,2021,12,16,1400,33,24,59.2,4,8000.0,NO,1007.0,14,0,2021-12-16 14:00:00
5441,2021,12,16,1500,33,25,62.9,3,8000.0,NO,1007.0,15,0,2021-12-16 15:00:00
5442,2021,12,16,1600,32,25,66.6,3,8000.0,NO,1007.0,16,0,2021-12-16 16:00:00
5443,2021,12,16,1700,30,26,79.2,2,8000.0,NO,1007.0,17,0,2021-12-16 17:00:00
5444,2021,12,16,1800,29,26,83.9,2,8000.0,NO,1008.0,18,0,2021-12-16 18:00:00
5445,2021,12,16,1900,28,26,88.9,1,8000.0,NO,1009.0,19,0,2021-12-16 19:00:00
5446,2021,12,16,2000,27,26,94.3,0,8000.0,NO,1010.0,20,0,2021-12-16 20:00:00
5447,2021,12,16,2100,27,26,94.3,0,8000.0,NO,1010.0,21,0,2021-12-16 21:00:00
5448,2021,12,16,2200,26,26,100.0,0,8000.0,NO,1011.0,22,0,2021-12-16 22:00:00
5449,2021,12,16,2300,26,26,100.0,0,8000.0,NO,1011.0,23,0,2021-12-16 23:00:00
5450,2021,12,17,0000,26,26,100.0,0,8000.0,NO,1010.0,0,0,2021-12-17 00:00:00
5451,2021,12,17,0100,26,26,100.0,2,8000.0,NO,1010.0,1,0,2021-12-17 01:00:00
5452,2021,12,17,0200,26,26,100.0,1,8000.0,NO,1010.0,2,0,2021-12-17 02:00:00
5453,2021,12,17,0300,26,26,100.0,3,8000.0,NO,1009.0,3,0,2021-12-17 03:00:00
5454,2021,12,17,0400,26,25,94.2,3,8000.0,NO,1010.0,4,0,2021-12-17 04:00:00
5455,2021,12,17,0500,25,25,100.0,0,6000.0,NO,1010.0,5,0,2021-12-17 05:00:00
5456,2021,12,17,0700,27,26,94.3,4,4000.0,NO,1011.0,7,0,2021-12-17 07:00:00
5457,2021,12,17,0800,29,26,83.9,4,4500.0,NO,1012.0,8,0,2021-12-17 08:00:00
5458,2021,12,17,0900,31,26,74.8,4,8000.0,NO,1012.0,9,0,2021-12-17 09:00:00
5459,2021,12,17,1000,32,25,66.6,4,9999.0,NO,1011.0,10,0,2021-12-17 10:00:00
5460,2021,12,17,1100,33,25,62.9,3,9999.0,NO,1010.0,11,0,2021-12-17 11:00:00
5461,2021,12,17,1200,33,26,66.8,4,9999.0,NO,1009.0,12,0,2021-12-17 12:00:00
5462,2021,12,17,1300,33,26,66.8,3,9999.0,NO,1008.0,13,0,2021-12-17 13:00:00
5463,2021,12,17,1400,32,26,70.6,4,9999.0,NO,1008.0,14,0,2021-12-17 14:00:00
5464,2021,12,17,1500,32,26,70.6,4,9999.0,NO,1007.0,15,0,2021-12-17 15:00:00
5465,2021,12,17,1600,32,26,70.6,4,9999.0,NO,1008.0,16,0,2021-12-17 16:00:00
5466,2021,12,17,1700,29,25,79.0,4,9999.0,NO,1009.0,17,0,2021-12-17 17:00:00
5467,2021,12,17,1800,28,26,88.9,2,9999.0,NO,1009.0,18,0,2021-12-17 18:00:00
5468,2021,12,17,1900,28,26,88.9,1,9999.0,NO,1010.0,19,0,2021-12-17 19:00:00
5469,2021,12,17,2000,27,26,94.3,1,9999.0,NO,1011.0,20,0,2021-12-17 20:00:00
5470,2021,12,17,2100,27,26,94.3,0,9999.0,NO,1011.0,21,0,2021-12-17 21:00:00
5471,2021,12,17,2200,27,26,94.3,1,9999.0,NO,1011.0,22,0,2021-12-17 22:00:00
5472,2021,12,17,2300,27,26,94.3,1,9999.0,NO,1011.0,23,0,2021-12-17 23:00:00
5473,2021,12,18,0000,27,25,88.8,3,9999.0,NO,1011.0,0,0,2021-12-18 00:00:00
5474,2021,12,18,0100,26,25,94.2,2,9999.0,NO,1010.0,1,0,2021-12-18 01:00:00
5475,2021,12,18,0200,25,25,100.0,0,9999.0,NO,1009.0,2,0,2021-12-18 02:00:00
5476,2021,12,18,0300,25,25,100.0,2,9999.0,NO,1009.0,3,0,2021-12-18 03:00:00
5477,2021,12,18,0400,25,25,100.0,0,6000.0,NO,1009.0,4,0,2021-12-18 04:00:00
5478,2021,12,18,0500,25,25,100.0,2,6000.0,NO,1010.0,5,0,2021-12-18 05:00:00
5479,2021,12,18,0600,25,25,100.0,0,1800.0,NO,1011.0,6,0,2021-12-18 06:00:00
5480,2021,12,18,0700,26,26,100.0,1,1800.0,NO,1012.0,7,0,2021-12-18 07:00:00
5481,2021,12,18,0800,29,26,83.9,2,1800.0,NO,1012.0,8,0,2021-12-18 08:00:00
5482,2021,12,18,0900,31,25,70.4,5,2500.0,NO,1012.0,9,0,2021-12-18 09:00:00
5483,2021,12,18,1000,32,24,62.7,4,2500.0,NO,1011.0,10,0,2021-12-18 10:00:00
5484,2021,12,18,1100,33,25,62.9,4,4000.0,NO,1010.0,11,0,2021-12-18 11:00:00
5485,2021,12,18,1200,34,25,59.5,2,4000.0,NO,1009.0,12,0,2021-12-18 12:00:00
5486,2021,12,18,1300,33,25,62.9,2,4500.0,NO,1008.0,13,0,2021-12-18 13:00:00
5487,2021,12,18,1400,35,24,53.0,3,4500.0,NO,1007.0,14,0,2021-12-18 14:00:00
5488,2021,12,18,1500,34,26,63.1,3,4500.0,NO,1007.0,15,0,2021-12-18 15:00:00
5489,2021,12,18,1600,31,25,70.4,3,6000.0,NO,1007.0,16,0,2021-12-18 16:00:00
5490,2021,12,18,1700,29,25,79.0,2,6000.0,NO,1007.0,17,0,2021-12-18 17:00:00
5491,2021,12,18,1900,27,25,88.8,0,6000.0,NO,1009.0,19,0,2021-12-18 19:00:00
5492,2021,12,18,2000,26,25,94.2,0,9999.0,NO,1010.0,20,0,2021-12-18 20:00:00
5493,2021,12,18,2100,26,25,94.2,0,9999.0,NO,1010.0,21,0,2021-12-18 21:00:00
5494,2021,12,18,2200,26,26,100.0,0,9999.0,NO,1011.0,22,0,2021-12-18 22:00:00
5495,2021,12,18,2300,26,26,100.0,0,9999.0,NO,1010.0,23,0,2021-12-18 23:00:00
5496,2021,12,19,0000,26,26,100.0,2,9999.0,NO,1009.0,0,0,2021-12-19 00:00:00
5497,2021,12,19,0100,26,26,100.0,2,9999.0,NO,1009.0,1,0,2021-12-19 01:00:00
5498,2021,12,19,0200,26,26,100.0,0,7000.0,NO,1008.0,2,0,2021-12-19 02:00:00
5499,2021,12,19,0300,26,26,100.0,0,7000.0,NO,1008.0,3,0,2021-12-19 03:00:00
5500,2021,12,19,0400,26,26,100.0,0,7000.0,NO,1009.0,4,0,2021-12-19 04:00:00
5501,2021,12,19,0500,26,26,100.0,2,7000.0,NO,1009.0,5,0,2021-12-19 05:00:00
5502,2021,12,19,0600,26,26,100.0,3,4000.0,NO,1010.0,6,0,2021-12-19 06:00:00
5503,2021,12,19,0700,27,26,94.3,3,2500.0,NO,1011.0,7,0,2021-12-19 07:00:00
5504,2021,12,19,0800,29,26,83.9,2,4000.0,NO,1011.0,8,0,2021-12-19 08:00:00
5505,2021,12,19,0900,31,26,74.8,2,6000.0,NO,1011.0,9,0,2021-12-19 09:00:00
5506,2021,12,19,1000,31,26,74.8,2,6000.0,NO,1011.0,10,0,2021-12-19 10:00:00
5507,2021,12,19,1100,31,25,70.4,3,6000.0,NO,1010.0,11,0,2021-12-19 11:00:00
5508,2021,12,19,1200,34,26,63.1,4,4000.0,NO,1008.0,12,0,2021-12-19 12:00:00
5509,2021,12,19,1300,34,25,59.5,4,4500.0,NO,1007.0,13,0,2021-12-19 13:00:00
5510,2021,12,19,1400,34,26,63.1,4,7000.0,NO,1007.0,14,0,2021-12-19 14:00:00
5511,2021,12,19,1500,33,26,66.8,4,7000.0,NO,1007.0,15,0,2021-12-19 15:00:00
5512,2021,12,19,1600,31,25,70.4,3,7000.0,NO,1007.0,16,0,2021-12-19 16:00:00
5513,2021,12,19,1700,29,25,79.0,3,7000.0,NO,1007.0,17,0,2021-12-19 17:00:00
5514,2021,12,19,1800,28,25,83.8,1,8000.0,NO,1008.0,18,0,2021-12-19 18:00:00
5515,2021,12,19,1900,27,25,88.8,0,7000.0,NO,1009.0,19,0,2021-12-19 19:00:00
5516,2021,12,19,2000,26,26,100.0,0,7000.0,NO,1010.0,20,0,2021-12-19 20:00:00
5517,2021,12,19,2100,26,25,94.2,0,7000.0,NO,1010.0,21,0,2021-12-19 21:00:00
5518,2021,12,19,2200,26,26,100.0,0,6000.0,NO,1010.0,22,0,2021-12-19 22:00:00
5519,2021,12,19,2300,26,26,100.0,0,6000.0,NO,1010.0,23,0,2021-12-19 23:00:00
5520,2021,12,20,0000,26,26,100.0,2,6000.0,NO,1009.0,0,0,2021-12-20 00:00:00
5521,2021,12,20,0100,26,26,100.0,3,6000.0,NO,1009.0,1,0,2021-12-20 01:00:00
5522,2021,12,20,0200,26,26,100.0,1,7000.0,NO,1008.0,2,0,2021-12-20 02:00:00
5523,2021,12,20,0300,26,26,100.0,1,7000.0,NO,1008.0,3,0,2021-12-20 03:00:00
5524,2021,12,20,0400,25,25,100.0,2,7000.0,NO,1008.0,4,0,2021-12-20 04:00:00
5525,2021,12,20,0500,25,25,100.0,2,7000.0,NO,1009.0,5,0,2021-12-20 05:00:00
5526,2021,12,20,0600,26,26,100.0,3,3200.0,NO,1009.0,6,0,2021-12-20 06:00:00
5527,2021,12,20,0700,27,26,94.3,4,2000.0,NO,1010.0,7,0,2021-12-20 07:00:00
5528,2021,12,20,0800,30,26,79.2,3,2000.0,NO,1010.0,8,0,2021-12-20 08:00:00
5529,2021,12,20,0900,31,26,74.8,2,2000.0,NO,1010.0,9,0,2021-12-20 09:00:00
5530,2021,12,20,1000,32,26,70.6,3,2000.0,NO,1010.0,10,0,2021-12-20 10:00:00
5531,2021,12,20,1100,33,24,59.2,3,2000.0,NO,1008.0,11,0,2021-12-20 11:00:00
5532,2021,12,20,1200,35,24,53.0,2,2000.0,NO,1008.0,12,0,2021-12-20 12:00:00
5533,2021,12,20,1300,35,23,49.9,3,2500.0,NO,1008.0,13,0,2021-12-20 13:00:00
5534,2021,12,20,1400,35,22,46.9,4,2500.0,NO,1007.0,14,0,2021-12-20 14:00:00
5535,2021,12,20,1500,34,24,56.0,4,2500.0,NO,1006.0,15,0,2021-12-20 15:00:00
5536,2021,12,20,1600,32,26,70.6,2,2500.0,NO,1006.0,16,0,2021-12-20 16:00:00
5537,2021,12,20,1700,30,26,79.2,1,2500.0,NO,1007.0,17,0,2021-12-20 17:00:00
5538,2021,12,20,1800,29,26,83.9,1,6000.0,NO,1008.0,18,0,2021-12-20 18:00:00
5539,2021,12,20,1900,28,26,88.9,1,7000.0,NO,1009.0,19,0,2021-12-20 19:00:00
5540,2021,12,20,2000,27,26,94.3,1,8000.0,NO,1010.0,20,0,2021-12-20 20:00:00
5541,2021,12,20,2100,27,26,94.3,0,8000.0,NO,1010.0,21,0,2021-12-20 21:00:00
5542,2021,12,20,2200,26,26,100.0,2,8000.0,NO,1010.0,22,0,2021-12-20 22:00:00
5543,2021,12,20,2300,26,26,100.0,0,8000.0,NO,1010.0,23,0,2021-12-20 23:00:00
5544,2021,12,21,0000,25,25,100.0,1,8000.0,NO,1010.0,0,0,2021-12-21 00:00:00
5545,2021,12,21,0100,26,26,100.0,3,9999.0,NO,1009.0,1,0,2021-12-21 01:00:00
5546,2021,12,21,0200,26,26,100.0,1,9999.0,NO,1009.0,2,0,2021-12-21 02:00:00
5547,2021,12,21,0300,26,26,100.0,4,9999.0,NO,1009.0,3,0,2021-12-21 03:00:00
5548,2021,12,21,0400,26,26,100.0,3,6000.0,NO,1009.0,4,0,2021-12-21 04:00:00
5549,2021,12,21,0500,25,25,100.0,2,3500.0,NO,1009.0,5,0,2021-12-21 05:00:00
5550,2021,12,21,0600,25,25,100.0,2,2000.0,NO,1009.0,6,0,2021-12-21 06:00:00
5551,2021,12,21,0700,27,25,88.8,3,2000.0,NO,1010.0,7,0,2021-12-21 07:00:00
5552,2021,12,21,0800,30,25,74.6,3,2000.0,NO,1011.0,8,0,2021-12-21 08:00:00
5553,2021,12,21,0900,31,25,70.4,3,2500.0,NO,1010.0,9,0,2021-12-21 09:00:00
5554,2021,12,21,1000,32,25,66.6,3,2500.0,NO,1010.0,10,0,2021-12-21 10:00:00
5555,2021,12,21,1100,34,23,52.7,5,3000.0,NO,1009.0,11,0,2021-12-21 11:00:00
5556,2021,12,21,1200,35,23,49.9,4,3000.0,NO,1009.0,12,0,2021-12-21 12:00:00
5557,2021,12,21,1300,34,23,52.7,5,6000.0,NO,1007.0,13,0,2021-12-21 13:00:00
5558,2021,12,21,1400,35,22,46.9,3,6000.0,NO,1006.0,14,0,2021-12-21 14:00:00
5559,2021,12,21,1500,35,23,49.9,3,6000.0,NO,1006.0,15,0,2021-12-21 15:00:00
5560,2021,12,21,1600,33,25,62.9,3,7000.0,NO,1006.0,16,0,2021-12-21 16:00:00
5561,2021,12,21,1700,30,26,79.2,2,6000.0,NO,1007.0,17,0,2021-12-21 17:00:00
5562,2021,12,21,1800,28,26,88.9,1,6000.0,NO,1007.0,18,0,2021-12-21 18:00:00
5563,2021,12,21,2000,27,26,94.3,0,9999.0,NO,1010.0,20,0,2021-12-21 20:00:00
5564,2021,12,21,2100,27,26,94.3,0,9999.0,NO,1010.0,21,0,2021-12-21 21:00:00
5565,2021,12,21,2200,26,26,100.0,0,9999.0,NO,1010.0,22,0,2021-12-21 22:00:00
5566,2021,12,21,2300,26,26,100.0,0,9999.0,NO,1009.0,23,0,2021-12-21 23:00:00
5567,2021,12,22,0000,26,26,100.0,2,9999.0,NO,1009.0,0,0,2021-12-22 00:00:00
5568,2021,12,22,0100,25,25,100.0,2,8000.0,NO,1009.0,1,0,2021-12-22 01:00:00
5569,2021,12,22,0200,25,25,100.0,2,8000.0,NO,1009.0,2,0,2021-12-22 02:00:00
5570,2021,12,22,0300,25,25,100.0,2,8000.0,NO,1009.0,3,0,2021-12-22 03:00:00
5571,2021,12,22,0400,25,25,100.0,2,6000.0,NO,1009.0,4,0,2021-12-22 04:00:00
5572,2021,12,22,0500,25,25,100.0,0,6000.0,NO,1009.0,5,0,2021-12-22 05:00:00
5573,2021,12,22,0600,25,25,100.0,0,1800.0,NO,1010.0,6,0,2021-12-22 06:00:00
5574,2021,12,22,0700,26,26,100.0,3,1800.0,NO,1011.0,7,0,2021-12-22 07:00:00
5575,2021,12,22,0800,29,25,79.0,3,2000.0,NO,1011.0,8,0,2021-12-22 08:00:00
5576,2021,12,22,0900,32,25,66.6,3,2300.0,NO,1011.0,9,0,2021-12-22 09:00:00
5577,2021,12,22,1000,33,25,62.9,2,2300.0,NO,1010.0,10,0,2021-12-22 10:00:00
5578,2021,12,22,1100,33,25,62.9,2,4000.0,NO,1010.0,11,0,2021-12-22 11:00:00
5579,2021,12,22,1200,34,25,59.5,2,4000.0,NO,1009.0,12,0,2021-12-22 12:00:00
5580,2021,12,22,1400,35,25,56.2,3,4000.0,NO,1007.0,14,0,2021-12-22 14:00:00
5581,2021,12,22,1500,33,25,62.9,3,4500.0,NO,1007.0,15,0,2021-12-22 15:00:00
5582,2021,12,22,1600,31,25,70.4,3,4500.0,NO,1007.0,16,0,2021-12-22 16:00:00
5583,2021,12,22,1700,30,25,74.6,2,6000.0,NO,1007.0,17,0,2021-12-22 17:00:00
5584,2021,12,22,1800,28,25,83.8,1,7000.0,NO,1008.0,18,0,2021-12-22 18:00:00
5585,2021,12,22,1900,26,25,94.2,0,7000.0,NO,1009.0,19,0,2021-12-22 19:00:00
5586,2021,12,22,2000,26,25,94.2,0,7000.0,NO,1010.0,20,0,2021-12-22 20:00:00
5587,2021,12,22,2100,26,25,94.2,0,7000.0,NO,1010.0,21,0,2021-12-22 21:00:00
5588,2021,12,22,2200,26,25,94.2,2,7000.0,NO,1010.0,22,0,2021-12-22 22:00:00
5589,2021,12,22,2300,26,25,94.2,0,7000.0,NO,1010.0,23,0,2021-12-22 23:00:00
5590,2021,12,23,0000,25,25,100.0,2,7000.0,NO,1010.0,0,0,2021-12-23 00:00:00
5591,2021,12,23,0100,25,25,100.0,2,7000.0,NO,1009.0,1,0,2021-12-23 01:00:00
5592,2021,12,23,0200,25,25,100.0,1,7000.0,NO,1008.0,2,0,2021-12-23 02:00:00
5593,2021,12,23,0300,25,25,100.0,1,8000.0,NO,1009.0,3,0,2021-12-23 03:00:00
5594,2021,12,23,0400,25,25,100.0,2,8000.0,NO,1009.0,4,0,2021-12-23 04:00:00
5595,2021,12,23,0500,25,25,100.0,1,7000.0,NO,1009.0,5,0,2021-12-23 05:00:00
5596,2021,12,23,0600,25,25,100.0,1,2000.0,NO,1009.0,6,0,2021-12-23 06:00:00
5597,2021,12,23,0700,27,24,83.7,4,2000.0,NO,1010.0,7,0,2021-12-23 07:00:00
5598,2021,12,23,0800,29,24,74.4,6,2000.0,NO,1010.0,8,0,2021-12-23 08:00:00
5599,2021,12,23,0900,31,24,66.4,5,2000.0,NO,1010.0,9,0,2021-12-23 09:00:00
5600,2021,12,23,1000,33,24,59.2,4,2000.0,NO,1009.0,10,0,2021-12-23 10:00:00
5601,2021,12,23,1200,34,24,56.0,4,2000.0,NO,1007.0,12,0,2021-12-23 12:00:00
5602,2021,12,23,1300,34,24,56.0,4,2000.0,NO,1006.0,13,0,2021-12-23 13:00:00
5603,2021,12,23,1400,34,25,59.5,4,2000.0,NO,1006.0,14,0,2021-12-23 14:00:00
5604,2021,12,23,1500,33,25,62.9,3,2000.0,NO,1005.0,15,0,2021-12-23 15:00:00
5605,2021,12,23,1600,31,25,70.4,3,2500.0,NO,1005.0,16,0,2021-12-23 16:00:00
5606,2021,12,23,1700,30,25,74.6,3,2500.0,NO,1006.0,17,0,2021-12-23 17:00:00
5607,2021,12,23,1800,29,26,83.9,2,4000.0,NO,1007.0,18,0,2021-12-23 18:00:00
5608,2021,12,23,1900,27,26,94.3,0,8000.0,NO,1009.0,19,0,2021-12-23 19:00:00
5609,2021,12,23,2000,27,26,94.3,2,8000.0,NO,1010.0,20,0,2021-12-23 20:00:00
5610,2021,12,23,2100,27,26,94.3,0,9999.0,NO,1010.0,21,0,2021-12-23 21:00:00
5611,2021,12,23,2200,26,26,100.0,2,9999.0,NO,1010.0,22,0,2021-12-23 22:00:00
5612,2021,12,23,2300,27,26,94.3,1,9999.0,NO,1010.0,23,0,2021-12-23 23:00:00
5613,2021,12,24,0100,26,26,100.0,0,9999.0,NO,1009.0,1,0,2021-12-24 01:00:00
5614,2021,12,24,0500,26,25,94.2,2,9999.0,NO,1010.0,5,0,2021-12-24 05:00:00
5615,2021,12,24,0600,25,25,100.0,1,2000.0,NO,1010.0,6,0,2021-12-24 06:00:00
5616,2021,12,24,0700,27,26,94.3,1,2000.0,NO,1011.0,7,0,2021-12-24 07:00:00
5617,2021,12,24,0800,29,26,83.9,3,2000.0,NO,1011.0,8,0,2021-12-24 08:00:00
5618,2021,12,24,0900,29,25,79.0,2,4000.0,NO,1011.0,9,0,2021-12-24 09:00:00
5619,2021,12,24,1000,31,25,70.4,2,4000.0,NO,1010.0,10,0,2021-12-24 10:00:00
5620,2021,12,24,1100,33,26,66.8,3,4000.0,NO,1009.0,11,0,2021-12-24 11:00:00
5621,2021,12,24,1200,33,25,62.9,4,4000.0,NO,1008.0,12,0,2021-12-24 12:00:00
5622,2021,12,24,1300,34,24,56.0,4,4500.0,NO,1007.0,13,0,2021-12-24 13:00:00
5623,2021,12,24,1400,34,23,52.7,4,4500.0,NO,1006.0,14,0,2021-12-24 14:00:00
5624,2021,12,24,1500,33,25,62.9,4,4500.0,NO,1006.0,15,0,2021-12-24 15:00:00
5625,2021,12,24,1700,30,25,74.6,3,6000.0,NO,1006.0,17,0,2021-12-24 17:00:00
5626,2021,12,24,1800,29,25,79.0,1,6000.0,NO,1007.0,18,0,2021-12-24 18:00:00
5627,2021,12,24,1900,28,26,88.9,1,6000.0,NO,1008.0,19,0,2021-12-24 19:00:00
5628,2021,12,24,2000,27,26,94.3,0,6000.0,NO,1009.0,20,0,2021-12-24 20:00:00
5629,2021,12,24,2100,27,26,94.3,0,7000.0,NO,1009.0,21,0,2021-12-24 21:00:00
5630,2021,12,24,2200,27,26,94.3,0,7000.0,NO,1009.0,22,0,2021-12-24 22:00:00
5631,2021,12,24,2300,27,26,94.3,0,7000.0,NO,1009.0,23,0,2021-12-24 23:00:00
5632,2021,12,25,0000,26,26,100.0,1,9999.0,NO,1009.0,0,0,2021-12-25 00:00:00
5633,2021,12,25,0100,26,26,100.0,0,8000.0,NO,1008.0,1,0,2021-12-25 01:00:00
5634,2021,12,25,0200,26,26,100.0,2,8000.0,NO,1008.0,2,0,2021-12-25 02:00:00
5635,2021,12,25,0300,26,24,88.7,2,8000.0,NO,1008.0,3,0,2021-12-25 03:00:00
5636,2021,12,25,0400,25,24,94.2,1,8000.0,NO,1008.0,4,0,2021-12-25 04:00:00
5637,2021,12,25,0500,25,24,94.2,2,8000.0,NO,1009.0,5,0,2021-12-25 05:00:00
5638,2021,12,25,0600,25,25,100.0,3,2000.0,NO,1009.0,6,0,2021-12-25 06:00:00
5639,2021,12,25,0700,27,26,94.3,1,2500.0,NO,1010.0,7,0,2021-12-25 07:00:00
5640,2021,12,25,0800,28,26,88.9,2,2000.0,NO,1011.0,8,0,2021-12-25 08:00:00
5641,2021,12,25,0900,31,26,74.8,1,2000.0,NO,1010.0,9,0,2021-12-25 09:00:00
5642,2021,12,25,1000,33,25,62.9,1,2000.0,NO,1009.0,10,0,2021-12-25 10:00:00
5643,2021,12,25,1100,33,25,62.9,3,2500.0,NO,1009.0,11,0,2021-12-25 11:00:00
5644,2021,12,25,1200,32,26,70.6,3,4500.0,NO,1008.0,12,0,2021-12-25 12:00:00
5645,2021,12,25,1300,33,25,62.9,4,4000.0,NO,1007.0,13,0,2021-12-25 13:00:00
5646,2021,12,25,1400,32,26,70.6,4,6000.0,NO,1007.0,14,0,2021-12-25 14:00:00
5647,2021,12,25,1500,31,26,74.8,4,6000.0,NO,1007.0,15,0,2021-12-25 15:00:00
5648,2021,12,25,1600,30,26,79.2,3,6000.0,NO,1007.0,16,0,2021-12-25 16:00:00
5649,2021,12,25,1700,29,26,83.9,2,7000.0,NO,1007.0,17,0,2021-12-25 17:00:00
5650,2021,12,25,1800,28,26,88.9,2,8000.0,NO,1008.0,18,0,2021-12-25 18:00:00
5651,2021,12,25,1900,28,25,83.8,2,8000.0,NO,1009.0,19,0,2021-12-25 19:00:00
5652,2021,12,25,2000,28,25,83.8,1,8000.0,NO,1010.0,20,0,2021-12-25 20:00:00
5653,2021,12,25,2100,27,25,88.8,2,8000.0,NO,1010.0,21,0,2021-12-25 21:00:00
5654,2021,12,25,2200,27,25,88.8,0,8000.0,NO,1010.0,22,0,2021-12-25 22:00:00
5655,2021,12,25,2300,27,25,88.8,0,8000.0,NO,1010.0,23,0,2021-12-25 23:00:00
5656,2021,12,26,0000,27,25,88.8,0,8000.0,NO,1010.0,0,0,2021-12-26 00:00:00
5657,2021,12,26,0100,27,25,88.8,0,8000.0,NO,1009.0,1,0,2021-12-26 01:00:00
5658,2021,12,26,0200,27,26,94.3,0,9999.0,NO,1009.0,2,0,2021-12-26 02:00:00
5659,2021,12,26,0300,27,26,94.3,2,9999.0,NO,1009.0,3,0,2021-12-26 03:00:00
5660,2021,12,26,0400,26,26,100.0,0,8000.0,NO,1009.0,4,0,2021-12-26 04:00:00
5661,2021,12,26,0500,26,26,100.0,2,7000.0,NO,1009.0,5,0,2021-12-26 05:00:00
5662,2021,12,26,0600,26,26,100.0,3,6000.0,NO,1010.0,6,0,2021-12-26 06:00:00
5663,2021,12,26,0700,27,26,94.3,2,3500.0,NO,1011.0,7,0,2021-12-26 07:00:00
5664,2021,12,26,0800,30,26,79.2,3,3500.0,NO,1011.0,8,0,2021-12-26 08:00:00
5665,2021,12,26,0900,30,25,74.6,2,4500.0,NO,1010.0,9,0,2021-12-26 09:00:00
5666,2021,12,26,1000,32,25,66.6,2,4500.0,NO,1010.0,10,0,2021-12-26 10:00:00
5667,2021,12,26,1100,33,25,62.9,5,4500.0,NO,1010.0,11,0,2021-12-26 11:00:00
5668,2021,12,26,1200,33,25,62.9,4,4500.0,NO,1009.0,12,0,2021-12-26 12:00:00
5669,2021,12,26,1300,32,25,66.6,4,7000.0,NO,1009.0,13,0,2021-12-26 13:00:00
5670,2021,12,26,1400,32,25,66.6,4,7000.0,NO,1008.0,14,0,2021-12-26 14:00:00
5671,2021,12,26,1500,32,26,70.6,4,8000.0,NO,1008.0,15,0,2021-12-26 15:00:00
5672,2021,12,26,1600,31,25,70.4,4,8000.0,NO,1008.0,16,0,2021-12-26 16:00:00
5673,2021,12,26,1700,30,26,79.2,3,8000.0,NO,1008.0,17,0,2021-12-26 17:00:00
5674,2021,12,26,1800,28,26,88.9,0,8000.0,NO,1009.0,18,0,2021-12-26 18:00:00
5675,2021,12,26,1900,27,26,94.3,0,8000.0,NO,1011.0,19,0,2021-12-26 19:00:00
5676,2021,12,26,2100,26,25,94.2,1,8000.0,NO,1011.0,21,0,2021-12-26 21:00:00
5677,2021,12,26,2200,26,26,100.0,1,8000.0,NO,1011.0,22,0,2021-12-26 22:00:00
5678,2021,12,26,2300,26,26,100.0,2,8000.0,NO,1010.0,23,0,2021-12-26 23:00:00
5679,2021,12,27,0000,26,26,100.0,0,8000.0,NO,1010.0,0,0,2021-12-27 00:00:00
5680,2021,12,27,0100,26,26,100.0,3,9999.0,NO,1009.0,1,0,2021-12-27 01:00:00
5681,2021,12,27,0200,26,25,94.2,0,9999.0,NO,1009.0,2,0,2021-12-27 02:00:00
5682,2021,12,27,0300,26,25,94.2,1,9999.0,NO,1009.0,3,0,2021-12-27 03:00:00
5683,2021,12,27,0400,26,25,94.2,0,9999.0,NO,1009.0,4,0,2021-12-27 04:00:00
5684,2021,12,27,0500,26,25,94.2,2,9999.0,NO,1010.0,5,0,2021-12-27 05:00:00
5685,2021,12,27,0600,26,25,94.2,0,3500.0,NO,1010.0,6,0,2021-12-27 06:00:00
5686,2021,12,27,0700,26,26,100.0,2,3500.0,NO,1011.0,7,0,2021-12-27 07:00:00
5687,2021,12,27,0800,27,25,88.8,2,3500.0,NO,1012.0,8,0,2021-12-27 08:00:00
5688,2021,12,27,0900,30,25,74.6,2,3500.0,NO,1012.0,9,0,2021-12-27 09:00:00
5689,2021,12,27,1100,31,25,70.4,2,7000.0,NO,1010.0,11,0,2021-12-27 11:00:00
5690,2021,12,27,1200,32,24,62.7,3,8000.0,NO,1010.0,12,0,2021-12-27 12:00:00
5691,2021,12,27,1300,33,25,62.9,4,8000.0,NO,1009.0,13,0,2021-12-27 13:00:00
5692,2021,12,27,1400,32,24,62.7,4,9000.0,NO,1008.0,14,0,2021-12-27 14:00:00
5693,2021,12,27,1500,31,25,70.4,4,9000.0,NO,1008.0,15,0,2021-12-27 15:00:00
5694,2021,12,27,1600,30,26,79.2,4,9999.0,NO,1008.0,16,0,2021-12-27 16:00:00
5695,2021,12,27,1700,30,26,79.2,3,9999.0,NO,1009.0,17,0,2021-12-27 17:00:00
5696,2021,12,27,1800,28,25,83.8,2,9999.0,NO,1009.0,18,0,2021-12-27 18:00:00
5697,2021,12,27,1900,28,26,88.9,0,9999.0,NO,1010.0,19,0,2021-12-27 19:00:00
5698,2021,12,27,2000,27,25,88.8,0,9999.0,NO,1011.0,20,0,2021-12-27 20:00:00
5699,2021,12,27,2100,27,26,94.3,2,9999.0,NO,1011.0,21,0,2021-12-27 21:00:00
5700,2021,12,27,2200,27,26,94.3,0,9999.0,NO,1011.0,22,0,2021-12-27 22:00:00
5701,2021,12,27,2300,27,26,94.3,1,9999.0,NO,1011.0,23,0,2021-12-27 23:00:00
5702,2021,12,28,0000,26,26,100.0,2,9999.0,NO,1010.0,0,0,2021-12-28 00:00:00
5703,2021,12,28,0100,27,26,94.3,2,9999.0,NO,1010.0,1,0,2021-12-28 01:00:00
5704,2021,12,28,0200,27,26,94.3,2,9999.0,NO,1009.0,2,0,2021-12-28 02:00:00
5705,2021,12,28,0300,26,24,88.7,3,9999.0,NO,1010.0,3,0,2021-12-28 03:00:00
5706,2021,12,28,0400,25,24,94.2,2,9999.0,NO,1010.0,4,0,2021-12-28 04:00:00
5707,2021,12,28,0500,25,25,100.0,2,9999.0,NO,1010.0,5,0,2021-12-28 05:00:00
5708,2021,12,28,0600,25,25,100.0,1,6000.0,NO,1011.0,6,0,2021-12-28 06:00:00
5709,2021,12,28,0700,26,25,94.2,2,7000.0,NO,1012.0,7,0,2021-12-28 07:00:00
5710,2021,12,28,0800,28,25,83.8,1,6000.0,NO,1012.0,8,0,2021-12-28 08:00:00
5711,2021,12,28,0900,27,25,88.8,1,8000.0,NO,1012.0,9,0,2021-12-28 09:00:00
5712,2021,12,28,1000,28,25,83.8,0,8000.0,YES,1012.0,10,0,2021-12-28 10:00:00
5713,2021,12,28,1100,29,26,83.9,2,8000.0,NO,1011.0,11,0,2021-12-28 11:00:00
5714,2021,12,28,1300,28,24,78.9,4,8000.0,NO,1009.0,13,0,2021-12-28 13:00:00
5715,2021,12,28,1400,30,24,70.3,4,8000.0,NO,1008.0,14,0,2021-12-28 14:00:00
5716,2021,12,28,1500,30,24,70.3,2,8000.0,NO,1008.0,15,0,2021-12-28 15:00:00
5717,2021,12,28,1600,29,23,70.1,3,8000.0,NO,1008.0,16,0,2021-12-28 16:00:00
5718,2021,12,28,1700,28,23,74.3,2,9999.0,NO,1008.0,17,0,2021-12-28 17:00:00
5719,2021,12,28,1800,26,24,88.7,2,9999.0,NO,1010.0,18,0,2021-12-28 18:00:00
5720,2021,12,28,1900,25,24,94.2,2,9999.0,NO,1011.0,19,0,2021-12-28 19:00:00
5721,2021,12,28,2000,25,24,94.2,2,9999.0,NO,1011.0,20,0,2021-12-28 20:00:00
5722,2021,12,28,2100,25,24,94.2,2,7000.0,NO,1011.0,21,0,2021-12-28 21:00:00
5723,2021,12,28,2200,25,24,94.2,3,7000.0,NO,1012.0,22,0,2021-12-28 22:00:00
5724,2021,12,28,2300,25,24,94.2,2,7000.0,NO,1011.0,23,0,2021-12-28 23:00:00
5725,2021,12,29,0000,25,24,94.2,1,7000.0,NO,1011.0,0,0,2021-12-29 00:00:00
5726,2021,12,29,0100,24,24,100.0,2,8000.0,NO,1010.0,1,0,2021-12-29 01:00:00
5727,2021,12,29,0200,25,24,94.2,1,8000.0,NO,1010.0,2,0,2021-12-29 02:00:00
5728,2021,12,29,0300,25,24,94.2,0,8000.0,NO,1010.0,3,0,2021-12-29 03:00:00
5729,2021,12,29,0400,25,24,94.2,2,8000.0,NO,1010.0,4,0,2021-12-29 04:00:00
5730,2021,12,29,0500,24,24,100.0,0,8000.0,NO,1011.0,5,0,2021-12-29 05:00:00
5731,2021,12,29,0600,24,24,100.0,0,6000.0,NO,1011.0,6,0,2021-12-29 06:00:00
5732,2021,12,29,0700,25,25,100.0,2,3200.0,NO,1012.0,7,0,2021-12-29 07:00:00
5733,2021,12,29,0800,27,25,88.8,2,3200.0,NO,1013.0,8,0,2021-12-29 08:00:00
5734,2021,12,29,0900,27,25,88.8,3,3200.0,NO,1013.0,9,0,2021-12-29 09:00:00
5735,2021,12,29,1000,27,25,88.8,3,6000.0,NO,1013.0,10,0,2021-12-29 10:00:00
5736,2021,12,29,1100,28,25,83.8,3,8000.0,NO,1012.0,11,0,2021-12-29 11:00:00
5737,2021,12,29,1200,30,25,74.6,2,9999.0,NO,1011.0,12,0,2021-12-29 12:00:00
5738,2021,12,29,1300,30,25,74.6,2,9999.0,NO,1010.0,13,0,2021-12-29 13:00:00
5739,2021,12,29,1400,31,24,66.4,3,9999.0,NO,1009.0,14,0,2021-12-29 14:00:00
5740,2021,12,29,1500,31,25,70.4,4,9999.0,NO,1009.0,15,0,2021-12-29 15:00:00
5741,2021,12,29,1600,29,24,74.4,4,9999.0,NO,1009.0,16,0,2021-12-29 16:00:00
5742,2021,12,29,1700,28,24,78.9,2,9999.0,NO,1010.0,17,0,2021-12-29 17:00:00
5743,2021,12,29,1800,27,25,88.8,2,9999.0,NO,1010.0,18,0,2021-12-29 18:00:00
5744,2021,12,29,1900,26,25,94.2,0,9999.0,NO,1011.0,19,0,2021-12-29 19:00:00
5745,2021,12,29,2000,26,25,94.2,1,9999.0,NO,1011.0,20,0,2021-12-29 20:00:00
5746,2021,12,29,2100,26,25,94.2,2,8000.0,NO,1012.0,21,0,2021-12-29 21:00:00
5747,2021,12,29,2200,26,25,94.2,2,8000.0,NO,1011.0,22,0,2021-12-29 22:00:00
5748,2021,12,29,2300,25,24,94.2,2,8000.0,NO,1011.0,23,0,2021-12-29 23:00:00
5749,2021,12,30,0000,25,24,94.2,0,8000.0,NO,1011.0,0,0,2021-12-30 00:00:00
5750,2021,12,30,0100,24,24,100.0,2,9999.0,NO,1010.0,1,0,2021-12-30 01:00:00
5751,2021,12,30,0200,24,24,100.0,2,9999.0,NO,1010.0,2,0,2021-12-30 02:00:00
5752,2021,12,30,0300,24,24,100.0,1,9999.0,NO,1010.0,3,0,2021-12-30 03:00:00
5753,2021,12,30,0400,24,24,100.0,0,9999.0,NO,1010.0,4,0,2021-12-30 04:00:00
5754,2021,12,30,0500,24,24,100.0,2,9999.0,NO,1010.0,5,0,2021-12-30 05:00:00
5755,2021,12,30,0600,24,24,100.0,1,2000.0,NO,1011.0,6,0,2021-12-30 06:00:00
5756,2021,12,30,0700,25,25,100.0,2,2000.0,NO,1012.0,7,0,2021-12-30 07:00:00
5757,2021,12,30,0800,28,25,83.8,4,2500.0,NO,1012.0,8,0,2021-12-30 08:00:00
5758,2021,12,30,0900,29,25,79.0,2,4000.0,NO,1012.0,9,0,2021-12-30 09:00:00
5759,2021,12,30,1000,32,25,66.6,3,4000.0,NO,1011.0,10,0,2021-12-30 10:00:00
5760,2021,12,30,1100,32,24,62.7,2,6000.0,NO,1010.0,11,0,2021-12-30 11:00:00
5761,2021,12,30,1200,34,23,52.7,3,6000.0,NO,1009.0,12,0,2021-12-30 12:00:00
5762,2021,12,30,1300,34,24,56.0,3,6000.0,NO,1008.0,13,0,2021-12-30 13:00:00
5763,2021,12,30,1400,34,23,52.7,4,6000.0,NO,1008.0,14,0,2021-12-30 14:00:00
5764,2021,12,30,1500,32,24,62.7,4,6000.0,NO,1007.0,15,0,2021-12-30 15:00:00
5765,2021,12,30,1600,31,25,70.4,3,6000.0,NO,1007.0,16,0,2021-12-30 16:00:00
5766,2021,12,30,1700,29,25,79.0,3,7000.0,NO,1008.0,17,0,2021-12-30 17:00:00
5767,2021,12,30,1800,28,25,83.8,2,8000.0,NO,1008.0,18,0,2021-12-30 18:00:00
5768,2021,12,30,1900,27,25,88.8,2,9999.0,NO,1010.0,19,0,2021-12-30 19:00:00
5769,2021,12,30,2000,27,25,88.8,2,9999.0,NO,1011.0,20,0,2021-12-30 20:00:00
5770,2021,12,30,2100,26,25,94.2,0,9999.0,NO,1011.0,21,0,2021-12-30 21:00:00
5771,2021,12,30,2200,25,25,100.0,0,9999.0,NO,1011.0,22,0,2021-12-30 22:00:00
5772,2021,12,30,2300,25,25,100.0,0,9999.0,NO,1011.0,23,0,2021-12-30 23:00:00
5773,2021,12,31,0000,26,26,100.0,2,9999.0,NO,1010.0,0,0,2021-12-31 00:00:00
5774,2021,12,31,0100,26,26,100.0,2,8000.0,NO,1010.0,1,0,2021-12-31 01:00:00
5775,2021,12,31,0200,25,25,100.0,2,8000.0,NO,1010.0,2,0,2021-12-31 02:00:00
5776,2021,12,31,0300,25,25,100.0,0,8000.0,NO,1010.0,3,0,2021-12-31 03:00:00
5777,2021,12,31,0400,25,25,100.0,0,7000.0,NO,1010.0,4,0,2021-12-31 04:00:00
5778,2021,12,31,0500,25,25,100.0,3,6000.0,NO,1010.0,5,0,2021-12-31 05:00:00
5779,2021,12,31,0600,26,26,100.0,1,2500.0,NO,1011.0,6,0,2021-12-31 06:00:00
5780,2021,12,31,0700,25,25,100.0,1,8000.0,NO,1012.0,7,0,2021-12-31 07:00:00
5781,2021,12,31,0800,28,24,78.9,1,8000.0,NO,1013.0,8,0,2021-12-31 08:00:00
5782,2021,12,31,0900,30,25,74.6,1,8000.0,NO,1013.0,9,0,2021-12-31 09:00:00
5783,2021,12,31,1000,32,25,66.6,2,8000.0,NO,1012.0,10,0,2021-12-31 10:00:00
5784,2021,12,31,1100,33,25,62.9,2,8000.0,NO,1011.0,11,0,2021-12-31 11:00:00
5785,2021,12,31,1300,32,24,62.7,4,8000.0,NO,1009.0,13,0,2021-12-31 13:00:00
5786,2021,12,31,1400,30,25,74.6,4,9999.0,NO,1009.0,14,0,2021-12-31 14:00:00
5787,2021,12,31,1500,31,25,70.4,5,9999.0,NO,1009.0,15,0,2021-12-31 15:00:00
5788,2021,12,31,1600,30,25,74.6,4,9999.0,NO,1008.0,16,0,2021-12-31 16:00:00
5789,2021,12,31,1700,29,25,79.0,4,9999.0,NO,1009.0,17,0,2021-12-31 17:00:00
5790,2021,12,31,1800,28,25,83.8,3,9999.0,NO,1010.0,18,0,2021-12-31 18:00:00
5791,2021,12,31,1900,28,25,83.8,2,9999.0,NO,1010.0,19,0,2021-12-31 19:00:00
5792,2021,12,31,2000,27,25,88.8,0,9999.0,NO,1012.0,20,0,2021-12-31 20:00:00
5793,2021,12,31,2100,26,25,94.2,1,9999.0,NO,1012.0,21,0,2021-12-31 21:00:00
5794,2021,12,31,2200,26,25,94.2,2,9999.0,NO,1012.0,22,0,2021-12-31 22:00:00
5795,2021,12,31,2300,26,25,94.2,1,7000.0,NO,1011.0,23,0,2021-12-31 23:00:00
