date,heure,station,temperature,point_de_rosee,pression,direction_vent,vitesse_vent
2016-01-01,00:00,FKKD,26.0,25.0,101.2,000,00
2016-01-01,01:00,FKKD,26.0,25.0,101.2,110,01
2016-01-01,02:00,FKKD,26.0,25.0,101.1,000,00
2016-01-01,03:00,FKKD,26.0,25.0,101.1,000,00
2016-01-01,04:00,FKKD,26.0,25.0,101.2,000,00
2016-01-01,05:00,FKKD,26.0,25.0,101.2,000,00
2016-01-01,06:00,FKKD,26.0,24.0,101.2,000,00
2016-01-01,07:00,FKKD,26.0,25.0,101.4,000,00
2016-01-01,08:00,FKKD,28.0,25.0,101.4,110,02
2016-01-01,09:00,FKKD,29.0,25.0,101.4,000,00
2016-01-01,10:00,FKKD,30.0,25.0,101.3,200,01
2016-01-01,11:00,FKKD,32.0,22.0,101.2,160,02
2016-01-01,12:00,FKKD,33.0,22.0,101.1,220,04
2016-01-01,13:00,FKKD,33.0,23.0,101.0,230,07
2016-01-01,14:00,FKKD,33.0,22.0,100.9,210,06
2016-01-01,15:00,FKKD,32.0,22.0,100.9,260,08
2016-01-01,16:00,FKKD,31.0,23.0,100.9,270,08
2016-01-01,17:00,FKKD,30.0,24.0,100.9,270,04
2016-01-01,18:00,FKKD,29.0,25.0,101.0,240,03
2016-01-01,19:00,FKKD,28.0,25.0,101.0,180,02
2016-01-01,20:00,FKKD,27.0,25.0,101.1,000,00
2016-01-01,21:00,FKKD,26.0,25.0,101.2,000,00
2016-01-01,22:00,FKKD,26.0,25.0,101.2,000,00
2016-01-01,23:00,FKKD,26.0,25.0,101.2,160,02
2016-01-02,00:00,FKKD,26.0,25.0,101.2,000,00
2016-01-02,01:00,FKKD,26.0,25.0,101.1,000,00
2016-01-02,02:00,FKKD,26.0,25.0,101.1,000,00
2016-01-02,03:00,FKKD,26.0,25.0,101.1,150,02
2016-01-02,04:00,FKKD,26.0,25.0,101.1,000,00
2016-01-02,05:00,FKKD,26.0,25.0,101.2,080,02
2016-01-02,06:00,FKKD,26.0,25.0,101.2,000,00
2016-01-02,07:00,FKKD,26.0,25.0,101.3,000,00
2016-01-02,08:00,FKKD,28.0,25.0,101.3,150,02
2016-01-02,09:00,FKKD,31.0,23.0,101.3,170,03
2016-01-02,10:00,FKKD,32.0,25.0,101.3,180,03
2016-01-02,12:00,FKKD,32.0,26.0,101.1,040,02
2016-01-02,13:00,FKKD,33.0,25.0,101.0,270,07
2016-01-02,14:00,FKKD,33.0,25.0,100.9,240,09
2016-01-02,15:00,FKKD,32.0,25.0,100.8,290,09
2016-01-02,16:00,FKKD,31.0,25.0,100.8,250,05
2016-01-02,17:00,FKKD,30.0,26.0,100.8,290,04
2016-01-02,20:00,FKKD,28.0,25.0,101.0,290,05
2016-01-02,21:00,FKKD,28.0,26.0,101.1,290,04
2016-01-02,23:00,FKKD,28.0,26.0,101.1,000,00
2016-01-03,00:00,FKKD,27.0,26.0,101.0,000,00
2016-01-03,01:00,FKKD,26.0,25.0,101.0,000,00
2016-01-03,02:00,FKKD,26.0,25.0,101.0,000,00
2016-01-03,03:00,FKKD,26.0,25.0,101.0,000,00
2016-01-03,04:00,FKKD,26.0,25.0,101.1,000,00
2016-01-03,05:00,FKKD,26.0,25.0,101.1,000,00
2016-01-03,06:00,FKKD,26.0,24.0,101.1,050,02
2016-01-03,07:00,FKKD,26.0,24.0,101.2,030,05
2016-01-03,08:00,FKKD,28.0,24.0,101.2,360,02
2016-01-03,09:00,FKKD,29.0,24.0,101.2,070,07
2016-01-03,10:00,FKKD,30.0,24.0,101.2,360,02
2016-01-03,11:00,FKKD,32.0,23.0,101.1,090,01
2016-01-03,12:00,FKKD,34.0,24.0,101.0,070,04
2016-01-03,13:00,FKKD,35.0,22.0,100.8,160,04
2016-01-03,14:00,FKKD,35.0,23.0,100.7,240,05
2016-01-03,15:00,FKKD,35.0,23.0,100.7,260,06
2016-01-03,16:00,FKKD,33.0,24.0,100.7,250,06
2016-01-03,17:00,FKKD,31.0,25.0,100.7,250,05
2016-01-03,18:00,FKKD,30.0,26.0,100.9,260,04
2016-01-03,19:00,FKKD,29.0,25.0,101.0,290,02
2016-01-03,20:00,FKKD,28.0,26.0,101.1,000,00
2016-01-03,21:00,FKKD,27.0,25.0,101.0,000,00
2016-01-03,22:00,FKKD,26.0,25.0,101.0,000,00
2016-01-03,23:00,FKKD,26.0,25.0,101.0,000,00
2016-01-04,00:00,FKKD,27.0,26.0,101.0,150,02
2016-01-04,01:00,FKKD,27.0,25.0,101.0,000,00
2016-01-04,02:00,FKKD,26.0,25.0,100.9,000,00
2016-01-04,03:00,FKKD,26.0,25.0,100.9,000,00
2016-01-04,04:00,FKKD,26.0,25.0,100.9,140,02
2016-01-04,05:00,FKKD,26.0,25.0,101.0,000,00
2016-01-04,06:00,FKKD,26.0,25.0,101.1,000,00
2016-01-04,07:00,FKKD,27.0,25.0,101.2,140,02
2016-01-04,08:00,FKKD,29.0,25.0,101.3,000,00
2016-01-04,09:00,FKKD,29.0,25.0,101.3,300,07
2016-01-04,10:00,FKKD,30.0,25.0,101.2,300,02
2016-01-04,11:00,FKKD,32.0,25.0,101.1,300,02
2016-01-04,12:00,FKKD,32.0,25.0,101.0,160,02
2016-01-04,13:00,FKKD,33.0,24.0,100.8,290,04
2016-01-04,14:00,FKKD,33.0,25.0,100.7,240,06
2016-01-04,15:00,FKKD,31.0,24.0,100.7,250,06
2016-01-04,16:00,FKKD,30.0,25.0,100.7,250,07
2016-01-04,17:00,FKKD,30.0,25.0,100.8,230,04
2016-01-04,18:00,FKKD,29.0,25.0,100.8,250,02
2016-01-04,19:00,FKKD,28.0,25.0,100.9,280,02
2016-01-04,20:00,FKKD,28.0,25.0,101.0,000,00
2016-01-04,21:00,FKKD,26.0,25.0,101.0,000,00
2016-01-04,22:00,FKKD,26.0,25.0,101.1,000,00
2016-01-04,23:00,FKKD,27.0,25.0,101.1,280,02
2016-01-05,00:00,FKKD,26.0,25.0,101.1,000,00
2016-01-05,01:00,FKKD,27.0,25.0,101.0,200,02
2016-01-05,02:00,FKKD,26.0,25.0,101.0,000,00
2016-01-05,03:00,FKKD,26.0,25.0,100.9,000,00
2016-01-05,04:00,FKKD,26.0,25.0,101.0,110,01
2016-01-05,05:00,FKKD,26.0,25.0,101.0,000,00
2016-01-05,06:00,FKKD,26.0,25.0,101.1,000,00
2016-01-05,07:00,FKKD,26.0,26.0,101.2,150,01
2016-01-05,08:00,FKKD,28.0,25.0,101.3,190,02
2016-01-05,09:00,FKKD,29.0,25.0,101.3,240,02
2016-01-05,10:00,FKKD,31.0,25.0,101.2,200,04
2016-01-05,11:00,FKKD,32.0,24.0,101.1,000,00
2016-01-05,12:00,FKKD,32.0,24.0,101.0,260,06
2016-01-05,13:00,FKKD,33.0,24.0,100.9,290,08
2016-01-05,14:00,FKKD,33.0,25.0,100.8,220,08
2016-01-05,15:00,FKKD,33.0,24.0,100.7,240,10
2016-01-05,16:00,FKKD,31.0,24.0,100.8,220,08
2016-01-05,17:00,FKKD,30.0,24.0,100.8,260,06
2016-01-05,18:00,FKKD,29.0,24.0,100.9,270,04
2016-01-05,19:00,FKKD,29.0,24.0,101.0,260,03
2016-01-05,20:00,FKKD,28.0,25.0,101.1,240,04
2016-01-05,21:00,FKKD,27.0,25.0,101.2,000,00
2016-01-05,22:00,FKKD,27.0,26.0,101.1,000,00
2016-01-05,23:00,FKKD,26.0,25.0,101.1,000,00
2016-01-06,00:00,FKKD,26.0,25.0,101.1,000,00
2016-01-06,01:00,FKKD,25.0,25.0,101.0,000,00
2016-01-06,02:00,FKKD,25.0,25.0,101.0,000,00
2016-01-06,03:00,FKKD,25.0,25.0,101.0,000,00
2016-01-06,04:00,FKKD,25.0,25.0,101.0,000,00
2016-01-06,05:00,FKKD,25.0,25.0,101.1,000,00
2016-01-06,06:00,FKKD,26.0,25.0,101.1,000,00
2016-01-06,07:00,FKKD,26.0,25.0,101.1,000,00
2016-01-06,08:00,FKKD,28.0,24.0,101.2,340,06
2016-01-06,10:00,FKKD,30.0,24.0,101.2,030,04
2016-01-06,11:00,FKKD,33.0,23.0,101.1,030,04
2016-01-06,12:00,FKKD,34.0,22.0,101.0,020,08
2016-01-06,13:00,FKKD,34.0,24.0,100.9,260,13
2016-01-06,14:00,FKKD,33.0,24.0,100.7,250,08
2016-01-06,15:00,FKKD,32.0,23.0,100.7,280,10
2016-01-06,16:00,FKKD,30.0,23.0,100.7,230,06
2016-01-06,17:00,FKKD,30.0,23.0,100.8,260,08
2016-01-06,18:00,FKKD,29.0,24.0,100.9,270,09
2016-01-06,19:00,FKKD,29.0,26.0,101.0,280,02
2016-01-06,20:00,FKKD,28.0,26.0,101.1,000,00
2016-01-06,22:00,FKKD,27.0,26.0,101.1,000,00
2016-01-06,23:00,FKKD,27.0,26.0,101.1,000,00
2016-01-07,00:00,FKKD,27.0,26.0,101.1,000,00
2016-01-07,01:00,FKKD,26.0,26.0,101.1,000,00
2016-01-07,02:00,FKKD,26.0,26.0,101.0,120,01
2016-01-07,03:00,FKKD,26.0,25.0,101.0,000,00
2016-01-07,05:00,FKKD,26.0,25.0,101.1,000,00
2016-01-07,06:00,FKKD,26.0,25.0,101.1,100,01
2016-01-07,07:00,FKKD,26.0,25.0,101.2,000,00
2016-01-07,08:00,FKKD,28.0,26.0,101.3,000,00
2016-01-07,09:00,FKKD,30.0,25.0,101.2,160,01
2016-01-07,10:00,FKKD,32.0,25.0,101.2,090,03
2016-01-07,11:00,FKKD,33.0,25.0,101.1,140,03
2016-01-07,13:00,FKKD,33.0,24.0,100.9,280,06
2016-01-07,14:00,FKKD,34.0,24.0,100.8,240,05
2016-01-07,15:00,FKKD,33.0,23.0,100.8,250,08
2016-01-07,16:00,FKKD,31.0,24.0,100.8,250,08
2016-01-07,17:00,FKKD,30.0,24.0,100.9,240,07
2016-01-07,18:00,FKKD,29.0,25.0,101.0,240,04
2016-01-07,19:00,FKKD,29.0,25.0,101.0,280,03
2016-01-07,21:00,FKKD,27.0,26.0,101.2,000,00
2016-01-07,22:00,FKKD,27.0,26.0,101.2,000,00
2016-01-07,23:00,FKKD,26.0,26.0,101.2,160,02
2016-01-08,00:00,FKKD,26.0,26.0,101.2,000,00
2016-01-08,01:00,FKKD,26.0,26.0,101.2,000,00
2016-01-08,02:00,FKKD,26.0,26.0,101.2,000,00
2016-01-08,03:00,FKKD,26.0,25.0,101.1,000,00
2016-01-08,04:00,FKKD,25.0,25.0,101.1,000,00
2016-01-08,05:00,FKKD,26.0,25.0,101.2,000,00
2016-01-08,06:00,FKKD,26.0,25.0,101.2,000,00
2016-01-08,08:00,FKKD,29.0,26.0,101.4,000,00
2016-01-08,09:00,FKKD,30.0,25.0,101.3,180,03
2016-01-08,10:00,FKKD,31.0,25.0,101.3,290,02
2016-01-08,11:00,FKKD,31.0,25.0,101.2,000,00
2016-01-08,12:00,FKKD,33.0,24.0,101.1,280,04
2016-01-08,13:00,FKKD,33.0,24.0,101.0,240,07
2016-01-08,14:00,FKKD,34.0,24.0,100.9,240,08
2016-01-08,15:00,FKKD,32.0,24.0,100.9,270,10
2016-01-08,16:00,FKKD,31.0,24.0,100.9,260,08
2016-01-08,17:00,FKKD,30.0,25.0,100.9,270,06
2016-01-08,18:00,FKKD,29.0,25.0,101.0,280,06
2016-01-08,19:00,FKKD,29.0,26.0,101.1,260,05
2016-01-08,20:00,FKKD,29.0,26.0,101.2,250,04
2016-01-08,21:00,FKKD,29.0,26.0,101.3,250,04
2016-01-08,22:00,FKKD,29.0,26.0,101.3,260,02
2016-01-08,23:00,FKKD,29.0,27.0,101.3,230,02
2016-01-09,00:00,FKKD,29.0,27.0,101.2,300,01
2016-01-09,01:00,FKKD,28.0,26.0,101.2,000,00
2016-01-09,02:00,FKKD,27.0,26.0,101.2,000,00
2016-01-09,03:00,FKKD,27.0,26.0,101.1,000,00
2016-01-09,04:00,FKKD,26.0,25.0,101.2,000,00
2016-01-09,05:00,FKKD,26.0,25.0,101.2,000,00
2016-01-09,06:00,FKKD,26.0,26.0,101.2,000,00
2016-01-09,07:00,FKKD,27.0,25.0,101.4,000,00
2016-01-09,08:00,FKKD,28.0,25.0,101.4,000,00
2016-01-09,09:00,FKKD,30.0,25.0,101.4,290,04
2016-01-09,10:00,FKKD,30.0,25.0,101.4,330,05
2016-01-09,11:00,FKKD,32.0,24.0,101.3,260,04
2016-01-09,12:00,FKKD,32.0,25.0,101.2,250,06
2016-01-09,13:00,FKKD,32.0,26.0,101.1,240,07
2016-01-09,14:00,FKKD,32.0,25.0,101.0,220,07
2016-01-09,15:00,FKKD,31.0,25.0,100.9,250,07
2016-01-09,16:00,FKKD,31.0,25.0,100.9,270,06
2016-01-09,17:00,FKKD,30.0,25.0,100.9,260,04
2016-01-09,18:00,FKKD,29.0,25.0,101.0,270,06
2016-01-09,19:00,FKKD,29.0,26.0,101.1,270,03
2016-01-09,20:00,FKKD,28.0,26.0,101.2,000,00
2016-01-09,21:00,FKKD,27.0,25.0,101.2,000,00
2016-01-09,22:00,FKKD,26.0,26.0,101.2,000,00
2016-01-09,23:00,FKKD,26.0,25.0,101.2,000,00
2016-01-10,00:00,FKKD,26.0,26.0,101.2,170,01
2016-01-10,01:00,FKKD,26.0,25.0,101.1,140,02
2016-01-10,02:00,FKKD,26.0,25.0,101.1,000,00
2016-01-10,03:00,FKKD,26.0,25.0,101.1,000,00
2016-01-10,04:00,FKKD,26.0,25.0,101.1,000,00
2016-01-10,05:00,FKKD,25.0,24.0,101.2,000,00
2016-01-10,06:00,FKKD,25.0,25.0,101.2,000,00
2016-01-10,07:00,FKKD,26.0,26.0,101.2,000,00
2016-01-10,08:00,FKKD,28.0,25.0,101.3,020,02
2016-01-10,09:00,FKKD,30.0,25.0,101.3,000,00
2016-01-10,10:00,FKKD,31.0,25.0,101.3,000,00
2016-01-10,11:00,FKKD,33.0,25.0,101.2,300,07
2016-01-10,12:00,FKKD,33.0,24.0,101.1,220,07
2016-01-10,13:00,FKKD,33.0,25.0,101.0,250,08
2016-01-10,14:00,FKKD,33.0,25.0,100.9,260,09
2016-01-10,15:00,FKKD,32.0,24.0,100.8,270,11
2016-01-10,16:00,FKKD,31.0,25.0,100.8,270,07
2016-01-10,17:00,FKKD,30.0,25.0,100.9,260,08
2016-01-10,18:00,FKKD,29.0,26.0,100.9,240,04
2016-01-10,19:00,FKKD,29.0,26.0,101.0,000,00
2016-01-10,20:00,FKKD,28.0,26.0,101.1,000,00
2016-01-10,21:00,FKKD,28.0,26.0,101.1,000,00
2016-01-10,22:00,FKKD,27.0,26.0,101.1,000,00
2016-01-10,23:00,FKKD,27.0,26.0,101.1,160,03
2016-01-11,00:00,FKKD,27.0,26.0,101.1,100,02
2016-01-11,01:00,FKKD,27.0,26.0,101.0,130,01
2016-01-11,02:00,FKKD,27.0,26.0,101.0,000,00
2016-01-11,03:00,FKKD,26.0,25.0,101.0,100,01
2016-01-11,04:00,FKKD,26.0,25.0,101.0,110,01
2016-01-11,05:00,FKKD,26.0,25.0,101.0,000,00
2016-01-11,06:00,FKKD,26.0,25.0,101.1,110,01
2016-01-11,07:00,FKKD,26.0,26.0,101.2,000,00
2016-01-11,08:00,FKKD,28.0,26.0,101.2,000,00
2016-01-11,09:00,FKKD,29.0,25.0,101.3,000,00
2016-01-11,10:00,FKKD,31.0,25.0,101.2,000,00
2016-01-11,11:00,FKKD,33.0,25.0,101.1,250,02
2016-01-11,12:00,FKKD,31.0,25.0,100.9,260,06
2016-01-11,13:00,FKKD,34.0,23.0,100.8,250,09
2016-01-11,14:00,FKKD,34.0,24.0,100.8,270,11
2016-01-11,15:00,FKKD,33.0,25.0,100.7,260,10
2016-01-11,16:00,FKKD,31.0,25.0,100.8,270,11
2016-01-11,17:00,FKKD,30.0,26.0,100.8,260,07
2016-01-11,18:00,FKKD,29.0,25.0,100.9,270,05
2016-01-11,19:00,FKKD,29.0,26.0,100.9,260,04
2016-01-11,20:00,FKKD,29.0,26.0,101.0,260,01
2016-01-11,21:00,FKKD,28.0,26.0,101.0,290,02
2016-01-11,22:00,FKKD,28.0,26.0,101.0,000,00
2016-01-11,23:00,FKKD,27.0,26.0,101.0,160,01
2016-01-12,00:00,FKKD,27.0,26.0,100.9,160,02
2016-01-12,01:00,FKKD,27.0,26.0,100.9,000,00
2016-01-12,03:00,FKKD,27.0,26.0,100.8,000,00
2016-01-12,04:00,FKKD,27.0,26.0,100.9,000,00
2016-01-12,05:00,FKKD,28.0,26.0,100.9,150,02
2016-01-12,06:00,FKKD,27.0,26.0,101.0,000,00
2016-01-12,07:00,FKKD,27.0,26.0,101.1,160,02
2016-01-12,08:00,FKKD,28.0,27.0,101.2,120,02
2016-01-12,09:00,FKKD,29.0,27.0,101.2,080,02
2016-01-12,10:00,FKKD,31.0,25.0,101.1,360,02
2016-01-12,11:00,FKKD,32.0,26.0,100.9,,02
2016-01-12,12:00,FKKD,34.0,25.0,100.8,240,07
2016-01-12,13:00,FKKD,35.0,24.0,100.7,130,05
2016-01-12,14:00,FKKD,35.0,25.0,100.7,230,06
2016-01-12,15:00,FKKD,33.0,25.0,100.6,260,12
2016-01-12,16:00,FKKD,33.0,25.0,100.6,270,09
2016-01-12,17:00,FKKD,30.0,26.0,100.6,270,10
2016-01-12,18:00,FKKD,30.0,25.0,100.7,250,05
2016-01-12,19:00,FKKD,29.0,25.0,100.8,260,03
2016-01-12,20:00,FKKD,29.0,25.0,100.9,240,06
2016-01-12,21:00,FKKD,29.0,26.0,101.0,280,02
2016-01-12,22:00,FKKD,29.0,26.0,101.0,230,02
2016-01-12,23:00,FKKD,28.0,26.0,101.0,000,00
2016-01-13,00:00,FKKD,27.0,26.0,100.9,150,02
2016-01-13,01:00,FKKD,27.0,26.0,100.9,000,00
2016-01-13,02:00,FKKD,27.0,26.0,100.9,000,00
2016-01-13,03:00,FKKD,26.0,26.0,100.8,160,01
2016-01-13,04:00,FKKD,26.0,26.0,100.9,000,00
2016-01-13,05:00,FKKD,26.0,26.0,100.9,000,00
2016-01-13,06:00,FKKD,26.0,25.0,100.9,000,00
2016-01-13,07:00,FKKD,27.0,26.0,101.0,000,00
2016-01-13,08:00,FKKD,28.0,26.0,101.1,000,00
2016-01-13,09:00,FKKD,30.0,26.0,101.1,000,00
2016-01-13,10:00,FKKD,31.0,26.0,101.0,100,03
2016-01-13,11:00,FKKD,32.0,25.0,101.0,270,06
2016-01-13,12:00,FKKD,33.0,25.0,100.9,320,03
2016-01-13,13:00,FKKD,34.0,24.0,100.8,260,06
2016-01-13,14:00,FKKD,33.0,25.0,100.7,260,07
2016-01-13,15:00,FKKD,32.0,25.0,100.7,260,10
2016-01-13,16:00,FKKD,31.0,25.0,100.7,250,08
2016-01-13,17:00,FKKD,30.0,26.0,100.7,270,05
2016-01-13,18:00,FKKD,29.0,26.0,100.8,260,05
2016-01-13,19:00,FKKD,29.0,25.0,100.9,260,06
2016-01-13,20:00,FKKD,29.0,26.0,100.9,280,05
2016-01-13,21:00,FKKD,29.0,26.0,101.0,260,01
2016-01-13,22:00,FKKD,29.0,26.0,101.0,250,01
2016-01-13,23:00,FKKD,27.0,26.0,101.0,210,01
2016-01-14,00:00,FKKD,28.0,26.0,100.9,210,01
2016-01-14,01:00,FKKD,27.0,26.0,100.9,000,00
2016-01-14,03:00,FKKD,27.0,26.0,100.9,000,00
2016-01-14,04:00,FKKD,27.0,26.0,100.9,080,01
2016-01-14,05:00,FKKD,26.0,26.0,101.0,080,02
2016-01-14,06:00,FKKD,26.0,26.0,101.0,080,02
2016-01-14,07:00,FKKD,27.0,27.0,101.0,000,00
2016-01-14,08:00,FKKD,29.0,27.0,101.0,000,00
2016-01-14,09:00,FKKD,30.0,25.0,101.0,060,02
2016-01-14,10:00,FKKD,30.0,25.0,101.0,060,02
2016-01-14,12:00,FKKD,33.0,25.0,100.9,260,07
2016-01-14,13:00,FKKD,34.0,25.0,100.7,270,09
2016-01-14,14:00,FKKD,34.0,25.0,100.6,250,11
2016-01-14,15:00,FKKD,32.0,26.0,100.6,260,13
2016-01-14,16:00,FKKD,32.0,25.0,100.6,270,09
2016-01-14,17:00,FKKD,30.0,25.0,100.7,260,05
2016-01-14,18:00,FKKD,29.0,26.0,100.7,280,07
2016-01-14,19:00,FKKD,29.0,26.0,100.8,270,05
2016-01-14,20:00,FKKD,29.0,26.0,101.0,240,04
2016-01-14,21:00,FKKD,29.0,26.0,101.0,210,02
2016-01-14,22:00,FKKD,28.0,26.0,101.0,000,00
2016-01-14,23:00,FKKD,27.0,26.0,101.0,000,00
2016-01-15,00:00,FKKD,27.0,26.0,101.0,000,00
2016-01-15,01:00,FKKD,27.0,26.0,100.9,000,00
2016-01-15,02:00,FKKD,26.0,25.0,100.8,000,00
2016-01-15,03:00,FKKD,26.0,25.0,100.8,000,00
2016-01-15,04:00,FKKD,26.0,25.0,100.8,000,00
2016-01-15,05:00,FKKD,26.0,26.0,100.9,000,00
2016-01-15,06:00,FKKD,26.0,26.0,100.9,000,00
2016-01-15,07:00,FKKD,27.0,26.0,101.0,050,01
2016-01-15,08:00,FKKD,29.0,26.0,101.1,070,02
2016-01-15,09:00,FKKD,31.0,25.0,101.1,050,04
2016-01-15,11:00,FKKD,33.0,24.0,100.9,100,02
2016-01-15,12:00,FKKD,33.0,25.0,100.8,260,03
2016-01-15,13:00,FKKD,35.0,25.0,100.7,260,07
2016-01-15,14:00,FKKD,34.0,25.0,100.7,270,08
2016-01-15,15:00,FKKD,33.0,25.0,100.6,270,07
2016-01-15,16:00,FKKD,32.0,25.0,100.6,260,04
2016-01-15,17:00,FKKD,31.0,25.0,100.7,260,08
2016-01-15,18:00,FKKD,30.0,26.0,100.8,270,03
2016-01-15,19:00,FKKD,29.0,26.0,100.9,270,06
2016-01-15,20:00,FKKD,29.0,27.0,101.0,230,04
2016-01-15,21:00,FKKD,29.0,26.0,101.0,280,02
2016-01-15,22:00,FKKD,28.0,27.0,101.0,000,00
2016-01-15,23:00,FKKD,27.0,26.0,101.0,000,00
2016-01-16,00:00,FKKD,27.0,26.0,100.9,130,01
2016-01-16,01:00,FKKD,28.0,26.0,100.9,070,04
2016-01-16,02:00,FKKD,27.0,26.0,100.9,100,02
2016-01-16,03:00,FKKD,27.0,26.0,100.9,070,01
2016-01-16,04:00,FKKD,26.0,26.0,101.0,000,00
2016-01-16,05:00,FKKD,26.0,25.0,101.0,000,00
2016-01-16,06:00,FKKD,26.0,25.0,101.0,130,01
2016-01-16,07:00,FKKD,27.0,26.0,101.1,090,02
2016-01-16,08:00,FKKD,29.0,25.0,101.1,100,03
2016-01-16,09:00,FKKD,30.0,25.0,101.1,000,00
2016-01-16,10:00,FKKD,31.0,25.0,101.1,220,04
2016-01-16,11:00,FKKD,32.0,25.0,101.1,200,04
2016-01-16,12:00,FKKD,34.0,24.0,100.9,240,06
2016-01-16,13:00,FKKD,33.0,24.0,100.9,220,06
2016-01-16,14:00,FKKD,33.0,24.0,100.8,250,08
2016-01-16,15:00,FKKD,32.0,25.0,100.8,250,11
2016-01-16,16:00,FKKD,31.0,24.0,100.8,260,08
2016-01-16,17:00,FKKD,30.0,25.0,100.9,270,05
2016-01-16,18:00,FKKD,29.0,26.0,100.9,270,04
2016-01-16,19:00,FKKD,29.0,26.0,101.0,180,02
2016-01-16,20:00,FKKD,28.0,26.0,101.1,000,00
2016-01-16,21:00,FKKD,27.0,26.0,101.2,180,02
2016-01-16,22:00,FKKD,27.0,26.0,101.1,000,00
2016-01-16,23:00,FKKD,27.0,26.0,101.1,140,01
2016-01-17,00:00,FKKD,27.0,26.0,101.1,150,01
2016-01-17,01:00,FKKD,27.0,26.0,101.0,140,01
2016-01-17,02:00,FKKD,26.0,26.0,101.0,100,01
2016-01-17,03:00,FKKD,26.0,25.0,101.0,000,00
2016-01-17,04:00,FKKD,26.0,25.0,101.0,000,00
2016-01-17,05:00,FKKD,26.0,25.0,101.0,000,00
2016-01-17,06:00,FKKD,26.0,25.0,101.1,120,02
2016-01-17,07:00,FKKD,26.0,25.0,101.2,160,03
2016-01-17,08:00,FKKD,27.0,25.0,101.2,130,02
2016-01-17,09:00,FKKD,28.0,25.0,101.2,170,03
2016-01-17,10:00,FKKD,30.0,25.0,101.1,100,03
2016-01-17,12:00,FKKD,32.0,25.0,101.0,270,12
2016-01-17,13:00,FKKD,30.0,26.0,100.9,260,08
2016-01-17,14:00,FKKD,32.0,25.0,100.8,260,08
2016-01-17,15:00,FKKD,31.0,25.0,100.8,260,10
2016-01-17,16:00,FKKD,30.0,25.0,100.8,260,08
2016-01-17,17:00,FKKD,29.0,25.0,100.8,220,06
2016-01-17,18:00,FKKD,29.0,26.0,100.9,000,00
2016-01-17,19:00,FKKD,28.0,26.0,101.0,000,00
2016-01-17,20:00,FKKD,27.0,26.0,101.1,000,00
2016-01-17,21:00,FKKD,26.0,25.0,101.1,000,00
2016-01-17,22:00,FKKD,26.0,25.0,101.1,000,00
2016-01-17,23:00,FKKD,26.0,25.0,101.2,000,00
2016-01-18,00:00,FKKD,26.0,25.0,101.2,150,01
2016-01-18,01:00,FKKD,26.0,25.0,101.1,150,02
2016-01-18,02:00,FKKD,26.0,25.0,101.1,090,03
2016-01-18,03:00,FKKD,26.0,25.0,101.1,000,00
2016-01-18,04:00,FKKD,26.0,25.0,101.1,000,00
2016-01-18,05:00,FKKD,25.0,25.0,101.1,000,00
2016-01-18,06:00,FKKD,25.0,25.0,101.1,000,00
2016-01-18,07:00,FKKD,26.0,25.0,101.1,140,02
2016-01-18,08:00,FKKD,28.0,25.0,101.2,150,03
2016-01-18,11:00,FKKD,32.0,26.0,101.1,260,02
2016-01-18,15:00,FKKD,32.0,25.0,100.7,250,08
2016-01-18,16:00,FKKD,31.0,25.0,100.7,200,06
2016-01-18,17:00,FKKD,30.0,25.0,100.8,200,06
2016-01-18,18:00,FKKD,29.0,26.0,100.8,230,02
2016-01-18,19:00,FKKD,28.0,26.0,100.9,240,02
2016-01-18,20:00,FKKD,27.0,26.0,101.0,220,01
2016-01-18,21:00,FKKD,27.0,26.0,101.0,000,00
2016-01-18,22:00,FKKD,26.0,26.0,101.0,000,00
2016-01-18,23:00,FKKD,26.0,25.0,101.0,000,00
2016-01-19,00:00,FKKD,27.0,26.0,101.0,000,00
2016-01-19,01:00,FKKD,26.0,26.0,101.0,150,02
2016-01-19,02:00,FKKD,26.0,26.0,100.9,120,01
2016-01-19,03:00,FKKD,26.0,26.0,100.9,000,00
2016-01-19,04:00,FKKD,26.0,26.0,100.9,000,00
2016-01-19,05:00,FKKD,26.0,26.0,101.0,110,01
2016-01-19,06:00,FKKD,26.0,26.0,101.0,120,04
2016-01-19,07:00,FKKD,27.0,26.0,101.2,200,02
2016-01-19,08:00,FKKD,27.0,26.0,101.2,150,01
2016-01-19,09:00,FKKD,29.0,26.0,101.2,220,04
2016-01-19,10:00,FKKD,30.0,26.0,101.2,000,00
2016-01-19,11:00,FKKD,30.0,25.0,101.1,220,02
2016-01-19,12:00,FKKD,32.0,24.0,101.0,240,01
2016-01-19,13:00,FKKD,33.0,24.0,100.9,240,06
2016-01-19,14:00,FKKD,33.0,24.0,100.8,260,08
2016-01-19,15:00,FKKD,32.0,24.0,100.7,260,08
2016-01-19,16:00,FKKD,31.0,25.0,100.7,260,08
2016-01-19,17:00,FKKD,30.0,25.0,100.7,240,07
2016-01-19,18:00,FKKD,29.0,26.0,100.8,260,06
2016-01-19,19:00,FKKD,28.0,25.0,100.9,270,04
2016-01-19,20:00,FKKD,28.0,25.0,100.9,260,04
2016-01-19,21:00,FKKD,27.0,25.0,101.0,000,00
2016-01-19,22:00,FKKD,26.0,25.0,101.0,180,02
2016-01-19,23:00,FKKD,26.0,25.0,100.9,170,03
2016-01-20,01:00,FKKD,26.0,25.0,100.9,170,02
2016-01-20,02:00,FKKD,26.0,25.0,100.8,110,02
2016-01-20,03:00,FKKD,26.0,25.0,100.8,000,00
2016-01-20,04:00,FKKD,26.0,25.0,100.8,000,00
2016-01-20,05:00,FKKD,25.0,24.0,100.9,000,00
2016-01-20,06:00,FKKD,25.0,25.0,101.0,000,00
2016-01-20,07:00,FKKD,26.0,25.0,101.1,000,00
2016-01-20,08:00,FKKD,28.0,25.0,101.2,170,02
2016-01-20,09:00,FKKD,30.0,25.0,101.2,150,05
2016-01-20,10:00,FKKD,31.0,25.0,101.1,000,00
2016-01-20,11:00,FKKD,32.0,25.0,101.0,310,05
2016-01-20,14:00,FKKD,33.0,24.0,100.7,250,09
2016-01-20,15:00,FKKD,32.0,24.0,100.7,250,10
2016-01-20,16:00,FKKD,31.0,25.0,100.7,250,09
2016-01-20,17:00,FKKD,30.0,26.0,100.7,240,06
2016-01-20,18:00,FKKD,29.0,26.0,100.8,230,01
2016-01-20,19:00,FKKD,28.0,26.0,100.9,260,02
2016-01-20,21:00,FKKD,29.0,26.0,101.0,260,06
2016-01-20,22:00,FKKD,29.0,26.0,101.1,240,02
2016-01-20,23:00,FKKD,28.0,26.0,101.0,170,01
2016-01-21,00:00,FKKD,27.0,26.0,101.0,000,00
2016-01-21,01:00,FKKD,27.0,26.0,101.0,000,00
2016-01-21,02:00,FKKD,27.0,26.0,100.9,000,00
2016-01-21,03:00,FKKD,27.0,26.0,100.9,000,00
2016-01-21,05:00,FKKD,26.0,26.0,101.0,000,00
2016-01-21,06:00,FKKD,26.0,26.0,101.0,000,00
2016-01-21,07:00,FKKD,27.0,26.0,101.1,000,00
2016-01-21,08:00,FKKD,28.0,26.0,101.2,030,02
2016-01-21,09:00,FKKD,30.0,25.0,101.2,170,01
2016-01-21,10:00,FKKD,31.0,25.0,101.1,070,02
2016-01-21,11:00,FKKD,32.0,24.0,101.0,010,05
2016-01-21,12:00,FKKD,33.0,24.0,100.9,300,06
2016-01-21,13:00,FKKD,34.0,23.0,100.8,260,07
2016-01-21,14:00,FKKD,33.0,25.0,100.7,260,07
2016-01-21,15:00,FKKD,33.0,25.0,100.7,260,09
2016-01-21,16:00,FKKD,31.0,26.0,100.7,260,10
2016-01-21,17:00,FKKD,30.0,26.0,100.7,270,07
2016-01-21,18:00,FKKD,29.0,26.0,100.7,270,05
2016-01-21,19:00,FKKD,29.0,26.0,100.8,270,05
2016-01-21,20:00,FKKD,29.0,26.0,100.9,220,04
2016-01-21,21:00,FKKD,28.0,26.0,101.0,240,02
2016-01-21,22:00,FKKD,28.0,26.0,101.1,000,00
2016-01-21,23:00,FKKD,28.0,26.0,101.0,000,00
2016-01-22,00:00,FKKD,27.0,26.0,101.0,000,00
2016-01-22,01:00,FKKD,27.0,26.0,101.0,000,00
2016-01-22,02:00,FKKD,27.0,26.0,101.0,340,02
2016-01-22,03:00,FKKD,27.0,25.0,101.0,000,00
2016-01-22,04:00,FKKD,26.0,26.0,101.1,060,02
2016-01-22,05:00,FKKD,26.0,25.0,101.1,030,01
2016-01-22,06:00,FKKD,26.0,25.0,101.1,160,01
2016-01-22,07:00,FKKD,27.0,26.0,101.1,130,02
2016-01-22,08:00,FKKD,29.0,25.0,101.2,330,05
2016-01-22,10:00,FKKD,32.0,25.0,101.2,210,02
2016-01-22,11:00,FKKD,32.0,24.0,101.1,170,04
2016-01-22,12:00,FKKD,34.0,22.0,101.0,230,05
2016-01-22,13:00,FKKD,33.0,24.0,100.9,220,03
2016-01-22,14:00,FKKD,34.0,22.0,100.8,240,05
2016-01-22,15:00,FKKD,32.0,24.0,100.7,260,09
2016-01-22,16:00,FKKD,32.0,23.0,100.7,260,06
2016-01-22,17:00,FKKD,30.0,23.0,100.8,270,04
2016-01-22,18:00,FKKD,30.0,24.0,100.8,300,04
2016-01-22,19:00,FKKD,29.0,25.0,100.9,000,00
2016-01-22,20:00,FKKD,28.0,25.0,101.0,170,01
2016-01-22,21:00,FKKD,27.0,25.0,101.0,170,01
2016-01-22,22:00,FKKD,27.0,25.0,101.1,120,02
2016-01-22,23:00,FKKD,26.0,25.0,101.1,170,03
2016-01-23,00:00,FKKD,26.0,24.0,101.1,000,00
2016-01-23,01:00,FKKD,25.0,24.0,101.0,000,00
2016-01-23,02:00,FKKD,25.0,24.0,101.0,000,00
2016-01-23,03:00,FKKD,25.0,24.0,101.0,000,00
2016-01-23,05:00,FKKD,25.0,24.0,101.1,000,00
2016-01-23,06:00,FKKD,25.0,24.0,101.1,090,02
2016-01-23,07:00,FKKD,26.0,25.0,101.3,000,00
2016-01-23,08:00,FKKD,27.0,25.0,101.3,180,01
2016-01-23,09:00,FKKD,29.0,26.0,101.4,070,01
2016-01-23,10:00,FKKD,30.0,24.0,101.3,,02
2016-01-23,11:00,FKKD,32.0,24.0,101.3,340,02
2016-01-23,12:00,FKKD,33.0,23.0,101.2,280,02
2016-01-23,13:00,FKKD,34.0,23.0,101.1,260,06
2016-01-23,14:00,FKKD,33.0,23.0,101.0,230,08
2016-01-23,15:00,FKKD,32.0,24.0,100.9,270,09
2016-01-23,16:00,FKKD,32.0,24.0,100.9,260,08
2016-01-23,17:00,FKKD,31.0,23.0,101.0,260,05
2016-01-23,18:00,FKKD,30.0,23.0,101.1,260,05
2016-01-23,19:00,FKKD,29.0,23.0,101.2,270,04
2016-01-23,20:00,FKKD,29.0,24.0,101.3,270,02
2016-01-23,21:00,FKKD,28.0,24.0,101.3,270,02
2016-01-23,22:00,FKKD,28.0,24.0,101.3,270,02
2016-01-23,23:00,FKKD,27.0,25.0,101.4,000,00
2016-01-24,00:00,FKKD,27.0,25.0,101.4,,02
2016-01-24,01:00,FKKD,26.0,25.0,101.3,000,00
2016-01-24,02:00,FKKD,26.0,24.0,101.2,150,01
2016-01-24,03:00,FKKD,25.0,24.0,101.2,150,01
2016-01-24,04:00,FKKD,26.0,25.0,101.3,000,00
2016-01-24,05:00,FKKD,25.0,25.0,101.3,000,00
2016-01-24,06:00,FKKD,25.0,24.0,101.3,000,00
2016-01-24,07:00,FKKD,26.0,23.0,101.5,040,02
2016-01-24,08:00,FKKD,28.0,24.0,101.5,060,02
2016-01-24,09:00,FKKD,30.0,25.0,101.5,130,02
2016-01-24,10:00,FKKD,31.0,25.0,101.5,210,02
2016-01-24,11:00,FKKD,31.0,23.0,101.4,000,00
2016-01-24,12:00,FKKD,33.0,23.0,101.3,200,03
2016-01-24,13:00,FKKD,33.0,22.0,101.2,260,07
2016-01-24,14:00,FKKD,33.0,24.0,101.1,260,08
2016-01-24,15:00,FKKD,32.0,24.0,101.0,250,11
2016-01-24,16:00,FKKD,31.0,24.0,101.0,260,08
2016-01-24,17:00,FKKD,30.0,25.0,101.1,240,06
2016-01-24,18:00,FKKD,29.0,25.0,101.2,270,04
2016-01-24,19:00,FKKD,28.0,25.0,101.3,000,00
2016-01-24,20:00,FKKD,28.0,25.0,101.4,210,01
2016-01-24,21:00,FKKD,27.0,26.0,101.5,000,00
2016-01-24,22:00,FKKD,27.0,26.0,101.5,000,00
2016-01-24,23:00,FKKD,27.0,26.0,101.5,000,00
2016-01-25,00:00,FKKD,27.0,26.0,101.4,070,02
2016-01-25,01:00,FKKD,27.0,26.0,101.3,000,00
2016-01-25,02:00,FKKD,26.0,26.0,101.3,000,00
2016-01-25,03:00,FKKD,26.0,25.0,101.3,000,00
2016-01-25,04:00,FKKD,26.0,25.0,101.3,150,01
2016-01-25,05:00,FKKD,26.0,25.0,101.4,150,01
2016-01-25,06:00,FKKD,26.0,25.0,101.3,080,01
2016-01-25,07:00,FKKD,26.0,25.0,101.4,000,00
2016-01-25,08:00,FKKD,29.0,25.0,101.5,150,01
2016-01-25,09:00,FKKD,30.0,25.0,101.5,170,06
2016-01-25,10:00,FKKD,31.0,24.0,101.4,140,05
2016-01-25,11:00,FKKD,32.0,25.0,101.3,190,01
2016-01-25,12:00,FKKD,33.0,24.0,101.2,200,02
2016-01-25,13:00,FKKD,33.0,25.0,101.2,280,05
2016-01-25,14:00,FKKD,33.0,25.0,101.1,250,08
2016-01-25,15:00,FKKD,32.0,25.0,101.1,260,08
2016-01-25,16:00,FKKD,31.0,26.0,101.0,270,08
2016-01-25,17:00,FKKD,30.0,25.0,101.0,250,04
2016-01-25,18:00,FKKD,29.0,26.0,101.1,220,06
2016-01-25,19:00,FKKD,29.0,26.0,101.1,000,00
2016-01-25,20:00,FKKD,28.0,26.0,101.3,000,00
2016-01-25,21:00,FKKD,28.0,26.0,101.4,000,00
2016-01-25,22:00,FKKD,27.0,26.0,101.4,000,00
2016-01-25,23:00,FKKD,27.0,26.0,101.4,180,03
2016-01-26,00:00,FKKD,28.0,26.0,101.4,000,00
2016-01-26,01:00,FKKD,27.0,26.0,101.3,140,02
2016-01-26,02:00,FKKD,27.0,26.0,101.3,000,00
2016-01-26,03:00,FKKD,26.0,26.0,101.3,000,00
2016-01-26,04:00,FKKD,26.0,23.0,101.3,010,02
2016-01-26,05:00,FKKD,25.0,24.0,101.3,000,00
2016-01-26,06:00,FKKD,25.0,24.0,101.4,000,00
2016-01-26,07:00,FKKD,26.0,25.0,101.4,160,03
2016-01-26,08:00,FKKD,28.0,25.0,101.5,150,03
2016-01-26,09:00,FKKD,29.0,25.0,101.5,000,00
2016-01-26,10:00,FKKD,30.0,25.0,101.5,000,00
2016-01-26,11:00,FKKD,32.0,24.0,101.4,220,06
2016-01-26,12:00,FKKD,33.0,24.0,101.4,260,06
2016-01-26,13:00,FKKD,33.0,24.0,101.3,230,08
2016-01-26,14:00,FKKD,33.0,24.0,101.1,240,07
2016-01-26,15:00,FKKD,32.0,25.0,101.1,250,08
2016-01-26,16:00,FKKD,31.0,25.0,101.1,260,09
2016-01-26,17:00,FKKD,30.0,26.0,101.1,280,07
2016-01-26,18:00,FKKD,29.0,25.0,101.2,280,05
2016-01-26,19:00,FKKD,29.0,25.0,101.3,280,05
2016-01-26,20:00,FKKD,29.0,25.0,101.4,280,04
2016-01-26,21:00,FKKD,28.0,25.0,101.4,000,00
2016-01-26,22:00,FKKD,27.0,25.0,101.4,000,00
2016-01-26,23:00,FKKD,27.0,25.0,101.4,000,00
2016-01-27,00:00,FKKD,27.0,25.0,101.4,000,00
2016-01-27,01:00,FKKD,27.0,25.0,101.3,000,00
2016-01-27,02:00,FKKD,26.0,25.0,101.3,000,00
2016-01-27,03:00,FKKD,26.0,25.0,101.3,000,00
2016-01-27,04:00,FKKD,26.0,25.0,101.3,000,00
2016-01-27,05:00,FKKD,26.0,25.0,101.3,000,00
2016-01-27,06:00,FKKD,26.0,25.0,101.3,000,00
2016-01-27,07:00,FKKD,27.0,24.0,101.4,090,04
2016-01-27,08:00,FKKD,28.0,23.0,101.5,000,00
2016-01-27,09:00,FKKD,30.0,23.0,101.5,000,00
2016-01-27,10:00,FKKD,32.0,23.0,101.4,000,00
2016-01-27,11:00,FKKD,32.0,23.0,101.3,220,02
2016-01-27,12:00,FKKD,34.0,21.0,101.3,290,01
2016-01-27,13:00,FKKD,34.0,23.0,101.1,200,05
2016-01-27,14:00,FKKD,34.0,21.0,101.0,220,06
2016-01-27,15:00,FKKD,33.0,23.0,100.9,260,10
2016-01-27,16:00,FKKD,32.0,26.0,100.9,240,07
2016-01-27,17:00,FKKD,30.0,25.0,100.9,250,05
2016-01-27,18:00,FKKD,29.0,25.0,101.0,280,04
2016-01-27,19:00,FKKD,28.0,26.0,101.1,230,02
2016-01-27,20:00,FKKD,28.0,26.0,101.2,240,01
2016-01-27,21:00,FKKD,28.0,26.0,101.2,260,01
2016-01-27,22:00,FKKD,27.0,26.0,101.3,000,00
2016-01-27,23:00,FKKD,27.0,26.0,101.3,000,00
2016-01-28,00:00,FKKD,26.0,26.0,101.2,000,00
2016-01-28,01:00,FKKD,26.0,25.0,101.2,000,00
2016-01-28,02:00,FKKD,26.0,25.0,101.1,000,00
2016-01-28,03:00,FKKD,26.0,25.0,101.1,000,00
2016-01-28,04:00,FKKD,26.0,25.0,101.1,140,02
2016-01-28,05:00,FKKD,26.0,25.0,101.2,000,00
2016-01-28,06:00,FKKD,26.0,25.0,101.2,000,00
2016-01-28,07:00,FKKD,26.0,25.0,101.4,000,00
2016-01-28,08:00,FKKD,28.0,25.0,101.4,130,04
2016-01-28,09:00,FKKD,30.0,25.0,101.4,090,03
2016-01-28,10:00,FKKD,31.0,24.0,101.4,140,04
2016-01-28,11:00,FKKD,32.0,24.0,101.3,090,03
2016-01-28,12:00,FKKD,33.0,23.0,101.1,100,03
2016-01-28,13:00,FKKD,35.0,21.0,101.0,140,03
2016-01-28,14:00,FKKD,35.0,22.0,100.8,280,04
2016-01-28,15:00,FKKD,34.0,23.0,100.7,260,04
2016-01-28,16:00,FKKD,33.0,24.0,100.7,250,05
2016-01-28,17:00,FKKD,31.0,25.0,100.8,250,05
2016-01-28,18:00,FKKD,29.0,26.0,100.8,270,03
2016-01-28,19:00,FKKD,29.0,26.0,100.9,270,02
2016-01-28,20:00,FKKD,28.0,25.0,101.0,000,00
2016-01-28,21:00,FKKD,27.0,26.0,101.1,000,00
2016-01-28,22:00,FKKD,27.0,26.0,101.1,000,00
2016-01-28,23:00,FKKD,27.0,26.0,101.1,000,00
2016-01-29,00:00,FKKD,26.0,26.0,101.0,000,00
2016-01-29,01:00,FKKD,26.0,26.0,101.0,000,00
2016-01-29,02:00,FKKD,26.0,25.0,101.0,110,02
2016-01-29,03:00,FKKD,25.0,24.0,101.0,170,02
2016-01-29,04:00,FKKD,25.0,24.0,101.0,150,01
2016-01-29,05:00,FKKD,25.0,24.0,101.1,000,00
2016-01-29,06:00,FKKD,24.0,24.0,101.1,000,00
2016-01-29,07:00,FKKD,25.0,24.0,101.2,130,02
2016-01-29,08:00,FKKD,26.0,24.0,101.3,150,01
2016-01-29,09:00,FKKD,29.0,23.0,101.3,130,02
2016-01-29,10:00,FKKD,31.0,23.0,101.2,000,00
2016-01-29,11:00,FKKD,32.0,24.0,101.1,170,03
2016-01-29,12:00,FKKD,34.0,23.0,101.0,180,04
2016-01-29,13:00,FKKD,34.0,15.0,100.8,200,02
2016-01-29,14:00,FKKD,36.0,14.0,100.8,200,03
2016-01-29,15:00,FKKD,34.0,19.0,100.7,290,05
2016-01-29,16:00,FKKD,33.0,20.0,100.7,270,04
2016-01-29,17:00,FKKD,31.0,23.0,100.7,270,05
2016-01-29,18:00,FKKD,29.0,24.0,100.8,270,03
2016-01-29,19:00,FKKD,28.0,25.0,100.9,300,02
2016-01-29,20:00,FKKD,28.0,25.0,101.0,290,01
2016-01-29,21:00,FKKD,26.0,24.0,101.1,000,00
2016-01-29,22:00,FKKD,26.0,24.0,101.1,000,00
2016-01-29,22:30,FKKD,26.0,23.0,101.1,020,02
2016-01-29,23:00,FKKD,26.0,23.0,101.1,020,02
2016-01-30,00:00,FKKD,25.0,23.0,101.1,000,00
2016-01-30,01:00,FKKD,24.0,23.0,101.0,000,00
2016-01-30,02:00,FKKD,24.0,23.0,101.0,170,02
2016-01-30,03:00,FKKD,24.0,23.0,101.0,000,00
2016-01-30,04:00,FKKD,24.0,23.0,101.0,140,01
2016-01-30,05:00,FKKD,24.0,23.0,101.1,000,00
2016-01-30,06:00,FKKD,23.0,22.0,101.1,000,00
2016-01-30,07:00,FKKD,24.0,22.0,101.2,120,01
2016-01-30,08:00,FKKD,26.0,22.0,101.3,120,02
2016-01-30,09:00,FKKD,28.0,22.0,101.3,000,00
2016-01-30,10:00,FKKD,30.0,21.0,101.2,160,04
2016-01-30,11:00,FKKD,32.0,21.0,101.1,160,02
2016-01-30,12:00,FKKD,33.0,17.0,101.0,240,02
2016-01-30,13:00,FKKD,34.0,16.0,100.9,220,06
2016-01-30,14:00,FKKD,35.0,18.0,100.8,280,06
2016-01-30,15:00,FKKD,34.0,17.0,100.8,280,06
2016-01-30,16:00,FKKD,33.0,19.0,100.8,270,06
2016-01-30,17:00,FKKD,31.0,20.0,100.9,250,05
2016-01-30,18:00,FKKD,29.0,23.0,100.9,250,03
2016-01-30,19:00,FKKD,28.0,24.0,101.0,280,03
2016-01-30,20:00,FKKD,27.0,24.0,101.1,000,00
2016-01-30,21:00,FKKD,26.0,24.0,101.1,000,00
2016-01-30,22:00,FKKD,25.0,24.0,101.1,000,00
2016-01-30,23:00,FKKD,25.0,24.0,101.1,000,00
2016-01-31,00:00,FKKD,25.0,24.0,101.0,000,00
2016-01-31,01:00,FKKD,25.0,24.0,101.0,000,00
2016-01-31,02:00,FKKD,25.0,24.0,101.0,160,02
2016-01-31,03:00,FKKD,24.0,23.0,101.0,000,00
2016-01-31,04:00,FKKD,24.0,23.0,101.0,000,00
2016-01-31,05:00,FKKD,24.0,23.0,101.1,000,00
2016-01-31,06:00,FKKD,24.0,23.0,101.2,090,01
2016-01-31,07:00,FKKD,25.0,23.0,101.3,090,01
2016-01-31,08:00,FKKD,26.0,23.0,101.3,160,02
2016-01-31,09:00,FKKD,27.0,24.0,101.3,100,02
2016-01-31,10:00,FKKD,29.0,24.0,101.3,110,04
2016-01-31,11:00,FKKD,31.0,24.0,101.2,020,02
2016-01-31,13:00,FKKD,33.0,23.0,101.0,280,05
2016-01-31,14:00,FKKD,33.0,18.0,100.9,260,06
2016-01-31,15:00,FKKD,33.0,19.0,100.9,260,06
2016-01-31,16:00,FKKD,32.0,20.0,100.9,260,05
2016-01-31,17:00,FKKD,31.0,21.0,100.9,260,06
2016-01-31,18:00,FKKD,29.0,22.0,101.0,280,04
2016-01-31,19:00,FKKD,29.0,24.0,101.1,260,04
2016-01-31,20:00,FKKD,28.0,24.0,101.2,280,02
2016-01-31,22:00,FKKD,26.0,25.0,101.2,000,00
2016-01-31,23:00,FKKD,26.0,24.0,101.2,000,00
2016-04-01,00:00,FKKD,28.0,26.0,101.0,000,00
2016-04-01,01:00,FKKD,27.0,27.0,100.9,160,03
2016-04-01,02:00,FKKD,27.0,26.0,100.9,280,04
2016-04-01,03:00,FKKD,27.0,26.0,100.9,000,00
2016-04-01,04:00,FKKD,27.0,26.0,100.9,320,02
2016-04-01,05:00,FKKD,27.0,26.0,100.9,000,00
2016-04-01,06:00,FKKD,27.0,26.0,101.0,230,01
2016-04-01,07:00,FKKD,27.0,26.0,101.1,210,03
2016-04-01,08:00,FKKD,29.0,26.0,101.1,330,01
2016-04-01,09:00,FKKD,30.0,26.0,101.1,250,04
2016-04-01,10:00,FKKD,31.0,26.0,101.1,000,00
2016-04-01,11:00,FKKD,31.0,26.0,101.0,240,07
2016-04-01,12:00,FKKD,31.0,26.0,101.0,250,13
2016-04-01,13:00,FKKD,32.0,24.0,100.9,280,09
2016-04-01,14:00,FKKD,32.0,25.0,100.7,240,09
2016-04-01,15:00,FKKD,31.0,26.0,100.7,240,13
2016-04-01,16:00,FKKD,30.0,26.0,100.7,260,08
2016-04-01,17:00,FKKD,29.0,25.0,100.7,230,06
2016-04-01,18:00,FKKD,29.0,26.0,100.8,220,03
2016-04-01,19:00,FKKD,28.0,26.0,100.9,230,02
2016-04-01,20:00,FKKD,28.0,25.0,101.0,210,02
2016-04-01,21:00,FKKD,28.0,26.0,101.0,000,00
2016-04-01,22:00,FKKD,28.0,26.0,101.0,000,00
2016-04-01,23:00,FKKD,27.0,26.0,101.0,000,00
2016-04-02,00:00,FKKD,26.0,25.0,101.0,230,05
2016-04-02,02:00,FKKD,26.0,25.0,100.9,170,02
2016-04-02,03:00,FKKD,25.0,25.0,100.8,150,01
2016-04-02,04:00,FKKD,26.0,25.0,100.8,140,02
2016-04-02,05:00,FKKD,26.0,25.0,100.9,000,00
2016-04-02,06:00,FKKD,26.0,25.0,101.0,100,01
2016-04-02,07:00,FKKD,26.0,25.0,101.0,130,01
2016-04-02,08:00,FKKD,27.0,26.0,101.2,150,01
2016-04-02,09:00,FKKD,28.0,26.0,101.2,180,01
2016-04-02,10:00,FKKD,28.0,26.0,101.2,260,03
2016-04-02,11:00,FKKD,30.0,25.0,101.2,260,08
2016-04-02,13:00,FKKD,32.0,25.0,101.0,240,08
2016-04-02,14:00,FKKD,31.0,25.0,100.9,250,10
2016-04-02,15:00,FKKD,31.0,25.0,100.8,230,09
2016-04-02,16:00,FKKD,30.0,26.0,100.8,230,08
2016-04-02,17:00,FKKD,29.0,26.0,100.8,230,07
2016-04-02,18:00,FKKD,29.0,25.0,100.9,230,05
2016-04-02,19:00,FKKD,28.0,26.0,100.9,190,03
2016-04-02,20:00,FKKD,28.0,26.0,101.1,170,02
2016-04-02,21:00,FKKD,27.0,26.0,101.2,000,00
2016-04-02,22:00,FKKD,27.0,26.0,101.2,120,02
2016-04-02,23:00,FKKD,26.0,26.0,101.1,000,00
2016-04-03,00:00,FKKD,26.0,25.0,101.0,080,01
2016-04-03,02:00,FKKD,25.0,25.0,100.8,000,00
2016-04-03,03:00,FKKD,26.0,25.0,100.9,000,00
2016-04-03,04:00,FKKD,26.0,25.0,100.9,000,00
2016-04-03,05:00,FKKD,26.0,25.0,101.0,000,00
2016-04-03,06:00,FKKD,26.0,25.0,101.0,000,00
2016-04-03,07:00,FKKD,27.0,26.0,101.0,120,02
2016-04-03,08:00,FKKD,29.0,26.0,101.1,180,04
2016-04-03,09:00,FKKD,29.0,26.0,101.1,180,03
2016-04-03,10:00,FKKD,31.0,26.0,101.1,220,04
2016-04-03,11:00,FKKD,32.0,25.0,101.0,240,06
2016-04-03,12:00,FKKD,33.0,25.0,101.0,290,05
2016-04-03,13:00,FKKD,33.0,25.0,100.8,230,07
2016-04-03,14:00,FKKD,33.0,24.0,100.7,270,11
2016-04-03,15:00,FKKD,32.0,26.0,100.7,260,07
2016-04-03,16:00,FKKD,32.0,26.0,100.7,250,08
2016-04-03,17:00,FKKD,30.0,26.0,100.7,280,11
2016-04-03,18:00,FKKD,29.0,26.0,100.8,270,05
2016-04-03,19:00,FKKD,29.0,26.0,100.9,220,03
2016-04-03,20:00,FKKD,29.0,26.0,100.9,250,01
2016-04-03,21:00,FKKD,29.0,26.0,100.9,240,03
2016-04-03,22:00,FKKD,29.0,26.0,101.0,240,02
2016-04-03,23:00,FKKD,28.0,26.0,101.0,000,00
2016-04-04,00:00,FKKD,28.0,26.0,101.0,210,02
2016-04-04,01:00,FKKD,27.0,26.0,101.0,000,00
2016-04-04,02:00,FKKD,27.0,26.0,101.0,280,07
2016-04-04,03:00,FKKD,26.0,25.0,100.9,000,00
2016-04-04,04:00,FKKD,26.0,25.0,101.0,010,02
2016-04-04,05:00,FKKD,26.0,25.0,101.1,330,03
2016-04-04,06:00,FKKD,26.0,25.0,101.1,010,02
2016-04-04,07:00,FKKD,26.0,25.0,101.1,020,02
2016-04-04,08:00,FKKD,27.0,26.0,101.2,030,02
2016-04-04,09:00,FKKD,27.0,24.0,101.2,070,04
2016-04-04,10:00,FKKD,28.0,25.0,101.1,090,03
2016-04-04,11:00,FKKD,31.0,26.0,101.1,280,05
2016-04-04,12:00,FKKD,31.0,26.0,101.1,330,04
2016-04-04,13:00,FKKD,32.0,26.0,100.9,250,04
2016-04-04,14:00,FKKD,32.0,26.0,100.8,270,08
2016-04-04,15:00,FKKD,32.0,26.0,100.8,250,08
2016-04-04,16:00,FKKD,31.0,26.0,100.8,250,07
2016-04-04,17:00,FKKD,30.0,26.0,100.8,270,06
2016-04-04,18:00,FKKD,30.0,26.0,100.9,240,03
2016-04-04,19:00,FKKD,29.0,26.0,101.0,290,04
2016-04-04,20:00,FKKD,29.0,27.0,101.0,260,03
2016-04-04,21:00,FKKD,28.0,27.0,101.0,330,02
2016-04-04,22:00,FKKD,27.0,26.0,101.0,000,00
2016-04-04,23:00,FKKD,27.0,26.0,100.9,000,00
2016-04-05,00:00,FKKD,27.0,26.0,100.9,000,00
2016-04-05,01:00,FKKD,26.0,26.0,100.9,000,00
2016-04-05,02:00,FKKD,27.0,26.0,100.9,100,01
2016-04-05,03:00,FKKD,27.0,26.0,100.9,000,00
2016-04-05,04:00,FKKD,26.0,26.0,100.8,000,00
2016-04-05,05:00,FKKD,26.0,26.0,100.9,000,00
2016-04-05,06:00,FKKD,26.0,25.0,101.0,040,02
2016-04-05,07:00,FKKD,27.0,26.0,101.1,000,00
2016-04-05,08:00,FKKD,30.0,26.0,101.1,000,00
2016-04-05,09:00,FKKD,31.0,26.0,101.1,000,00
2016-04-05,10:00,FKKD,32.0,25.0,101.1,240,04
2016-04-05,11:00,FKKD,33.0,25.0,101.0,250,09
2016-04-05,12:00,FKKD,33.0,26.0,100.9,250,08
2016-04-05,14:00,FKKD,30.0,25.0,100.7,210,06
2016-04-05,15:00,FKKD,29.0,27.0,100.6,200,04
2016-04-05,16:00,FKKD,29.0,27.0,100.6,220,05
2016-04-05,17:00,FKKD,29.0,27.0,100.7,220,06
2016-04-05,18:00,FKKD,29.0,25.0,100.7,280,04
2016-04-05,19:00,FKKD,29.0,26.0,100.8,260,04
2016-04-05,20:00,FKKD,29.0,25.0,100.8,230,09
2016-04-05,21:00,FKKD,27.0,27.0,100.9,000,00
2016-04-05,22:00,FKKD,27.0,26.0,100.9,000,00
2016-04-05,23:00,FKKD,27.0,27.0,100.9,110,01
2016-04-06,00:00,FKKD,27.0,27.0,100.9,000,00
2016-04-06,01:00,FKKD,27.0,26.0,100.9,000,00
2016-04-06,02:00,FKKD,27.0,26.0,100.6,080,02
2016-04-06,03:00,FKKD,26.0,26.0,100.7,000,00
2016-04-06,04:00,FKKD,26.0,26.0,100.7,000,00
2016-04-06,05:00,FKKD,26.0,26.0,100.8,080,02
2016-04-06,06:00,FKKD,26.0,25.0,100.8,000,00
2016-04-06,07:00,FKKD,27.0,24.0,100.9,000,00
2016-04-06,08:00,FKKD,27.0,26.0,101.0,160,02
2016-04-06,09:00,FKKD,28.0,26.0,101.0,190,04
2016-04-06,10:00,FKKD,28.0,26.0,101.0,250,05
2016-04-06,11:00,FKKD,27.0,25.0,101.0,260,07
2016-04-06,12:00,FKKD,27.0,25.0,101.0,140,14
2016-04-06,13:00,FKKD,23.0,22.0,100.9,000,00
2016-04-06,14:00,FKKD,24.0,22.0,100.9,010,02
2016-04-06,15:00,FKKD,24.0,23.0,100.8,020,03
2016-04-06,16:00,FKKD,25.0,23.0,100.7,350,01
2016-04-06,17:00,FKKD,25.0,23.0,100.7,030,03
2016-04-06,18:00,FKKD,24.0,23.0,100.7,010,02
2016-04-06,19:00,FKKD,24.0,23.0,100.8,000,00
2016-04-06,20:00,FKKD,24.0,24.0,100.9,000,00
2016-04-06,21:00,FKKD,24.0,23.0,101.0,000,00
2016-04-06,22:00,FKKD,24.0,23.0,101.1,140,02
2016-04-06,23:00,FKKD,24.0,23.0,101.1,140,02
2016-04-07,00:00,FKKD,24.0,23.0,101.1,150,01
2016-04-07,01:00,FKKD,24.0,23.0,101.1,000,00
2016-04-07,02:00,FKKD,24.0,23.0,101.0,000,00
2016-04-07,03:00,FKKD,24.0,23.0,101.0,000,00
2016-04-07,04:00,FKKD,24.0,23.0,101.0,000,00
2016-04-07,05:00,FKKD,24.0,24.0,101.0,000,00
2016-04-07,06:00,FKKD,24.0,24.0,101.1,000,00
2016-04-07,07:00,FKKD,25.0,24.0,101.2,150,02
2016-04-07,08:00,FKKD,26.0,24.0,101.3,150,03
2016-04-07,10:00,FKKD,29.0,24.0,101.3,160,05
2016-04-07,11:00,FKKD,30.0,25.0,101.2,150,04
2016-04-07,12:00,FKKD,31.0,24.0,101.2,300,07
2016-04-07,13:00,FKKD,33.0,24.0,101.0,240,04
2016-04-07,14:00,FKKD,33.0,23.0,100.9,270,02
2016-04-07,15:00,FKKD,33.0,23.0,100.8,240,08
2016-04-07,16:00,FKKD,32.0,24.0,100.7,260,09
2016-04-07,17:00,FKKD,31.0,23.0,100.7,280,09
2016-04-07,18:00,FKKD,29.0,24.0,100.8,280,06
2016-04-07,19:00,FKKD,28.0,25.0,101.0,220,02
2016-04-07,20:00,FKKD,27.0,25.0,101.0,160,01
2016-04-07,21:00,FKKD,26.0,25.0,101.0,000,00
2016-04-07,22:00,FKKD,26.0,25.0,101.0,140,02
2016-04-07,23:00,FKKD,26.0,25.0,101.1,000,00
2016-04-08,01:00,FKKD,26.0,25.0,101.0,000,00
2016-04-08,02:00,FKKD,25.0,24.0,101.0,000,00
2016-04-08,03:00,FKKD,26.0,25.0,101.0,000,00
2016-04-08,04:00,FKKD,25.0,25.0,101.0,000,00
2016-04-08,05:00,FKKD,25.0,24.0,101.0,000,00
2016-04-08,06:00,FKKD,25.0,24.0,101.1,000,00
2016-04-08,07:00,FKKD,27.0,25.0,101.1,000,00
2016-04-08,08:00,FKKD,29.0,25.0,101.2,000,00
2016-04-08,09:00,FKKD,31.0,25.0,101.2,180,02
2016-04-08,10:00,FKKD,33.0,25.0,101.2,260,03
2016-04-08,11:00,FKKD,33.0,24.0,101.1,250,06
2016-04-08,12:00,FKKD,33.0,25.0,101.0,260,04
2016-04-08,13:00,FKKD,33.0,24.0,100.9,260,09
2016-04-08,14:00,FKKD,33.0,25.0,100.8,250,10
2016-04-08,15:00,FKKD,32.0,24.0,100.8,240,09
2016-04-08,16:00,FKKD,32.0,25.0,100.8,260,12
2016-04-08,17:00,FKKD,32.0,25.0,100.8,270,12
2016-04-08,18:00,FKKD,30.0,26.0,100.8,260,06
2016-04-08,19:00,FKKD,29.0,26.0,100.9,250,05
2016-04-08,20:00,FKKD,29.0,26.0,100.9,240,02
2016-04-08,21:00,FKKD,29.0,26.0,101.0,000,00
2016-04-08,22:00,FKKD,28.0,26.0,101.0,210,01
2016-04-08,23:00,FKKD,27.0,26.0,101.1,160,01
2016-04-09,00:00,FKKD,27.0,26.0,101.0,140,02
2016-04-09,01:00,FKKD,27.0,26.0,101.0,150,02
2016-04-09,02:00,FKKD,27.0,26.0,100.9,000,00
2016-04-09,03:00,FKKD,27.0,26.0,100.9,000,00
2016-04-09,04:00,FKKD,27.0,26.0,101.0,080,01
2016-04-09,05:00,FKKD,27.0,26.0,101.0,000,00
2016-04-09,06:00,FKKD,27.0,26.0,101.1,000,00
2016-04-09,07:00,FKKD,29.0,26.0,101.2,000,00
2016-04-09,08:00,FKKD,30.0,26.0,101.2,350,01
2016-04-09,09:00,FKKD,31.0,25.0,101.2,330,04
2016-04-09,10:00,FKKD,32.0,25.0,101.2,350,05
2016-04-09,12:00,FKKD,33.0,25.0,101.0,260,08
2016-04-09,13:00,FKKD,34.0,25.0,100.8,270,04
2016-04-09,14:00,FKKD,33.0,24.0,100.7,260,11
2016-04-09,15:00,FKKD,32.0,25.0,100.7,260,13
2016-04-09,16:00,FKKD,32.0,25.0,100.6,250,19
2016-04-09,17:00,FKKD,30.0,25.0,100.6,270,07
2016-04-09,18:00,FKKD,30.0,25.0,100.7,240,02
2016-04-09,19:00,FKKD,29.0,26.0,100.8,270,06
2016-04-09,20:00,FKKD,29.0,26.0,100.9,240,03
2016-04-09,21:00,FKKD,29.0,26.0,100.9,270,02
2016-04-09,22:00,FKKD,29.0,26.0,101.0,000,00
2016-04-09,23:00,FKKD,27.0,26.0,101.0,090,02
2016-04-10,00:00,FKKD,28.0,26.0,101.0,090,02
2016-04-10,01:00,FKKD,27.0,26.0,100.9,120,03
2016-04-10,02:00,FKKD,27.0,25.0,100.9,070,02
2016-04-10,03:00,FKKD,27.0,25.0,100.9,000,00
2016-04-10,04:00,FKKD,26.0,25.0,100.9,150,02
2016-04-10,05:00,FKKD,26.0,25.0,100.9,140,02
2016-04-10,06:00,FKKD,27.0,25.0,101.0,110,02
2016-04-10,07:00,FKKD,28.0,26.0,101.0,120,03
2016-04-10,08:00,FKKD,30.0,26.0,101.1,190,03
2016-04-10,09:00,FKKD,30.0,26.0,101.1,180,05
2016-04-10,10:00,FKKD,31.0,26.0,101.1,170,05
2016-04-10,11:00,FKKD,32.0,25.0,101.1,200,04
2016-04-10,12:00,FKKD,32.0,25.0,101.0,200,07
2016-04-10,13:00,FKKD,33.0,26.0,100.8,250,10
2016-04-10,14:00,FKKD,32.0,25.0,100.8,240,10
2016-04-10,15:00,FKKD,32.0,26.0,100.7,290,10
2016-04-10,16:00,FKKD,30.0,25.0,100.7,240,06
2016-04-10,17:00,FKKD,30.0,25.0,100.8,260,03
2016-04-10,18:00,FKKD,28.0,24.0,100.9,020,03
2016-04-10,19:00,FKKD,27.0,24.0,101.0,000,00
2016-04-10,20:00,FKKD,27.0,24.0,101.0,060,02
2016-04-10,21:00,FKKD,27.0,24.0,101.1,090,03
2016-04-10,22:00,FKKD,26.0,24.0,101.1,000,00
2016-04-10,23:00,FKKD,26.0,24.0,101.1,000,00
2016-04-11,00:00,FKKD,25.0,24.0,101.1,000,00
2016-04-11,01:00,FKKD,25.0,24.0,101.0,000,00
2016-04-11,02:00,FKKD,25.0,24.0,101.0,000,00
2016-04-11,03:00,FKKD,25.0,24.0,101.0,000,00
2016-04-11,04:00,FKKD,25.0,24.0,101.0,030,02
2016-04-11,05:00,FKKD,25.0,24.0,101.0,050,03
2016-04-11,06:00,FKKD,25.0,24.0,101.1,060,02
2016-04-11,07:00,FKKD,26.0,25.0,101.2,090,04
2016-04-11,08:00,FKKD,28.0,25.0,101.2,120,03
2016-04-11,09:00,FKKD,30.0,25.0,101.2,050,02
2016-04-11,10:00,FKKD,31.0,25.0,101.1,330,03
2016-04-11,11:00,FKKD,33.0,24.0,101.0,270,06
2016-04-11,12:00,FKKD,34.0,24.0,100.9,280,09
2016-04-11,13:00,FKKD,33.0,23.0,100.9,280,06
2016-04-11,14:00,FKKD,34.0,24.0,100.8,260,10
2016-04-11,15:00,FKKD,33.0,24.0,100.7,240,08
2016-04-11,16:00,FKKD,32.0,25.0,100.7,260,10
2016-04-11,18:00,FKKD,30.0,25.0,100.8,260,06
2016-04-11,19:00,FKKD,29.0,26.0,100.9,220,06
2016-04-11,20:00,FKKD,29.0,26.0,100.9,250,05
2016-04-11,21:00,FKKD,30.0,26.0,101.0,240,02
2016-04-11,22:00,FKKD,29.0,27.0,101.1,210,03
2016-04-11,23:00,FKKD,29.0,27.0,101.1,200,02
2016-04-12,00:00,FKKD,29.0,27.0,101.1,280,01
2016-04-12,01:00,FKKD,25.0,24.0,101.0,000,00
2016-04-12,02:00,FKKD,25.0,23.0,101.1,320,02
2016-04-12,03:00,FKKD,24.0,24.0,101.1,330,03
2016-04-12,04:00,FKKD,25.0,24.0,101.1,000,00
2016-04-12,05:00,FKKD,25.0,23.0,101.2,060,02
2016-04-12,07:00,FKKD,23.0,22.0,101.4,100,02
2016-04-12,08:00,FKKD,24.0,23.0,101.4,250,04
2016-04-12,09:00,FKKD,24.0,23.0,101.3,260,04
2016-04-12,10:00,FKKD,24.0,23.0,101.0,260,04
2016-04-12,11:00,FKKD,25.0,24.0,101.0,120,04
2016-04-12,12:00,FKKD,28.0,23.0,101.0,100,03
2016-04-12,13:00,FKKD,28.0,23.0,101.0,170,03
2016-04-12,14:00,FKKD,28.0,23.0,100.9,180,04
2016-04-12,15:00,FKKD,29.0,24.0,100.8,210,03
2016-04-12,16:00,FKKD,28.0,23.0,100.9,240,03
2016-04-12,17:00,FKKD,28.0,23.0,100.8,000,00
2016-04-12,18:00,FKKD,26.0,24.0,100.9,000,00
2016-04-12,19:00,FKKD,25.0,24.0,100.9,000,00
2016-04-12,20:00,FKKD,25.0,24.0,101.0,000,00
2016-04-12,21:00,FKKD,25.0,24.0,101.0,000,00
2016-04-12,22:00,FKKD,24.0,24.0,101.0,000,00
2016-04-12,23:00,FKKD,24.0,24.0,101.0,000,00
2016-04-13,00:00,FKKD,24.0,24.0,101.0,000,00
2016-04-13,01:00,FKKD,24.0,24.0,100.9,000,00
2016-04-13,02:00,FKKD,24.0,24.0,100.9,000,00
2016-04-13,04:00,FKKD,24.0,23.0,100.9,000,00
2016-04-13,05:00,FKKD,24.0,23.0,100.9,000,00
2016-04-13,06:00,FKKD,24.0,24.0,100.9,000,00
2016-04-13,07:00,FKKD,25.0,24.0,101.0,000,00
2016-04-13,08:00,FKKD,27.0,25.0,101.0,140,02
2016-04-13,09:00,FKKD,30.0,26.0,101.1,130,02
2016-04-13,10:00,FKKD,31.0,25.0,101.0,220,02
2016-04-13,11:00,FKKD,32.0,25.0,100.9,130,02
2016-04-13,12:00,FKKD,33.0,24.0,100.8,170,03
2016-04-13,13:00,FKKD,34.0,25.0,100.7,280,08
2016-04-13,14:00,FKKD,35.0,25.0,100.7,290,05
2016-04-13,15:00,FKKD,33.0,24.0,100.6,250,10
2016-04-13,16:00,FKKD,33.0,24.0,100.6,270,07
2016-04-13,18:00,FKKD,30.0,25.0,100.6,250,05
2016-04-13,19:00,FKKD,29.0,26.0,100.7,260,02
2016-04-13,20:00,FKKD,28.0,26.0,100.7,000,00
2016-04-13,21:00,FKKD,28.0,26.0,100.7,000,00
2016-04-13,22:00,FKKD,28.0,26.0,100.8,000,00
2016-04-13,23:00,FKKD,28.0,26.0,100.8,300,02
2016-04-14,00:00,FKKD,28.0,26.0,100.8,340,01
2016-04-14,01:00,FKKD,28.0,26.0,100.7,350,01
2016-04-14,02:00,FKKD,27.0,26.0,100.7,000,00
2016-04-14,03:00,FKKD,28.0,27.0,100.7,000,00
2016-04-14,04:00,FKKD,27.0,26.0,100.7,000,00
2016-04-14,05:00,FKKD,27.0,26.0,100.8,000,00
2016-04-14,06:00,FKKD,27.0,26.0,100.8,060,02
2016-04-14,07:00,FKKD,28.0,26.0,100.9,100,02
2016-04-14,08:00,FKKD,30.0,26.0,100.9,210,04
2016-04-14,09:00,FKKD,31.0,26.0,100.9,280,03
2016-04-14,10:00,FKKD,32.0,26.0,100.9,230,04
2016-04-14,11:00,FKKD,32.0,25.0,100.8,270,02
2016-04-14,12:00,FKKD,33.0,26.0,100.7,260,14
2016-04-14,13:00,FKKD,33.0,27.0,100.6,270,09
2016-04-14,14:00,FKKD,32.0,26.0,100.6,270,14
2016-04-14,15:00,FKKD,32.0,26.0,100.5,250,13
2016-04-14,16:00,FKKD,31.0,26.0,100.5,250,12
2016-04-14,17:00,FKKD,30.0,26.0,100.6,270,08
2016-04-14,18:00,FKKD,30.0,26.0,100.6,240,04
2016-04-14,19:00,FKKD,29.0,26.0,100.7,250,05
2016-04-14,21:00,FKKD,23.0,24.0,100.9,180,02
2016-04-14,22:00,FKKD,23.0,22.0,101.0,330,01
2016-04-14,23:00,FKKD,23.0,22.0,101.0,000,00
2016-04-15,01:00,FKKD,24.0,23.0,100.9,000,00
2016-04-15,02:00,FKKD,24.0,23.0,100.9,000,00
2016-04-15,03:00,FKKD,24.0,23.0,101.0,090,02
2016-04-15,04:00,FKKD,24.0,23.0,101.0,000,00
2016-04-15,05:00,FKKD,24.0,23.0,101.0,100,04
2016-04-15,06:00,FKKD,24.0,23.0,100.9,280,02
2016-04-15,07:00,FKKD,24.0,23.0,101.0,060,02
2016-04-15,09:00,FKKD,26.0,24.0,101.0,120,02
2016-04-15,10:00,FKKD,27.0,24.0,101.1,000,00
2016-04-15,11:00,FKKD,28.0,24.0,101.0,100,01
2016-04-15,12:00,FKKD,29.0,24.0,100.9,230,01
2016-04-15,13:00,FKKD,29.0,24.0,100.8,000,00
2016-04-15,14:00,FKKD,29.0,24.0,100.7,130,02
2016-04-15,15:00,FKKD,29.0,25.0,100.7,200,06
2016-04-15,16:00,FKKD,28.0,25.0,100.7,180,06
2016-04-15,17:00,FKKD,28.0,24.0,100.8,220,03
2016-04-15,18:00,FKKD,27.0,25.0,100.8,170,02
2016-04-15,19:00,FKKD,26.0,25.0,100.8,000,00
2016-04-15,20:00,FKKD,25.0,25.0,100.9,000,00
2016-04-15,21:00,FKKD,25.0,25.0,101.0,000,00
2016-04-15,22:00,FKKD,25.0,25.0,101.0,050,02
2016-04-15,23:00,FKKD,26.0,25.0,101.0,000,00
2016-04-16,00:00,FKKD,25.0,25.0,100.9,000,00
2016-04-16,01:00,FKKD,25.0,24.0,100.9,000,00
2016-04-16,02:00,FKKD,25.0,24.0,100.9,000,00
2016-04-16,03:00,FKKD,25.0,24.0,101.0,110,01
2016-04-16,04:00,FKKD,24.0,24.0,101.0,000,00
2016-04-16,05:00,FKKD,24.0,24.0,101.1,150,02
2016-04-16,06:00,FKKD,25.0,24.0,101.1,160,02
2016-04-16,07:00,FKKD,26.0,24.0,101.2,170,02
2016-04-16,08:00,FKKD,29.0,25.0,101.3,170,02
2016-04-16,09:00,FKKD,30.0,25.0,101.3,340,02
2016-04-16,10:00,FKKD,31.0,25.0,101.2,340,05
2016-04-16,11:00,FKKD,32.0,26.0,101.2,250,03
2016-04-16,12:00,FKKD,33.0,26.0,101.2,320,03
2016-04-16,13:00,FKKD,33.0,25.0,101.0,280,05
2016-04-16,14:00,FKKD,33.0,25.0,100.9,260,08
2016-04-16,15:00,FKKD,33.0,25.0,100.8,260,08
2016-04-16,16:00,FKKD,31.0,25.0,100.7,260,10
2016-04-16,17:00,FKKD,30.0,26.0,100.7,270,07
2016-04-16,18:00,FKKD,29.0,26.0,100.9,280,06
2016-04-16,19:00,FKKD,29.0,26.0,101.0,260,04
2016-04-16,20:00,FKKD,29.0,26.0,101.1,260,03
2016-04-16,21:00,FKKD,28.0,26.0,101.1,000,00
2016-04-16,22:00,FKKD,27.0,26.0,101.1,000,00
2016-04-16,23:00,FKKD,27.0,26.0,101.2,000,00
2016-04-17,00:00,FKKD,27.0,26.0,101.2,180,02
2016-04-17,00:58,FKKD,27.0,26.0,101.1,120,03
2016-04-17,01:00,FKKD,27.0,26.0,101.1,000,00
2016-04-17,03:00,FKKD,26.0,25.0,101.1,280,12
2016-04-17,04:00,FKKD,25.0,24.0,101.1,330,02
2016-04-17,05:00,FKKD,24.0,24.0,101.1,140,02
2016-04-17,06:00,FKKD,24.0,24.0,101.1,150,01
2016-04-17,08:00,FKKD,28.0,26.0,101.4,150,03
2016-04-17,09:00,FKKD,29.0,26.0,101.4,140,02
2016-04-17,10:00,FKKD,28.0,26.0,101.4,160,06
2016-04-17,11:00,FKKD,26.0,24.0,101.4,230,04
2016-04-17,13:00,FKKD,26.0,25.0,101.2,160,05
2016-04-17,14:00,FKKD,26.0,25.0,101.2,180,04
2016-04-17,15:00,FKKD,26.0,25.0,101.2,200,04
2016-04-17,16:00,FKKD,26.0,25.0,101.3,130,03
2016-04-17,17:00,FKKD,26.0,25.0,101.3,000,00
2016-04-17,18:00,FKKD,26.0,24.0,101.2,000,00
2016-04-17,19:00,FKKD,26.0,24.0,101.2,090,04
2016-04-17,20:00,FKKD,26.0,24.0,101.2,060,01
2016-04-17,21:00,FKKD,25.0,24.0,101.2,000,00
2016-04-17,22:00,FKKD,25.0,24.0,101.2,130,01
2016-04-17,23:00,FKKD,24.0,24.0,101.2,070,01
2016-04-18,00:00,FKKD,24.0,24.0,101.2,000,00
2016-04-18,01:00,FKKD,24.0,23.0,101.1,000,00
2016-04-18,02:00,FKKD,24.0,23.0,101.1,150,02
2016-04-18,04:00,FKKD,24.0,24.0,101.1,000,00
2016-04-18,05:00,FKKD,24.0,23.0,101.2,000,00
2016-04-18,06:00,FKKD,24.0,23.0,101.3,000,00
2016-04-18,07:00,FKKD,24.0,23.0,101.4,000,00
2016-04-18,08:00,FKKD,26.0,25.0,101.5,000,00
2016-04-18,09:00,FKKD,29.0,25.0,101.5,220,02
2016-04-18,10:00,FKKD,30.0,24.0,101.4,280,04
2016-04-18,11:00,FKKD,31.0,25.0,101.3,290,03
2016-04-18,12:00,FKKD,32.0,24.0,101.3,240,06
2016-04-18,13:00,FKKD,31.0,25.0,101.2,280,06
2016-04-18,14:00,FKKD,32.0,24.0,101.1,280,04
2016-04-18,15:00,FKKD,32.0,24.0,101.0,240,08
2016-04-18,16:00,FKKD,31.0,24.0,101.0,210,05
2016-04-18,17:00,FKKD,30.0,24.0,100.9,240,06
2016-04-18,18:00,FKKD,29.0,25.0,101.0,240,02
2016-04-18,19:00,FKKD,27.0,26.0,101.0,000,00
2016-04-18,20:00,FKKD,27.0,25.0,101.1,000,00
2016-04-18,21:00,FKKD,26.0,26.0,101.2,000,00
2016-04-18,22:00,FKKD,26.0,26.0,101.2,000,00
2016-04-18,23:00,FKKD,27.0,26.0,101.2,000,00
2016-04-19,00:00,FKKD,26.0,25.0,101.2,140,02
2016-04-19,01:00,FKKD,26.0,25.0,101.2,100,02
2016-04-19,02:00,FKKD,26.0,25.0,101.2,160,02
2016-04-19,03:00,FKKD,26.0,25.0,101.1,000,00
2016-04-19,04:00,FKKD,26.0,25.0,101.1,000,00
2016-04-19,05:00,FKKD,26.0,25.0,101.2,000,00
2016-04-19,06:00,FKKD,26.0,25.0,101.2,100,01
2016-04-19,07:00,FKKD,26.0,25.0,101.3,000,00
2016-04-19,08:00,FKKD,29.0,26.0,101.3,000,00
2016-04-19,09:00,FKKD,30.0,26.0,101.3,280,05
2016-04-19,10:00,FKKD,32.0,25.0,101.3,340,04
2016-04-19,11:00,FKKD,33.0,25.0,101.3,220,01
2016-04-19,12:00,FKKD,33.0,25.0,101.2,230,05
2016-04-19,13:00,FKKD,33.0,25.0,101.0,200,02
2016-04-19,14:00,FKKD,34.0,26.0,100.8,260,07
2016-04-19,15:00,FKKD,34.0,26.0,100.7,240,10
2016-04-19,16:00,FKKD,32.0,25.0,100.7,280,09
2016-04-19,17:00,FKKD,30.0,26.0,100.6,270,08
2016-04-19,18:00,FKKD,30.0,26.0,100.7,270,06
2016-04-19,19:00,FKKD,29.0,26.0,100.8,260,05
2016-04-19,20:00,FKKD,29.0,26.0,100.9,240,04
2016-04-19,21:00,FKKD,29.0,27.0,101.0,220,02
2016-04-19,22:00,FKKD,28.0,26.0,101.0,150,03
2016-04-19,23:00,FKKD,27.0,26.0,101.1,150,02
2016-04-20,00:00,FKKD,27.0,26.0,101.1,120,02
2016-04-20,01:00,FKKD,27.0,27.0,101.0,000,00
2016-04-20,02:00,FKKD,27.0,26.0,100.9,000,00
2016-04-20,03:00,FKKD,27.0,26.0,100.9,000,00
2016-04-20,04:00,FKKD,27.0,26.0,101.0,140,02
2016-04-20,05:00,FKKD,27.0,26.0,101.0,160,02
2016-04-20,06:00,FKKD,27.0,26.0,101.0,180,02
2016-04-20,07:00,FKKD,28.0,26.0,101.1,180,02
2016-04-20,08:00,FKKD,29.0,26.0,101.1,230,02
2016-04-20,10:00,FKKD,32.0,27.0,101.1,220,06
2016-04-20,11:00,FKKD,33.0,25.0,101.1,290,03
2016-04-20,12:00,FKKD,33.0,26.0,101.0,190,02
2016-04-20,13:00,FKKD,34.0,26.0,100.9,250,12
2016-04-20,14:00,FKKD,33.0,26.0,100.7,280,08
2016-04-20,18:00,FKKD,25.0,24.0,100.9,320,04
2016-04-20,19:00,FKKD,25.0,24.0,101.1,310,03
2016-04-20,20:00,FKKD,25.0,24.0,101.1,000,00
2016-04-20,21:00,FKKD,25.0,24.0,101.3,260,02
2016-04-20,22:00,FKKD,25.0,25.0,101.2,000,00
2016-04-20,23:00,FKKD,25.0,24.0,101.2,000,00
2016-04-21,00:00,FKKD,24.0,24.0,101.2,000,00
2016-04-21,01:00,FKKD,24.0,23.0,101.0,040,02
2016-04-21,02:00,FKKD,24.0,23.0,101.0,030,02
2016-04-21,03:00,FKKD,24.0,24.0,101.0,000,00
2016-04-21,04:00,FKKD,24.0,24.0,101.0,000,00
2016-04-21,05:00,FKKD,24.0,23.0,101.1,000,00
2016-04-21,06:00,FKKD,24.0,23.0,101.1,000,00
2016-04-21,07:00,FKKD,25.0,24.0,101.2,000,00
2016-04-21,08:00,FKKD,27.0,24.0,101.2,100,01
2016-04-21,09:00,FKKD,29.0,26.0,101.2,070,02
2016-04-21,10:00,FKKD,31.0,26.0,101.1,000,00
2016-04-21,11:00,FKKD,31.0,26.0,101.1,000,00
2016-04-21,12:00,FKKD,32.0,26.0,101.0,000,00
2016-04-21,13:00,FKKD,33.0,27.0,100.9,300,01
2016-04-21,14:00,FKKD,34.0,26.0,100.8,300,04
2016-04-21,15:00,FKKD,34.0,26.0,100.7,250,03
2016-04-21,16:00,FKKD,33.0,26.0,100.7,260,06
2016-04-21,17:00,FKKD,31.0,25.0,100.8,260,05
2016-04-21,18:00,FKKD,30.0,26.0,100.9,310,04
2016-04-21,19:00,FKKD,28.0,24.0,100.9,010,01
2016-04-21,20:00,FKKD,27.0,24.0,101.0,000,00
2016-04-21,21:00,FKKD,26.0,25.0,101.1,000,00
2016-04-21,22:00,FKKD,26.0,25.0,101.0,080,02
2016-04-21,23:00,FKKD,26.0,25.0,101.0,000,00
2016-04-22,00:00,FKKD,26.0,25.0,101.0,120,02
2016-04-22,01:00,FKKD,26.0,25.0,101.0,160,03
2016-04-22,02:00,FKKD,26.0,25.0,101.0,000,00
2016-04-22,03:00,FKKD,26.0,25.0,100.9,080,02
2016-04-22,04:00,FKKD,26.0,25.0,100.9,000,00
2016-04-22,05:00,FKKD,26.0,25.0,100.9,000,00
2016-04-22,06:00,FKKD,26.0,25.0,101.0,000,00
2016-04-22,08:00,FKKD,29.0,25.0,101.1,170,01
2016-04-22,09:00,FKKD,30.0,25.0,101.2,130,01
2016-04-22,10:00,FKKD,31.0,26.0,101.1,160,04
2016-04-22,11:00,FKKD,33.0,26.0,101.1,270,03
2016-04-22,12:00,FKKD,33.0,26.0,101.0,330,03
2016-04-22,13:00,FKKD,33.0,26.0,100.9,270,06
2016-04-22,14:00,FKKD,33.0,26.0,100.8,280,05
2016-04-22,15:00,FKKD,33.0,26.0,100.7,240,12
2016-04-22,16:00,FKKD,33.0,26.0,100.7,270,04
2016-04-22,17:00,FKKD,31.0,26.0,100.6,260,06
2016-04-22,18:00,FKKD,30.0,26.0,100.7,230,05
2016-04-22,19:00,FKKD,30.0,26.0,100.8,280,03
2016-04-22,20:00,FKKD,30.0,26.0,100.8,250,04
2016-04-22,21:00,FKKD,29.0,27.0,100.9,250,03
2016-04-22,22:00,FKKD,29.0,27.0,100.9,000,00
2016-04-22,23:00,FKKD,29.0,27.0,101.0,270,02
2016-04-23,00:00,FKKD,28.0,25.0,101.0,280,06
2016-04-23,01:00,FKKD,27.0,25.0,100.9,000,00
2016-04-23,02:00,FKKD,26.0,25.0,100.9,150,01
2016-04-23,03:00,FKKD,26.0,25.0,100.9,000,00
2016-04-23,04:00,FKKD,27.0,25.0,100.8,000,00
2016-04-23,05:00,FKKD,26.0,25.0,100.9,000,00
2016-04-23,06:00,FKKD,26.0,26.0,100.9,000,00
2016-04-23,07:00,FKKD,28.0,26.0,100.9,000,00
2016-04-23,08:00,FKKD,30.0,27.0,101.0,000,00
2016-04-23,09:00,FKKD,31.0,26.0,101.1,220,03
2016-04-23,10:00,FKKD,31.0,26.0,101.1,190,03
2016-04-23,11:00,FKKD,33.0,26.0,100.9,230,04
2016-04-23,12:00,FKKD,34.0,26.0,100.8,220,04
2016-04-23,13:00,FKKD,34.0,26.0,100.7,230,05
2016-04-23,14:00,FKKD,32.0,26.0,100.6,250,09
2016-04-23,16:00,FKKD,31.0,26.0,100.6,230,07
2016-04-23,18:00,FKKD,30.0,27.0,100.7,140,03
2016-04-23,19:00,FKKD,27.0,25.0,100.8,170,04
2016-04-23,20:00,FKKD,27.0,25.0,100.8,000,00
2016-04-23,21:00,FKKD,27.0,24.0,100.9,150,02
2016-04-23,22:00,FKKD,27.0,24.0,100.9,160,01
2016-04-23,23:00,FKKD,26.0,24.0,100.9,180,03
2016-04-24,00:00,FKKD,26.0,24.0,100.8,160,02
2016-04-24,01:00,FKKD,26.0,24.0,100.8,000,00
2016-04-24,02:00,FKKD,26.0,24.0,100.8,150,01
2016-04-24,03:00,FKKD,26.0,24.0,100.7,120,02
2016-04-24,04:00,FKKD,26.0,24.0,100.7,130,01
2016-04-24,05:00,FKKD,26.0,24.0,100.8,100,02
2016-04-24,06:00,FKKD,26.0,24.0,100.8,170,01
2016-04-24,07:00,FKKD,26.0,24.0,100.9,120,02
2016-04-24,08:00,FKKD,27.0,25.0,101.0,150,01
2016-04-24,09:00,FKKD,28.0,25.0,101.0,180,05
2016-04-24,10:00,FKKD,30.0,26.0,101.0,190,01
2016-04-24,11:00,FKKD,31.0,26.0,100.9,190,03
2016-04-24,12:00,FKKD,31.0,26.0,100.8,260,05
2016-04-24,13:00,FKKD,32.0,26.0,100.8,260,08
2016-04-24,14:00,FKKD,32.0,26.0,100.6,260,07
2016-04-24,15:00,FKKD,31.0,27.0,100.6,240,07
2016-04-24,16:00,FKKD,30.0,26.0,100.6,260,07
2016-04-24,17:00,FKKD,30.0,27.0,100.7,240,07
2016-04-24,18:00,FKKD,29.0,27.0,100.7,240,10
2016-04-24,19:00,FKKD,28.0,26.0,100.7,160,03
2016-04-24,20:00,FKKD,28.0,25.0,100.8,130,02
2016-04-24,22:00,FKKD,27.0,24.0,100.9,340,01
2016-04-24,23:00,FKKD,27.0,25.0,100.9,100,01
2016-04-25,00:00,FKKD,27.0,25.0,100.8,080,02
2016-04-25,01:00,FKKD,26.0,24.0,100.8,080,02
2016-04-25,02:00,FKKD,26.0,24.0,100.8,000,00
2016-04-25,03:00,FKKD,26.0,24.0,100.7,000,00
2016-04-25,04:00,FKKD,26.0,24.0,100.7,000,00
2016-04-25,05:00,FKKD,25.0,24.0,100.8,000,00
2016-04-25,06:00,FKKD,25.0,24.0,100.8,000,00
2016-04-25,07:00,FKKD,27.0,24.0,100.9,000,00
2016-04-25,08:00,FKKD,28.0,24.0,101.0,000,00
2016-04-25,09:00,FKKD,30.0,25.0,101.0,200,03
2016-04-25,10:00,FKKD,31.0,26.0,100.9,230,03
2016-04-25,11:00,FKKD,32.0,26.0,100.9,290,05
2016-04-25,12:00,FKKD,33.0,25.0,100.8,300,05
2016-04-25,13:00,FKKD,33.0,26.0,100.7,270,06
2016-04-25,14:00,FKKD,31.0,25.0,100.6,250,06
2016-04-25,15:00,FKKD,29.0,26.0,100.6,250,07
2016-04-25,16:00,FKKD,29.0,27.0,100.6,270,09
2016-04-25,17:00,FKKD,29.0,26.0,100.6,240,07
2016-04-25,18:00,FKKD,29.0,27.0,100.7,140,01
2016-04-25,19:00,FKKD,28.0,27.0,100.8,160,02
2016-04-25,20:00,FKKD,28.0,27.0,100.8,210,05
2016-04-25,21:00,FKKD,27.0,26.0,100.9,190,03
2016-04-25,22:00,FKKD,26.0,25.0,100.9,160,02
2016-04-25,23:00,FKKD,26.0,25.0,100.9,150,03
2016-04-26,00:00,FKKD,25.0,24.0,100.9,000,00
2016-04-26,01:00,FKKD,25.0,25.0,100.8,000,00
2016-04-26,02:00,FKKD,25.0,24.0,100.8,000,00
2016-04-26,03:00,FKKD,26.0,25.0,100.8,000,00
2016-04-26,04:00,FKKD,26.0,25.0,100.8,000,00
2016-04-26,05:00,FKKD,26.0,25.0,100.8,000,00
2016-04-26,06:00,FKKD,26.0,25.0,100.9,160,02
2016-04-26,07:00,FKKD,26.0,25.0,101.0,180,02
2016-04-26,08:00,FKKD,27.0,25.0,101.0,220,04
2016-04-26,09:00,FKKD,26.0,24.0,101.1,140,04
2016-04-26,10:00,FKKD,25.0,24.0,101.2,160,05
2016-04-26,11:00,FKKD,25.0,24.0,101.1,190,05
2016-04-26,12:00,FKKD,25.0,23.0,101.0,180,05
2016-04-26,13:00,FKKD,26.0,24.0,100.9,180,02
2016-04-26,14:00,FKKD,27.0,24.0,100.9,220,01
2016-04-26,15:00,FKKD,28.0,24.0,100.7,300,03
2016-04-26,16:00,FKKD,28.0,25.0,100.7,310,04
2016-04-26,17:00,FKKD,28.0,26.0,100.6,330,04
2016-04-26,18:00,FKKD,27.0,25.0,100.6,000,00
2016-04-26,19:00,FKKD,26.0,25.0,100.7,220,01
2016-04-26,20:00,FKKD,26.0,25.0,100.8,150,02
2016-04-26,21:00,FKKD,26.0,25.0,100.9,160,06
2016-04-26,22:00,FKKD,26.0,25.0,101.1,160,04
2016-04-26,23:00,FKKD,25.0,25.0,101.0,120,01
2016-04-27,00:00,FKKD,25.0,25.0,101.0,170,01
2016-04-27,01:00,FKKD,25.0,24.0,100.9,000,00
2016-04-27,02:00,FKKD,25.0,24.0,100.9,000,00
2016-04-27,03:00,FKKD,25.0,24.0,100.9,000,00
2016-04-27,04:00,FKKD,25.0,24.0,100.9,000,00
2016-04-27,05:00,FKKD,25.0,24.0,100.9,000,00
2016-04-27,06:00,FKKD,24.0,24.0,101.0,090,02
2016-04-27,07:00,FKKD,25.0,24.0,101.0,170,01
2016-04-27,08:00,FKKD,27.0,25.0,101.1,110,02
2016-04-27,09:00,FKKD,29.0,24.0,101.1,170,02
2016-04-27,10:00,FKKD,31.0,24.0,101.0,270,01
2016-04-27,11:00,FKKD,32.0,24.0,101.0,190,04
2016-04-27,12:00,FKKD,33.0,24.0,100.9,140,04
2016-04-27,13:00,FKKD,34.0,25.0,100.8,360,06
2016-04-27,14:00,FKKD,32.0,25.0,100.8,240,08
2016-04-27,15:00,FKKD,30.0,26.0,100.8,240,08
2016-04-27,16:00,FKKD,30.0,26.0,100.7,260,08
2016-04-27,17:00,FKKD,29.0,26.0,100.7,260,04
2016-04-27,18:00,FKKD,29.0,26.0,100.8,000,00
2016-04-27,19:00,FKKD,28.0,26.0,100.8,000,00
2016-04-27,20:00,FKKD,28.0,26.0,100.8,000,00
2016-04-27,21:00,FKKD,27.0,26.0,101.0,000,00
2016-04-27,22:00,FKKD,27.0,26.0,101.0,000,00
2016-04-27,23:00,FKKD,26.0,26.0,101.0,000,00
2016-04-28,00:00,FKKD,27.0,26.0,101.0,000,00
2016-04-28,01:00,FKKD,27.0,26.0,100.9,000,00
2016-04-28,02:00,FKKD,26.0,25.0,100.9,100,02
2016-04-28,03:00,FKKD,26.0,25.0,100.9,000,00
2016-04-28,04:00,FKKD,26.0,25.0,100.9,000,00
2016-04-28,05:00,FKKD,26.0,25.0,101.0,000,00
2016-04-28,06:00,FKKD,26.0,25.0,101.0,080,03
2016-04-28,07:00,FKKD,27.0,26.0,101.1,090,03
2016-04-28,08:00,FKKD,28.0,25.0,101.1,100,02
2016-04-28,09:00,FKKD,30.0,25.0,101.0,020,06
2016-04-28,10:00,FKKD,29.0,24.0,101.0,300,02
2016-04-28,15:00,FKKD,34.0,24.0,100.6,310,08
2016-04-28,16:00,FKKD,33.0,24.0,100.5,290,06
2016-04-28,18:00,FKKD,30.0,25.0,100.7,290,04
2016-04-28,19:00,FKKD,29.0,26.0,100.8,260,03
2016-04-28,20:00,FKKD,29.0,26.0,100.8,000,00
2016-04-28,21:00,FKKD,28.0,26.0,101.0,000,00
2016-04-28,22:00,FKKD,27.0,26.0,100.9,160,02
2016-04-28,23:00,FKKD,27.0,26.0,100.9,000,00
2016-04-29,00:30,FKKD,27.0,26.0,100.9,000,00
2016-04-29,01:00,FKKD,27.0,26.0,100.8,130,02
2016-04-29,02:00,FKKD,26.0,26.0,100.8,140,02
2016-04-29,03:00,FKKD,26.0,25.0,100.8,110,01
2016-04-29,04:00,FKKD,26.0,25.0,100.8,000,00
2016-04-29,05:00,FKKD,26.0,25.0,100.9,000,00
2016-04-29,06:00,FKKD,26.0,25.0,101.0,000,00
2016-04-29,07:00,FKKD,27.0,26.0,101.0,090,05
2016-04-29,08:00,FKKD,28.0,26.0,101.1,110,04
2016-04-29,09:00,FKKD,30.0,26.0,101.1,170,04
2016-04-29,10:00,FKKD,31.0,26.0,101.0,180,04
2016-04-29,11:00,FKKD,32.0,25.0,100.9,230,02
2016-04-29,12:00,FKKD,32.0,25.0,100.9,240,05
2016-04-29,13:00,FKKD,32.0,26.0,100.8,250,09
2016-04-29,14:00,FKKD,32.0,26.0,100.8,250,06
2016-04-29,15:00,FKKD,32.0,26.0,100.7,250,09
2016-04-29,16:00,FKKD,31.0,25.0,100.7,250,06
2016-04-29,17:00,FKKD,30.0,25.0,100.7,240,04
2016-04-29,18:00,FKKD,29.0,25.0,100.8,210,02
2016-04-29,19:00,FKKD,28.0,26.0,100.8,210,02
2016-04-29,20:00,FKKD,28.0,26.0,100.8,180,02
2016-04-29,21:00,FKKD,28.0,25.0,101.0,180,02
2016-04-29,22:00,FKKD,27.0,25.0,101.0,160,01
2016-04-29,23:00,FKKD,27.0,25.0,101.1,000,00
2016-04-30,00:00,FKKD,27.0,25.0,101.0,000,00
2016-04-30,01:00,FKKD,26.0,25.0,101.0,000,00
2016-04-30,02:00,FKKD,26.0,25.0,100.9,160,02
2016-04-30,03:00,FKKD,26.0,25.0,100.8,000,00
2016-04-30,04:00,FKKD,25.0,25.0,100.9,000,00
2016-04-30,05:00,FKKD,25.0,25.0,100.9,000,00
2016-04-30,06:00,FKKD,26.0,25.0,101.0,000,00
2016-04-30,07:00,FKKD,27.0,26.0,101.1,110,02
2016-04-30,08:00,FKKD,29.0,25.0,101.1,190,03
2016-04-30,09:00,FKKD,31.0,26.0,101.1,330,04
2016-04-30,10:00,FKKD,32.0,26.0,101.1,300,05
2016-04-30,11:00,FKKD,33.0,25.0,101.0,250,07
2016-04-30,12:00,FKKD,34.0,25.0,100.9,240,08
2016-04-30,13:00,FKKD,33.0,25.0,100.8,260,07
2016-04-30,14:00,FKKD,33.0,25.0,100.7,240,08
2016-04-30,15:00,FKKD,33.0,25.0,100.6,250,12
2016-04-30,16:00,FKKD,32.0,25.0,100.6,260,10
2016-04-30,17:00,FKKD,30.0,25.0,100.7,240,05
2016-04-30,18:00,FKKD,30.0,25.0,100.7,260,06
2016-04-30,19:00,FKKD,29.0,26.0,100.9,280,04
2016-04-30,20:00,FKKD,29.0,26.0,101.0,000,00
2016-04-30,21:00,FKKD,29.0,26.0,101.0,000,00
2016-04-30,22:00,FKKD,28.0,27.0,100.9,000,00
2016-04-30,23:00,FKKD,28.0,26.0,100.9,050,02
2016-07-01,00:00,FKKD,25.0,25.0,101.5,000,00
2016-07-01,01:00,FKKD,25.0,25.0,101.5,150,02
2016-07-01,02:00,FKKD,25.0,24.0,101.4,000,00
2016-07-01,03:00,FKKD,25.0,24.0,101.4,000,00
2016-07-01,04:00,FKKD,25.0,25.0,101.4,000,00
2016-07-01,05:00,FKKD,25.0,24.0,101.4,000,00
2016-07-01,06:00,FKKD,25.0,24.0,101.5,040,01
2016-07-01,07:00,FKKD,25.0,25.0,101.5,110,02
2016-07-01,08:00,FKKD,26.0,25.0,101.6,000,00
2016-07-01,09:00,FKKD,27.0,25.0,101.6,210,02
2016-07-01,10:00,FKKD,29.0,25.0,101.6,250,02
2016-07-01,11:00,FKKD,30.0,25.0,101.5,000,00
2016-07-01,12:00,FKKD,31.0,24.0,101.4,230,04
2016-07-01,13:00,FKKD,32.0,25.0,101.3,220,06
2016-07-01,14:00,FKKD,31.0,24.0,101.3,250,10
2016-07-01,15:00,FKKD,31.0,24.0,101.2,260,10
2016-07-01,16:00,FKKD,30.0,24.0,101.2,270,10
2016-07-01,18:00,FKKD,28.0,23.0,101.3,280,06
2016-07-01,18:45,FKKD,28.0,24.0,101.4,240,04
2016-07-01,20:00,FKKD,27.0,25.0,101.5,220,04
2016-07-01,21:00,FKKD,27.0,25.0,101.5,190,02
2016-07-01,22:00,FKKD,26.0,25.0,101.4,180,02
2016-07-01,23:00,FKKD,26.0,25.0,101.4,120,02
2016-07-02,00:00,FKKD,26.0,25.0,101.4,140,02
2016-07-02,01:00,FKKD,25.0,25.0,101.4,000,00
2016-07-02,02:00,FKKD,25.0,24.0,101.3,000,00
2016-07-02,03:00,FKKD,25.0,25.0,101.3,100,01
2016-07-02,04:00,FKKD,25.0,24.0,101.3,100,01
2016-07-02,05:00,FKKD,25.0,25.0,101.4,160,02
2016-07-02,06:00,FKKD,25.0,25.0,101.4,000,00
2016-07-02,07:00,FKKD,25.0,25.0,101.5,000,00
2016-07-02,08:00,FKKD,27.0,25.0,101.6,000,00
2016-07-02,09:00,FKKD,28.0,25.0,101.6,190,02
2016-07-02,10:00,FKKD,30.0,24.0,101.6,190,02
2016-07-02,11:00,FKKD,30.0,25.0,101.5,270,08
2016-07-02,12:00,FKKD,31.0,25.0,101.3,250,05
2016-07-02,13:00,FKKD,30.0,25.0,101.3,250,10
2016-07-02,14:00,FKKD,30.0,24.0,101.2,280,12
2016-07-02,15:00,FKKD,31.0,24.0,101.1,290,09
2016-07-02,16:00,FKKD,29.0,25.0,101.1,270,13
2016-07-02,17:00,FKKD,28.0,24.0,101.2,250,07
2016-07-02,18:00,FKKD,28.0,24.0,101.2,280,05
2016-07-02,19:00,FKKD,28.0,25.0,101.3,230,03
2016-07-02,20:00,FKKD,27.0,25.0,101.3,220,02
2016-07-02,21:00,FKKD,27.0,25.0,101.4,240,02
2016-07-02,22:00,FKKD,27.0,25.0,101.4,000,00
2016-07-02,23:00,FKKD,26.0,25.0,101.4,170,03
2016-07-03,00:00,FKKD,26.0,26.0,101.4,150,01
2016-07-03,01:00,FKKD,26.0,25.0,101.3,000,00
2016-07-03,02:00,FKKD,26.0,25.0,101.3,000,00
2016-07-03,03:00,FKKD,26.0,25.0,101.3,000,00
2016-07-03,04:00,FKKD,26.0,25.0,101.3,000,00
2016-07-03,05:00,FKKD,26.0,25.0,101.3,000,00
2016-07-03,06:00,FKKD,26.0,25.0,101.5,000,00
2016-07-03,07:00,FKKD,27.0,25.0,101.5,000,00
2016-07-03,09:00,FKKD,29.0,25.0,101.6,000,00
2016-07-03,10:00,FKKD,30.0,25.0,101.5,000,00
2016-07-03,11:00,FKKD,31.0,25.0,101.5,260,06
2016-07-03,12:00,FKKD,31.0,25.0,101.4,240,10
2016-07-03,13:00,FKKD,30.0,26.0,101.3,250,10
2016-07-03,14:00,FKKD,31.0,25.0,101.3,260,10
2016-07-03,15:00,FKKD,30.0,25.0,101.2,250,10
2016-07-03,16:00,FKKD,30.0,24.0,101.1,260,10
2016-07-03,17:00,FKKD,29.0,24.0,101.2,240,08
2016-07-03,18:00,FKKD,28.0,25.0,101.2,250,04
2016-07-03,19:00,FKKD,28.0,25.0,101.3,270,04
2016-07-03,20:00,FKKD,28.0,26.0,101.3,280,04
2016-07-03,21:00,FKKD,27.0,25.0,101.4,260,04
2016-07-03,22:00,FKKD,27.0,25.0,101.4,220,02
2016-07-03,23:00,FKKD,27.0,25.0,101.4,270,03
2016-07-04,00:00,FKKD,27.0,25.0,101.4,000,00
2016-07-04,01:00,FKKD,26.0,25.0,101.3,260,05
2016-07-04,02:00,FKKD,26.0,25.0,101.4,000,00
2016-07-04,03:00,FKKD,26.0,25.0,101.3,000,00
2016-07-04,04:00,FKKD,26.0,25.0,101.4,240,07
2016-07-04,05:00,FKKD,26.0,24.0,101.4,270,04
2016-07-04,06:00,FKKD,25.0,24.0,101.4,000,00
2016-07-04,07:00,FKKD,26.0,25.0,101.4,320,02
2016-07-04,09:00,FKKD,27.0,26.0,101.5,300,06
2016-07-04,10:00,FKKD,28.0,25.0,101.5,260,06
2016-07-04,11:00,FKKD,28.0,25.0,101.5,260,08
2016-07-04,12:00,FKKD,30.0,25.0,101.4,250,07
2016-07-04,13:00,FKKD,29.0,25.0,101.3,250,11
2016-07-04,14:00,FKKD,30.0,25.0,101.3,240,08
2016-07-04,15:00,FKKD,29.0,25.0,101.2,270,09
2016-07-04,16:00,FKKD,28.0,24.0,101.2,250,10
2016-07-04,17:00,FKKD,27.0,24.0,101.2,250,11
2016-07-04,18:00,FKKD,27.0,24.0,101.2,240,04
2016-07-04,19:00,FKKD,26.0,25.0,101.3,230,04
2016-07-04,20:00,FKKD,26.0,25.0,101.4,180,01
2016-07-04,21:00,FKKD,26.0,25.0,101.4,160,03
2016-07-04,22:00,FKKD,26.0,25.0,101.5,250,01
2016-07-04,23:00,FKKD,25.0,24.0,101.4,260,06
2016-07-05,00:00,FKKD,25.0,24.0,101.4,330,01
2016-07-05,01:00,FKKD,25.0,24.0,101.4,000,00
2016-07-05,03:00,FKKD,25.0,24.0,101.3,000,00
2016-07-05,04:00,FKKD,25.0,24.0,101.3,230,02
2016-07-05,05:00,FKKD,25.0,24.0,101.4,280,06
2016-07-05,06:00,FKKD,25.0,24.0,101.4,270,04
2016-07-05,07:00,FKKD,26.0,24.0,101.4,290,04
2016-07-05,08:00,FKKD,26.0,25.0,101.6,280,04
2016-07-05,09:00,FKKD,27.0,25.0,101.6,240,07
2016-07-05,10:00,FKKD,26.0,23.0,101.6,270,06
2016-07-05,11:00,FKKD,28.0,24.0,101.5,250,08
2016-07-05,12:00,FKKD,30.0,24.0,101.5,270,11
2016-07-05,13:00,FKKD,30.0,24.0,101.4,260,08
2016-07-05,14:00,FKKD,29.0,24.0,101.3,270,04
2016-07-05,16:00,FKKD,29.0,24.0,101.3,290,08
2016-07-05,17:00,FKKD,27.0,24.0,101.3,210,07
2016-07-05,18:00,FKKD,27.0,24.0,101.3,310,09
2016-07-05,19:00,FKKD,26.0,24.0,101.3,250,05
2016-07-05,20:00,FKKD,26.0,24.0,101.4,260,05
2016-07-05,21:00,FKKD,27.0,24.0,101.4,270,02
2016-07-05,22:00,FKKD,26.0,24.0,101.5,000,00
2016-07-05,23:00,FKKD,25.0,24.0,101.5,050,02
2016-07-06,00:00,FKKD,26.0,24.0,101.4,090,02
2016-07-06,01:00,FKKD,25.0,24.0,101.4,000,00
2016-07-06,02:00,FKKD,25.0,24.0,101.4,150,02
2016-07-06,03:00,FKKD,25.0,24.0,101.4,150,02
2016-07-06,04:00,FKKD,24.0,24.0,101.4,170,03
2016-07-06,05:00,FKKD,24.0,24.0,101.4,110,02
2016-07-06,06:00,FKKD,24.0,24.0,101.4,000,00
2016-07-06,07:00,FKKD,25.0,24.0,101.4,090,04
2016-07-06,08:00,FKKD,26.0,24.0,101.5,100,03
2016-07-06,09:00,FKKD,28.0,23.0,101.6,040,02
2016-07-06,10:00,FKKD,29.0,23.0,101.6,290,06
2016-07-06,11:00,FKKD,29.0,23.0,101.5,280,06
2016-07-06,12:00,FKKD,30.0,22.0,101.5,270,05
2016-07-06,13:00,FKKD,30.0,23.0,101.4,270,07
2016-07-06,14:00,FKKD,31.0,24.0,101.3,260,06
2016-07-06,15:00,FKKD,30.0,24.0,101.2,260,09
2016-07-06,16:00,FKKD,29.0,24.0,101.2,250,07
2016-07-06,17:00,FKKD,28.0,24.0,101.2,250,04
2016-07-06,18:00,FKKD,27.0,25.0,101.3,240,03
2016-07-06,19:00,FKKD,27.0,25.0,101.3,230,06
2016-07-06,20:00,FKKD,27.0,25.0,101.4,230,04
2016-07-06,21:00,FKKD,26.0,25.0,101.4,200,03
2016-07-06,23:00,FKKD,26.0,25.0,101.4,280,04
2016-07-07,00:00,FKKD,26.0,24.0,101.4,170,04
2016-07-07,01:00,FKKD,25.0,24.0,101.3,090,02
2016-07-07,02:00,FKKD,25.0,24.0,101.3,030,02
2016-07-07,03:00,FKKD,25.0,24.0,101.3,070,01
2016-07-07,05:00,FKKD,24.0,24.0,101.3,000,00
2016-07-07,06:00,FKKD,24.0,24.0,101.3,000,00
2016-07-07,07:00,FKKD,25.0,25.0,101.4,180,02
2016-07-07,08:00,FKKD,26.0,25.0,101.5,000,00
2016-07-07,09:00,FKKD,27.0,25.0,101.5,190,02
2016-07-07,10:00,FKKD,28.0,25.0,101.5,190,02
2016-07-07,11:00,FKKD,29.0,24.0,101.4,170,02
2016-07-07,12:00,FKKD,30.0,25.0,101.3,220,04
2016-07-07,13:00,FKKD,30.0,25.0,101.3,300,09
2016-07-07,14:00,FKKD,30.0,24.0,101.1,280,08
2016-07-07,15:00,FKKD,30.0,24.0,101.1,270,08
2016-07-07,16:00,FKKD,29.0,25.0,101.1,260,07
2016-07-07,17:00,FKKD,28.0,24.0,101.1,240,09
2016-07-07,18:00,FKKD,27.0,24.0,101.2,250,07
2016-07-07,19:00,FKKD,27.0,24.0,101.3,220,07
2016-07-07,20:00,FKKD,27.0,24.0,101.3,230,03
2016-07-07,21:00,FKKD,27.0,24.0,101.4,210,02
2016-07-07,22:00,FKKD,26.0,25.0,101.4,180,03
2016-07-07,23:00,FKKD,26.0,25.0,101.4,220,03
2016-07-08,00:00,FKKD,26.0,25.0,101.4,110,01
2016-07-08,01:00,FKKD,26.0,25.0,101.3,190,07
2016-07-08,02:00,FKKD,26.0,25.0,101.3,000,00
2016-07-08,03:00,FKKD,25.0,25.0,101.3,170,03
2016-07-08,04:00,FKKD,25.0,25.0,101.3,170,02
2016-07-08,05:00,FKKD,25.0,24.0,101.3,120,02
2016-07-08,06:00,FKKD,25.0,25.0,101.4,000,00
2016-07-08,07:00,FKKD,26.0,25.0,101.4,190,05
2016-07-08,08:00,FKKD,26.0,23.0,101.5,280,05
2016-07-08,09:00,FKKD,27.0,24.0,101.5,290,07
2016-07-08,10:00,FKKD,29.0,25.0,101.5,310,10
2016-07-08,11:00,FKKD,29.0,24.0,101.4,290,09
2016-07-08,12:00,FKKD,29.0,24.0,101.4,240,09
2016-07-08,13:00,FKKD,30.0,24.0,101.3,250,10
2016-07-08,14:00,FKKD,29.0,23.0,101.2,240,10
2016-07-08,17:00,FKKD,28.0,23.0,101.2,250,05
2016-07-08,18:00,FKKD,27.0,24.0,101.2,250,04
2016-07-08,19:00,FKKD,27.0,24.0,101.3,220,02
2016-07-08,20:00,FKKD,27.0,24.0,101.3,230,03
2016-07-08,21:00,FKKD,26.0,24.0,101.4,230,03
2016-07-08,22:00,FKKD,25.0,24.0,101.4,240,02
2016-07-08,23:00,FKKD,25.0,25.0,101.4,000,00
2016-07-09,00:00,FKKD,25.0,25.0,101.4,000,00
2016-07-09,01:00,FKKD,26.0,25.0,101.3,060,02
2016-07-09,02:00,FKKD,26.0,25.0,101.3,000,00
2016-07-09,04:00,FKKD,25.0,25.0,101.3,000,00
2016-07-09,05:00,FKKD,25.0,25.0,101.3,000,00
2016-07-09,06:00,FKKD,25.0,25.0,101.4,000,00
2016-07-09,07:00,FKKD,26.0,25.0,101.4,000,00
2016-07-09,08:00,FKKD,28.0,25.0,101.4,140,03
2016-07-09,09:00,FKKD,28.0,24.0,101.4,200,02
2016-07-09,10:00,FKKD,30.0,25.0,101.5,260,04
2016-07-09,11:00,FKKD,28.0,24.0,101.4,260,05
2016-07-09,12:00,FKKD,28.0,25.0,101.3,280,07
2016-07-09,13:00,FKKD,30.0,24.0,101.2,260,10
2016-07-09,14:00,FKKD,29.0,24.0,101.2,250,11
2016-07-09,18:00,FKKD,27.0,24.0,101.2,270,05
2016-07-09,19:00,FKKD,27.0,25.0,101.2,230,04
2016-07-09,20:00,FKKD,26.0,25.0,101.3,170,02
2016-07-09,21:00,FKKD,26.0,24.0,101.4,000,00
2016-07-09,22:00,FKKD,25.0,25.0,101.4,150,02
2016-07-09,23:00,FKKD,26.0,25.0,101.4,020,02
2016-07-10,01:00,FKKD,25.0,24.0,101.3,250,03
2016-07-10,02:00,FKKD,25.0,24.0,101.2,000,00
2016-07-10,03:00,FKKD,25.0,24.0,101.3,180,02
2016-07-10,05:00,FKKD,25.0,24.0,101.3,000,00
2016-07-10,06:00,FKKD,25.0,25.0,101.4,190,01
2016-07-10,07:00,FKKD,25.0,25.0,101.5,180,03
2016-07-10,08:00,FKKD,25.0,24.0,101.5,250,08
2016-07-10,09:00,FKKD,25.0,24.0,101.5,280,05
2016-07-10,10:00,FKKD,26.0,23.0,101.5,220,01
2016-07-10,11:00,FKKD,28.0,23.0,101.5,240,07
2016-07-10,12:00,FKKD,29.0,24.0,101.3,240,08
2016-07-10,13:00,FKKD,29.0,24.0,101.3,260,09
2016-07-10,14:00,FKKD,30.0,24.0,101.2,270,15
2016-07-10,15:00,FKKD,30.0,24.0,101.2,260,14
2016-07-10,16:00,FKKD,28.0,23.0,101.2,260,09
2016-07-10,17:00,FKKD,27.0,24.0,101.2,250,06
2016-07-10,18:00,FKKD,27.0,24.0,101.3,240,02
2016-07-10,19:00,FKKD,25.0,24.0,101.3,000,00
2016-07-10,20:00,FKKD,25.0,24.0,101.4,000,00
2016-07-10,21:00,FKKD,25.0,24.0,101.4,000,00
2016-07-10,22:00,FKKD,25.0,25.0,101.4,000,00
2016-07-10,23:00,FKKD,25.0,24.0,101.4,100,03
2016-07-11,00:00,FKKD,25.0,24.0,101.4,230,01
2016-07-11,01:00,FKKD,25.0,24.0,101.4,000,00
2016-07-11,02:00,FKKD,24.0,24.0,101.3,060,02
2016-07-11,03:00,FKKD,24.0,24.0,101.3,000,00
2016-07-11,04:00,FKKD,24.0,24.0,101.3,130,02
2016-07-11,05:00,FKKD,24.0,24.0,101.3,000,00
2016-07-11,06:00,FKKD,24.0,24.0,101.3,000,00
2016-07-11,07:00,FKKD,25.0,24.0,101.4,000,00
2016-07-11,08:00,FKKD,26.0,25.0,101.5,160,03
2016-07-11,09:00,FKKD,26.0,24.0,101.5,130,02
2016-07-11,10:00,FKKD,27.0,24.0,101.5,140,03
2016-07-11,11:00,FKKD,28.0,24.0,101.4,230,07
2016-07-11,12:00,FKKD,28.0,24.0,101.4,210,07
2016-07-11,13:00,FKKD,28.0,24.0,101.3,260,11
2016-07-11,14:00,FKKD,29.0,24.0,101.2,250,09
2016-07-11,15:00,FKKD,28.0,24.0,101.2,250,09
2016-07-11,16:00,FKKD,27.0,23.0,101.2,240,05
2016-07-11,17:00,FKKD,26.0,24.0,101.3,230,04
2016-07-11,18:00,FKKD,26.0,24.0,101.3,230,02
2016-07-11,19:00,FKKD,26.0,24.0,101.4,360,01
2016-07-11,20:00,FKKD,25.0,24.0,101.5,280,04
2016-07-11,21:00,FKKD,25.0,24.0,101.4,000,00
2016-07-11,22:00,FKKD,25.0,24.0,101.4,000,00
2016-07-11,23:00,FKKD,25.0,24.0,101.4,000,00
2016-07-12,00:00,FKKD,25.0,24.0,101.4,000,00
2016-07-12,01:00,FKKD,25.0,24.0,101.3,000,00
2016-07-12,02:00,FKKD,24.0,24.0,101.3,090,01
2016-07-12,03:00,FKKD,24.0,24.0,101.3,000,00
2016-07-12,04:00,FKKD,24.0,24.0,101.3,000,00
2016-07-12,05:00,FKKD,24.0,24.0,101.3,100,01
2016-07-12,06:00,FKKD,24.0,24.0,101.3,070,01
2016-07-12,07:00,FKKD,25.0,24.0,101.4,000,00
2016-07-12,08:00,FKKD,26.0,24.0,101.4,000,00
2016-07-12,09:00,FKKD,27.0,24.0,101.4,170,02
2016-07-12,10:00,FKKD,28.0,24.0,101.5,170,04
2016-07-12,11:00,FKKD,28.0,24.0,101.4,160,01
2016-07-12,12:00,FKKD,29.0,23.0,101.3,280,06
2016-07-12,13:00,FKKD,28.0,25.0,101.2,240,10
2016-07-12,14:00,FKKD,27.0,24.0,101.2,240,11
2016-07-12,15:00,FKKD,28.0,24.0,101.1,240,09
2016-07-12,16:00,FKKD,27.0,24.0,101.1,230,07
2016-07-12,17:00,FKKD,26.0,24.0,101.2,200,03
2016-07-12,18:00,FKKD,26.0,24.0,101.2,180,03
2016-07-12,19:00,FKKD,25.0,24.0,101.3,240,02
2016-07-12,20:00,FKKD,25.0,24.0,101.3,200,04
2016-07-12,21:00,FKKD,25.0,24.0,101.4,180,01
2016-07-12,22:00,FKKD,25.0,24.0,101.4,150,01
2016-07-12,23:00,FKKD,25.0,24.0,101.4,170,03
2016-07-13,00:00,FKKD,25.0,24.0,101.3,200,03
2016-07-13,01:00,FKKD,25.0,24.0,101.3,220,03
2016-07-13,02:00,FKKD,24.0,24.0,101.3,170,02
2016-07-13,03:00,FKKD,24.0,24.0,101.2,160,02
2016-07-13,04:00,FKKD,24.0,24.0,101.2,120,02
2016-07-13,05:00,FKKD,24.0,24.0,101.3,170,02
2016-07-13,07:00,FKKD,24.0,24.0,101.4,160,04
2016-07-13,08:00,FKKD,25.0,24.0,101.4,000,00
2016-07-13,09:00,FKKD,25.0,24.0,101.4,310,02
2016-07-13,10:00,FKKD,26.0,24.0,101.4,270,02
2016-07-13,11:00,FKKD,27.0,24.0,101.4,170,03
2016-07-13,11:53,FKKD,27.0,24.0,101.4,190,04
2016-07-13,12:00,FKKD,27.0,24.0,101.4,190,04
2016-07-13,14:00,FKKD,28.0,24.0,101.1,240,06
2016-07-13,16:00,FKKD,28.0,23.0,101.1,270,10
2016-07-13,17:00,FKKD,27.0,24.0,101.1,270,04
2016-07-13,18:00,FKKD,26.0,25.0,101.2,200,02
2016-07-13,19:00,FKKD,25.0,24.0,101.2,160,04
2016-07-13,20:00,FKKD,25.0,24.0,101.3,140,02
2016-07-13,21:00,FKKD,25.0,24.0,101.3,180,04
2016-07-13,22:00,FKKD,25.0,24.0,101.4,120,02
2016-07-13,23:00,FKKD,24.0,23.0,101.3,000,00
2016-07-14,00:00,FKKD,25.0,24.0,101.3,170,02
2016-07-14,01:00,FKKD,25.0,24.0,101.2,170,03
2016-07-14,02:00,FKKD,25.0,24.0,101.2,000,00
2016-07-14,03:00,FKKD,25.0,24.0,101.2,000,00
2016-07-14,04:00,FKKD,24.0,23.0,101.2,000,00
2016-07-14,05:00,FKKD,24.0,24.0,101.2,000,00
2016-07-14,06:00,FKKD,24.0,23.0,101.2,000,00
2016-07-14,07:00,FKKD,24.0,24.0,101.3,000,00
2016-07-14,08:00,FKKD,25.0,24.0,101.4,140,02
2016-07-14,09:00,FKKD,26.0,24.0,101.4,200,02
2016-07-14,10:00,FKKD,27.0,24.0,101.4,220,02
2016-07-14,11:00,FKKD,28.0,24.0,101.3,180,02
2016-07-14,12:00,FKKD,30.0,24.0,101.2,160,03
2016-07-14,13:00,FKKD,30.0,24.0,101.2,240,03
2016-07-14,14:00,FKKD,29.0,23.0,101.1,240,06
2016-07-14,15:00,FKKD,29.0,23.0,101.1,220,05
2016-07-14,16:00,FKKD,28.0,23.0,101.0,260,05
2016-07-14,17:00,FKKD,28.0,23.0,101.0,260,09
2016-07-14,18:00,FKKD,27.0,24.0,101.0,270,04
2016-07-14,19:00,FKKD,26.0,24.0,101.1,240,03
2016-07-14,20:00,FKKD,26.0,24.0,101.2,000,00
2016-07-14,21:00,FKKD,25.0,24.0,101.2,200,01
2016-07-14,22:00,FKKD,25.0,24.0,101.2,000,00
2016-07-14,23:00,FKKD,25.0,24.0,101.2,000,00
2016-07-15,00:00,FKKD,25.0,24.0,101.2,000,00
2016-07-15,01:00,FKKD,25.0,24.0,101.1,000,00
2016-07-15,02:00,FKKD,25.0,24.0,101.0,000,00
2016-07-15,03:00,FKKD,24.0,24.0,101.1,230,03
2016-07-15,04:00,FKKD,24.0,24.0,101.1,190,01
2016-07-15,05:00,FKKD,24.0,24.0,101.1,210,04
2016-07-15,07:00,FKKD,25.0,23.0,101.2,260,08
2016-07-15,09:00,FKKD,25.0,24.0,101.3,270,05
2016-07-15,10:00,FKKD,24.0,24.0,101.3,280,03
2016-07-15,11:00,FKKD,24.0,24.0,101.3,270,08
2016-07-15,12:00,FKKD,25.0,23.0,101.2,000,00
2016-07-15,13:00,FKKD,25.0,24.0,101.2,210,02
2016-07-15,14:00,FKKD,25.0,24.0,101.1,290,03
2016-07-15,15:00,FKKD,25.0,24.0,101.0,000,00
2016-07-15,16:00,FKKD,26.0,24.0,101.0,260,04
2016-07-15,17:00,FKKD,25.0,24.0,101.0,160,04
2016-07-15,18:00,FKKD,25.0,24.0,101.0,160,02
2016-07-15,19:00,FKKD,24.0,24.0,101.0,000,00
2016-07-15,20:00,FKKD,24.0,24.0,101.1,180,03
2016-07-15,21:00,FKKD,24.0,24.0,101.2,190,03
2016-07-15,22:00,FKKD,24.0,23.0,101.2,160,02
2016-07-15,23:00,FKKD,24.0,23.0,101.2,000,00
2016-07-16,00:00,FKKD,24.0,23.0,101.1,000,00
2016-07-16,01:00,FKKD,24.0,23.0,101.1,160,02
2016-07-16,02:00,FKKD,23.0,23.0,101.1,000,00
2016-07-16,03:00,FKKD,24.0,23.0,101.1,120,01
2016-07-16,04:00,FKKD,24.0,23.0,101.1,000,00
2016-07-16,05:00,FKKD,23.0,23.0,101.1,000,00
2016-07-16,06:00,FKKD,23.0,23.0,101.2,030,01
2016-07-16,07:00,FKKD,23.0,23.0,101.2,040,02
2016-07-16,08:00,FKKD,24.0,23.0,101.3,090,03
2016-07-16,09:00,FKKD,24.0,24.0,101.3,040,03
2016-07-16,10:00,FKKD,25.0,23.0,101.3,000,00
2016-07-16,11:00,FKKD,26.0,24.0,101.2,360,04
2016-07-16,12:00,FKKD,26.0,24.0,101.2,020,02
2016-07-16,13:00,FKKD,27.0,24.0,101.1,240,04
2016-07-16,14:00,FKKD,27.0,24.0,101.0,020,06
2016-07-16,15:00,FKKD,28.0,24.0,101.0,330,02
2016-07-16,16:00,FKKD,28.0,24.0,101.0,000,00
2016-07-16,17:00,FKKD,27.0,24.0,101.0,000,00
2016-07-16,18:00,FKKD,26.0,24.0,101.0,150,02
2016-07-16,19:00,FKKD,26.0,25.0,101.1,120,01
2016-07-16,20:00,FKKD,25.0,24.0,101.2,130,02
2016-07-16,21:00,FKKD,25.0,24.0,101.2,000,00
2016-07-16,22:00,FKKD,25.0,24.0,101.2,000,00
2016-07-17,00:00,FKKD,25.0,24.0,101.2,150,04
2016-07-17,01:00,FKKD,24.0,24.0,101.2,000,00
2016-07-17,02:00,FKKD,24.0,24.0,101.2,280,01
2016-07-17,03:00,FKKD,24.0,24.0,101.2,330,01
2016-07-17,04:00,FKKD,24.0,23.0,101.2,000,00
2016-07-17,05:00,FKKD,24.0,23.0,101.2,000,00
2016-07-17,06:00,FKKD,24.0,24.0,101.2,090,02
2016-07-17,07:00,FKKD,25.0,24.0,101.4,030,02
2016-07-17,08:00,FKKD,25.0,24.0,101.4,090,01
2016-07-17,09:00,FKKD,26.0,24.0,101.4,000,00
2016-07-17,10:00,FKKD,28.0,23.0,101.4,020,02
2016-07-17,11:00,FKKD,28.0,23.0,101.4,010,03
2016-07-17,12:00,FKKD,29.0,23.0,101.3,340,03
2016-07-17,13:00,FKKD,30.0,24.0,101.2,300,02
2016-07-17,14:00,FKKD,30.0,24.0,101.2,250,03
2016-07-17,16:00,FKKD,29.0,24.0,101.0,270,08
2016-07-17,17:00,FKKD,28.0,24.0,101.0,240,06
2016-07-17,18:00,FKKD,27.0,24.0,101.1,220,03
2016-07-17,19:00,FKKD,26.0,24.0,101.2,240,04
2016-07-17,20:00,FKKD,26.0,24.0,101.2,300,05
2016-07-17,21:00,FKKD,26.0,24.0,101.3,000,00
2016-07-17,22:00,FKKD,25.0,24.0,101.4,000,00
2016-07-17,23:00,FKKD,25.0,24.0,101.4,000,00
2016-07-18,00:00,FKKD,25.0,24.0,101.3,000,00
2016-07-18,01:00,FKKD,25.0,24.0,101.3,000,00
2016-07-18,02:00,FKKD,25.0,24.0,101.3,000,00
2016-07-18,03:00,FKKD,25.0,25.0,101.3,180,02
2016-07-18,04:00,FKKD,25.0,24.0,101.3,170,02
2016-07-18,05:00,FKKD,25.0,24.0,101.3,000,00
2016-07-18,06:00,FKKD,25.0,24.0,101.3,000,00
2016-07-18,07:00,FKKD,25.0,25.0,101.4,000,00
2016-07-18,08:00,FKKD,26.0,25.0,101.4,000,00
2016-07-18,09:00,FKKD,27.0,25.0,101.4,180,01
2016-07-18,10:00,FKKD,27.0,25.0,101.4,260,04
2016-07-18,11:00,FKKD,28.0,24.0,101.4,180,04
2016-07-18,12:00,FKKD,29.0,24.0,101.3,280,06
2016-07-18,13:00,FKKD,29.0,24.0,101.2,280,06
2016-07-18,15:00,FKKD,30.0,24.0,101.1,270,09
2016-07-18,16:00,FKKD,30.0,24.0,101.1,250,11
2016-07-18,17:00,FKKD,27.0,23.0,101.1,260,05
2016-07-18,18:00,FKKD,27.0,24.0,101.2,270,06
2016-07-18,19:00,FKKD,27.0,25.0,101.3,260,03
2016-07-18,20:00,FKKD,26.0,25.0,101.3,310,03
2016-07-18,21:00,FKKD,25.0,24.0,101.3,000,00
2016-07-18,22:00,FKKD,26.0,25.0,101.4,140,02
2016-07-18,23:00,FKKD,25.0,25.0,101.4,170,01
2016-07-19,00:00,FKKD,26.0,25.0,101.3,000,00
2016-07-19,01:00,FKKD,25.0,25.0,101.3,170,01
2016-07-19,02:00,FKKD,25.0,25.0,101.3,200,03
2016-07-19,03:00,FKKD,25.0,24.0,101.2,000,00
2016-07-19,04:00,FKKD,25.0,24.0,101.2,000,00
2016-07-19,05:00,FKKD,25.0,24.0,101.3,160,01
2016-07-19,06:00,FKKD,24.0,24.0,101.2,170,02
2016-07-19,07:00,FKKD,25.0,24.0,101.4,000,00
2016-07-19,08:00,FKKD,26.0,24.0,101.4,000,00
2016-07-19,09:00,FKKD,27.0,24.0,101.4,000,00
2016-07-19,10:00,FKKD,27.0,24.0,101.4,230,07
2016-07-19,11:00,FKKD,27.0,24.0,101.3,200,03
2016-07-19,12:00,FKKD,27.0,25.0,101.2,220,05
2016-07-19,13:00,FKKD,28.0,25.0,101.2,200,08
2016-07-19,14:00,FKKD,29.0,24.0,101.1,240,11
2016-07-19,15:00,FKKD,28.0,24.0,101.1,220,05
2016-07-19,16:00,FKKD,27.0,24.0,101.1,220,06
2016-07-19,18:00,FKKD,26.0,24.0,101.1,230,04
2016-07-19,19:00,FKKD,26.0,24.0,101.2,210,02
2016-07-19,20:00,FKKD,26.0,24.0,101.2,190,01
2016-07-19,21:00,FKKD,26.0,24.0,101.3,180,02
2016-07-19,22:00,FKKD,25.0,24.0,101.4,240,04
2016-07-19,23:00,FKKD,25.0,23.0,101.4,260,03
2016-07-20,00:00,FKKD,25.0,24.0,101.3,240,03
2016-07-20,01:00,FKKD,24.0,23.0,101.3,200,01
2016-07-20,02:00,FKKD,24.0,23.0,101.2,130,01
2016-07-20,03:00,FKKD,24.0,24.0,101.2,100,01
2016-07-20,04:00,FKKD,24.0,23.0,101.2,000,00
2016-07-20,05:00,FKKD,24.0,23.0,101.3,080,01
2016-07-20,06:00,FKKD,24.0,24.0,101.3,000,00
2016-07-20,07:00,FKKD,25.0,24.0,101.4,000,00
2016-07-20,08:00,FKKD,25.0,24.0,101.4,270,03
2016-07-20,09:00,FKKD,27.0,24.0,101.4,260,01
2016-07-20,10:00,FKKD,28.0,23.0,101.4,230,06
2016-07-20,11:00,FKKD,30.0,23.0,101.3,280,06
2016-07-20,12:00,FKKD,30.0,23.0,101.3,230,07
2016-07-20,13:00,FKKD,29.0,24.0,101.2,210,07
2016-07-20,14:00,FKKD,29.0,25.0,101.1,240,09
2016-07-20,15:00,FKKD,29.0,24.0,101.0,260,09
2016-07-20,16:00,FKKD,28.0,24.0,101.0,240,07
2016-07-20,17:00,FKKD,28.0,24.0,101.0,240,05
2016-07-20,18:00,FKKD,27.0,24.0,101.0,240,04
2016-07-20,19:00,FKKD,26.0,24.0,101.0,220,04
2016-07-20,20:00,FKKD,26.0,24.0,101.2,230,04
2016-07-20,21:00,FKKD,26.0,24.0,101.3,260,08
2016-07-20,22:00,FKKD,26.0,23.0,101.3,220,04
2016-07-20,23:00,FKKD,25.0,24.0,101.3,200,01
2016-07-21,00:00,FKKD,25.0,24.0,101.4,160,02
2016-07-21,01:00,FKKD,25.0,24.0,101.3,000,00
2016-07-21,02:00,FKKD,25.0,24.0,101.3,140,01
2016-07-21,03:00,FKKD,25.0,24.0,101.2,000,00
2016-07-21,04:00,FKKD,25.0,24.0,101.2,150,01
2016-07-21,05:00,FKKD,25.0,24.0,101.3,000,00
2016-07-21,06:00,FKKD,24.0,24.0,101.3,110,02
2016-07-21,07:00,FKKD,25.0,24.0,101.4,000,00
2016-07-21,08:00,FKKD,26.0,24.0,101.4,000,00
2016-07-21,09:00,FKKD,26.0,24.0,101.4,000,00
2016-07-21,10:00,FKKD,28.0,24.0,101.4,100,03
2016-07-21,11:00,FKKD,30.0,24.0,101.4,000,00
2016-07-21,12:00,FKKD,30.0,24.0,101.4,000,00
2016-07-21,13:00,FKKD,29.0,24.0,101.2,280,06
2016-07-21,14:00,FKKD,28.0,22.0,101.1,270,07
2016-07-21,15:00,FKKD,28.0,24.0,101.1,270,09
2016-07-21,16:00,FKKD,29.0,24.0,101.1,270,12
2016-07-21,17:00,FKKD,27.0,24.0,101.1,260,08
2016-07-21,18:00,FKKD,26.0,24.0,101.2,210,05
2016-07-21,19:00,FKKD,26.0,24.0,101.3,210,02
2016-07-21,20:00,FKKD,26.0,24.0,101.3,180,02
2016-07-21,21:00,FKKD,25.0,25.0,101.3,170,02
2016-07-21,22:00,FKKD,25.0,24.0,101.4,160,02
2016-07-21,23:00,FKKD,25.0,24.0,101.4,140,02
2016-07-22,00:00,FKKD,25.0,24.0,101.3,000,00
2016-07-22,01:00,FKKD,25.0,24.0,101.2,000,00
2016-07-22,02:00,FKKD,24.0,24.0,101.2,100,01
2016-07-22,04:00,FKKD,24.0,24.0,101.2,000,00
2016-07-22,05:00,FKKD,24.0,24.0,101.3,000,00
2016-07-22,06:00,FKKD,24.0,24.0,101.3,000,00
2016-07-22,07:00,FKKD,25.0,25.0,101.4,000,00
2016-07-22,08:00,FKKD,26.0,25.0,101.5,210,02
2016-07-22,09:00,FKKD,27.0,24.0,101.5,200,04
2016-07-22,10:00,FKKD,27.0,25.0,101.5,240,03
2016-07-22,11:00,FKKD,27.0,24.0,101.4,240,06
2016-07-22,12:00,FKKD,27.0,24.0,101.3,250,05
2016-07-22,13:00,FKKD,28.0,24.0,101.3,240,04
2016-07-22,14:00,FKKD,28.0,24.0,101.2,260,05
2016-07-22,15:00,FKKD,28.0,24.0,101.2,240,05
2016-07-22,16:00,FKKD,27.0,24.0,101.2,220,05
2016-07-22,17:00,FKKD,26.0,24.0,101.1,240,04
2016-07-22,18:00,FKKD,26.0,24.0,101.2,260,04
2016-07-22,19:00,FKKD,26.0,24.0,101.2,240,02
2016-07-22,20:00,FKKD,26.0,24.0,101.3,000,00
2016-07-22,21:00,FKKD,25.0,24.0,101.4,000,00
2016-07-22,22:00,FKKD,25.0,25.0,101.4,000,00
2016-07-22,23:00,FKKD,25.0,25.0,101.4,250,02
2016-07-23,00:00,FKKD,25.0,24.0,101.4,220,04
2016-07-23,01:00,FKKD,24.0,24.0,101.3,000,00
2016-07-23,02:00,FKKD,24.0,24.0,101.3,080,02
2016-07-23,03:00,FKKD,24.0,24.0,101.3,000,00
2016-07-23,04:00,FKKD,24.0,24.0,101.2,000,00
2016-07-23,05:00,FKKD,24.0,24.0,101.3,130,02
2016-07-23,06:00,FKKD,24.0,24.0,101.3,000,00
2016-07-23,07:00,FKKD,24.0,23.0,101.3,000,00
2016-07-23,08:00,FKKD,25.0,23.0,101.4,000,00
2016-07-23,09:00,FKKD,27.0,24.0,101.4,290,02
2016-07-23,10:00,FKKD,25.0,24.0,101.4,350,07
2016-07-23,11:00,FKKD,27.0,24.0,101.4,220,01
2016-07-23,12:00,FKKD,29.0,23.0,101.3,310,02
2016-07-23,13:00,FKKD,28.0,25.0,101.2,230,07
2016-07-23,14:00,FKKD,27.0,24.0,101.2,230,08
2016-07-23,15:00,FKKD,27.0,23.0,101.2,250,06
2016-07-23,16:00,FKKD,27.0,24.0,101.2,230,06
2016-07-23,17:00,FKKD,26.0,24.0,101.2,210,05
2016-07-23,18:00,FKKD,25.0,24.0,101.2,160,01
2016-07-23,19:00,FKKD,25.0,24.0,101.3,200,02
2016-07-23,20:00,FKKD,25.0,24.0,101.3,190,02
2016-07-23,21:00,FKKD,25.0,24.0,101.3,200,01
2016-07-23,22:00,FKKD,25.0,24.0,101.4,240,04
2016-07-23,23:00,FKKD,25.0,24.0,101.4,170,03
2016-07-24,00:00,FKKD,24.0,23.0,101.3,000,00
2016-07-24,01:00,FKKD,25.0,23.0,101.2,000,00
2016-07-24,02:00,FKKD,24.0,23.0,101.2,060,02
2016-07-24,03:00,FKKD,24.0,23.0,101.2,110,03
2016-07-24,04:00,FKKD,24.0,23.0,101.2,000,00
2016-07-24,05:00,FKKD,24.0,23.0,101.2,000,00
2016-07-24,06:00,FKKD,24.0,23.0,101.3,000,00
2016-07-24,07:00,FKKD,25.0,23.0,101.3,140,01
2016-07-24,08:00,FKKD,26.0,24.0,101.4,100,01
2016-07-24,09:00,FKKD,27.0,24.0,101.4,000,00
2016-07-24,10:00,FKKD,27.0,25.0,101.4,240,03
2016-07-24,11:00,FKKD,26.0,23.0,101.4,310,07
2016-07-24,12:00,FKKD,28.0,23.0,101.3,310,04
2016-07-24,13:00,FKKD,27.0,23.0,101.2,250,05
2016-07-24,14:00,FKKD,27.0,24.0,101.1,230,04
2016-07-24,15:00,FKKD,29.0,23.0,101.1,310,04
2016-07-24,16:00,FKKD,27.0,23.0,101.1,240,04
2016-07-24,17:00,FKKD,27.0,23.0,101.1,260,03
2016-07-24,18:00,FKKD,26.0,23.0,101.1,240,05
2016-07-24,19:00,FKKD,26.0,24.0,101.2,230,03
2016-07-24,20:00,FKKD,26.0,24.0,101.2,000,00
2016-07-24,21:00,FKKD,25.0,24.0,101.3,140,02
2016-07-24,22:00,FKKD,25.0,24.0,101.3,140,02
2016-07-24,23:00,FKKD,25.0,24.0,101.3,000,00
2016-07-25,00:00,FKKD,25.0,24.0,101.2,000,00
2016-07-25,01:00,FKKD,24.0,23.0,101.2,250,04
2016-07-25,02:00,FKKD,24.0,23.0,101.2,240,04
2016-07-25,03:00,FKKD,24.0,23.0,101.1,240,04
2016-07-25,04:00,FKKD,24.0,23.0,101.2,000,00
2016-07-25,05:00,FKKD,24.0,23.0,101.2,100,02
2016-07-25,06:00,FKKD,24.0,23.0,101.2,100,01
2016-07-25,07:00,FKKD,24.0,24.0,101.3,160,02
2016-07-25,08:00,FKKD,25.0,24.0,101.3,130,04
2016-07-25,09:00,FKKD,26.0,24.0,101.4,170,04
2016-07-25,10:00,FKKD,26.0,23.0,101.4,220,04
2016-07-25,11:00,FKKD,27.0,24.0,101.3,240,07
2016-07-25,12:00,FKKD,27.0,23.0,101.3,270,07
2016-07-25,13:00,FKKD,28.0,23.0,101.2,280,06
2016-07-25,14:00,FKKD,27.0,23.0,101.1,250,10
2016-07-25,15:00,FKKD,28.0,24.0,101.1,260,09
2016-07-25,16:00,FKKD,27.0,23.0,101.0,270,08
2016-07-25,17:00,FKKD,27.0,22.0,101.0,280,09
2016-07-25,18:00,FKKD,26.0,23.0,101.1,280,04
2016-07-25,19:00,FKKD,26.0,23.0,101.1,230,03
2016-07-25,20:00,FKKD,25.0,24.0,101.2,230,04
2016-07-25,21:00,FKKD,26.0,23.0,101.3,260,07
2016-07-25,22:00,FKKD,25.0,24.0,101.3,360,01
2016-07-25,23:00,FKKD,25.0,24.0,101.3,130,02
2016-07-26,00:00,FKKD,25.0,24.0,101.3,090,01
2016-07-26,01:00,FKKD,25.0,24.0,101.2,050,03
2016-07-26,02:00,FKKD,24.0,23.0,101.2,000,00
2016-07-26,03:00,FKKD,24.0,23.0,101.2,000,00
2016-07-26,04:00,FKKD,24.0,23.0,101.2,000,00
2016-07-26,05:00,FKKD,24.0,23.0,101.2,000,00
2016-07-26,06:00,FKKD,24.0,23.0,101.2,000,00
2016-07-26,07:00,FKKD,24.0,23.0,101.3,000,00
2016-07-26,08:00,FKKD,25.0,24.0,101.4,000,00
2016-07-26,09:00,FKKD,25.0,24.0,101.4,000,00
2016-07-26,10:00,FKKD,26.0,24.0,101.4,230,01
2016-07-26,11:00,FKKD,27.0,24.0,101.3,290,03
2016-07-26,12:00,FKKD,27.0,24.0,101.3,350,04
2016-07-26,14:00,FKKD,27.0,23.0,101.2,270,04
2016-07-26,15:00,FKKD,27.0,24.0,101.1,260,04
2016-07-26,16:00,FKKD,27.0,24.0,101.1,280,04
2016-07-26,17:00,FKKD,27.0,24.0,101.2,240,04
2016-07-26,18:00,FKKD,26.0,24.0,101.2,220,03
2016-07-26,19:00,FKKD,25.0,24.0,101.3,210,02
2016-07-26,20:00,FKKD,25.0,24.0,101.3,210,04
2016-07-26,21:00,FKKD,25.0,23.0,101.3,200,03
2016-07-26,22:00,FKKD,24.0,23.0,101.3,000,00
2016-07-26,23:00,FKKD,24.0,24.0,101.3,160,02
2016-07-27,00:00,FKKD,24.0,24.0,101.3,180,02
2016-07-27,01:00,FKKD,24.0,24.0,101.2,000,00
2016-07-27,02:00,FKKD,24.0,23.0,101.2,000,00
2016-07-27,03:00,FKKD,24.0,23.0,101.2,150,02
2016-07-27,04:00,FKKD,24.0,23.0,101.2,150,02
2016-07-27,05:00,FKKD,23.0,23.0,101.2,130,01
2016-07-27,07:00,FKKD,23.0,23.0,101.3,000,00
2016-07-27,08:00,FKKD,25.0,24.0,101.4,210,03
2016-07-27,09:00,FKKD,27.0,24.0,101.4,230,04
2016-07-27,10:00,FKKD,27.0,24.0,101.4,280,03
2016-07-27,11:00,FKKD,28.0,23.0,101.3,300,03
2016-07-27,12:00,FKKD,29.0,24.0,101.2,260,07
2016-07-27,13:00,FKKD,29.0,24.0,101.2,280,09
2016-07-27,14:00,FKKD,26.0,24.0,101.1,250,08
2016-07-27,15:00,FKKD,25.0,24.0,101.1,290,02
2016-07-27,16:00,FKKD,25.0,24.0,101.1,180,01
2016-07-27,17:00,FKKD,25.0,24.0,101.2,070,02
2016-07-27,18:00,FKKD,24.0,23.0,101.2,090,02
2016-07-27,19:00,FKKD,24.0,23.0,101.2,170,02
2016-07-27,20:00,FKKD,24.0,23.0,101.3,140,01
2016-07-27,21:00,FKKD,24.0,23.0,101.4,000,00
2016-07-27,22:00,FKKD,24.0,23.0,101.4,000,00
2016-07-27,23:00,FKKD,24.0,23.0,101.3,000,00
2016-07-28,00:00,FKKD,24.0,23.0,101.3,000,00
2016-07-28,01:00,FKKD,23.0,23.0,101.3,000,00
2016-07-28,02:00,FKKD,23.0,23.0,101.3,000,00
2016-07-28,03:00,FKKD,23.0,23.0,101.2,050,02
2016-07-28,04:00,FKKD,23.0,23.0,101.2,010,02
2016-07-28,05:00,FKKD,23.0,23.0,101.3,000,00
2016-07-28,06:00,FKKD,23.0,23.0,101.4,040,01
2016-07-28,07:00,FKKD,23.0,23.0,101.4,000,00
2016-07-28,08:00,FKKD,24.0,23.0,101.4,310,02
2016-07-28,09:00,FKKD,24.0,23.0,101.5,050,03
2016-07-28,10:00,FKKD,25.0,24.0,101.4,030,01
2016-07-28,11:00,FKKD,26.0,24.0,101.4,290,04
2016-07-28,12:00,FKKD,27.0,24.0,101.3,290,06
2016-07-28,13:00,FKKD,27.0,24.0,101.3,290,04
2016-07-28,14:00,FKKD,28.0,24.0,101.2,240,07
2016-07-28,15:00,FKKD,28.0,24.0,101.2,260,10
2016-07-28,16:00,FKKD,27.0,24.0,101.2,240,07
2016-07-28,17:00,FKKD,26.0,24.0,101.2,220,07
2016-07-28,18:00,FKKD,25.0,24.0,101.2,220,03
2016-07-28,20:00,FKKD,25.0,24.0,101.3,230,04
2016-07-28,21:00,FKKD,24.0,24.0,101.4,220,03
2016-07-28,22:00,FKKD,25.0,24.0,101.4,000,00
2016-07-28,23:00,FKKD,25.0,24.0,101.4,000,00
2016-07-29,00:00,FKKD,24.0,24.0,101.4,000,00
2016-07-29,01:00,FKKD,24.0,24.0,101.3,250,03
2016-07-29,02:00,FKKD,24.0,24.0,101.2,220,03
2016-07-29,03:00,FKKD,24.0,23.0,101.2,200,02
2016-07-29,04:00,FKKD,24.0,23.0,101.2,000,00
2016-07-29,05:00,FKKD,24.0,23.0,101.3,000,00
2016-07-29,06:00,FKKD,24.0,23.0,101.3,000,00
2016-07-29,07:00,FKKD,24.0,24.0,101.4,000,00
2016-07-29,08:00,FKKD,24.0,24.0,101.4,170,02
2016-07-29,09:00,FKKD,26.0,24.0,101.4,200,06
2016-07-29,10:00,FKKD,25.0,24.0,101.4,240,03
2016-07-29,11:00,FKKD,26.0,24.0,101.4,240,08
2016-07-29,12:00,FKKD,27.0,24.0,101.3,260,09
2016-07-29,13:00,FKKD,26.0,24.0,101.3,260,07
2016-07-29,14:00,FKKD,25.0,24.0,101.2,250,05
2016-07-29,15:00,FKKD,24.0,23.0,101.2,220,05
2016-07-29,16:00,FKKD,24.0,23.0,101.2,240,05
2016-07-29,17:00,FKKD,24.0,23.0,101.2,220,04
2016-07-29,18:00,FKKD,24.0,23.0,101.2,210,02
2016-07-29,19:00,FKKD,24.0,23.0,101.2,220,02
2016-07-29,20:00,FKKD,24.0,23.0,101.3,220,02
2016-07-29,21:00,FKKD,24.0,23.0,101.3,200,02
2016-07-29,22:00,FKKD,24.0,23.0,101.3,000,00
2016-07-29,23:00,FKKD,24.0,23.0,101.3,000,00
2016-07-30,00:00,FKKD,24.0,23.0,101.3,210,01
2016-07-30,01:00,FKKD,24.0,23.0,101.2,170,02
2016-07-30,02:00,FKKD,24.0,23.0,101.2,170,03
2016-07-30,03:00,FKKD,24.0,23.0,101.2,160,03
2016-07-30,04:00,FKKD,24.0,23.0,101.2,000,00
2016-07-30,05:00,FKKD,24.0,23.0,101.2,000,00
2016-07-30,06:00,FKKD,24.0,24.0,101.3,170,02
2016-07-30,07:00,FKKD,24.0,24.0,101.3,260,02
2016-07-30,08:00,FKKD,24.0,24.0,101.4,000,00
2016-07-30,09:00,FKKD,25.0,24.0,101.4,290,01
2016-07-30,10:00,FKKD,24.0,23.0,101.4,240,06
2016-07-30,11:00,FKKD,25.0,24.0,101.4,240,04
2016-07-30,12:00,FKKD,26.0,24.0,101.3,280,02
2016-07-30,13:00,FKKD,26.0,24.0,101.2,270,07
2016-07-30,14:00,FKKD,25.0,24.0,101.1,270,04
2016-07-30,15:00,FKKD,26.0,24.0,101.0,230,07
2016-07-30,16:00,FKKD,25.0,24.0,101.0,230,04
2016-07-30,17:00,FKKD,24.0,24.0,101.1,190,02
2016-07-30,18:00,FKKD,24.0,24.0,101.2,190,03
2016-07-30,19:00,FKKD,24.0,24.0,101.2,000,00
2016-07-30,20:00,FKKD,24.0,24.0,101.2,000,00
2016-07-30,21:00,FKKD,24.0,24.0,101.4,000,00
2016-07-30,23:00,FKKD,24.0,24.0,101.4,000,00
2016-07-31,00:00,FKKD,24.0,24.0,101.3,280,02
2016-07-31,01:00,FKKD,24.0,24.0,101.3,000,00
2016-07-31,03:00,FKKD,24.0,24.0,101.3,340,02
2016-07-31,04:00,FKKD,24.0,24.0,101.3,000,00
2016-07-31,05:00,FKKD,24.0,24.0,101.3,000,00
2016-07-31,06:00,FKKD,24.0,24.0,101.3,000,00
2016-07-31,07:00,FKKD,24.0,24.0,101.4,000,00
2016-07-31,08:00,FKKD,25.0,24.0,101.4,180,01
2016-07-31,09:00,FKKD,25.0,24.0,101.4,220,04
2016-07-31,11:00,FKKD,27.0,23.0,101.4,270,05
2016-07-31,12:00,FKKD,27.0,23.0,101.3,240,06
2016-07-31,13:00,FKKD,26.0,24.0,101.2,240,07
2016-07-31,14:00,FKKD,27.0,24.0,101.2,230,04
2016-07-31,15:00,FKKD,27.0,24.0,101.1,250,06
2016-07-31,16:00,FKKD,27.0,24.0,101.1,240,06
2016-07-31,17:00,FKKD,26.0,24.0,101.1,250,05
2016-07-31,18:00,FKKD,26.0,23.0,101.1,240,06
2016-07-31,19:00,FKKD,26.0,24.0,101.2,000,00
2016-07-31,20:00,FKKD,26.0,24.0,101.3,000,00
2016-07-31,21:00,FKKD,25.0,24.0,101.3,000,00
2016-07-31,22:00,FKKD,25.0,24.0,101.4,000,00
2016-07-31,23:00,FKKD,25.0,24.0,101.4,000,00
2016-08-01,00:00,FKKD,25.0,24.0,101.3,000,00
2016-08-01,01:00,FKKD,25.0,24.0,101.3,000,00
2016-08-01,02:00,FKKD,25.0,24.0,101.3,000,00
2016-08-01,03:00,FKKD,24.0,24.0,101.3,000,00
2016-08-01,04:00,FKKD,24.0,24.0,101.3,150,01
2016-08-01,05:00,FKKD,24.0,24.0,101.3,000,00
2016-08-01,06:00,FKKD,24.0,24.0,101.3,110,01
2016-08-01,07:00,FKKD,24.0,24.0,101.4,000,00
2016-08-01,08:00,FKKD,25.0,25.0,101.5,000,00
2016-08-01,09:00,FKKD,25.0,24.0,101.5,140,02
2016-08-01,10:00,FKKD,25.0,25.0,101.5,150,02
2016-08-01,11:00,FKKD,27.0,25.0,101.5,270,08
2016-08-01,12:00,FKKD,27.0,25.0,101.5,270,10
2016-08-01,13:00,FKKD,28.0,25.0,101.3,280,09
2016-08-01,14:00,FKKD,27.0,23.0,101.2,270,08
2016-08-01,15:00,FKKD,27.0,24.0,101.1,260,05
2016-08-01,16:00,FKKD,27.0,24.0,101.1,270,04
2016-08-01,17:00,FKKD,26.0,24.0,101.2,260,14
2016-08-01,18:00,FKKD,26.0,24.0,101.3,250,05
2016-08-01,19:00,FKKD,26.0,24.0,101.3,240,04
2016-08-01,20:00,FKKD,26.0,24.0,101.4,260,04
2016-08-01,21:00,FKKD,25.0,24.0,101.5,220,03
2016-08-01,22:00,FKKD,25.0,24.0,101.5,250,05
2016-08-01,23:00,FKKD,25.0,24.0,101.5,210,02
2016-08-02,00:00,FKKD,25.0,24.0,101.4,000,00
2016-08-02,01:00,FKKD,25.0,24.0,101.4,000,00
2016-08-02,02:00,FKKD,25.0,24.0,101.3,170,01
2016-08-02,03:00,FKKD,25.0,24.0,101.3,000,00
2016-08-02,04:00,FKKD,25.0,24.0,101.4,000,00
2016-08-02,05:00,FKKD,25.0,24.0,101.4,000,00
2016-08-02,06:00,FKKD,25.0,24.0,101.4,220,04
2016-08-02,07:00,FKKD,25.0,24.0,101.5,190,04
2016-08-02,08:00,FKKD,26.0,25.0,101.5,210,02
2016-08-02,09:00,FKKD,26.0,25.0,101.5,210,05
2016-08-02,10:00,FKKD,28.0,25.0,101.5,250,11
2016-08-02,11:00,FKKD,28.0,24.0,101.4,260,09
2016-08-02,12:00,FKKD,27.0,24.0,101.4,280,09
2016-08-02,13:00,FKKD,28.0,24.0,101.3,250,11
2016-08-02,14:00,FKKD,28.0,24.0,101.3,260,10
2016-08-02,15:00,FKKD,28.0,25.0,101.2,240,09
2016-08-02,16:00,FKKD,27.0,26.0,101.2,230,09
2016-08-02,17:00,FKKD,27.0,24.0,101.2,240,07
2016-08-02,18:00,FKKD,26.0,24.0,101.2,230,04
2016-08-02,19:00,FKKD,26.0,24.0,101.3,220,05
2016-08-02,20:00,FKKD,26.0,24.0,101.4,220,03
2016-08-02,21:00,FKKD,26.0,24.0,101.5,220,02
2016-08-02,23:00,FKKD,25.0,24.0,101.5,210,02
2016-08-03,00:00,FKKD,25.0,24.0,101.5,000,00
2016-08-03,01:00,FKKD,25.0,24.0,101.4,000,00
2016-08-03,02:00,FKKD,25.0,24.0,101.4,260,04
2016-08-03,03:00,FKKD,25.0,24.0,101.4,220,03
2016-08-03,04:00,FKKD,24.0,23.0,101.3,180,02
2016-08-03,05:00,FKKD,24.0,24.0,101.3,170,02
2016-08-03,06:00,FKKD,24.0,24.0,101.4,220,02
2016-08-03,07:00,FKKD,24.0,24.0,101.4,220,02
2016-08-03,08:00,FKKD,26.0,24.0,101.5,230,04
2016-08-03,09:00,FKKD,26.0,24.0,101.5,220,04
2016-08-03,10:00,FKKD,26.0,24.0,101.4,240,04
2016-08-03,11:00,FKKD,27.0,25.0,101.4,270,07
2016-08-03,12:00,FKKD,27.0,25.0,101.3,240,06
2016-08-03,13:00,FKKD,27.0,24.0,101.3,260,06
2016-08-03,14:00,FKKD,28.0,24.0,101.2,260,09
2016-08-03,15:00,FKKD,28.0,23.0,101.1,260,08
2016-08-03,16:00,FKKD,27.0,23.0,101.1,250,10
2016-08-03,17:00,FKKD,26.0,23.0,101.1,260,04
2016-08-03,18:00,FKKD,25.0,24.0,101.2,240,04
2016-08-03,19:00,FKKD,25.0,24.0,101.2,240,04
2016-08-03,20:00,FKKD,25.0,24.0,101.3,230,03
2016-08-03,21:00,FKKD,25.0,24.0,101.3,180,02
2016-08-03,22:00,FKKD,25.0,24.0,101.3,000,00
2016-08-03,23:00,FKKD,25.0,24.0,101.3,000,00
2016-08-04,00:00,FKKD,25.0,25.0,101.3,000,00
2016-08-04,01:00,FKKD,25.0,25.0,101.3,000,00
2016-08-04,02:00,FKKD,25.0,25.0,101.2,000,00
2016-08-04,03:00,FKKD,25.0,24.0,101.2,280,04
2016-08-04,04:00,FKKD,24.0,24.0,101.3,290,03
2016-08-04,05:00,FKKD,24.0,24.0,101.3,000,00
2016-08-04,06:00,FKKD,25.0,24.0,101.3,230,03
2016-08-04,07:00,FKKD,25.0,24.0,101.4,270,04
2016-08-04,08:00,FKKD,26.0,24.0,101.4,240,04
2016-08-04,09:00,FKKD,27.0,24.0,101.4,250,04
2016-08-04,10:00,FKKD,28.0,24.0,101.4,260,06
2016-08-04,11:00,FKKD,29.0,24.0,101.3,260,05
2016-08-04,12:00,FKKD,29.0,24.0,101.2,260,09
2016-08-04,13:00,FKKD,29.0,24.0,101.2,250,14
2016-08-04,14:00,FKKD,29.0,24.0,101.1,270,10
2016-08-04,15:00,FKKD,28.0,24.0,101.0,270,12
2016-08-04,16:00,FKKD,28.0,24.0,101.0,250,12
2016-08-04,17:00,FKKD,27.0,24.0,101.0,250,08
2016-08-04,18:00,FKKD,26.0,24.0,101.0,230,03
2016-08-04,19:00,FKKD,26.0,24.0,101.1,250,04
2016-08-04,20:00,FKKD,26.0,24.0,101.2,230,04
2016-08-04,21:00,FKKD,26.0,24.0,101.3,230,05
2016-08-04,22:00,FKKD,26.0,24.0,101.3,230,03
2016-08-04,23:00,FKKD,26.0,24.0,101.3,230,04
2016-08-05,00:00,FKKD,26.0,24.0,101.3,240,03
2016-08-05,01:00,FKKD,26.0,24.0,101.2,220,02
2016-08-05,02:00,FKKD,25.0,24.0,101.2,220,05
2016-08-05,03:00,FKKD,25.0,24.0,101.2,180,01
2016-08-05,04:00,FKKD,25.0,24.0,101.2,150,01
2016-08-05,05:00,FKKD,25.0,24.0,101.2,160,02
2016-08-05,06:00,FKKD,25.0,24.0,101.3,180,02
2016-08-05,07:00,FKKD,25.0,24.0,101.3,000,00
2016-08-05,08:00,FKKD,25.0,24.0,101.4,000,00
2016-08-05,09:00,FKKD,24.0,24.0,101.4,320,04
2016-08-05,10:00,FKKD,25.0,24.0,101.4,260,02
2016-08-05,11:00,FKKD,26.0,24.0,101.3,250,04
2016-08-05,12:00,FKKD,27.0,24.0,101.3,280,07
2016-08-05,14:00,FKKD,27.0,24.0,101.2,250,07
2016-08-05,15:00,FKKD,26.0,25.0,101.1,260,07
2016-08-05,16:00,FKKD,26.0,24.0,101.1,260,08
2016-08-05,17:00,FKKD,26.0,24.0,101.1,260,09
2016-08-05,18:00,FKKD,25.0,24.0,101.2,240,04
2016-08-05,19:00,FKKD,25.0,24.0,101.3,230,05
2016-08-05,20:00,FKKD,25.0,24.0,101.4,170,03
2016-08-05,21:00,FKKD,25.0,24.0,101.4,190,03
2016-08-05,23:00,FKKD,25.0,24.0,101.4,220,04
2016-08-06,00:00,FKKD,25.0,24.0,101.4,000,00
2016-08-06,01:00,FKKD,25.0,24.0,101.3,000,00
2016-08-06,02:00,FKKD,24.0,24.0,101.3,000,00
2016-08-06,03:00,FKKD,24.0,24.0,101.3,000,00
2016-08-06,04:00,FKKD,24.0,24.0,101.3,210,03
2016-08-06,05:00,FKKD,24.0,24.0,101.3,000,00
2016-08-06,06:00,FKKD,23.0,23.0,101.3,360,02
2016-08-06,07:00,FKKD,24.0,23.0,101.4,300,01
2016-08-06,08:00,FKKD,25.0,24.0,101.5,260,03
2016-08-06,09:00,FKKD,25.0,24.0,101.5,290,03
2016-08-06,10:00,FKKD,25.0,24.0,101.5,290,03
2016-08-06,11:00,FKKD,26.0,25.0,101.4,280,08
2016-08-06,12:00,FKKD,28.0,24.0,101.3,250,09
2016-08-06,13:00,FKKD,28.0,24.0,101.3,270,09
2016-08-06,14:00,FKKD,27.0,24.0,101.2,260,07
2016-08-06,15:00,FKKD,27.0,24.0,101.2,240,07
2016-08-06,16:00,FKKD,27.0,24.0,101.2,250,07
2016-08-06,17:00,FKKD,26.0,24.0,101.2,230,02
2016-08-06,19:00,FKKD,26.0,24.0,101.3,240,05
2016-08-06,20:00,FKKD,25.0,24.0,101.4,200,02
2016-08-06,21:00,FKKD,25.0,24.0,101.5,200,02
2016-08-06,22:00,FKKD,25.0,24.0,101.5,240,03
2016-08-06,23:00,FKKD,25.0,24.0,101.5,280,04
2016-08-07,00:00,FKKD,24.0,24.0,101.4,200,02
2016-08-07,01:00,FKKD,24.0,24.0,101.4,240,04
2016-08-07,02:00,FKKD,24.0,24.0,101.4,280,04
2016-08-07,03:00,FKKD,24.0,24.0,101.3,250,05
2016-08-07,04:00,FKKD,24.0,23.0,101.3,260,03
2016-08-07,05:00,FKKD,24.0,23.0,101.3,200,02
2016-08-07,06:00,FKKD,24.0,23.0,101.3,240,02
2016-08-07,07:00,FKKD,24.0,23.0,101.3,250,08
2016-08-07,08:00,FKKD,24.0,23.0,101.5,260,05
2016-08-07,09:00,FKKD,24.0,23.0,101.5,240,06
2016-08-07,11:00,FKKD,24.0,24.0,101.4,200,05
2016-08-07,12:00,FKKD,25.0,24.0,101.4,200,04
2016-08-07,13:00,FKKD,25.0,24.0,101.3,200,04
2016-08-07,14:00,FKKD,24.0,24.0,101.3,240,05
2016-08-07,15:00,FKKD,24.0,23.0,101.3,250,07
2016-08-07,16:00,FKKD,24.0,23.0,101.3,200,02
2016-08-07,17:00,FKKD,24.0,24.0,101.3,270,03
2016-08-07,18:00,FKKD,24.0,23.0,101.3,170,04
2016-08-07,19:00,FKKD,24.0,24.0,101.3,170,02
2016-08-07,20:00,FKKD,24.0,24.0,101.4,210,01
2016-08-07,21:00,FKKD,24.0,23.0,101.5,000,00
2016-08-07,22:00,FKKD,24.0,24.0,101.5,050,03
2016-08-07,23:00,FKKD,24.0,23.0,101.5,350,01
2016-08-08,00:00,FKKD,24.0,24.0,101.4,320,03
2016-08-08,01:00,FKKD,24.0,23.0,101.4,270,04
2016-08-08,02:00,FKKD,24.0,23.0,101.4,270,06
2016-08-08,03:00,FKKD,24.0,23.0,101.4,260,04
2016-08-08,04:00,FKKD,24.0,23.0,101.4,240,02
2016-08-08,05:00,FKKD,24.0,23.0,101.4,000,00
2016-08-08,06:00,FKKD,24.0,24.0,101.4,000,00
2016-08-08,07:00,FKKD,25.0,25.0,101.4,140,02
2016-08-08,08:00,FKKD,25.0,24.0,101.5,150,02
2016-08-08,09:00,FKKD,25.0,24.0,101.5,190,02
2016-08-08,10:00,FKKD,25.0,24.0,101.5,260,03
2016-08-08,11:00,FKKD,26.0,25.0,101.5,350,03
2016-08-08,12:00,FKKD,26.0,24.0,101.4,310,02
2016-08-08,13:00,FKKD,25.0,24.0,101.4,260,05
2016-08-08,14:00,FKKD,25.0,24.0,101.4,230,03
2016-08-08,15:00,FKKD,26.0,24.0,101.3,230,03
2016-08-08,16:00,FKKD,26.0,24.0,101.3,230,03
2016-08-08,17:00,FKKD,26.0,24.0,101.3,180,02
2016-08-08,18:00,FKKD,25.0,24.0,101.3,000,00
2016-08-08,19:00,FKKD,25.0,24.0,101.4,000,00
2016-08-08,20:00,FKKD,25.0,24.0,101.4,210,02
2016-08-08,21:00,FKKD,25.0,24.0,101.4,000,00
2016-08-08,22:00,FKKD,25.0,24.0,101.4,000,00
2016-08-08,23:00,FKKD,24.0,24.0,101.4,000,00
2016-08-09,00:00,FKKD,24.0,24.0,101.4,000,00
2016-08-09,01:00,FKKD,24.0,24.0,101.4,000,00
2016-08-09,02:00,FKKD,24.0,24.0,101.4,220,02
2016-08-09,03:00,FKKD,24.0,24.0,101.4,000,00
2016-08-09,04:00,FKKD,24.0,24.0,101.4,000,00
2016-08-09,05:00,FKKD,24.0,24.0,101.4,000,00
2016-08-09,06:00,FKKD,24.0,24.0,101.4,000,00
2016-08-09,07:00,FKKD,24.0,24.0,101.4,000,00
2016-08-09,08:00,FKKD,26.0,24.0,101.5,240,05
2016-08-09,10:00,FKKD,26.0,24.0,101.5,300,02
2016-08-09,11:00,FKKD,26.0,24.0,101.5,230,04
2016-08-09,12:00,FKKD,28.0,24.0,101.4,250,05
2016-08-09,13:00,FKKD,27.0,24.0,101.3,250,06
2016-08-09,14:00,FKKD,27.0,24.0,101.3,280,08
2016-08-09,15:00,FKKD,26.0,23.0,101.2,230,08
2016-08-09,16:00,FKKD,26.0,23.0,101.2,240,06
2016-08-09,17:00,FKKD,25.0,24.0,101.2,250,05
2016-08-09,18:00,FKKD,24.0,23.0,101.2,260,06
2016-08-09,19:00,FKKD,24.0,23.0,101.2,240,03
2016-08-09,20:00,FKKD,24.0,23.0,101.3,200,01
2016-08-09,21:00,FKKD,25.0,23.0,101.5,200,02
2016-08-09,22:00,FKKD,24.0,24.0,101.5,180,02
2016-08-09,23:00,FKKD,24.0,24.0,101.5,000,00
2016-08-10,00:00,FKKD,24.0,23.0,101.4,000,00
2016-08-10,01:00,FKKD,24.0,23.0,101.3,170,03
2016-08-10,02:00,FKKD,24.0,23.0,101.3,000,00
2016-08-10,03:00,FKKD,24.0,23.0,101.3,000,00
2016-08-10,04:00,FKKD,24.0,24.0,101.3,180,01
2016-08-10,05:00,FKKD,24.0,24.0,101.3,000,00
2016-08-10,06:00,FKKD,24.0,24.0,101.3,000,00
2016-08-10,07:00,FKKD,25.0,24.0,101.4,000,00
2016-08-10,09:00,FKKD,25.0,24.0,101.5,260,04
2016-08-10,10:00,FKKD,26.0,25.0,101.4,270,03
2016-08-10,11:00,FKKD,27.0,24.0,101.4,260,07
2016-08-10,12:00,FKKD,27.0,24.0,101.3,250,08
2016-08-10,13:00,FKKD,27.0,24.0,101.3,250,05
2016-08-10,14:00,FKKD,25.0,25.0,101.3,280,05
2016-08-10,15:00,FKKD,26.0,24.0,101.2,260,05
2016-08-10,16:00,FKKD,26.0,24.0,101.1,250,06
2016-08-10,17:00,FKKD,26.0,24.0,101.2,220,02
2016-08-10,18:00,FKKD,26.0,24.0,101.2,000,00
2016-08-10,19:00,FKKD,25.0,24.0,101.3,240,01
2016-08-10,20:00,FKKD,25.0,24.0,101.3,000,00
2016-08-10,21:00,FKKD,25.0,24.0,101.4,000,00
2016-08-10,22:00,FKKD,25.0,24.0,101.4,000,00
2016-08-10,23:00,FKKD,25.0,25.0,101.4,000,00
2016-08-11,00:00,FKKD,25.0,25.0,101.4,000,00
2016-08-11,01:00,FKKD,25.0,25.0,101.3,000,00
2016-08-11,02:00,FKKD,24.0,24.0,101.3,200,01
2016-08-11,03:00,FKKD,24.0,24.0,101.3,000,00
2016-08-11,04:00,FKKD,24.0,24.0,101.3,000,00
2016-08-11,05:00,FKKD,24.0,24.0,101.3,000,00
2016-08-11,06:00,FKKD,24.0,24.0,101.3,000,00
2016-08-11,07:00,FKKD,25.0,24.0,101.5,000,00
2016-08-11,08:00,FKKD,25.0,24.0,101.5,000,00
2016-08-11,09:00,FKKD,27.0,24.0,101.5,180,01
2016-08-11,10:00,FKKD,28.0,24.0,101.5,040,02
2016-08-11,11:00,FKKD,28.0,24.0,101.4,000,00
2016-08-11,12:00,FKKD,29.0,24.0,101.3,240,02
2016-08-11,13:00,FKKD,30.0,24.0,101.2,240,07
2016-08-11,14:00,FKKD,29.0,24.0,101.1,240,06
2016-08-11,15:00,FKKD,28.0,24.0,101.1,240,10
2016-08-11,16:00,FKKD,27.0,25.0,101.1,240,08
2016-08-11,17:00,FKKD,27.0,24.0,101.1,220,07
2016-08-11,18:00,FKKD,26.0,24.0,101.2,240,04
2016-08-11,19:00,FKKD,26.0,24.0,101.3,240,05
2016-08-11,20:00,FKKD,26.0,24.0,101.3,200,02
2016-08-11,21:00,FKKD,25.0,25.0,101.4,270,05
2016-08-11,22:00,FKKD,25.0,24.0,101.4,220,02
2016-08-11,23:00,FKKD,25.0,24.0,101.4,000,00
2016-08-12,00:00,FKKD,25.0,24.0,101.3,000,00
2016-08-12,01:00,FKKD,25.0,24.0,101.3,230,02
2016-08-12,02:00,FKKD,25.0,24.0,101.3,000,00
2016-08-12,03:00,FKKD,25.0,24.0,101.3,000,00
2016-08-12,05:00,FKKD,24.0,24.0,101.3,000,00
2016-08-12,06:00,FKKD,24.0,24.0,101.3,000,00
2016-08-12,07:00,FKKD,25.0,24.0,101.4,000,00
2016-08-12,08:00,FKKD,25.0,24.0,101.5,000,00
2016-08-12,09:00,FKKD,26.0,24.0,101.5,000,00
2016-08-12,10:00,FKKD,28.0,24.0,101.5,200,02
2016-08-12,11:00,FKKD,30.0,24.0,101.4,300,03
2016-08-12,12:00,FKKD,30.0,25.0,101.3,240,07
2016-08-12,13:00,FKKD,30.0,24.0,101.2,260,08
2016-08-12,14:00,FKKD,30.0,24.0,101.2,260,11
2016-08-12,15:00,FKKD,28.0,25.0,101.1,260,06
2016-08-12,16:00,FKKD,28.0,25.0,101.1,260,10
2016-08-12,17:00,FKKD,27.0,24.0,101.2,250,09
2016-08-12,18:00,FKKD,27.0,24.0,101.2,230,06
2016-08-12,19:00,FKKD,26.0,24.0,101.3,220,04
2016-08-12,20:00,FKKD,25.0,24.0,101.3,230,03
2016-08-12,21:00,FKKD,25.0,24.0,101.3,220,04
2016-08-12,22:00,FKKD,25.0,24.0,101.3,190,02
2016-08-12,23:00,FKKD,25.0,24.0,101.3,200,03
2016-08-13,00:00,FKKD,25.0,24.0,101.2,210,01
2016-08-13,01:00,FKKD,25.0,24.0,101.2,260,02
2016-08-13,02:00,FKKD,25.0,24.0,101.1,170,02
2016-08-13,03:00,FKKD,24.0,24.0,101.2,260,07
2016-08-13,04:00,FKKD,24.0,23.0,101.2,270,07
2016-08-13,04:47,FKKD,24.0,23.0,101.2,180,04
2016-08-13,05:00,FKKD,24.0,23.0,101.2,180,04
2016-08-13,06:00,FKKD,24.0,23.0,101.2,210,02
2016-08-13,07:00,FKKD,25.0,24.0,101.3,220,04
2016-08-13,08:00,FKKD,25.0,24.0,101.4,210,03
2016-08-13,09:00,FKKD,25.0,24.0,101.4,200,05
2016-08-13,10:00,FKKD,25.0,24.0,101.3,230,06
2016-08-13,11:00,FKKD,27.0,24.0,101.3,280,05
2016-08-13,12:00,FKKD,25.0,24.0,101.2,300,05
2016-08-13,13:00,FKKD,26.0,25.0,101.2,280,06
2016-08-13,14:00,FKKD,26.0,25.0,101.1,280,05
2016-08-13,15:00,FKKD,26.0,25.0,101.1,270,07
2016-08-13,16:00,FKKD,26.0,24.0,101.1,270,07
2016-08-13,17:00,FKKD,26.0,24.0,101.2,230,06
2016-08-13,18:00,FKKD,25.0,24.0,101.2,170,01
2016-08-13,19:00,FKKD,25.0,24.0,101.2,170,02
2016-08-13,20:00,FKKD,25.0,24.0,101.3,190,01
2016-08-13,21:00,FKKD,25.0,24.0,101.3,000,00
2016-08-13,22:00,FKKD,25.0,24.0,101.3,000,00
2016-08-13,23:00,FKKD,25.0,24.0,101.3,240,05
2016-08-14,00:00,FKKD,24.0,24.0,101.2,000,00
2016-08-14,01:00,FKKD,24.0,24.0,101.2,150,02
2016-08-14,02:00,FKKD,24.0,24.0,101.1,170,02
2016-08-14,03:00,FKKD,24.0,24.0,101.1,000,00
2016-08-14,04:00,FKKD,24.0,24.0,101.1,000,00
2016-08-14,06:00,FKKD,24.0,24.0,101.2,000,00
2016-08-14,07:00,FKKD,25.0,25.0,101.3,110,02
2016-08-14,08:00,FKKD,25.0,25.0,101.4,000,00
2016-08-14,09:00,FKKD,26.0,24.0,101.4,160,01
2016-08-14,10:00,FKKD,27.0,24.0,101.4,000,00
2016-08-14,11:00,FKKD,28.0,24.0,101.3,250,04
2016-08-14,12:00,FKKD,29.0,24.0,101.2,300,05
2016-08-14,13:00,FKKD,28.0,24.0,101.1,260,10
2016-08-14,14:00,FKKD,27.0,24.0,101.0,300,08
2016-08-14,15:00,FKKD,27.0,24.0,101.0,270,07
2016-08-14,16:00,FKKD,27.0,23.0,101.0,230,09
2016-08-14,17:00,FKKD,26.0,25.0,101.1,240,07
2016-08-14,18:00,FKKD,26.0,24.0,101.1,220,04
2016-08-14,19:00,FKKD,26.0,24.0,101.1,210,04
2016-08-14,20:00,FKKD,25.0,24.0,101.2,130,01
2016-08-14,21:00,FKKD,25.0,24.0,101.3,000,00
2016-08-14,22:00,FKKD,25.0,24.0,101.3,000,00
2016-08-14,23:00,FKKD,25.0,24.0,101.3,260,03
2016-08-15,00:00,FKKD,25.0,24.0,101.3,000,00
2016-08-15,01:00,FKKD,25.0,24.0,101.3,160,01
2016-08-15,02:00,FKKD,25.0,24.0,101.3,000,00
2016-08-15,03:00,FKKD,24.0,24.0,101.2,090,01
2016-08-15,04:00,FKKD,24.0,24.0,101.2,130,02
2016-08-15,05:00,FKKD,24.0,24.0,101.3,140,01
2016-08-15,06:00,FKKD,24.0,24.0,101.3,130,02
2016-08-15,07:00,FKKD,25.0,24.0,101.3,130,01
2016-08-15,08:00,FKKD,26.0,24.0,101.4,160,01
2016-08-15,09:00,FKKD,26.0,23.0,101.4,340,01
2016-08-15,10:00,FKKD,27.0,24.0,101.4,290,04
2016-08-15,11:00,FKKD,28.0,24.0,101.4,270,04
2016-08-15,12:00,FKKD,28.0,23.0,101.3,270,04
2016-08-15,13:00,FKKD,29.0,24.0,101.2,260,07
2016-08-15,14:00,FKKD,29.0,25.0,101.1,230,07
2016-08-15,15:00,FKKD,28.0,24.0,101.1,240,08
2016-08-15,16:00,FKKD,28.0,24.0,101.1,250,07
2016-08-15,17:00,FKKD,27.0,24.0,101.1,260,08
2016-08-15,18:00,FKKD,27.0,24.0,101.2,250,04
2016-08-15,19:00,FKKD,26.0,24.0,101.3,220,03
2016-08-15,20:00,FKKD,26.0,25.0,101.3,210,02
2016-08-15,21:00,FKKD,26.0,24.0,101.3,170,03
2016-08-15,22:00,FKKD,26.0,24.0,101.4,180,03
2016-08-15,23:00,FKKD,26.0,24.0,101.4,000,00
2016-08-16,00:00,FKKD,25.0,24.0,101.3,210,01
2016-08-16,01:00,FKKD,25.0,24.0,101.2,210,02
2016-08-16,02:00,FKKD,25.0,24.0,101.2,000,00
2016-08-16,03:00,FKKD,25.0,24.0,101.2,150,02
2016-08-16,04:00,FKKD,25.0,24.0,101.2,200,03
2016-08-16,05:00,FKKD,25.0,24.0,101.2,310,03
2016-08-16,06:00,FKKD,25.0,24.0,101.3,250,02
2016-08-16,07:00,FKKD,25.0,24.0,101.4,000,00
2016-08-16,08:00,FKKD,25.0,24.0,101.5,000,00
2016-08-16,09:00,FKKD,26.0,24.0,101.5,240,03
2016-08-16,10:00,FKKD,26.0,25.0,101.5,240,05
2016-08-16,11:00,FKKD,27.0,24.0,101.4,220,04
2016-08-16,12:00,FKKD,28.0,24.0,101.3,220,04
2016-08-16,13:00,FKKD,29.0,24.0,101.2,220,08
2016-08-16,14:00,FKKD,28.0,24.0,101.1,250,09
2016-08-16,15:00,FKKD,28.0,25.0,101.1,240,06
2016-08-16,16:00,FKKD,28.0,24.0,101.0,240,08
2016-08-16,17:00,FKKD,26.0,24.0,101.1,260,05
2016-08-16,18:00,FKKD,26.0,24.0,101.2,240,04
2016-08-16,19:00,FKKD,26.0,24.0,101.2,240,04
2016-08-16,20:00,FKKD,26.0,24.0,101.3,210,02
2016-08-16,21:00,FKKD,26.0,24.0,101.3,000,00
2016-08-16,22:00,FKKD,26.0,24.0,101.3,000,00
2016-08-16,23:00,FKKD,25.0,25.0,101.3,140,01
2016-08-17,00:00,FKKD,25.0,24.0,101.3,000,00
2016-08-17,01:00,FKKD,25.0,24.0,101.3,260,03
2016-08-17,02:00,FKKD,25.0,24.0,101.3,000,00
2016-08-17,03:00,FKKD,24.0,24.0,101.3,000,00
2016-08-17,04:00,FKKD,24.0,24.0,101.3,000,00
2016-08-17,05:00,FKKD,24.0,24.0,101.3,000,00
2016-08-17,06:00,FKKD,24.0,24.0,101.3,300,02
2016-08-17,07:00,FKKD,25.0,24.0,101.4,000,00
2016-08-17,08:00,FKKD,26.0,24.0,101.5,270,04
2016-08-17,09:00,FKKD,27.0,24.0,101.5,330,03
2016-08-17,10:00,FKKD,27.0,25.0,101.5,290,04
2016-08-17,11:00,FKKD,28.0,24.0,101.4,270,05
2016-08-17,12:00,FKKD,28.0,25.0,101.3,260,10
2016-08-17,13:00,FKKD,27.0,24.0,101.3,240,07
2016-08-17,14:00,FKKD,27.0,24.0,101.2,240,09
2016-08-17,15:00,FKKD,27.0,24.0,101.2,240,07
2016-08-17,16:00,FKKD,27.0,24.0,101.2,290,09
2016-08-17,17:00,FKKD,26.0,24.0,101.2,240,05
2016-08-17,18:00,FKKD,26.0,24.0,101.2,230,03
2016-08-17,19:00,FKKD,25.0,24.0,101.3,170,01
2016-08-17,20:00,FKKD,25.0,24.0,101.4,200,01
2016-08-17,21:00,FKKD,25.0,24.0,101.5,180,02
2016-08-17,22:00,FKKD,24.0,24.0,101.4,000,00
2016-08-17,23:00,FKKD,24.0,24.0,101.4,000,00
2016-08-18,00:00,FKKD,24.0,24.0,101.3,360,02
2016-08-18,01:00,FKKD,24.0,24.0,101.3,180,02
2016-08-18,02:00,FKKD,24.0,24.0,101.3,000,00
2016-08-18,03:00,FKKD,24.0,24.0,101.2,000,00
2016-08-18,04:00,FKKD,24.0,24.0,101.2,000,00
2016-08-18,05:00,FKKD,24.0,24.0,101.2,000,00
2016-08-18,06:00,FKKD,24.0,24.0,101.2,000,00
2016-08-18,07:00,FKKD,25.0,24.0,101.3,000,00
2016-08-18,08:00,FKKD,26.0,24.0,101.4,350,01
2016-08-18,09:00,FKKD,27.0,24.0,101.4,010,01
2016-08-18,10:00,FKKD,28.0,24.0,101.4,310,01
2016-08-18,11:00,FKKD,29.0,24.0,101.4,240,03
2016-08-18,12:00,FKKD,29.0,24.0,101.2,290,04
2016-08-18,13:00,FKKD,29.0,24.0,101.2,240,10
2016-08-18,14:00,FKKD,29.0,23.0,101.1,240,10
2016-08-18,15:00,FKKD,29.0,24.0,101.0,240,09
2016-08-18,20:00,FKKD,26.0,24.0,101.2,260,01
2016-08-18,21:00,FKKD,26.0,24.0,101.3,230,03
2016-08-18,22:00,FKKD,26.0,25.0,101.4,240,03
2016-08-19,00:00,FKKD,25.0,24.0,101.3,240,04
2016-08-19,01:00,FKKD,25.0,24.0,101.3,280,02
2016-08-19,02:00,FKKD,25.0,24.0,101.2,000,00
2016-08-19,03:00,FKKD,25.0,24.0,101.2,140,01
2016-08-19,04:00,FKKD,25.0,24.0,101.2,260,03
2016-08-19,06:00,FKKD,24.0,23.0,101.2,000,00
2016-08-19,07:00,FKKD,25.0,24.0,101.3,000,00
2016-08-19,08:00,FKKD,26.0,25.0,101.4,300,03
2016-08-19,09:00,FKKD,26.0,24.0,101.4,010,02
2016-08-19,10:00,FKKD,26.0,24.0,101.4,230,03
2016-08-19,11:00,FKKD,26.0,25.0,101.4,180,05
2016-08-19,12:00,FKKD,26.0,24.0,101.4,240,06
2016-08-19,13:00,FKKD,27.0,24.0,101.3,240,07
2016-08-19,14:00,FKKD,26.0,24.0,101.2,250,08
2016-08-19,15:00,FKKD,26.0,24.0,101.1,260,08
2016-08-19,16:00,FKKD,27.0,23.0,101.1,250,07
2016-08-19,17:00,FKKD,26.0,24.0,101.1,270,06
2016-08-19,18:00,FKKD,25.0,23.0,101.1,230,04
2016-08-19,19:00,FKKD,25.0,24.0,101.1,230,02
2016-08-19,20:00,FKKD,25.0,24.0,101.2,000,00
2016-08-19,21:00,FKKD,25.0,24.0,101.3,110,02
2016-08-19,22:00,FKKD,25.0,24.0,101.4,140,02
2016-08-19,23:00,FKKD,25.0,24.0,101.3,160,02
2016-08-20,00:00,FKKD,25.0,24.0,101.3,170,02
2016-08-20,01:00,FKKD,24.0,24.0,101.2,190,03
2016-08-20,02:00,FKKD,24.0,24.0,101.2,180,02
2016-08-20,03:00,FKKD,24.0,24.0,101.2,180,03
2016-08-20,04:00,FKKD,24.0,24.0,101.2,180,01
2016-08-20,05:00,FKKD,24.0,24.0,101.2,000,00
2016-08-20,06:00,FKKD,24.0,24.0,101.3,120,01
2016-08-20,08:00,FKKD,25.0,24.0,101.4,000,00
2016-08-20,09:00,FKKD,25.0,24.0,101.4,290,03
2016-08-20,10:00,FKKD,27.0,25.0,101.3,280,08
2016-08-20,11:00,FKKD,26.0,24.0,101.3,240,08
2016-08-20,12:00,FKKD,27.0,24.0,101.3,230,07
2016-08-20,13:00,FKKD,28.0,24.0,101.2,240,09
2016-08-20,14:00,FKKD,28.0,24.0,101.1,250,10
2016-08-20,15:00,FKKD,27.0,23.0,101.1,260,10
2016-08-20,16:00,FKKD,27.0,23.0,101.1,250,08
2016-08-20,17:00,FKKD,27.0,24.0,101.1,260,07
2016-08-20,18:00,FKKD,26.0,25.0,101.2,250,04
2016-08-20,19:00,FKKD,25.0,24.0,101.2,240,03
2016-08-20,20:00,FKKD,25.0,24.0,101.3,250,02
2016-08-20,21:00,FKKD,26.0,24.0,101.3,270,01
2016-08-20,22:00,FKKD,26.0,24.0,101.3,000,00
2016-08-20,23:00,FKKD,26.0,24.0,101.3,190,01
2016-08-21,00:00,FKKD,25.0,24.0,101.3,210,04
2016-08-21,01:00,FKKD,25.0,24.0,101.2,170,01
2016-08-21,02:00,FKKD,25.0,24.0,101.2,000,00
2016-08-21,03:00,FKKD,25.0,24.0,101.2,000,00
2016-08-21,04:00,FKKD,25.0,24.0,101.2,000,00
2016-08-21,05:00,FKKD,25.0,24.0,101.2,000,00
2016-08-21,06:00,FKKD,25.0,24.0,101.3,000,00
2016-08-21,07:00,FKKD,25.0,25.0,101.4,000,00
2016-08-21,08:00,FKKD,25.0,24.0,101.5,000,00
2016-08-21,09:00,FKKD,25.0,25.0,101.5,350,03
2016-08-21,10:00,FKKD,25.0,24.0,101.5,270,03
2016-08-21,11:00,FKKD,24.0,23.0,101.5,250,02
2016-08-21,12:00,FKKD,25.0,24.0,101.3,310,01
2016-08-21,13:00,FKKD,27.0,25.0,101.2,250,03
2016-08-21,14:00,FKKD,28.0,24.0,101.1,270,07
2016-08-21,15:00,FKKD,28.0,24.0,101.0,260,09
2016-08-21,16:00,FKKD,27.0,24.0,101.0,250,07
2016-08-21,17:00,FKKD,27.0,24.0,101.0,250,07
2016-08-21,18:00,FKKD,26.0,24.0,101.2,250,05
2016-08-21,19:00,FKKD,26.0,24.0,101.3,230,02
2016-08-21,20:00,FKKD,25.0,24.0,101.4,260,02
2016-08-21,21:00,FKKD,25.0,24.0,101.4,000,00
2016-08-21,22:00,FKKD,25.0,24.0,101.4,230,02
2016-08-21,23:00,FKKD,25.0,24.0,101.3,230,02
2016-08-22,00:00,FKKD,25.0,24.0,101.3,220,02
2016-08-22,01:00,FKKD,25.0,25.0,101.3,240,02
2016-08-22,02:00,FKKD,25.0,24.0,101.2,230,04
2016-08-22,03:00,FKKD,25.0,24.0,101.2,000,00
2016-08-22,04:00,FKKD,25.0,24.0,101.2,230,04
2016-08-22,05:00,FKKD,25.0,24.0,101.3,220,04
2016-08-22,06:00,FKKD,25.0,24.0,101.3,180,02
2016-08-22,07:00,FKKD,26.0,25.0,101.3,160,02
2016-08-22,08:00,FKKD,26.0,25.0,101.4,270,03
2016-08-22,09:00,FKKD,25.0,24.0,101.4,260,06
2016-08-22,10:00,FKKD,25.0,25.0,101.4,240,01
2016-08-22,11:00,FKKD,26.0,25.0,101.4,240,06
2016-08-22,12:00,FKKD,27.0,25.0,101.3,270,04
2016-08-22,13:00,FKKD,27.0,25.0,101.2,260,07
2016-08-22,14:00,FKKD,29.0,24.0,101.1,250,06
2016-08-22,15:00,FKKD,28.0,24.0,101.1,230,10
2016-08-22,16:00,FKKD,28.0,25.0,101.0,270,09
2016-08-22,17:00,FKKD,27.0,23.0,101.0,260,06
2016-08-22,18:00,FKKD,25.0,25.0,101.1,240,05
2016-08-22,19:00,FKKD,25.0,24.0,101.1,250,02
2016-08-22,20:00,FKKD,25.0,24.0,101.2,210,01
2016-08-22,22:00,FKKD,26.0,25.0,101.4,330,03
2016-08-22,23:00,FKKD,26.0,25.0,101.3,310,02
2016-08-23,00:00,FKKD,25.0,24.0,101.3,310,02
2016-08-23,01:00,FKKD,25.0,24.0,101.2,000,00
2016-08-23,02:00,FKKD,25.0,24.0,101.2,000,00
2016-08-23,03:00,FKKD,25.0,24.0,101.2,000,00
2016-08-23,04:00,FKKD,25.0,24.0,101.3,200,03
2016-08-23,05:00,FKKD,25.0,24.0,101.3,000,00
2016-08-23,06:00,FKKD,25.0,24.0,101.3,000,00
2016-08-23,07:00,FKKD,26.0,25.0,101.4,180,03
2016-08-23,08:00,FKKD,25.0,25.0,101.4,230,06
2016-08-23,09:00,FKKD,26.0,26.0,101.5,240,06
2016-08-23,11:00,FKKD,26.0,25.0,101.4,270,05
2016-08-23,12:00,FKKD,27.0,24.0,101.3,270,08
2016-08-23,13:00,FKKD,27.0,24.0,101.2,260,07
2016-08-23,14:00,FKKD,27.0,25.0,101.2,240,08
2016-08-23,15:00,FKKD,27.0,25.0,101.0,260,09
2016-08-23,16:00,FKKD,26.0,25.0,101.0,260,09
2016-08-23,17:00,FKKD,25.0,25.0,101.1,270,05
2016-08-23,18:00,FKKD,24.0,24.0,101.2,250,05
2016-08-23,19:00,FKKD,24.0,24.0,101.3,230,02
2016-08-23,20:00,FKKD,25.0,24.0,101.3,000,00
2016-08-23,21:00,FKKD,25.0,24.0,101.4,230,06
2016-08-23,22:00,FKKD,25.0,24.0,101.4,000,00
2016-08-23,23:00,FKKD,25.0,24.0,101.3,160,01
2016-08-24,00:00,FKKD,25.0,24.0,101.3,260,01
2016-08-24,01:00,FKKD,25.0,24.0,101.3,270,03
2016-08-24,02:00,FKKD,25.0,24.0,101.2,000,00
2016-08-24,03:00,FKKD,25.0,24.0,101.2,000,00
2016-08-24,04:00,FKKD,25.0,24.0,101.2,000,00
2016-08-24,05:00,FKKD,25.0,24.0,101.3,000,00
2016-08-24,06:00,FKKD,25.0,24.0,101.3,000,00
2016-08-24,07:00,FKKD,24.0,24.0,101.3,000,00
2016-08-24,08:00,FKKD,25.0,24.0,101.3,000,00
2016-08-24,09:00,FKKD,25.0,25.0,101.4,290,03
2016-08-24,10:00,FKKD,25.0,24.0,101.5,260,07
2016-08-24,11:00,FKKD,24.0,24.0,101.4,260,04
2016-08-24,12:00,FKKD,25.0,24.0,101.3,260,05
2016-08-24,13:00,FKKD,25.0,24.0,101.2,270,05
2016-08-24,15:00,FKKD,26.0,24.0,101.0,260,06
2016-08-24,16:00,FKKD,26.0,23.0,101.0,250,07
2016-08-24,17:00,FKKD,25.0,24.0,101.0,240,04
2016-08-24,18:00,FKKD,25.0,24.0,101.1,180,02
2016-08-24,19:00,FKKD,25.0,24.0,101.2,220,03
2016-08-24,20:00,FKKD,25.0,24.0,101.3,210,02
2016-08-24,21:00,FKKD,25.0,23.0,101.3,000,00
2016-08-24,22:00,FKKD,24.0,24.0,101.3,000,00
2016-08-24,23:00,FKKD,24.0,24.0,101.3,100,02
2016-08-25,00:00,FKKD,24.0,24.0,101.3,160,01
2016-08-25,01:00,FKKD,24.0,24.0,101.2,150,02
2016-08-25,02:00,FKKD,24.0,24.0,101.2,000,00
2016-08-25,04:00,FKKD,24.0,24.0,101.2,150,02
2016-08-25,05:00,FKKD,24.0,24.0,101.2,160,02
2016-08-25,06:00,FKKD,24.0,24.0,101.2,000,00
2016-08-25,07:00,FKKD,25.0,24.0,101.3,000,00
2016-08-25,08:00,FKKD,26.0,24.0,101.4,210,01
2016-08-25,09:00,FKKD,27.0,24.0,101.4,270,02
2016-08-25,10:00,FKKD,28.0,24.0,101.3,280,07
2016-08-25,11:00,FKKD,29.0,24.0,101.3,300,07
2016-08-25,12:00,FKKD,28.0,25.0,101.2,260,08
2016-08-25,13:00,FKKD,28.0,25.0,101.1,260,12
2016-08-25,14:00,FKKD,27.0,24.0,101.1,250,08
2016-08-25,15:00,FKKD,27.0,25.0,101.0,240,08
2016-08-25,16:00,FKKD,27.0,25.0,101.1,240,06
2016-08-25,17:00,FKKD,27.0,24.0,101.1,240,05
2016-08-25,18:00,FKKD,26.0,24.0,101.1,230,04
2016-08-25,19:00,FKKD,26.0,24.0,101.2,230,04
2016-08-25,20:00,FKKD,25.0,24.0,101.3,150,02
2016-08-25,21:00,FKKD,25.0,24.0,101.3,000,00
2016-08-25,22:00,FKKD,25.0,24.0,101.3,140,02
2016-08-25,23:00,FKKD,25.0,24.0,101.3,000,00
2016-08-26,00:00,FKKD,25.0,24.0,101.3,000,00
2016-08-26,01:00,FKKD,25.0,24.0,101.2,160,03
2016-08-26,02:00,FKKD,25.0,24.0,101.2,190,03
2016-08-26,03:00,FKKD,24.0,23.0,101.1,180,02
2016-08-26,04:00,FKKD,24.0,23.0,101.1,160,02
2016-08-26,05:00,FKKD,24.0,23.0,101.2,190,02
2016-08-26,06:00,FKKD,24.0,24.0,101.2,000,00
2016-08-26,07:00,FKKD,24.0,24.0,101.4,000,00
2016-08-26,08:00,FKKD,26.0,24.0,101.4,260,02
2016-08-26,09:00,FKKD,26.0,24.0,101.4,320,04
2016-08-26,10:00,FKKD,26.0,24.0,101.4,290,07
2016-08-26,11:00,FKKD,27.0,24.0,101.3,300,07
2016-08-26,13:00,FKKD,29.0,24.0,101.1,240,07
2016-08-26,14:00,FKKD,29.0,24.0,101.0,270,10
2016-08-26,15:00,FKKD,28.0,24.0,100.9,260,07
2016-08-26,16:00,FKKD,28.0,24.0,100.9,240,09
2016-08-26,17:00,FKKD,27.0,24.0,101.0,240,07
2016-08-26,18:00,FKKD,26.0,23.0,101.1,250,05
2016-08-26,19:00,FKKD,26.0,24.0,101.2,240,03
2016-08-26,20:00,FKKD,25.0,24.0,101.2,210,01
2016-08-26,21:00,FKKD,25.0,24.0,101.3,250,02
2016-08-26,22:00,FKKD,25.0,24.0,101.4,190,01
2016-08-26,23:00,FKKD,24.0,23.0,101.3,200,03
2016-08-27,00:00,FKKD,24.0,24.0,101.2,000,00
2016-08-27,01:00,FKKD,24.0,24.0,101.2,000,00
2016-08-27,03:00,FKKD,24.0,24.0,101.1,000,00
2016-08-27,04:00,FKKD,24.0,23.0,101.2,000,00
2016-08-27,05:00,FKKD,24.0,23.0,101.2,000,00
2016-08-27,06:00,FKKD,24.0,23.0,101.2,000,00
2016-08-27,07:00,FKKD,25.0,24.0,101.3,000,00
2016-08-27,08:00,FKKD,26.0,24.0,101.3,180,03
2016-08-27,09:00,FKKD,28.0,23.0,101.3,220,03
2016-08-27,10:00,FKKD,27.0,24.0,101.4,270,06
2016-08-27,11:00,FKKD,26.0,25.0,101.3,000,00
2016-08-27,12:00,FKKD,27.0,25.0,101.3,230,08
2016-08-27,13:00,FKKD,25.0,25.0,101.2,000,00
2016-08-27,14:00,FKKD,27.0,25.0,101.0,250,06
2016-08-27,15:00,FKKD,28.0,24.0,101.0,240,06
2016-08-27,16:00,FKKD,28.0,24.0,101.0,250,06
2016-08-27,17:00,FKKD,27.0,24.0,101.1,270,05
2016-08-27,18:00,FKKD,26.0,24.0,101.1,270,04
2016-08-27,19:00,FKKD,26.0,23.0,101.2,240,02
2016-08-27,20:00,FKKD,25.0,24.0,101.2,230,02
2016-08-27,21:00,FKKD,25.0,24.0,101.3,000,00
2016-08-27,22:00,FKKD,25.0,24.0,101.3,000,00
2016-08-27,23:00,FKKD,25.0,24.0,101.3,000,00
2016-08-28,00:00,FKKD,25.0,24.0,101.2,000,00
2016-08-28,01:00,FKKD,25.0,24.0,101.2,000,00
2016-08-28,02:00,FKKD,25.0,24.0,101.2,000,00
2016-08-28,03:00,FKKD,24.0,24.0,101.3,000,00
2016-08-28,04:00,FKKD,24.0,23.0,101.2,000,00
2016-08-28,05:00,FKKD,24.0,24.0,101.3,000,00
2016-08-28,06:00,FKKD,24.0,24.0,101.4,160,01
2016-08-28,07:00,FKKD,25.0,24.0,101.4,000,00
2016-08-28,08:00,FKKD,27.0,24.0,101.4,000,00
2016-08-28,09:00,FKKD,27.0,25.0,101.5,330,03
2016-08-28,10:00,FKKD,29.0,24.0,101.5,300,03
2016-08-28,11:00,FKKD,29.0,24.0,101.4,230,05
2016-08-28,12:00,FKKD,30.0,24.0,101.3,220,06
2016-08-28,13:00,FKKD,28.0,25.0,101.2,260,05
2016-08-28,14:00,FKKD,27.0,25.0,101.2,260,08
2016-08-28,15:00,FKKD,27.0,25.0,101.1,250,12
2016-08-28,16:00,FKKD,27.0,25.0,101.1,250,07
2016-08-28,17:00,FKKD,26.0,24.0,101.1,240,07
2016-08-28,18:00,FKKD,26.0,24.0,101.2,210,05
2016-08-28,19:00,FKKD,26.0,24.0,101.3,200,03
2016-08-28,20:00,FKKD,26.0,24.0,101.4,000,00
2016-08-28,21:00,FKKD,25.0,24.0,101.4,000,00
2016-08-28,22:00,FKKD,24.0,23.0,101.5,290,04
2016-08-28,23:00,FKKD,24.0,23.0,101.4,000,00
2016-08-29,00:00,FKKD,24.0,24.0,101.4,000,00
2016-08-29,01:00,FKKD,24.0,24.0,101.4,010,02
2016-08-29,02:00,FKKD,24.0,24.0,101.3,000,00
2016-08-29,03:00,FKKD,24.0,24.0,101.3,000,00
2016-08-29,04:00,FKKD,24.0,24.0,101.3,000,00
2016-08-29,05:00,FKKD,24.0,24.0,101.3,000,00
2016-08-29,06:00,FKKD,24.0,24.0,101.4,000,00
2016-08-29,07:00,FKKD,26.0,24.0,101.4,000,00
2016-08-29,08:00,FKKD,27.0,24.0,101.5,200,02
2016-08-29,09:00,FKKD,28.0,24.0,101.5,000,00
2016-08-29,11:00,FKKD,27.0,24.0,101.5,270,10
2016-08-29,12:00,FKKD,26.0,24.0,101.4,270,07
2016-08-29,13:00,FKKD,25.0,24.0,101.3,220,08
2016-08-29,14:00,FKKD,23.0,22.0,101.2,240,02
2016-08-29,15:00,FKKD,23.0,23.0,101.2,300,04
2016-08-29,16:00,FKKD,23.0,22.0,101.1,330,04
2016-08-29,17:00,FKKD,24.0,23.0,101.1,000,00
2016-08-29,18:00,FKKD,24.0,22.0,101.1,000,00
2016-08-29,19:00,FKKD,23.0,22.0,101.2,000,00
2016-08-29,20:00,FKKD,22.0,22.0,101.3,000,00
2016-08-29,21:00,FKKD,23.0,22.0,101.4,000,00
2016-08-29,22:00,FKKD,23.0,22.0,101.5,190,01
2016-08-29,23:00,FKKD,22.0,22.0,101.4,000,00
2016-08-30,00:00,FKKD,22.0,22.0,101.3,000,00
2016-08-30,01:00,FKKD,23.0,22.0,101.3,070,01
2016-08-30,02:00,FKKD,23.0,22.0,101.3,040,03
2016-08-30,03:00,FKKD,23.0,22.0,101.3,000,00
2016-08-30,04:00,FKKD,23.0,22.0,101.3,000,00
2016-08-30,05:00,FKKD,23.0,22.0,101.3,000,00
2016-08-30,07:00,FKKD,24.0,23.0,101.4,170,01
2016-08-30,08:00,FKKD,24.0,23.0,101.5,090,02
2016-08-30,09:00,FKKD,25.0,23.0,101.6,160,02
2016-08-30,10:00,FKKD,26.0,24.0,101.6,100,01
2016-08-30,12:00,FKKD,26.0,23.0,101.4,000,00
2016-08-30,13:00,FKKD,26.0,23.0,101.3,000,00
2016-08-30,14:00,FKKD,27.0,23.0,101.2,190,04
2016-08-30,15:00,FKKD,27.0,24.0,101.1,220,06
2016-08-30,16:00,FKKD,26.0,23.0,101.0,240,05
2016-08-30,17:00,FKKD,26.0,23.0,101.1,240,05
2016-08-30,18:00,FKKD,25.0,24.0,101.1,230,03
2016-08-30,19:00,FKKD,25.0,24.0,101.2,230,02
2016-08-30,20:00,FKKD,24.0,23.0,101.2,000,00
2016-08-30,21:00,FKKD,24.0,23.0,101.2,000,00
2016-08-30,22:00,FKKD,24.0,23.0,101.3,000,00
2016-08-30,23:00,FKKD,24.0,23.0,101.3,170,03
2016-08-31,00:00,FKKD,24.0,24.0,101.3,000,00
2016-08-31,01:00,FKKD,24.0,24.0,101.3,000,00
2016-08-31,02:00,FKKD,24.0,24.0,101.3,000,00
2016-08-31,03:00,FKKD,24.0,23.0,101.2,000,00
2016-08-31,04:00,FKKD,24.0,24.0,101.2,000,00
2016-08-31,05:00,FKKD,24.0,24.0,101.3,000,00
2016-08-31,06:00,FKKD,24.0,24.0,101.3,000,00
2016-08-31,07:00,FKKD,25.0,24.0,101.4,160,02
2016-08-31,08:00,FKKD,27.0,25.0,101.5,200,02
2016-08-31,09:00,FKKD,28.0,25.0,101.6,000,00
2016-08-31,10:00,FKKD,28.0,25.0,101.5,250,04
2016-08-31,11:00,FKKD,28.0,24.0,101.5,290,02
2016-08-31,12:00,FKKD,29.0,24.0,101.3,250,06
2016-08-31,13:00,FKKD,30.0,23.0,101.3,250,05
2016-08-31,15:00,FKKD,29.0,24.0,101.1,260,08
2016-08-31,16:00,FKKD,29.0,23.0,101.0,250,08
2016-08-31,17:00,FKKD,27.0,24.0,101.1,270,06
2016-08-31,18:00,FKKD,27.0,24.0,101.2,240,05
2016-08-31,19:00,FKKD,26.0,24.0,101.3,240,03
2016-08-31,20:00,FKKD,26.0,24.0,101.3,250,04
2016-08-31,21:00,FKKD,26.0,24.0,101.4,000,00
2016-08-31,22:00,FKKD,26.0,24.0,101.5,170,02
2016-08-31,23:00,FKKD,25.0,24.0,101.4,160,02
2016-11-01,00:00,FKKD,22.0,21.0,101.1,000,00
2016-11-01,01:00,FKKD,23.0,22.0,101.1,000,00
2016-11-01,02:00,FKKD,23.0,22.0,101.0,000,00
2016-11-01,03:00,FKKD,23.0,22.0,101.0,000,00
2016-11-01,04:00,FKKD,23.0,22.0,101.0,190,02
2016-11-01,06:00,FKKD,23.0,23.0,101.3,150,01
2016-11-01,09:00,FKKD,23.0,22.0,101.3,000,00
2016-11-01,10:00,FKKD,24.0,23.0,101.3,180,03
2016-11-01,11:00,FKKD,24.0,23.0,101.2,120,01
2016-11-01,12:00,FKKD,25.0,23.0,101.1,020,03
2016-11-01,13:00,FKKD,26.0,23.0,101.0,340,04
2016-11-01,14:00,FKKD,26.0,22.0,101.0,260,03
2016-11-01,15:00,FKKD,26.0,23.0,101.0,220,05
2016-11-01,16:00,FKKD,26.0,23.0,101.0,230,03
2016-11-01,17:00,FKKD,25.0,24.0,101.0,240,02
2016-11-01,18:00,FKKD,26.0,23.0,101.1,000,00
2016-11-01,19:00,FKKD,24.0,23.0,101.1,000,00
2016-11-01,20:00,FKKD,24.0,24.0,101.3,000,00
2016-11-01,21:00,FKKD,24.0,23.0,101.3,170,03
2016-11-01,22:00,FKKD,24.0,23.0,101.4,150,02
2016-11-01,23:00,FKKD,24.0,23.0,101.5,160,04
2016-11-02,00:00,FKKD,24.0,23.0,101.4,150,03
2016-11-02,01:00,FKKD,24.0,23.0,101.4,070,02
2016-11-02,02:00,FKKD,23.0,22.0,101.3,000,00
2016-11-02,03:00,FKKD,23.0,22.0,101.2,320,02
2016-11-02,04:00,FKKD,23.0,22.0,101.1,320,04
2016-11-02,05:00,FKKD,23.0,22.0,101.1,100,02
2016-11-02,06:00,FKKD,23.0,22.0,101.2,150,02
2016-11-02,07:00,FKKD,23.0,22.0,101.3,000,00
2016-11-02,08:00,FKKD,26.0,22.0,101.3,170,03
2016-11-02,09:00,FKKD,27.0,22.0,101.3,200,02
2016-11-02,10:00,FKKD,28.0,22.0,101.3,180,03
2016-11-02,11:00,FKKD,29.0,22.0,101.2,160,03
2016-11-02,12:00,FKKD,29.0,24.0,101.0,320,02
2016-11-02,13:00,FKKD,30.0,24.0,101.0,310,05
2016-11-02,14:00,FKKD,31.0,23.0,100.9,280,05
2016-11-02,15:00,FKKD,30.0,22.0,100.9,250,06
2016-11-02,16:00,FKKD,29.0,22.0,100.9,270,04
2016-11-02,17:00,FKKD,27.0,22.0,100.9,270,04
2016-11-02,18:00,FKKD,27.0,22.0,101.0,230,03
2016-11-02,19:00,FKKD,26.0,23.0,101.1,000,00
2016-11-02,20:00,FKKD,25.0,24.0,101.2,000,00
2016-11-02,21:00,FKKD,26.0,24.0,101.2,230,02
2016-11-02,22:00,FKKD,25.0,24.0,101.2,000,00
2016-11-02,23:00,FKKD,25.0,24.0,101.2,100,02
2016-11-03,00:00,FKKD,25.0,24.0,101.2,000,00
2016-11-03,01:00,FKKD,25.0,24.0,101.1,130,02
2016-11-03,02:00,FKKD,25.0,24.0,101.1,000,00
2016-11-03,03:00,FKKD,25.0,23.0,101.1,340,02
2016-11-03,04:00,FKKD,25.0,24.0,101.1,010,03
2016-11-03,05:00,FKKD,24.0,24.0,101.2,000,00
2016-11-03,06:00,FKKD,24.0,23.0,101.3,000,00
2016-11-03,07:00,FKKD,24.0,23.0,101.4,000,00
2016-11-03,09:00,FKKD,24.0,23.0,101.4,320,02
2016-11-03,10:00,FKKD,24.0,23.0,101.4,310,04
2016-11-03,11:00,FKKD,25.0,23.0,101.4,330,03
2016-11-03,12:00,FKKD,27.0,24.0,101.3,220,04
2016-11-03,13:00,FKKD,27.0,24.0,101.2,240,06
2016-11-03,14:00,FKKD,28.0,23.0,101.2,240,05
2016-11-03,15:00,FKKD,27.0,23.0,101.1,230,03
2016-11-03,16:00,FKKD,27.0,24.0,101.1,260,03
2016-11-03,17:00,FKKD,26.0,23.0,101.1,000,00
2016-11-03,18:00,FKKD,24.0,23.0,101.1,000,00
2016-11-03,19:00,FKKD,24.0,23.0,101.1,000,00
2016-11-03,20:00,FKKD,23.0,22.0,101.2,150,02
2016-11-03,21:00,FKKD,24.0,23.0,101.3,180,02
2016-11-03,22:00,FKKD,23.0,23.0,101.3,000,00
2016-11-03,23:00,FKKD,23.0,22.0,101.3,000,00
2016-11-04,00:00,FKKD,23.0,22.0,101.3,000,00
2016-11-04,01:00,FKKD,24.0,24.0,101.2,000,00
2016-11-04,02:00,FKKD,24.0,23.0,101.2,000,00
2016-11-04,03:00,FKKD,24.0,23.0,101.3,000,00
2016-11-04,04:00,FKKD,24.0,23.0,101.3,000,00
2016-11-04,05:00,FKKD,24.0,23.0,101.3,000,00
2016-11-04,06:00,FKKD,24.0,23.0,101.5,000,00
2016-11-04,07:00,FKKD,25.0,24.0,101.5,000,00
2016-11-04,08:00,FKKD,27.0,23.0,101.5,000,00
2016-11-04,09:00,FKKD,28.0,24.0,101.5,000,00
2016-11-04,10:00,FKKD,30.0,24.0,101.4,100,01
2016-11-04,11:00,FKKD,30.0,24.0,101.3,230,03
2016-11-04,12:00,FKKD,31.0,24.0,101.2,250,02
2016-11-04,13:00,FKKD,31.0,24.0,101.1,230,02
2016-11-04,14:00,FKKD,32.0,24.0,101.0,220,04
2016-11-04,15:00,FKKD,31.0,24.0,101.0,250,03
2016-11-04,16:00,FKKD,31.0,24.0,101.0,270,04
2016-11-04,17:00,FKKD,29.0,24.0,101.0,280,05
2016-11-04,18:00,FKKD,28.0,24.0,101.1,260,05
2016-11-04,19:00,FKKD,27.0,24.0,101.3,260,05
2016-11-04,20:00,FKKD,27.0,25.0,101.3,260,02
2016-11-04,21:00,FKKD,26.0,25.0,101.4,000,00
2016-11-04,22:00,FKKD,26.0,25.0,101.3,180,02
2016-11-04,23:00,FKKD,26.0,25.0,101.3,000,00
2016-11-05,00:00,FKKD,25.0,25.0,101.3,150,02
2016-11-05,01:00,FKKD,25.0,24.0,101.2,000,00
2016-11-05,02:00,FKKD,25.0,24.0,101.2,000,00
2016-11-05,03:00,FKKD,25.0,24.0,101.2,000,00
2016-11-05,04:00,FKKD,25.0,25.0,101.2,000,00
2016-11-05,05:00,FKKD,25.0,25.0,101.2,000,00
2016-11-05,06:00,FKKD,25.0,24.0,101.3,000,00
2016-11-05,07:00,FKKD,26.0,25.0,101.4,140,02
2016-11-05,08:00,FKKD,28.0,25.0,101.4,170,02
2016-11-05,09:00,FKKD,29.0,25.0,101.4,250,01
2016-11-05,10:00,FKKD,30.0,25.0,101.4,300,04
2016-11-05,11:00,FKKD,31.0,24.0,101.3,300,04
2016-11-05,12:00,FKKD,32.0,25.0,101.2,250,06
2016-11-05,13:00,FKKD,29.0,26.0,101.1,260,08
2016-11-05,14:00,FKKD,30.0,25.0,101.0,220,07
2016-11-05,16:00,FKKD,28.0,25.0,101.0,250,05
2016-11-05,17:00,FKKD,28.0,25.0,101.0,250,04
2016-11-05,18:00,FKKD,28.0,25.0,101.1,240,04
2016-11-05,19:00,FKKD,27.0,25.0,101.1,280,04
2016-11-05,20:00,FKKD,27.0,25.0,101.2,110,01
2016-11-05,21:00,FKKD,26.0,24.0,101.3,280,02
2016-11-05,22:00,FKKD,25.0,24.0,101.3,160,05
2016-11-05,23:00,FKKD,24.0,23.0,101.2,220,03
2016-11-06,00:00,FKKD,24.0,23.0,101.2,160,01
2016-11-06,01:00,FKKD,24.0,23.0,101.2,170,01
2016-11-06,02:00,FKKD,24.0,23.0,101.2,180,01
2016-11-06,03:00,FKKD,24.0,23.0,101.2,150,01
2016-11-06,04:00,FKKD,24.0,23.0,101.2,000,00
2016-11-06,05:00,FKKD,24.0,23.0,101.2,160,01
2016-11-06,06:00,FKKD,24.0,23.0,101.2,000,00
2016-11-06,07:00,FKKD,25.0,23.0,101.3,160,02
2016-11-06,08:00,FKKD,26.0,24.0,101.4,190,03
2016-11-06,10:00,FKKD,26.0,23.0,101.3,160,04
2016-11-06,11:00,FKKD,28.0,23.0,101.2,150,03
2016-11-06,12:00,FKKD,29.0,24.0,101.1,280,02
2016-11-06,13:00,FKKD,30.0,24.0,101.0,290,04
2016-11-06,14:00,FKKD,29.0,24.0,100.9,220,05
2016-11-06,15:00,FKKD,28.0,24.0,100.9,230,05
2016-11-06,16:00,FKKD,27.0,24.0,100.9,270,04
2016-11-06,17:00,FKKD,26.0,23.0,101.0,230,04
2016-11-06,18:00,FKKD,26.0,23.0,101.0,220,01
2016-11-06,19:00,FKKD,25.0,24.0,101.2,000,00
2016-11-06,20:00,FKKD,25.0,24.0,101.3,190,01
2016-11-06,21:00,FKKD,25.0,24.0,101.3,220,01
2016-11-06,22:00,FKKD,25.0,24.0,101.3,000,00
2016-11-06,23:00,FKKD,25.0,24.0,101.3,180,01
2016-11-07,00:00,FKKD,25.0,24.0,101.2,000,00
2016-11-07,01:00,FKKD,25.0,24.0,101.2,000,00
2016-11-07,02:00,FKKD,25.0,24.0,101.1,160,02
2016-11-07,03:00,FKKD,25.0,24.0,101.1,000,00
2016-11-07,04:00,FKKD,25.0,24.0,101.2,000,00
2016-11-07,05:00,FKKD,24.0,24.0,101.2,000,00
2016-11-07,06:00,FKKD,25.0,24.0,101.3,000,00
2016-11-07,07:00,FKKD,25.0,24.0,101.4,000,00
2016-11-07,08:00,FKKD,26.0,24.0,101.4,190,03
2016-11-07,09:00,FKKD,27.0,24.0,101.4,150,02
2016-11-07,10:00,FKKD,27.0,24.0,101.4,180,02
2016-11-07,11:00,FKKD,27.0,25.0,101.3,150,02
2016-11-07,12:00,FKKD,27.0,25.0,101.2,170,02
2016-11-07,13:00,FKKD,28.0,26.0,101.1,160,06
2016-11-07,14:00,FKKD,29.0,25.0,101.0,240,04
2016-11-07,15:00,FKKD,30.0,25.0,101.0,160,02
2016-11-07,16:00,FKKD,29.0,25.0,101.0,260,04
2016-11-07,17:00,FKKD,28.0,25.0,101.0,280,03
2016-11-07,19:00,FKKD,26.0,25.0,101.2,000,00
2016-11-07,20:00,FKKD,26.0,24.0,101.2,000,00
2016-11-07,21:00,FKKD,25.0,24.0,101.2,000,00
2016-11-07,22:00,FKKD,24.0,24.0,101.3,000,00
2016-11-07,23:00,FKKD,25.0,24.0,101.3,000,00
2016-11-08,00:00,FKKD,25.0,24.0,101.2,000,00
2016-11-08,01:00,FKKD,25.0,24.0,101.2,000,00
2016-11-08,02:00,FKKD,24.0,23.0,101.1,000,00
2016-11-08,03:00,FKKD,24.0,24.0,101.1,000,00
2016-11-08,04:00,FKKD,23.0,23.0,101.1,000,00
2016-11-08,05:00,FKKD,24.0,23.0,101.2,160,02
2016-11-08,06:00,FKKD,23.0,23.0,101.2,160,02
2016-11-08,07:00,FKKD,26.0,25.0,101.3,160,02
2016-11-08,08:00,FKKD,28.0,24.0,101.4,170,01
2016-11-08,09:00,FKKD,29.0,24.0,101.3,310,02
2016-11-08,10:00,FKKD,30.0,25.0,101.3,270,01
2016-11-08,11:00,FKKD,30.0,24.0,101.2,330,02
2016-11-08,12:00,FKKD,31.0,25.0,101.1,320,03
2016-11-08,13:00,FKKD,32.0,24.0,100.9,250,05
2016-11-08,14:00,FKKD,33.0,25.0,100.9,250,07
2016-11-08,15:00,FKKD,32.0,25.0,100.8,240,06
2016-11-08,16:00,FKKD,31.0,24.0,100.8,300,05
2016-11-08,17:00,FKKD,29.0,24.0,100.8,270,04
2016-11-08,18:00,FKKD,28.0,25.0,100.9,260,04
2016-11-08,19:00,FKKD,27.0,25.0,101.0,290,02
2016-11-08,20:00,FKKD,26.0,25.0,101.1,000,00
2016-11-08,21:00,FKKD,26.0,25.0,101.2,000,00
2016-11-08,22:00,FKKD,25.0,25.0,101.2,000,00
2016-11-08,23:00,FKKD,25.0,25.0,101.2,120,02
2016-11-09,00:00,FKKD,25.0,25.0,101.1,150,02
2016-11-09,01:00,FKKD,25.0,25.0,101.1,150,02
2016-11-09,02:00,FKKD,25.0,24.0,101.0,000,00
2016-11-09,03:00,FKKD,25.0,25.0,101.0,000,00
2016-11-09,04:00,FKKD,25.0,24.0,101.1,000,00
2016-11-09,05:00,FKKD,25.0,25.0,101.1,000,00
2016-11-09,06:00,FKKD,25.0,25.0,101.2,000,00
2016-11-09,07:00,FKKD,26.0,26.0,101.2,000,00
2016-11-09,08:00,FKKD,28.0,26.0,101.3,000,00
2016-11-09,09:00,FKKD,29.0,26.0,101.3,150,02
2016-11-09,10:00,FKKD,31.0,25.0,101.2,280,04
2016-11-09,11:00,FKKD,31.0,25.0,101.1,280,04
2016-11-09,12:00,FKKD,31.0,25.0,101.0,300,04
2016-11-09,13:00,FKKD,32.0,25.0,100.9,280,06
2016-11-09,14:00,FKKD,32.0,26.0,100.8,250,09
2016-11-09,15:00,FKKD,32.0,26.0,100.7,260,08
2016-11-09,16:00,FKKD,30.0,26.0,100.8,240,09
2016-11-09,17:00,FKKD,29.0,26.0,100.8,240,08
2016-11-09,18:00,FKKD,28.0,26.0,100.9,260,06
2016-11-09,19:00,FKKD,29.0,26.0,101.0,260,04
2016-11-09,20:00,FKKD,28.0,26.0,101.1,240,04
2016-11-09,21:00,FKKD,27.0,26.0,101.1,200,02
2016-11-09,22:00,FKKD,27.0,26.0,101.1,160,02
2016-11-09,23:00,FKKD,26.0,26.0,101.1,150,02
2016-11-10,00:00,FKKD,26.0,25.0,101.0,000,00
2016-11-10,01:00,FKKD,26.0,25.0,100.9,140,03
2016-11-10,02:00,FKKD,25.0,25.0,100.9,150,03
2016-11-10,03:00,FKKD,25.0,25.0,100.9,150,02
2016-11-10,04:00,FKKD,25.0,24.0,100.9,000,00
2016-11-10,05:00,FKKD,25.0,24.0,100.9,000,00
2016-11-10,07:00,FKKD,27.0,25.0,101.1,150,02
2016-11-10,08:00,FKKD,28.0,25.0,101.2,170,01
2016-11-10,09:00,FKKD,30.0,25.0,101.2,000,00
2016-11-10,10:00,FKKD,31.0,26.0,101.1,270,06
2016-11-10,11:00,FKKD,31.0,27.0,101.1,260,04
2016-11-10,12:00,FKKD,32.0,26.0,100.9,260,05
2016-11-10,13:00,FKKD,31.0,26.0,100.9,260,10
2016-11-10,14:00,FKKD,30.0,26.0,100.7,250,09
2016-11-10,15:00,FKKD,29.0,26.0,100.7,260,10
2016-11-10,16:00,FKKD,29.0,26.0,100.8,230,07
2016-11-10,17:00,FKKD,28.0,26.0,100.8,260,06
2016-11-10,18:00,FKKD,28.0,26.0,100.9,240,04
2016-11-10,19:00,FKKD,28.0,26.0,100.9,240,04
2016-11-10,20:00,FKKD,28.0,27.0,101.0,220,06
2016-11-10,21:00,FKKD,27.0,26.0,101.0,220,03
2016-11-10,22:00,FKKD,27.0,25.0,101.0,000,00
2016-11-10,23:00,FKKD,25.0,25.0,101.0,150,01
2016-11-11,00:00,FKKD,26.0,25.0,100.9,000,00
2016-11-11,01:00,FKKD,26.0,25.0,100.9,170,02
2016-11-11,02:00,FKKD,26.0,25.0,100.9,100,02
2016-11-11,03:00,FKKD,26.0,25.0,100.9,000,00
2016-11-11,04:00,FKKD,26.0,25.0,101.0,180,02
2016-11-11,05:00,FKKD,26.0,25.0,101.0,000,00
2016-11-11,06:00,FKKD,26.0,25.0,101.0,000,00
2016-11-11,07:00,FKKD,26.0,25.0,101.1,000,00
2016-11-11,08:00,FKKD,27.0,25.0,101.1,000,00
2016-11-11,09:00,FKKD,28.0,25.0,101.1,300,02
2016-11-11,10:00,FKKD,28.0,25.0,101.0,300,04
2016-11-11,11:00,FKKD,29.0,24.0,101.0,290,05
2016-11-11,13:00,FKKD,31.0,24.0,100.8,250,07
2016-11-11,14:00,FKKD,30.0,25.0,100.7,260,06
2016-11-11,15:00,FKKD,30.0,24.0,100.7,260,07
2016-11-11,16:00,FKKD,29.0,24.0,100.7,270,09
2016-11-11,17:00,FKKD,28.0,24.0,100.7,270,04
2016-11-11,18:00,FKKD,27.0,24.0,100.8,230,03
2016-11-11,19:00,FKKD,27.0,25.0,100.9,210,02
2016-11-11,20:00,FKKD,27.0,25.0,101.0,190,01
2016-11-11,21:00,FKKD,26.0,25.0,101.1,170,01
2016-11-11,22:00,FKKD,26.0,25.0,101.1,150,01
2016-11-11,23:00,FKKD,26.0,25.0,101.1,000,00
2016-11-12,00:00,FKKD,26.0,25.0,101.0,100,01
2016-11-12,01:00,FKKD,26.0,25.0,100.9,000,00
2016-11-12,02:00,FKKD,26.0,25.0,100.9,350,01
2016-11-12,03:00,FKKD,26.0,25.0,100.9,300,02
2016-11-12,04:00,FKKD,25.0,24.0,100.9,320,02
2016-11-12,05:00,FKKD,25.0,24.0,101.0,170,02
2016-11-12,06:00,FKKD,25.0,25.0,101.0,000,00
2016-11-12,07:00,FKKD,26.0,25.0,101.1,000,00
2016-11-12,08:00,FKKD,27.0,24.0,101.1,000,00
2016-11-12,09:00,FKKD,28.0,24.0,101.1,290,02
2016-11-12,10:00,FKKD,29.0,25.0,101.1,300,02
2016-11-12,11:00,FKKD,30.0,25.0,101.0,270,03
2016-11-12,12:00,FKKD,29.0,25.0,100.9,300,04
2016-11-12,13:00,FKKD,30.0,24.0,100.8,240,06
2016-11-12,14:00,FKKD,30.0,24.0,100.8,250,07
2016-11-12,15:00,FKKD,30.0,25.0,100.7,270,08
2016-11-12,16:00,FKKD,30.0,25.0,100.7,250,07
2016-11-12,17:00,FKKD,28.0,25.0,100.8,200,04
2016-11-12,18:00,FKKD,26.0,23.0,100.8,220,05
2016-11-12,19:00,FKKD,25.0,24.0,100.9,000,00
2016-11-12,20:00,FKKD,25.0,23.0,101.0,140,01
2016-11-12,21:00,FKKD,24.0,23.0,101.0,110,02
2016-11-12,22:00,FKKD,24.0,23.0,101.0,150,01
2016-11-12,23:00,FKKD,24.0,23.0,100.9,000,00
2016-11-13,00:00,FKKD,24.0,23.0,100.9,000,00
2016-11-13,01:00,FKKD,23.0,22.0,100.8,000,00
2016-11-13,03:00,FKKD,23.0,22.0,100.8,090,01
2016-11-13,04:00,FKKD,23.0,22.0,100.8,000,00
2016-11-13,05:00,FKKD,23.0,23.0,100.9,110,01
2016-11-13,06:00,FKKD,24.0,23.0,100.9,000,00
2016-11-13,07:00,FKKD,25.0,23.0,101.0,000,00
2016-11-13,08:00,FKKD,26.0,23.0,101.0,180,02
2016-11-13,09:00,FKKD,28.0,25.0,101.0,160,02
2016-11-13,10:00,FKKD,30.0,24.0,101.0,270,02
2016-11-13,11:00,FKKD,31.0,24.0,100.9,200,01
2016-11-13,12:00,FKKD,32.0,25.0,100.8,230,06
2016-11-13,13:00,FKKD,33.0,24.0,100.7,250,07
2016-11-13,14:00,FKKD,33.0,24.0,100.6,240,08
2016-11-13,15:00,FKKD,32.0,24.0,100.6,270,10
2016-11-13,16:00,FKKD,30.0,25.0,100.6,250,08
2016-11-13,17:00,FKKD,29.0,25.0,100.6,270,06
2016-11-13,18:00,FKKD,28.0,25.0,100.7,250,03
2016-11-13,19:00,FKKD,28.0,26.0,100.8,000,00
2016-11-13,20:00,FKKD,27.0,25.0,100.8,000,00
2016-11-13,21:00,FKKD,26.0,25.0,100.9,000,00
2016-11-13,22:00,FKKD,26.0,25.0,100.9,000,00
2016-11-13,23:00,FKKD,26.0,25.0,100.9,000,00
2016-11-14,00:00,FKKD,26.0,25.0,100.9,000,00
2016-11-14,01:00,FKKD,26.0,25.0,100.8,000,00
2016-11-14,02:00,FKKD,26.0,25.0,100.8,000,00
2016-11-14,03:00,FKKD,26.0,25.0,100.8,000,00
2016-11-14,05:00,FKKD,25.0,25.0,100.8,000,00
2016-11-14,06:00,FKKD,26.0,25.0,100.9,000,00
2016-11-14,07:00,FKKD,28.0,26.0,101.0,000,00
2016-11-14,08:00,FKKD,27.0,24.0,101.3,190,02
2016-11-14,09:00,FKKD,31.0,26.0,101.0,220,06
2016-11-14,10:00,FKKD,32.0,25.0,101.0,260,04
2016-11-14,11:00,FKKD,32.0,25.0,100.9,260,06
2016-11-14,12:00,FKKD,33.0,25.0,100.8,240,08
2016-11-14,13:00,FKKD,32.0,25.0,100.7,270,08
2016-11-14,14:00,FKKD,32.0,25.0,100.6,270,12
2016-11-14,15:00,FKKD,31.0,24.0,100.6,260,07
2016-11-14,16:00,FKKD,28.0,25.0,100.9,240,08
2016-11-14,17:00,FKKD,30.0,25.0,100.7,240,07
2016-11-14,18:00,FKKD,25.0,24.0,100.9,130,04
2016-11-14,19:00,FKKD,28.0,26.0,100.7,250,02
2016-11-14,20:00,FKKD,28.0,26.0,100.8,210,01
2016-11-14,21:00,FKKD,28.0,26.0,100.9,260,01
2016-11-14,22:00,FKKD,27.0,26.0,100.8,000,00
2016-11-14,23:00,FKKD,27.0,26.0,100.8,170,02
2016-11-15,00:00,FKKD,26.0,25.0,100.8,110,02
2016-11-15,01:00,FKKD,26.0,25.0,100.7,180,02
2016-11-15,02:00,FKKD,26.0,25.0,100.7,000,00
2016-11-15,03:00,FKKD,26.0,25.0,100.7,000,00
2016-11-15,04:00,FKKD,25.0,24.0,100.7,000,00
2016-11-15,05:00,FKKD,25.0,24.0,100.8,000,00
2016-11-15,06:00,FKKD,25.0,24.0,100.8,000,00
2016-11-15,07:00,FKKD,26.0,25.0,100.8,170,02
2016-11-15,08:00,FKKD,28.0,25.0,100.9,190,01
2016-11-15,09:00,FKKD,30.0,26.0,100.9,240,03
2016-11-15,10:00,FKKD,30.0,25.0,100.9,230,06
2016-11-15,11:00,FKKD,31.0,26.0,100.8,250,06
2016-11-15,12:00,FKKD,31.0,25.0,100.7,250,08
2016-11-15,13:00,FKKD,31.0,25.0,100.7,230,08
2016-11-15,14:00,FKKD,31.0,25.0,100.6,260,07
2016-11-15,15:00,FKKD,30.0,25.0,100.6,260,05
2016-11-15,16:00,FKKD,28.0,26.0,100.6,290,07
2016-11-15,17:00,FKKD,28.0,25.0,100.6,270,03
2016-11-15,18:00,FKKD,28.0,26.0,100.7,000,00
2016-11-15,19:00,FKKD,27.0,26.0,100.8,000,00
2016-11-15,20:00,FKKD,27.0,26.0,100.9,130,02
2016-11-15,22:00,FKKD,26.0,24.0,101.0,180,04
2016-11-15,23:00,FKKD,25.0,25.0,100.9,000,00
2016-11-16,00:00,FKKD,25.0,25.0,100.9,000,00
2016-11-16,01:00,FKKD,25.0,25.0,100.9,190,01
2016-11-16,02:00,FKKD,26.0,24.0,100.8,170,02
2016-11-16,03:00,FKKD,25.0,24.0,100.8,170,03
2016-11-16,04:00,FKKD,25.0,24.0,100.8,120,01
2016-11-16,05:00,FKKD,25.0,24.0,100.8,140,01
2016-11-16,06:00,FKKD,25.0,24.0,100.8,170,03
2016-11-16,07:00,FKKD,25.0,23.0,100.8,160,03
2016-11-16,08:00,FKKD,26.0,24.0,100.9,,02
2016-11-16,09:00,FKKD,27.0,24.0,100.9,150,03
2016-11-16,10:00,FKKD,29.0,25.0,100.9,,02
2016-11-16,11:00,FKKD,31.0,25.0,100.8,210,04
2016-11-16,12:00,FKKD,30.0,25.0,100.7,170,03
2016-11-16,13:00,FKKD,31.0,25.0,100.6,190,01
2016-11-16,14:00,FKKD,32.0,25.0,100.6,240,04
2016-11-16,15:00,FKKD,32.0,24.0,100.6,240,08
2016-11-16,16:00,FKKD,30.0,25.0,100.6,260,09
2016-11-16,17:00,FKKD,29.0,25.0,100.7,250,05
2016-11-16,18:00,FKKD,28.0,25.0,100.7,250,03
2016-11-16,19:00,FKKD,28.0,26.0,100.8,260,05
2016-11-16,20:00,FKKD,28.0,26.0,100.9,240,03
2016-11-16,21:00,FKKD,28.0,26.0,100.9,250,03
2016-11-16,22:00,FKKD,28.0,26.0,100.9,180,02
2016-11-16,23:00,FKKD,27.0,26.0,100.9,150,01
2016-11-17,00:00,FKKD,27.0,26.0,100.8,330,06
2016-11-17,01:00,FKKD,26.0,24.0,100.8,240,02
2016-11-17,02:00,FKKD,26.0,24.0,100.8,330,02
2016-11-17,03:00,FKKD,25.0,24.0,100.8,340,03
2016-11-17,04:00,FKKD,25.0,24.0,100.8,200,02
2016-11-17,05:00,FKKD,25.0,24.0,100.9,200,02
2016-11-17,06:00,FKKD,25.0,25.0,100.9,360,02
2016-11-17,07:00,FKKD,26.0,25.0,101.0,000,00
2016-11-17,08:00,FKKD,27.0,25.0,101.0,000,00
2016-11-17,09:00,FKKD,28.0,25.0,101.0,000,00
2016-11-17,10:00,FKKD,29.0,25.0,101.0,310,03
2016-11-17,11:00,FKKD,29.0,25.0,100.9,290,02
2016-11-17,12:00,FKKD,31.0,24.0,100.8,290,06
2016-11-17,13:00,FKKD,31.0,24.0,100.7,260,08
2016-11-17,14:00,FKKD,31.0,25.0,100.7,280,07
2016-11-17,15:00,FKKD,30.0,25.0,100.7,260,07
2016-11-17,16:00,FKKD,29.0,25.0,100.7,260,07
2016-11-17,18:00,FKKD,27.0,25.0,100.7,220,02
2016-11-17,19:00,FKKD,26.0,25.0,100.8,160,01
2016-11-17,20:00,FKKD,26.0,25.0,100.9,000,00
2016-11-17,21:00,FKKD,27.0,25.0,101.0,160,02
2016-11-17,22:00,FKKD,26.0,25.0,101.0,130,02
2016-11-17,23:00,FKKD,26.0,25.0,101.0,000,00
2016-11-18,00:00,FKKD,25.0,25.0,100.9,000,00
2016-11-18,01:00,FKKD,25.0,25.0,100.9,140,02
2016-11-18,02:00,FKKD,25.0,25.0,100.8,110,01
2016-11-18,03:00,FKKD,25.0,25.0,100.8,000,00
2016-11-18,04:00,FKKD,25.0,25.0,100.8,090,01
2016-11-18,05:00,FKKD,25.0,24.0,100.9,080,01
2016-11-18,07:00,FKKD,26.0,25.0,101.0,000,00
2016-11-18,08:00,FKKD,28.0,25.0,101.0,170,05
2016-11-18,09:00,FKKD,31.0,26.0,101.1,200,01
2016-11-18,10:00,FKKD,31.0,25.0,100.9,230,03
2016-11-18,11:00,FKKD,33.0,25.0,100.8,260,02
2016-11-18,12:00,FKKD,32.0,25.0,100.7,240,06
2016-11-18,13:00,FKKD,33.0,26.0,100.7,250,09
2016-11-18,14:00,FKKD,32.0,26.0,100.6,270,09
2016-11-18,15:00,FKKD,32.0,25.0,100.6,260,08
2016-11-18,16:00,FKKD,31.0,25.0,100.6,250,08
2016-11-18,17:00,FKKD,30.0,26.0,100.6,280,05
2016-11-18,18:00,FKKD,28.0,26.0,100.7,280,03
2016-11-18,19:00,FKKD,28.0,26.0,100.8,270,03
2016-11-18,20:00,FKKD,28.0,26.0,100.9,260,03
2016-11-18,21:00,FKKD,28.0,26.0,100.9,240,03
2016-11-18,22:00,FKKD,28.0,26.0,100.9,000,00
2016-11-19,00:00,FKKD,24.0,23.0,100.9,000,00
2016-11-19,01:00,FKKD,24.0,23.0,100.8,000,00
2016-11-19,02:00,FKKD,23.0,23.0,100.8,000,00
2016-11-19,03:00,FKKD,23.0,23.0,100.8,000,00
2016-11-19,04:00,FKKD,23.0,23.0,100.8,000,00
2016-11-19,05:00,FKKD,23.0,22.0,100.9,000,00
2016-11-19,06:00,FKKD,23.0,22.0,100.9,000,00
2016-11-19,07:00,FKKD,24.0,23.0,101.0,000,00
2016-11-19,08:00,FKKD,25.0,24.0,101.1,250,02
2016-11-19,09:00,FKKD,27.0,24.0,101.0,250,02
2016-11-19,10:00,FKKD,29.0,25.0,101.0,060,02
2016-11-19,11:00,FKKD,29.0,25.0,100.9,050,02
2016-11-19,12:00,FKKD,29.0,25.0,100.8,340,04
2016-11-19,14:00,FKKD,32.0,25.0,100.6,280,04
2016-11-19,15:00,FKKD,32.0,25.0,100.6,310,01
2016-11-19,16:00,FKKD,31.0,26.0,100.6,260,05
2016-11-19,17:00,FKKD,29.0,25.0,100.6,270,02
2016-11-19,18:00,FKKD,28.0,25.0,100.7,260,02
2016-11-19,19:00,FKKD,27.0,26.0,100.8,000,00
2016-11-19,20:00,FKKD,26.0,25.0,100.9,000,00
2016-11-19,21:00,FKKD,26.0,25.0,100.9,000,00
2016-11-19,22:00,FKKD,27.0,26.0,100.9,160,02
2016-11-19,23:00,FKKD,27.0,26.0,100.9,000,00
2016-11-20,00:00,FKKD,27.0,26.0,100.8,000,00
2016-11-20,01:00,FKKD,26.0,26.0,100.7,160,02
2016-11-20,02:00,FKKD,26.0,25.0,100.7,000,00
2016-11-20,03:00,FKKD,26.0,25.0,100.8,000,00
2016-11-20,04:00,FKKD,26.0,25.0,100.8,000,00
2016-11-20,06:00,FKKD,26.0,25.0,100.9,000,00
2016-11-20,07:00,FKKD,27.0,26.0,100.9,160,01
2016-11-20,08:00,FKKD,28.0,27.0,100.9,180,02
2016-11-20,09:00,FKKD,29.0,26.0,100.9,220,06
2016-11-20,10:00,FKKD,31.0,26.0,100.9,270,04
2016-11-20,11:00,FKKD,32.0,26.0,100.8,240,07
2016-11-20,12:00,FKKD,32.0,27.0,100.7,270,08
2016-11-20,13:00,FKKD,32.0,26.0,100.7,220,10
2016-11-20,14:00,FKKD,32.0,26.0,100.5,240,10
2016-11-20,15:00,FKKD,31.0,26.0,100.5,250,08
2016-11-20,16:00,FKKD,26.0,25.0,100.6,210,02
2016-11-20,17:00,FKKD,26.0,24.0,100.5,000,00
2016-11-20,18:00,FKKD,25.0,24.0,100.7,170,03
2016-11-20,19:00,FKKD,25.0,24.0,100.8,000,00
2016-11-20,20:00,FKKD,25.0,24.0,100.9,000,00
2016-11-20,21:00,FKKD,25.0,24.0,101.0,000,00
2016-11-20,22:00,FKKD,26.0,25.0,100.9,140,02
2016-11-20,23:00,FKKD,26.0,24.0,100.9,000,00
2016-11-21,00:00,FKKD,26.0,24.0,100.8,000,00
2016-11-21,01:00,FKKD,26.0,25.0,100.9,130,01
2016-11-21,02:00,FKKD,26.0,24.0,100.8,000,00
2016-11-21,03:00,FKKD,26.0,24.0,100.8,000,00
2016-11-21,04:00,FKKD,24.0,24.0,100.9,100,07
2016-11-21,05:00,FKKD,23.0,23.0,100.9,030,02
2016-11-21,06:00,FKKD,23.0,22.0,101.1,350,04
2016-11-21,07:00,FKKD,23.0,22.0,101.0,240,04
2016-11-21,08:00,FKKD,23.0,22.0,101.1,110,02
2016-11-21,09:00,FKKD,23.0,23.0,101.0,230,02
2016-11-21,10:00,FKKD,25.0,23.0,101.0,100,02
2016-11-21,11:00,FKKD,25.0,23.0,101.0,040,03
2016-11-21,12:00,FKKD,25.0,22.0,100.9,030,02
2016-11-21,13:00,FKKD,25.0,23.0,100.9,350,02
2016-11-21,14:00,FKKD,26.0,23.0,100.8,000,00
2016-11-21,15:00,FKKD,26.0,23.0,100.8,220,01
2016-11-21,16:00,FKKD,26.0,23.0,100.8,170,02
2016-11-21,17:00,FKKD,26.0,24.0,100.9,170,01
2016-11-21,18:00,FKKD,25.0,24.0,101.0,000,00
2016-11-21,19:00,FKKD,24.0,23.0,101.0,350,01
2016-11-21,20:00,FKKD,24.0,24.0,101.0,000,00
2016-11-21,21:00,FKKD,24.0,23.0,101.1,000,00
2016-11-21,22:00,FKKD,23.0,23.0,101.1,090,02
2016-11-21,23:00,FKKD,24.0,23.0,101.0,090,02
2016-11-22,00:00,FKKD,24.0,23.0,101.0,000,00
2016-11-22,01:00,FKKD,23.0,23.0,100.9,000,00
2016-11-22,02:00,FKKD,23.0,23.0,100.9,000,00
2016-11-22,03:00,FKKD,23.0,22.0,100.9,000,00
2016-11-22,04:00,FKKD,23.0,22.0,100.9,000,00
2016-11-22,05:00,FKKD,23.0,22.0,100.9,000,00
2016-11-22,06:00,FKKD,23.0,23.0,101.0,000,00
2016-11-22,07:00,FKKD,24.0,23.0,101.0,000,00
2016-11-22,08:00,FKKD,27.0,24.0,101.1,000,00
2016-11-22,09:00,FKKD,28.0,24.0,101.0,070,03
2016-11-22,10:00,FKKD,30.0,24.0,101.0,000,00
2016-11-22,11:00,FKKD,31.0,24.0,100.9,220,02
2016-11-22,12:00,FKKD,31.0,25.0,100.9,250,06
2016-11-22,13:00,FKKD,32.0,25.0,100.8,170,02
2016-11-22,14:00,FKKD,33.0,25.0,100.8,250,03
2016-11-22,15:00,FKKD,32.0,26.0,100.8,270,07
2016-11-22,16:00,FKKD,30.0,26.0,100.8,250,04
2016-11-22,17:00,FKKD,29.0,26.0,100.9,260,03
2016-11-22,18:00,FKKD,28.0,25.0,101.0,270,01
2016-11-22,19:00,FKKD,27.0,26.0,101.1,170,01
2016-11-22,20:00,FKKD,27.0,26.0,101.1,000,00
2016-11-22,21:00,FKKD,27.0,26.0,101.1,160,02
2016-11-22,22:00,FKKD,26.0,26.0,101.1,000,00
2016-11-22,23:00,FKKD,26.0,25.0,101.1,000,00
2016-11-23,00:00,FKKD,25.0,25.0,101.1,000,00
2016-11-23,01:00,FKKD,25.0,24.0,101.1,000,00
2016-11-23,02:00,FKKD,25.0,24.0,101.1,000,00
2016-11-23,03:00,FKKD,25.0,24.0,101.1,160,03
2016-11-23,04:00,FKKD,25.0,24.0,101.2,000,00
2016-11-23,05:00,FKKD,24.0,24.0,101.2,000,00
2016-11-23,06:00,FKKD,25.0,24.0,101.2,000,00
2016-11-23,07:00,FKKD,27.0,25.0,101.2,080,02
2016-11-23,08:00,FKKD,28.0,25.0,101.3,150,03
2016-11-23,09:00,FKKD,28.0,26.0,101.2,050,03
2016-11-23,10:00,FKKD,30.0,25.0,101.2,000,00
2016-11-23,11:00,FKKD,32.0,25.0,101.1,130,01
2016-11-23,12:00,FKKD,33.0,24.0,101.0,260,03
2016-11-23,13:00,FKKD,33.0,25.0,100.9,220,03
2016-11-23,14:00,FKKD,34.0,26.0,100.8,230,05
2016-11-23,15:00,FKKD,31.0,25.0,100.8,270,06
2016-11-23,16:00,FKKD,30.0,25.0,100.8,270,07
2016-11-23,17:00,FKKD,29.0,25.0,100.8,250,05
2016-11-23,18:00,FKKD,28.0,25.0,100.9,260,02
2016-11-23,19:00,FKKD,28.0,25.0,101.0,000,00
2016-11-23,20:00,FKKD,27.0,26.0,101.0,000,00
2016-11-23,21:00,FKKD,26.0,25.0,101.1,000,00
2016-11-23,22:00,FKKD,26.0,25.0,101.1,000,00
2016-11-23,23:00,FKKD,26.0,25.0,101.1,130,01
2016-11-24,00:00,FKKD,26.0,25.0,101.0,120,01
2016-11-24,01:00,FKKD,25.0,25.0,101.0,150,01
2016-11-24,02:00,FKKD,26.0,25.0,101.0,150,02
2016-11-24,03:00,FKKD,26.0,25.0,101.0,000,00
2016-11-24,04:00,FKKD,26.0,25.0,101.0,000,00
2016-11-24,05:00,FKKD,25.0,25.0,101.1,000,00
2016-11-24,06:00,FKKD,25.0,25.0,101.1,000,00
2016-11-24,07:00,FKKD,27.0,26.0,101.2,100,01
2016-11-24,08:00,FKKD,29.0,26.0,101.3,000,00
2016-11-24,09:00,FKKD,31.0,26.0,101.2,170,02
2016-11-24,10:00,FKKD,32.0,26.0,101.2,140,03
2016-11-24,11:00,FKKD,32.0,26.0,101.1,000,00
2016-11-24,12:00,FKKD,33.0,26.0,101.0,250,06
2016-11-24,13:00,FKKD,33.0,26.0,100.9,240,06
2016-11-24,14:00,FKKD,32.0,26.0,100.9,250,07
2016-11-24,15:00,FKKD,31.0,26.0,100.8,260,09
2016-11-24,16:00,FKKD,30.0,26.0,100.8,260,09
2016-11-24,17:00,FKKD,29.0,26.0,100.9,250,06
2016-11-24,18:00,FKKD,29.0,26.0,100.9,230,04
2016-11-24,19:00,FKKD,28.0,26.0,101.0,240,03
2016-11-24,20:00,FKKD,28.0,26.0,101.1,000,00
2016-11-24,21:00,FKKD,28.0,27.0,101.1,240,02
2016-11-24,22:00,FKKD,28.0,26.0,101.1,200,04
2016-11-24,23:00,FKKD,28.0,26.0,101.1,170,02
2016-11-25,00:00,FKKD,27.0,25.0,101.0,000,00
2016-11-25,01:00,FKKD,26.0,25.0,101.0,000,00
2016-11-25,02:00,FKKD,25.0,25.0,100.9,000,00
2016-11-25,03:00,FKKD,25.0,24.0,100.9,140,01
2016-11-25,04:00,FKKD,25.0,24.0,100.9,140,01
2016-11-25,05:00,FKKD,25.0,24.0,100.9,100,01
2016-11-25,06:00,FKKD,25.0,24.0,101.0,000,00
2016-11-25,07:00,FKKD,27.0,25.0,101.0,160,02
2016-11-25,08:00,FKKD,29.0,26.0,101.0,100,02
2016-11-25,09:00,FKKD,30.0,26.0,101.0,260,04
2016-11-25,10:00,FKKD,29.0,26.0,101.0,270,02
2016-11-25,11:00,FKKD,30.0,26.0,100.9,330,03
2016-11-25,12:00,FKKD,31.0,26.0,100.8,290,05
2016-11-25,13:00,FKKD,32.0,26.0,100.7,260,08
2016-11-25,14:00,FKKD,32.0,25.0,100.7,240,10
2016-11-25,15:00,FKKD,31.0,25.0,100.6,240,11
2016-11-25,16:00,FKKD,31.0,24.0,100.6,250,07
2016-11-25,16:50,FKKD,30.0,26.0,100.6,270,07
2016-11-25,17:00,FKKD,30.0,25.0,100.7,270,05
2016-11-25,18:00,FKKD,29.0,26.0,100.7,270,03
2016-11-25,19:00,FKKD,29.0,26.0,100.8,240,03
2016-11-25,20:00,FKKD,29.0,26.0,100.9,220,04
2016-11-25,21:00,FKKD,28.0,26.0,100.9,250,03
2016-11-25,22:00,FKKD,28.0,26.0,101.0,000,00
2016-11-25,23:00,FKKD,27.0,26.0,100.9,000,00
2016-11-26,00:00,FKKD,27.0,26.0,100.9,000,00
2016-11-26,01:00,FKKD,27.0,25.0,100.8,220,04
2016-11-26,02:00,FKKD,26.0,25.0,100.9,220,03
2016-11-26,03:00,FKKD,25.0,25.0,100.8,000,00
2016-11-26,04:00,FKKD,25.0,25.0,100.8,000,00
2016-11-26,05:00,FKKD,25.0,25.0,100.9,000,00
2016-11-26,06:00,FKKD,26.0,25.0,100.9,000,00
2016-11-26,07:00,FKKD,27.0,26.0,100.9,180,02
2016-11-26,08:00,FKKD,30.0,24.0,101.0,200,03
2016-11-26,09:00,FKKD,30.0,25.0,101.0,180,03
2016-11-26,10:00,FKKD,31.0,26.0,101.0,190,03
2016-11-26,11:00,FKKD,32.0,25.0,100.9,230,05
2016-11-26,12:00,FKKD,33.0,25.0,100.8,240,06
2016-11-26,13:00,FKKD,33.0,25.0,100.7,260,06
2016-11-26,14:00,FKKD,31.0,26.0,100.6,270,06
2016-11-26,15:00,FKKD,31.0,25.0,100.6,250,09
2016-11-26,16:00,FKKD,30.0,25.0,100.6,240,09
2016-11-26,18:00,FKKD,29.0,25.0,100.7,270,03
2016-11-26,19:00,FKKD,29.0,26.0,100.8,220,02
2016-11-26,20:00,FKKD,29.0,26.0,100.9,200,03
2016-11-26,21:00,FKKD,28.0,26.0,100.9,180,02
2016-11-26,22:00,FKKD,27.0,26.0,100.9,000,00
2016-11-26,23:00,FKKD,27.0,25.0,100.9,000,00
2016-11-27,00:00,FKKD,26.0,25.0,100.8,000,00
2016-11-27,01:00,FKKD,27.0,26.0,100.8,000,00
2016-11-27,02:00,FKKD,27.0,26.0,100.8,000,00
2016-11-27,03:00,FKKD,26.0,25.0,100.8,000,00
2016-11-27,04:00,FKKD,25.0,25.0,100.8,000,00
2016-11-27,05:00,FKKD,25.0,24.0,100.8,000,00
2016-11-27,06:00,FKKD,25.0,24.0,100.8,000,00
2016-11-27,07:00,FKKD,28.0,24.0,101.0,090,01
2016-11-27,08:00,FKKD,29.0,26.0,101.1,100,03
2016-11-27,09:00,FKKD,30.0,26.0,101.0,060,01
2016-11-27,10:00,FKKD,31.0,26.0,101.0,040,01
2016-11-27,11:00,FKKD,32.0,25.0,100.9,280,05
2016-11-27,12:00,FKKD,33.0,25.0,100.8,230,06
2016-11-27,13:00,FKKD,33.0,24.0,100.7,260,07
2016-11-27,14:00,FKKD,33.0,25.0,100.6,260,09
2016-11-27,15:00,FKKD,31.0,25.0,100.6,260,08
2016-11-27,16:00,FKKD,30.0,25.0,100.6,250,07
2016-11-27,17:00,FKKD,29.0,25.0,100.7,270,04
2016-11-27,18:00,FKKD,29.0,25.0,100.7,260,04
2016-11-27,19:00,FKKD,29.0,26.0,100.8,250,02
2016-11-27,20:00,FKKD,28.0,27.0,100.9,000,00
2016-11-27,21:00,FKKD,28.0,27.0,100.9,230,03
2016-11-27,22:00,FKKD,27.0,26.0,100.9,250,06
2016-11-28,00:00,FKKD,26.0,25.0,100.8,000,00
2016-11-28,01:00,FKKD,26.0,25.0,100.8,180,02
2016-11-28,02:00,FKKD,26.0,25.0,100.8,180,02
2016-11-28,03:00,FKKD,26.0,25.0,100.7,000,00
2016-11-28,04:00,FKKD,26.0,25.0,100.8,000,00
2016-11-28,05:00,FKKD,26.0,25.0,100.8,090,02
2016-11-28,06:00,FKKD,26.0,25.0,100.8,120,02
2016-11-28,07:00,FKKD,26.0,26.0,100.9,180,04
2016-11-28,08:00,FKKD,28.0,26.0,101.1,210,02
2016-11-28,09:00,FKKD,29.0,26.0,101.0,210,01
2016-11-28,10:00,FKKD,29.0,26.0,101.0,280,02
2016-11-28,11:00,FKKD,29.0,26.0,101.0,310,04
2016-11-28,12:00,FKKD,30.0,26.0,109.0,270,05
2016-11-28,13:00,FKKD,30.0,25.0,100.8,270,07
2016-11-28,14:00,FKKD,30.0,25.0,100.7,260,07
2016-11-28,15:00,FKKD,29.0,26.0,100.6,250,09
2016-11-28,16:00,FKKD,29.0,25.0,100.7,260,05
2016-11-28,18:00,FKKD,28.0,25.0,100.8,260,04
2016-11-28,19:00,FKKD,28.0,25.0,100.9,280,02
2016-11-28,20:00,FKKD,27.0,26.0,101.0,000,00
2016-11-28,21:00,FKKD,27.0,26.0,101.1,160,02
2016-11-28,22:00,FKKD,27.0,26.0,101.1,150,02
2016-11-28,23:00,FKKD,27.0,26.0,101.1,140,02
2016-11-29,00:00,FKKD,27.0,26.0,100.9,160,02
2016-11-29,01:00,FKKD,26.0,25.0,101.0,310,03
2016-11-29,02:00,FKKD,26.0,25.0,100.9,000,00
2016-11-29,03:00,FKKD,25.0,24.0,100.9,220,02
2016-11-29,04:00,FKKD,25.0,24.0,100.9,210,03
2016-11-29,05:00,FKKD,25.0,24.0,101.0,180,01
2016-11-29,06:00,FKKD,25.0,24.0,101.0,230,01
2016-11-29,07:00,FKKD,26.0,24.0,101.1,000,00
2016-11-29,08:00,FKKD,26.0,25.0,101.2,000,00
2016-11-29,09:00,FKKD,27.0,25.0,101.2,000,00
2016-11-29,10:00,FKKD,27.0,25.0,101.1,210,03
2016-11-29,11:00,FKKD,29.0,24.0,101.0,240,06
2016-11-29,12:00,FKKD,30.0,24.0,100.9,240,03
2016-11-29,13:00,FKKD,31.0,24.0,100.8,270,05
2016-11-29,14:00,FKKD,31.0,22.0,100.8,250,04
2016-11-29,15:00,FKKD,31.0,22.0,100.7,240,06
2016-11-29,16:00,FKKD,30.0,24.0,100.7,250,05
2016-11-29,17:00,FKKD,29.0,24.0,100.8,230,04
2016-11-29,18:00,FKKD,28.0,25.0,100.9,210,03
2016-11-29,19:00,FKKD,26.0,25.0,100.9,000,00
2016-11-29,20:00,FKKD,26.0,25.0,100.9,190,02
2016-11-29,21:00,FKKD,26.0,25.0,101.1,000,00
2016-11-29,22:00,FKKD,26.0,25.0,101.1,000,00
2016-11-29,23:00,FKKD,26.0,25.0,101.1,150,02
2016-11-30,00:00,FKKD,26.0,25.0,101.1,140,01
2016-11-30,01:00,FKKD,26.0,25.0,101.1,150,02
2016-11-30,02:00,FKKD,25.0,25.0,101.0,000,00
2016-11-30,03:00,FKKD,26.0,25.0,101.0,000,00
2016-11-30,04:00,FKKD,26.0,25.0,101.0,000,00
2016-11-30,05:00,FKKD,26.0,25.0,101.1,000,00
2016-11-30,06:00,FKKD,26.0,25.0,101.1,000,00
2016-11-30,07:00,FKKD,27.0,25.0,101.2,000,00
2016-11-30,08:00,FKKD,28.0,25.0,101.3,160,02
2016-11-30,09:00,FKKD,29.0,26.0,101.3,220,03
2016-11-30,10:00,FKKD,30.0,26.0,101.3,280,03
2016-11-30,11:00,FKKD,32.0,24.0,101.1,250,05
2016-11-30,12:00,FKKD,32.0,25.0,101.1,270,05
2016-11-30,13:00,FKKD,32.0,24.0,100.9,250,08
2016-11-30,14:00,FKKD,32.0,25.0,100.9,260,10
2016-11-30,15:00,FKKD,31.0,25.0,100.9,250,10
2016-11-30,16:00,FKKD,30.0,24.0,100.9,250,09
2016-11-30,17:00,FKKD,29.0,25.0,100.9,260,07
2016-11-30,18:00,FKKD,29.0,25.0,101.0,260,05
2016-11-30,19:00,FKKD,28.0,25.0,101.1,230,03
2016-11-30,20:00,FKKD,27.0,25.0,101.2,000,00
2016-11-30,21:00,FKKD,26.0,25.0,101.2,000,00
2016-11-30,22:00,FKKD,26.0,25.0,101.2,000,00
2016-11-30,23:00,FKKD,26.0,25.0,101.2,130,02
2016-12-01,00:00,FKKD,26.0,25.0,101.1,000,00
2016-12-01,01:00,FKKD,26.0,25.0,101.1,000,00
2016-12-01,02:00,FKKD,26.0,25.0,101.0,270,02
2016-12-01,03:00,FKKD,25.0,24.0,101.0,000,00
2016-12-01,04:00,FKKD,25.0,24.0,101.1,000,00
2016-12-01,05:00,FKKD,25.0,24.0,101.1,000,00
2016-12-01,06:00,FKKD,25.0,25.0,101.1,000,00
2016-12-01,07:00,FKKD,27.0,26.0,101.3,160,02
2016-12-01,08:00,FKKD,28.0,26.0,101.3,000,00
2016-12-01,09:00,FKKD,30.0,26.0,101.3,180,02
2016-12-01,10:00,FKKD,31.0,26.0,101.3,200,02
2016-12-01,11:00,FKKD,33.0,26.0,101.2,170,03
2016-12-01,12:00,FKKD,33.0,26.0,101.1,260,04
2016-12-01,13:00,FKKD,32.0,26.0,101.0,270,06
2016-12-01,14:00,FKKD,32.0,26.0,100.9,260,11
2016-12-01,15:00,FKKD,32.0,25.0,100.9,250,06
2016-12-01,16:00,FKKD,30.0,25.0,100.9,250,08
2016-12-01,17:00,FKKD,28.0,25.0,100.9,240,06
2016-12-01,18:00,FKKD,28.0,26.0,101.0,210,02
2016-12-01,19:00,FKKD,28.0,26.0,101.0,220,03
2016-12-01,20:00,FKKD,28.0,26.0,101.1,170,02
2016-12-01,21:00,FKKD,27.0,26.0,101.1,200,02
2016-12-01,22:00,FKKD,27.0,26.0,101.1,150,02
2016-12-01,23:00,FKKD,27.0,26.0,101.1,130,01
2016-12-02,00:00,FKKD,26.0,26.0,101.1,130,01
2016-12-02,01:00,FKKD,26.0,26.0,101.1,000,00
2016-12-02,02:00,FKKD,27.0,25.0,101.0,110,02
2016-12-02,03:00,FKKD,26.0,25.0,101.0,000,00
2016-12-02,04:00,FKKD,26.0,26.0,101.1,000,00
2016-12-02,05:00,FKKD,26.0,25.0,101.1,000,00
2016-12-02,06:00,FKKD,26.0,25.0,101.1,000,00
2016-12-02,07:00,FKKD,27.0,25.0,101.1,160,03
2016-12-02,08:00,FKKD,29.0,25.0,101.1,200,02
2016-12-02,09:00,FKKD,30.0,25.0,101.1,220,03
2016-12-02,10:00,FKKD,31.0,26.0,101.1,200,02
2016-12-02,11:00,FKKD,32.0,25.0,101.1,020,02
2016-12-02,12:00,FKKD,32.0,25.0,101.1,240,05
2016-12-02,13:00,FKKD,32.0,26.0,100.9,280,08
2016-12-02,14:00,FKKD,32.0,26.0,100.8,260,07
2016-12-02,15:00,FKKD,31.0,25.0,100.7,260,11
2016-12-02,16:00,FKKD,30.0,25.0,100.8,250,06
2016-12-02,17:00,FKKD,29.0,26.0,100.8,260,05
2016-12-02,18:00,FKKD,28.0,25.0,100.9,260,05
2016-12-02,19:00,FKKD,28.0,25.0,100.9,250,04
2016-12-02,20:00,FKKD,27.0,26.0,101.0,000,00
2016-12-02,21:00,FKKD,27.0,26.0,101.1,190,02
2016-12-02,22:00,FKKD,27.0,26.0,101.1,140,02
2016-12-02,23:00,FKKD,27.0,26.0,101.0,150,02
2016-12-03,00:00,FKKD,26.0,26.0,101.0,140,02
2016-12-03,01:00,FKKD,26.0,25.0,101.0,000,00
2016-12-03,02:00,FKKD,26.0,25.0,100.9,000,00
2016-12-03,03:00,FKKD,26.0,26.0,100.9,000,00
2016-12-03,04:00,FKKD,26.0,25.0,100.9,160,02
2016-12-03,06:00,FKKD,26.0,25.0,101.0,000,00
2016-12-03,07:00,FKKD,27.0,26.0,101.0,150,02
2016-12-03,08:00,FKKD,29.0,26.0,101.1,280,02
2016-12-03,09:00,FKKD,30.0,26.0,101.1,240,03
2016-12-03,10:00,FKKD,33.0,25.0,101.0,170,01
2016-12-03,11:00,FKKD,31.0,24.0,101.0,260,04
2016-12-03,12:00,FKKD,33.0,25.0,100.9,250,05
2016-12-03,13:00,FKKD,33.0,25.0,100.7,270,06
2016-12-03,14:00,FKKD,32.0,25.0,100.6,300,08
2016-12-03,15:00,FKKD,32.0,25.0,100.6,260,07
2016-12-03,16:00,FKKD,31.0,25.0,100.6,260,10
2016-12-03,17:00,FKKD,29.0,25.0,100.6,260,06
2016-12-03,18:00,FKKD,29.0,25.0,100.7,260,02
2016-12-03,19:00,FKKD,28.0,25.0,100.8,270,06
2016-12-03,20:00,FKKD,28.0,25.0,100.9,240,03
2016-12-03,21:00,FKKD,28.0,26.0,101.0,130,02
2016-12-03,22:00,FKKD,27.0,25.0,101.0,140,02
2016-12-03,23:00,FKKD,26.0,25.0,101.0,160,02
2016-12-04,00:00,FKKD,26.0,25.0,101.0,000,00
2016-12-04,01:00,FKKD,26.0,25.0,101.0,000,00
2016-12-04,02:00,FKKD,25.0,24.0,100.9,100,01
2016-12-04,03:00,FKKD,25.0,24.0,100.9,130,02
2016-12-04,04:00,FKKD,26.0,24.0,100.9,100,01
2016-12-04,05:00,FKKD,26.0,25.0,101.0,150,01
2016-12-04,06:00,FKKD,26.0,25.0,101.0,130,01
2016-12-04,07:00,FKKD,26.0,25.0,101.1,000,00
2016-12-04,08:00,FKKD,26.0,25.0,101.1,000,00
2016-12-04,09:00,FKKD,29.0,25.0,101.1,200,05
2016-12-04,10:00,FKKD,29.0,25.0,101.1,200,02
2016-12-04,11:00,FKKD,30.0,26.0,101.0,300,02
2016-12-04,12:00,FKKD,31.0,25.0,100.9,270,04
2016-12-04,13:00,FKKD,31.0,26.0,100.9,290,05
2016-12-04,14:00,FKKD,30.0,25.0,100.8,270,07
2016-12-04,15:00,FKKD,29.0,25.0,100.8,260,08
2016-12-04,16:00,FKKD,29.0,25.0,100.9,230,08
2016-12-04,17:00,FKKD,28.0,25.0,100.9,220,04
2016-12-04,18:00,FKKD,28.0,25.0,101.0,220,02
2016-12-04,19:00,FKKD,27.0,25.0,101.0,200,03
2016-12-04,20:00,FKKD,27.0,25.0,101.1,000,00
2016-12-04,21:00,FKKD,27.0,25.0,101.2,170,02
2016-12-04,22:00,FKKD,27.0,25.0,101.3,160,02
2016-12-04,23:00,FKKD,26.0,25.0,101.1,160,01
2016-12-05,00:00,FKKD,26.0,25.0,101.1,000,00
2016-12-05,01:00,FKKD,26.0,25.0,101.0,000,00
2016-12-05,02:00,FKKD,26.0,25.0,101.0,000,00
2016-12-05,03:00,FKKD,26.0,25.0,101.0,000,00
2016-12-05,04:00,FKKD,26.0,25.0,101.0,000,00
2016-12-05,05:00,FKKD,26.0,25.0,101.0,000,00
2016-12-05,06:00,FKKD,26.0,25.0,101.0,000,00
2016-12-05,07:00,FKKD,27.0,26.0,101.2,000,00
2016-12-05,08:00,FKKD,29.0,26.0,101.2,320,01
2016-12-05,10:00,FKKD,31.0,25.0,101.2,260,04
2016-12-05,11:00,FKKD,30.0,25.0,101.2,230,03
2016-12-05,12:00,FKKD,31.0,25.0,101.0,270,05
2016-12-05,13:00,FKKD,32.0,25.0,100.9,260,07
2016-12-05,14:00,FKKD,32.0,25.0,100.8,270,07
2016-12-05,15:00,FKKD,31.0,24.0,100.8,270,07
2016-12-05,16:00,FKKD,30.0,25.0,100.8,270,07
2016-12-05,17:00,FKKD,29.0,25.0,100.9,260,07
2016-12-05,18:00,FKKD,28.0,25.0,100.9,260,02
2016-12-05,19:00,FKKD,28.0,25.0,101.0,260,02
2016-12-05,20:00,FKKD,28.0,25.0,101.1,260,02
2016-12-05,21:00,FKKD,27.0,26.0,101.1,000,00
2016-12-05,22:00,FKKD,27.0,26.0,101.1,260,02
2016-12-05,23:00,FKKD,27.0,25.0,101.0,000,00
2016-12-06,00:00,FKKD,27.0,25.0,101.0,000,00
2016-12-06,01:00,FKKD,27.0,26.0,101.0,200,05
2016-12-06,02:00,FKKD,25.0,23.0,101.0,000,00
2016-12-06,03:00,FKKD,24.0,24.0,101.0,000,00
2016-12-06,04:00,FKKD,25.0,24.0,101.0,260,02
2016-12-06,05:00,FKKD,25.0,24.0,101.0,000,00
2016-12-06,06:00,FKKD,25.0,24.0,101.1,000,00
2016-12-06,07:00,FKKD,26.0,25.0,101.2,,02
2016-12-06,08:00,FKKD,27.0,25.0,101.2,,02
2016-12-06,09:00,FKKD,28.0,25.0,101.2,230,04
2016-12-06,10:00,FKKD,31.0,25.0,101.1,240,04
2016-12-06,11:00,FKKD,31.0,25.0,101.1,270,05
2016-12-06,12:00,FKKD,32.0,25.0,101.0,300,05
2016-12-06,13:00,FKKD,32.0,25.0,100.9,260,05
2016-12-06,14:00,FKKD,32.0,25.0,100.8,260,07
2016-12-06,15:00,FKKD,31.0,25.0,100.8,250,09
2016-12-06,16:00,FKKD,29.0,25.0,100.8,260,07
2016-12-06,17:00,FKKD,29.0,25.0,100.9,260,05
2016-12-06,18:00,FKKD,28.0,24.0,101.0,250,04
2016-12-06,19:00,FKKD,27.0,25.0,101.1,250,02
2016-12-06,20:00,FKKD,26.0,25.0,101.2,000,00
2016-12-06,21:00,FKKD,26.0,25.0,101.2,000,00
2016-12-06,22:00,FKKD,25.0,25.0,101.2,000,00
2016-12-06,23:00,FKKD,26.0,25.0,101.1,120,01
2016-12-07,00:00,FKKD,26.0,25.0,101.1,120,01
2016-12-07,01:00,FKKD,26.0,25.0,101.1,000,00
2016-12-07,02:00,FKKD,25.0,25.0,101.0,000,00
2016-12-07,03:00,FKKD,25.0,25.0,101.0,000,00
2016-12-07,04:00,FKKD,25.0,25.0,101.0,000,00
2016-12-07,06:00,FKKD,25.0,24.0,101.1,000,00
2016-12-07,07:00,FKKD,26.0,25.0,101.2,000,00
2016-12-07,08:00,FKKD,28.0,26.0,101.2,000,00
2016-12-07,09:00,FKKD,29.0,26.0,101.2,000,00
2016-12-07,10:00,FKKD,30.0,24.0,101.1,020,02
2016-12-07,11:00,FKKD,31.0,25.0,101.1,290,03
2016-12-07,12:00,FKKD,32.0,25.0,101.0,280,06
2016-12-07,13:00,FKKD,32.0,25.0,100.9,220,04
2016-12-07,14:00,FKKD,33.0,24.0,100.8,250,02
2016-12-07,15:00,FKKD,32.0,24.0,100.8,270,06
2016-12-07,16:00,FKKD,31.0,24.0,100.8,260,03
2016-12-07,17:00,FKKD,29.0,25.0,100.8,270,06
2016-12-07,18:00,FKKD,28.0,25.0,100.9,260,01
2016-12-07,20:00,FKKD,27.0,25.0,101.0,000,00
2016-12-07,21:00,FKKD,26.0,25.0,101.0,000,00
2016-12-07,22:00,FKKD,26.0,25.0,101.1,000,00
2016-12-07,23:00,FKKD,26.0,25.0,101.1,000,00
2016-12-08,00:00,FKKD,25.0,25.0,101.1,000,00
2016-12-08,01:00,FKKD,25.0,25.0,101.1,000,00
2016-12-08,02:00,FKKD,25.0,25.0,101.0,000,00
2016-12-08,03:00,FKKD,26.0,25.0,101.0,000,00
2016-12-08,04:00,FKKD,26.0,25.0,101.0,000,00
2016-12-08,05:00,FKKD,25.0,25.0,101.1,100,02
2016-12-08,06:00,FKKD,26.0,25.0,101.1,060,01
2016-12-08,07:00,FKKD,26.0,25.0,101.2,110,01
2016-12-08,08:00,FKKD,28.0,26.0,101.3,140,01
2016-12-08,09:00,FKKD,29.0,26.0,101.3,190,02
2016-12-08,10:00,FKKD,30.0,26.0,101.2,220,03
2016-12-08,11:00,FKKD,29.0,24.0,101.1,310,05
2016-12-08,12:00,FKKD,29.0,23.0,101.1,280,04
2016-12-08,13:00,FKKD,31.0,25.0,100.9,320,04
2016-12-08,15:00,FKKD,29.0,25.0,100.9,230,03
2016-12-08,16:00,FKKD,24.0,22.0,101.0,280,07
2016-12-08,17:00,FKKD,24.0,22.0,100.9,000,00
2016-12-08,18:00,FKKD,24.0,22.0,101.0,180,04
2016-12-08,19:00,FKKD,23.0,22.0,101.1,170,01
2016-12-08,20:00,FKKD,23.0,23.0,101.2,000,00
2016-12-08,21:00,FKKD,24.0,23.0,101.3,100,02
2016-12-08,22:00,FKKD,24.0,23.0,101.3,000,00
2016-12-08,23:00,FKKD,24.0,23.0,101.2,000,00
2016-12-09,00:00,FKKD,24.0,23.0,101.2,000,00
2016-12-09,01:00,FKKD,23.0,22.0,101.1,090,03
2016-12-09,02:00,FKKD,23.0,23.0,101.1,150,02
2016-12-09,03:00,FKKD,23.0,23.0,101.1,150,03
2016-12-09,04:00,FKKD,24.0,23.0,101.1,140,04
2016-12-09,05:00,FKKD,24.0,23.0,101.1,120,02
2016-12-09,06:00,FKKD,23.0,22.0,101.1,000,00
2016-12-09,07:00,FKKD,24.0,22.0,101.2,030,01
2016-12-09,08:00,FKKD,25.0,22.0,101.1,080,02
2016-12-09,09:00,FKKD,26.0,22.0,101.2,160,03
2016-12-09,10:00,FKKD,25.0,23.0,101.1,160,02
2016-12-09,11:00,FKKD,27.0,23.0,101.0,000,00
2016-12-09,12:00,FKKD,29.0,24.0,100.9,190,03
2016-12-09,13:00,FKKD,30.0,24.0,100.8,220,05
2016-12-09,14:00,FKKD,31.0,23.0,100.7,250,07
2016-12-09,15:00,FKKD,31.0,24.0,100.7,240,07
2016-12-09,16:00,FKKD,30.0,24.0,100.8,270,09
2016-12-09,17:00,FKKD,28.0,24.0,100.8,260,02
2016-12-09,18:00,FKKD,28.0,24.0,100.9,220,04
2016-12-09,19:00,FKKD,27.0,24.0,101.0,000,00
2016-12-09,20:00,FKKD,26.0,24.0,101.0,000,00
2016-12-09,21:00,FKKD,26.0,24.0,101.1,150,01
2016-12-09,22:00,FKKD,25.0,24.0,101.0,000,00
2016-12-09,23:00,FKKD,25.0,24.0,101.0,000,00
2016-12-10,00:00,FKKD,25.0,24.0,101.0,080,01
2016-12-10,01:00,FKKD,25.0,24.0,100.9,000,00
2016-12-10,02:00,FKKD,25.0,24.0,100.9,190,02
2016-12-10,03:00,FKKD,25.0,24.0,101.0,000,00
2016-12-10,04:00,FKKD,25.0,24.0,101.0,000,00
2016-12-10,05:00,FKKD,25.0,25.0,101.0,000,00
2016-12-10,06:00,FKKD,25.0,24.0,101.1,000,00
2016-12-10,07:00,FKKD,27.0,25.0,101.1,000,00
2016-12-10,08:00,FKKD,28.0,25.0,101.1,130,03
2016-12-10,09:00,FKKD,30.0,26.0,101.1,190,04
2016-12-10,10:00,FKKD,30.0,25.0,101.1,250,07
2016-12-10,12:00,FKKD,32.0,25.0,100.9,270,06
2016-12-10,13:00,FKKD,32.0,25.0,100.9,250,09
2016-12-10,14:00,FKKD,32.0,25.0,100.8,260,08
2016-12-10,15:00,FKKD,31.0,25.0,100.8,260,08
2016-12-10,16:00,FKKD,30.0,25.0,100.7,260,07
2016-12-10,18:00,FKKD,28.0,25.0,100.9,230,03
2016-12-10,19:00,FKKD,27.0,25.0,101.0,000,00
2016-12-10,20:00,FKKD,26.0,25.0,101.0,000,00
2016-12-10,22:00,FKKD,26.0,25.0,101.0,000,00
2016-12-10,23:00,FKKD,26.0,25.0,101.0,120,01
2016-12-11,00:00,FKKD,26.0,25.0,100.9,000,00
2016-12-11,01:00,FKKD,26.0,25.0,100.9,160,01
2016-12-11,02:00,FKKD,25.0,25.0,100.9,000,00
2016-12-11,03:00,FKKD,26.0,25.0,100.9,000,00
2016-12-11,04:00,FKKD,26.0,25.0,100.9,000,00
2016-12-11,05:00,FKKD,25.0,25.0,100.9,000,00
2016-12-11,06:00,FKKD,25.0,25.0,101.0,000,00
2016-12-11,07:00,FKKD,27.0,26.0,101.0,000,00
2016-12-11,08:00,FKKD,29.0,26.0,101.1,160,01
2016-12-11,09:00,FKKD,30.0,26.0,101.1,200,02
2016-12-11,10:00,FKKD,30.0,26.0,101.0,000,00
2016-12-11,11:00,FKKD,31.0,25.0,101.0,000,00
2016-12-11,12:00,FKKD,32.0,25.0,100.9,220,01
2016-12-11,13:00,FKKD,33.0,27.0,100.7,260,07
2016-12-11,14:00,FKKD,33.0,26.0,100.7,270,07
2016-12-11,15:00,FKKD,32.0,25.0,100.6,270,08
2016-12-11,16:00,FKKD,31.0,26.0,100.6,270,08
2016-12-11,17:00,FKKD,29.0,26.0,100.7,260,06
2016-12-11,18:00,FKKD,28.0,26.0,100.8,270,06
2016-12-11,19:00,FKKD,28.0,26.0,100.9,280,04
2016-12-11,20:00,FKKD,28.0,26.0,100.9,000,00
2016-12-11,21:00,FKKD,28.0,26.0,100.9,240,01
2016-12-11,22:00,FKKD,27.0,26.0,101.0,000,00
2016-12-11,23:00,FKKD,27.0,26.0,101.0,000,00
2016-12-12,00:00,FKKD,26.0,26.0,101.0,000,00
2016-12-12,01:00,FKKD,26.0,26.0,101.0,000,00
2016-12-12,02:00,FKKD,26.0,26.0,100.9,000,00
2016-12-12,03:00,FKKD,26.0,25.0,100.9,170,02
2016-12-12,04:00,FKKD,26.0,25.0,100.9,130,01
2016-12-12,05:00,FKKD,25.0,25.0,101.0,090,01
2016-12-12,06:00,FKKD,26.0,25.0,101.0,000,00
2016-12-12,07:00,FKKD,27.0,26.0,101.1,000,00
2016-12-12,08:00,FKKD,28.0,26.0,101.1,000,00
2016-12-12,09:00,FKKD,30.0,26.0,101.1,000,00
2016-12-12,10:00,FKKD,32.0,25.0,101.0,000,00
2016-12-12,11:00,FKKD,33.0,25.0,100.9,240,04
2016-12-12,12:00,FKKD,33.0,25.0,100.9,250,06
2016-12-12,13:00,FKKD,33.0,25.0,100.7,270,07
2016-12-12,14:00,FKKD,32.0,26.0,100.8,270,11
2016-12-12,15:00,FKKD,31.0,25.0,100.6,260,12
2016-12-12,16:00,FKKD,30.0,26.0,100.6,270,10
2016-12-12,17:00,FKKD,29.0,26.0,100.6,270,05
2016-12-12,18:00,FKKD,24.0,22.0,100.9,170,04
2016-12-12,19:00,FKKD,24.0,23.0,100.9,040,02
2016-12-12,20:00,FKKD,24.0,23.0,101.0,000,00
2016-12-12,21:00,FKKD,24.0,23.0,101.0,180,01
2016-12-12,22:00,FKKD,24.0,23.0,101.0,000,00
2016-12-12,23:00,FKKD,24.0,23.0,101.0,340,04
2016-12-13,00:00,FKKD,24.0,23.0,101.0,170,01
2016-12-13,02:00,FKKD,24.0,23.0,100.9,000,00
2016-12-13,03:00,FKKD,24.0,23.0,100.9,000,00
2016-12-13,04:00,FKKD,24.0,23.0,100.9,000,00
2016-12-13,05:00,FKKD,24.0,23.0,101.0,000,00
2016-12-13,06:00,FKKD,24.0,23.0,101.0,000,00
2016-12-13,07:00,FKKD,24.0,23.0,101.1,120,02
2016-12-13,08:00,FKKD,25.0,24.0,101.1,,02
2016-12-13,09:00,FKKD,26.0,24.0,101.1,050,02
2016-12-13,10:00,FKKD,26.0,24.0,101.1,340,02
2016-12-13,11:00,FKKD,29.0,24.0,101.0,030,03
2016-12-13,12:00,FKKD,29.0,24.0,100.9,170,02
2016-12-13,13:00,FKKD,30.0,25.0,100.8,340,03
2016-12-13,14:00,FKKD,31.0,26.0,100.7,270,03
2016-12-13,15:00,FKKD,31.0,24.0,100.7,250,05
2016-12-13,16:00,FKKD,30.0,24.0,100.7,280,04
2016-12-13,17:00,FKKD,30.0,25.0,100.7,270,04
2016-12-13,18:00,FKKD,28.0,25.0,100.8,280,02
2016-12-13,19:00,FKKD,27.0,26.0,100.9,280,04
2016-12-13,20:00,FKKD,27.0,25.0,100.9,000,00
2016-12-13,21:00,FKKD,26.0,25.0,101.0,000,00
2016-12-13,22:00,FKKD,26.0,25.0,100.9,000,00
2016-12-13,23:00,FKKD,26.0,25.0,100.9,000,00
2016-12-14,00:00,FKKD,26.0,26.0,100.9,150,03
2016-12-14,01:00,FKKD,26.0,26.0,100.9,150,01
2016-12-14,02:00,FKKD,26.0,25.0,100.8,000,00
2016-12-14,03:00,FKKD,26.0,25.0,100.8,000,00
2016-12-14,04:00,FKKD,26.0,25.0,100.8,140,02
2016-12-14,05:00,FKKD,26.0,25.0,100.9,000,00
2016-12-14,06:00,FKKD,25.0,25.0,100.9,000,00
2016-12-14,07:00,FKKD,26.0,25.0,101.1,160,03
2016-12-14,08:00,FKKD,29.0,26.0,101.1,180,02
2016-12-14,09:00,FKKD,30.0,25.0,101.1,200,03
2016-12-14,10:00,FKKD,31.0,26.0,101.1,000,00
2016-12-14,11:00,FKKD,31.0,25.0,101.1,340,04
2016-12-14,12:00,FKKD,33.0,25.0,100.9,290,05
2016-12-14,13:00,FKKD,33.0,26.0,100.8,240,08
2016-12-14,14:00,FKKD,32.0,25.0,100.8,280,08
2016-12-14,15:00,FKKD,30.0,25.0,100.8,260,09
2016-12-14,16:00,FKKD,30.0,25.0,100.8,260,07
2016-12-14,17:00,FKKD,29.0,25.0,100.8,260,06
2016-12-14,18:00,FKKD,28.0,25.0,100.9,250,03
2016-12-14,19:00,FKKD,28.0,25.0,100.9,250,02
2016-12-14,20:00,FKKD,28.0,26.0,101.0,000,00
2016-12-14,21:00,FKKD,27.0,26.0,101.1,000,00
2016-12-14,22:00,FKKD,27.0,26.0,101.1,000,00
2016-12-14,23:00,FKKD,27.0,26.0,101.1,140,02
2016-12-15,00:00,FKKD,27.0,26.0,101.1,000,00
2016-12-15,01:00,FKKD,26.0,26.0,101.0,110,01
2016-12-15,02:00,FKKD,26.0,25.0,101.0,160,02
2016-12-15,03:00,FKKD,26.0,25.0,101.0,000,00
2016-12-15,04:00,FKKD,26.0,25.0,101.0,000,00
2016-12-15,05:00,FKKD,26.0,25.0,101.1,000,00
2016-12-15,06:00,FKKD,26.0,25.0,101.1,000,00
2016-12-15,07:00,FKKD,26.0,25.0,101.2,180,01
2016-12-15,08:00,FKKD,28.0,26.0,101.2,000,00
2016-12-15,09:00,FKKD,30.0,25.0,101.2,240,03
2016-12-15,10:00,FKKD,31.0,25.0,101.2,260,04
2016-12-15,11:00,FKKD,32.0,25.0,101.1,330,02
2016-12-15,12:00,FKKD,32.0,25.0,101.1,260,03
2016-12-15,14:00,FKKD,32.0,24.0,100.9,260,06
2016-12-15,15:00,FKKD,31.0,25.0,100.8,270,07
2016-12-15,16:00,FKKD,30.0,25.0,100.9,240,08
2016-12-15,17:00,FKKD,29.0,25.0,100.9,260,06
2016-12-15,18:00,FKKD,29.0,25.0,100.9,240,02
2016-12-15,19:00,FKKD,28.0,25.0,101.0,270,03
2016-12-15,20:00,FKKD,27.0,26.0,101.1,000,00
2016-12-15,21:00,FKKD,27.0,26.0,101.2,000,00
2016-12-15,22:00,FKKD,27.0,26.0,101.2,150,02
2016-12-15,23:00,FKKD,27.0,26.0,101.2,000,00
2016-12-16,00:00,FKKD,27.0,26.0,101.1,000,00
2016-12-16,01:00,FKKD,27.0,26.0,101.1,170,01
2016-12-16,02:00,FKKD,26.0,25.0,101.0,000,00
2016-12-16,03:00,FKKD,25.0,25.0,101.0,000,00
2016-12-16,04:00,FKKD,25.0,25.0,101.1,050,01
2016-12-16,05:00,FKKD,25.0,25.0,101.1,110,01
2016-12-16,06:00,FKKD,26.0,25.0,101.1,000,00
2016-12-16,07:00,FKKD,27.0,26.0,101.3,150,02
2016-12-16,08:00,FKKD,29.0,26.0,101.3,090,02
2016-12-16,09:00,FKKD,30.0,25.0,101.3,010,04
2016-12-16,10:00,FKKD,29.0,25.0,101.2,000,00
2016-12-16,11:00,FKKD,30.0,25.0,101.1,220,03
2016-12-16,12:00,FKKD,30.0,25.0,101.0,240,04
2016-12-16,13:00,FKKD,28.0,24.0,101.0,250,05
2016-12-16,14:00,FKKD,29.0,26.0,100.9,260,06
2016-12-16,15:00,FKKD,29.0,25.0,100.8,250,07
2016-12-16,16:00,FKKD,29.0,25.0,100.9,250,06
2016-12-16,17:00,FKKD,28.0,25.0,100.9,210,03
2016-12-16,18:00,FKKD,27.0,26.0,101.0,200,04
2016-12-16,19:00,FKKD,27.0,26.0,101.1,190,02
2016-12-16,20:00,FKKD,26.0,26.0,101.2,150,02
2016-12-16,21:00,FKKD,25.0,25.0,101.2,000,00
2016-12-16,22:00,FKKD,25.0,25.0,101.1,000,00
2016-12-16,23:00,FKKD,25.0,24.0,101.1,000,00
2016-12-17,00:00,FKKD,25.0,24.0,101.0,000,00
2016-12-17,01:00,FKKD,25.0,24.0,101.0,300,01
2016-12-17,02:00,FKKD,25.0,24.0,100.9,140,02
2016-12-17,03:00,FKKD,25.0,24.0,100.9,000,00
2016-12-17,04:00,FKKD,25.0,24.0,100.9,000,00
2016-12-17,05:00,FKKD,25.0,24.0,100.9,000,00
2016-12-17,06:00,FKKD,25.0,24.0,101.0,000,00
2016-12-17,07:00,FKKD,26.0,25.0,101.1,000,00
2016-12-17,08:00,FKKD,28.0,25.0,101.1,150,04
2016-12-17,09:00,FKKD,29.0,25.0,101.1,180,01
2016-12-17,10:00,FKKD,30.0,25.0,101.0,160,02
2016-12-17,12:00,FKKD,31.0,25.0,100.8,180,03
2016-12-17,13:00,FKKD,32.0,24.0,100.7,220,02
2016-12-17,14:00,FKKD,33.0,23.0,100.6,230,04
2016-12-17,15:00,FKKD,33.0,25.0,100.6,240,04
2016-12-17,16:00,FKKD,31.0,26.0,100.6,260,05
2016-12-17,17:00,FKKD,30.0,25.0,100.6,280,05
2016-12-17,18:00,FKKD,29.0,26.0,100.7,280,04
2016-12-17,19:00,FKKD,28.0,26.0,100.7,290,03
2016-12-17,20:00,FKKD,27.0,26.0,100.8,000,00
2016-12-17,21:00,FKKD,27.0,26.0,100.9,000,00
2016-12-17,22:00,FKKD,26.0,25.0,100.9,000,00
2016-12-17,23:00,FKKD,26.0,26.0,100.8,000,00
2016-12-18,00:00,FKKD,26.0,26.0,100.8,160,01
2016-12-18,01:00,FKKD,26.0,26.0,100.8,110,01
2016-12-18,02:00,FKKD,26.0,26.0,100.8,000,00
2016-12-18,03:00,FKKD,26.0,26.0,100.8,000,00
2016-12-18,05:00,FKKD,26.0,26.0,100.9,000,00
2016-12-18,06:00,FKKD,26.0,26.0,100.9,000,00
2016-12-18,07:00,FKKD,27.0,26.0,100.9,000,00
2016-12-18,08:00,FKKD,28.0,26.0,101.0,000,00
2016-12-18,09:00,FKKD,28.0,26.0,101.0,310,01
2016-12-18,10:00,FKKD,30.0,26.0,100.9,240,03
2016-12-18,11:00,FKKD,32.0,25.0,100.9,200,03
2016-12-18,12:00,FKKD,32.0,26.0,100.8,280,07
2016-12-18,13:00,FKKD,33.0,26.0,100.7,260,05
2016-12-18,14:00,FKKD,32.0,25.0,100.6,240,07
2016-12-18,15:00,FKKD,32.0,26.0,100.6,260,06
2016-12-18,16:00,FKKD,31.0,26.0,100.6,240,08
2016-12-18,17:00,FKKD,30.0,26.0,100.6,240,04
2016-12-18,18:00,FKKD,29.0,25.0,100.7,220,03
2016-12-18,19:00,FKKD,28.0,25.0,100.8,000,00
2016-12-18,20:00,FKKD,27.0,26.0,100.8,000,00
2016-12-18,21:00,FKKD,28.0,26.0,100.9,240,01
2016-12-18,22:00,FKKD,28.0,26.0,100.9,280,01
2016-12-18,23:00,FKKD,27.0,26.0,100.9,000,00
2016-12-19,00:00,FKKD,27.0,26.0,100.9,000,00
2016-12-19,01:00,FKKD,26.0,26.0,100.8,000,00
2016-12-19,02:00,FKKD,26.0,26.0,100.8,000,00
2016-12-19,03:00,FKKD,26.0,25.0,100.8,000,00
2016-12-19,04:00,FKKD,25.0,25.0,100.9,000,00
2016-12-19,05:00,FKKD,25.0,25.0,100.9,000,00
2016-12-19,06:00,FKKD,25.0,25.0,100.9,000,00
2016-12-19,07:00,FKKD,26.0,26.0,101.0,000,00
2016-12-19,08:00,FKKD,28.0,26.0,101.1,000,00
2016-12-19,09:00,FKKD,28.0,26.0,101.1,000,00
2016-12-19,10:00,FKKD,32.0,26.0,101.0,270,04
2016-12-19,11:00,FKKD,32.0,25.0,100.9,220,05
2016-12-19,12:00,FKKD,33.0,25.0,100.9,240,09
2016-12-19,13:00,FKKD,33.0,25.0,100.8,260,08
2016-12-19,14:00,FKKD,32.0,24.0,100.7,260,08
2016-12-19,15:00,FKKD,32.0,26.0,100.6,260,08
2016-12-19,16:00,FKKD,31.0,25.0,100.8,260,06
2016-12-19,17:00,FKKD,30.0,26.0,100.7,250,06
2016-12-19,18:00,FKKD,29.0,26.0,100.7,210,02
2016-12-19,19:00,FKKD,28.0,26.0,100.8,000,00
2016-12-19,20:00,FKKD,26.0,26.0,100.8,000,00
2016-12-19,21:00,FKKD,26.0,25.0,100.9,120,01
2016-12-19,22:00,FKKD,26.0,26.0,100.9,180,01
2016-12-19,23:00,FKKD,26.0,25.0,100.9,000,00
2016-12-20,00:00,FKKD,26.0,26.0,100.9,140,02
2016-12-20,01:00,FKKD,26.0,25.0,100.8,000,00
2016-12-20,02:00,FKKD,26.0,26.0,100.8,000,00
2016-12-20,03:00,FKKD,25.0,25.0,100.8,000,00
2016-12-20,04:00,FKKD,25.0,25.0,100.8,000,00
2016-12-20,05:00,FKKD,25.0,25.0,100.8,000,00
2016-12-20,06:00,FKKD,25.0,25.0,100.9,000,00
2016-12-20,07:00,FKKD,26.0,26.0,101.0,000,00
2016-12-20,08:00,FKKD,28.0,26.0,101.0,180,03
2016-12-20,09:00,FKKD,29.0,26.0,101.1,000,00
2016-12-20,10:00,FKKD,31.0,25.0,101.0,000,00
2016-12-20,11:00,FKKD,31.0,25.0,100.8,210,03
2016-12-20,12:00,FKKD,32.0,26.0,100.7,240,03
2016-12-20,13:00,FKKD,33.0,25.0,100.6,250,05
2016-12-20,14:00,FKKD,33.0,25.0,100.6,260,02
2016-12-20,15:00,FKKD,32.0,25.0,100.6,270,06
2016-12-20,16:00,FKKD,31.0,25.0,100.6,260,07
2016-12-20,17:00,FKKD,30.0,25.0,100.6,260,05
2016-12-20,18:00,FKKD,28.0,25.0,100.7,260,02
2016-12-20,19:00,FKKD,27.0,26.0,100.7,000,00
2016-12-20,20:00,FKKD,26.0,26.0,100.7,000,00
2016-12-20,21:00,FKKD,26.0,25.0,100.8,000,00
2016-12-20,22:00,FKKD,26.0,25.0,100.8,000,00
2016-12-20,23:00,FKKD,26.0,26.0,100.8,150,02
2016-12-21,00:00,FKKD,26.0,25.0,100.8,000,00
2016-12-21,01:00,FKKD,26.0,25.0,100.7,000,00
2016-12-21,02:00,FKKD,26.0,25.0,100.7,130,02
2016-12-21,03:00,FKKD,25.0,25.0,100.7,000,00
2016-12-21,04:00,FKKD,25.0,24.0,100.7,000,00
2016-12-21,05:00,FKKD,25.0,25.0,100.7,000,00
2016-12-21,06:00,FKKD,25.0,25.0,100.8,000,00
2016-12-21,07:00,FKKD,26.0,26.0,100.8,000,00
2016-12-21,08:00,FKKD,27.0,26.0,100.9,000,00
2016-12-21,10:00,FKKD,30.0,25.0,100.8,230,05
2016-12-21,11:00,FKKD,32.0,25.0,100.7,190,04
2016-12-21,12:00,FKKD,33.0,25.0,100.6,300,05
2016-12-21,14:00,FKKD,33.0,24.0,100.4,250,07
2016-12-21,15:00,FKKD,33.0,25.0,100.4,270,07
2016-12-21,16:00,FKKD,31.0,25.0,100.4,250,06
2016-12-21,17:00,FKKD,30.0,26.0,100.4,250,04
2016-12-21,18:00,FKKD,29.0,26.0,100.5,260,02
2016-12-21,19:00,FKKD,29.0,26.0,100.6,250,01
2016-12-21,20:00,FKKD,28.0,26.0,100.7,000,00
2016-12-21,21:00,FKKD,27.0,26.0,100.7,000,00
2016-12-21,22:00,FKKD,26.0,25.0,100.7,000,00
2016-12-21,23:00,FKKD,27.0,26.0,100.7,000,00
2016-12-22,00:00,FKKD,27.0,26.0,100.7,000,00
2016-12-22,01:00,FKKD,27.0,26.0,100.6,000,00
2016-12-22,02:00,FKKD,27.0,26.0,100.6,000,00
2016-12-22,03:00,FKKD,26.0,25.0,100.6,000,00
2016-12-22,04:00,FKKD,26.0,25.0,100.6,000,00
2016-12-22,06:00,FKKD,25.0,25.0,100.8,000,00
2016-12-22,07:00,FKKD,26.0,26.0,100.9,000,00
2016-12-22,08:00,FKKD,28.0,26.0,100.9,000,00
2016-12-22,09:00,FKKD,29.0,26.0,100.9,000,00
2016-12-22,11:00,FKKD,32.0,26.0,100.8,000,00
2016-12-22,12:00,FKKD,33.0,26.0,100.7,280,04
2016-12-22,13:00,FKKD,34.0,26.0,100.5,230,03
2016-12-22,14:00,FKKD,33.0,26.0,100.5,290,06
2016-12-22,15:00,FKKD,33.0,25.0,100.5,270,06
2016-12-22,16:00,FKKD,31.0,26.0,100.5,260,07
2016-12-22,17:00,FKKD,30.0,26.0,100.6,270,04
2016-12-22,18:00,FKKD,28.0,26.0,100.6,250,03
2016-12-22,19:00,FKKD,28.0,26.0,100.7,000,00
2016-12-22,20:00,FKKD,29.0,27.0,100.7,180,02
2016-12-22,21:00,FKKD,27.0,26.0,100.7,000,00
2016-12-22,22:00,FKKD,27.0,26.0,100.7,260,02
2016-12-22,23:00,FKKD,27.0,26.0,100.7,000,00
2016-12-23,01:00,FKKD,27.0,26.0,100.7,000,00
2016-12-23,02:00,FKKD,27.0,26.0,100.6,080,02
2016-12-23,03:00,FKKD,27.0,26.0,100.6,000,00
2016-12-23,04:00,FKKD,26.0,26.0,100.7,110,01
2016-12-23,05:00,FKKD,26.0,25.0,100.7,080,01
2016-12-23,06:00,FKKD,26.0,25.0,100.8,000,00
2016-12-23,07:00,FKKD,27.0,25.0,100.9,050,02
2016-12-23,08:00,FKKD,28.0,25.0,100.9,250,02
2016-12-23,09:00,FKKD,29.0,25.0,100.9,030,02
2016-12-23,10:00,FKKD,30.0,25.0,100.8,350,03
2016-12-23,11:00,FKKD,32.0,25.0,100.7,240,04
2016-12-23,12:00,FKKD,33.0,25.0,100.6,240,05
2016-12-23,13:00,FKKD,33.0,25.0,100.5,240,07
2016-12-23,14:00,FKKD,33.0,25.0,100.5,260,07
2016-12-23,15:00,FKKD,32.0,26.0,100.5,230,06
2016-12-23,16:00,FKKD,31.0,26.0,100.5,250,04
2016-12-23,17:00,FKKD,30.0,26.0,100.6,280,04
2016-12-23,18:00,FKKD,29.0,26.0,100.6,260,02
2016-12-23,19:00,FKKD,29.0,27.0,100.7,000,00
2016-12-23,20:00,FKKD,28.0,27.0,100.8,000,00
2016-12-23,21:00,FKKD,27.0,26.0,100.8,160,02
2016-12-23,22:00,FKKD,27.0,26.0,100.8,000,00
2016-12-23,23:00,FKKD,27.0,26.0,100.8,000,00
2016-12-24,00:00,FKKD,27.0,26.0,100.8,110,01
2016-12-24,01:00,FKKD,27.0,26.0,100.8,160,03
2016-12-24,02:00,FKKD,27.0,26.0,100.8,000,00
2016-12-24,03:00,FKKD,27.0,26.0,100.8,000,00
2016-12-24,04:00,FKKD,27.0,26.0,100.8,220,02
2016-12-24,06:00,FKKD,26.0,25.0,100.8,000,00
2016-12-24,07:00,FKKD,27.0,26.0,100.9,030,02
2016-12-24,08:00,FKKD,28.0,26.0,100.9,350,04
2016-12-24,09:00,FKKD,29.0,26.0,100.9,040,02
2016-12-24,10:00,FKKD,30.0,25.0,100.8,350,02
2016-12-24,11:00,FKKD,32.0,26.0,100.8,140,02
2016-12-24,12:00,FKKD,32.0,25.0,100.7,240,05
2016-12-24,13:00,FKKD,32.0,25.0,100.6,240,08
2016-12-24,14:00,FKKD,32.0,26.0,100.5,250,07
2016-12-24,15:00,FKKD,32.0,25.0,100.5,270,06
2016-12-24,16:00,FKKD,30.0,25.0,100.5,260,06
2016-12-24,17:00,FKKD,30.0,25.0,100.6,260,06
2016-12-24,18:00,FKKD,29.0,26.0,100.7,260,05
2016-12-24,19:00,FKKD,29.0,25.0,100.8,250,03
2016-12-24,20:00,FKKD,28.0,25.0,100.9,290,01
2016-12-24,21:00,FKKD,28.0,24.0,100.9,210,06
2016-12-24,22:00,FKKD,27.0,24.0,101.0,170,03
2016-12-24,23:00,FKKD,27.0,24.0,100.9,000,00
2016-12-25,00:00,FKKD,26.0,25.0,100.9,000,00
2016-12-25,01:00,FKKD,26.0,25.0,100.9,000,00
2016-12-25,02:00,FKKD,26.0,25.0,100.8,000,00
2016-12-25,03:00,FKKD,26.0,25.0,100.8,000,00
2016-12-25,04:00,FKKD,26.0,25.0,100.8,000,00
2016-12-25,05:00,FKKD,26.0,25.0,100.8,000,00
2016-12-25,06:00,FKKD,26.0,25.0,100.9,000,00
2016-12-25,07:00,FKKD,27.0,25.0,100.9,100,01
2016-12-25,08:00,FKKD,28.0,25.0,100.9,160,01
2016-12-25,09:00,FKKD,30.0,25.0,100.9,240,01
2016-12-25,10:00,FKKD,31.0,25.0,100.9,200,03
2016-12-25,11:00,FKKD,32.0,25.0,100.8,190,03
2016-12-25,12:00,FKKD,33.0,24.0,100.7,250,09
2016-12-25,13:00,FKKD,33.0,24.0,100.6,260,07
2016-12-25,14:00,FKKD,33.0,24.0,100.5,260,06
2016-12-25,15:00,FKKD,32.0,25.0,100.5,280,08
2016-12-25,16:00,FKKD,31.0,26.0,100.5,250,08
2016-12-25,17:00,FKKD,30.0,25.0,100.6,250,07
2016-12-25,18:00,FKKD,29.0,26.0,100.6,240,03
2016-12-25,19:00,FKKD,28.0,26.0,100.7,220,02
2016-12-25,20:00,FKKD,28.0,26.0,100.8,240,01
2016-12-25,21:00,FKKD,27.0,26.0,100.8,000,00
2016-12-25,22:00,FKKD,27.0,26.0,100.9,000,00
2016-12-25,23:00,FKKD,27.0,26.0,100.9,000,00
2016-12-26,00:00,FKKD,27.0,26.0,100.8,160,01
2016-12-26,01:00,FKKD,26.0,26.0,100.8,130,02
2016-12-26,02:00,FKKD,27.0,26.0,100.8,000,00
2016-12-26,03:00,FKKD,26.0,25.0,100.8,000,00
2016-12-26,04:00,FKKD,26.0,25.0,100.7,140,01
2016-12-26,05:00,FKKD,26.0,25.0,100.8,000,00
2016-12-26,06:00,FKKD,26.0,25.0,100.8,000,00
2016-12-26,07:00,FKKD,26.0,25.0,100.9,000,00
2016-12-26,08:00,FKKD,28.0,25.0,101.0,020,04
2016-12-26,09:00,FKKD,30.0,25.0,101.0,080,02
2016-12-26,10:00,FKKD,31.0,25.0,101.0,250,02
2016-12-26,11:00,FKKD,32.0,24.0,100.9,230,03
2016-12-26,12:00,FKKD,33.0,24.0,100.9,250,04
2016-12-26,13:00,FKKD,33.0,24.0,100.8,240,05
2016-12-26,14:00,FKKD,33.0,25.0,100.7,260,08
2016-12-26,15:00,FKKD,33.0,24.0,100.6,230,05
2016-12-26,16:00,FKKD,31.0,25.0,100.6,260,08
2016-12-26,17:00,FKKD,30.0,25.0,100.6,230,04
2016-12-26,18:00,FKKD,29.0,25.0,100.8,220,03
2016-12-26,19:00,FKKD,29.0,25.0,100.9,250,02
2016-12-26,20:00,FKKD,28.0,26.0,101.0,000,00
2016-12-26,21:00,FKKD,28.0,25.0,101.0,000,00
2016-12-26,22:00,FKKD,27.0,26.0,101.0,000,00
2016-12-26,23:00,FKKD,27.0,26.0,101.0,000,00
2016-12-27,00:00,FKKD,27.0,26.0,101.0,000,00
2016-12-27,01:00,FKKD,24.0,23.0,100.9,000,00
2016-12-27,02:00,FKKD,24.0,24.0,100.9,000,00
2016-12-27,03:00,FKKD,25.0,24.0,100.8,180,01
2016-12-27,04:00,FKKD,25.0,24.0,100.8,000,00
2016-12-27,05:00,FKKD,25.0,24.0,100.8,120,01
2016-12-27,06:00,FKKD,25.0,24.0,100.9,000,00
2016-12-27,07:00,FKKD,25.0,24.0,100.9,150,01
2016-12-27,08:00,FKKD,27.0,24.0,101.1,000,00
2016-12-27,09:00,FKKD,28.0,25.0,101.1,000,00
2016-12-27,10:00,FKKD,31.0,23.0,101.1,220,03
2016-12-27,11:00,FKKD,32.0,24.0,101.0,240,06
2016-12-27,12:00,FKKD,32.0,24.0,101.0,000,00
2016-12-27,13:00,FKKD,32.0,23.0,100.8,260,04
2016-12-27,14:00,FKKD,32.0,24.0,100.8,250,06
2016-12-27,15:00,FKKD,31.0,25.0,100.8,260,05
2016-12-27,16:00,FKKD,30.0,25.0,100.8,260,05
2016-12-27,17:00,FKKD,30.0,25.0,100.8,260,03
2016-12-27,18:00,FKKD,28.0,24.0,100.9,000,00
2016-12-27,19:00,FKKD,27.0,25.0,101.1,000,00
2016-12-27,20:00,FKKD,27.0,24.0,101.1,300,01
2016-12-27,21:00,FKKD,26.0,25.0,101.2,000,00
2016-12-27,22:00,FKKD,26.0,24.0,101.2,040,01
2016-12-27,23:00,FKKD,26.0,24.0,101.2,000,00
2016-12-28,00:00,FKKD,25.0,24.0,101.1,000,00
2016-12-28,01:00,FKKD,25.0,24.0,101.1,000,00
2016-12-28,02:00,FKKD,25.0,24.0,101.0,000,00
2016-12-28,03:00,FKKD,25.0,24.0,100.9,000,00
2016-12-28,04:00,FKKD,24.0,23.0,101.0,000,00
2016-12-28,05:00,FKKD,24.0,23.0,101.0,100,01
2016-12-28,06:00,FKKD,24.0,23.0,101.1,000,00
2016-12-28,07:00,FKKD,25.0,24.0,101.1,000,00
2016-12-28,08:00,FKKD,28.0,25.0,101.1,000,00
2016-12-28,09:00,FKKD,28.0,25.0,101.1,000,00
2016-12-28,10:00,FKKD,31.0,24.0,101.1,190,02
2016-12-28,11:00,FKKD,31.0,24.0,101.1,220,02
2016-12-28,12:00,FKKD,32.0,25.0,100.9,180,03
2016-12-28,13:00,FKKD,33.0,24.0,100.8,240,03
2016-12-28,14:00,FKKD,33.0,24.0,100.7,240,04
2016-12-28,15:00,FKKD,32.0,25.0,100.6,240,06
2016-12-28,16:00,FKKD,31.0,24.0,100.7,250,05
2016-12-28,17:00,FKKD,30.0,24.0,100.8,260,04
2016-12-28,18:00,FKKD,29.0,25.0,100.8,260,02
2016-12-28,19:00,FKKD,28.0,26.0,100.9,300,02
2016-12-28,20:00,FKKD,27.0,26.0,101.0,000,00
2016-12-28,21:00,FKKD,27.0,26.0,101.0,000,00
2016-12-28,22:00,FKKD,26.0,25.0,101.1,000,00
2016-12-28,23:00,FKKD,26.0,26.0,101.1,000,00
2016-12-29,00:00,FKKD,26.0,25.0,101.1,000,00
2016-12-29,01:00,FKKD,26.0,25.0,101.0,120,01
2016-12-29,02:00,FKKD,26.0,25.0,101.0,000,00
2016-12-29,03:00,FKKD,26.0,25.0,101.0,000,00
2016-12-29,04:00,FKKD,26.0,25.0,101.0,000,00
2016-12-29,05:00,FKKD,26.0,25.0,101.0,000,00
2016-12-29,06:00,FKKD,26.0,25.0,101.0,000,00
2016-12-29,07:00,FKKD,27.0,25.0,101.2,000,00
2016-12-29,08:00,FKKD,28.0,25.0,101.2,070,01
2016-12-29,09:00,FKKD,30.0,25.0,101.2,000,00
2016-12-29,10:00,FKKD,31.0,24.0,101.1,000,00
2016-12-29,11:00,FKKD,32.0,24.0,101.1,220,04
2016-12-29,12:00,FKKD,32.0,24.0,101.0,170,02
2016-12-29,13:00,FKKD,33.0,24.0,100.9,290,05
2016-12-29,14:00,FKKD,32.0,24.0,100.8,230,07
2016-12-29,15:00,FKKD,31.0,24.0,100.7,260,08
2016-12-29,16:00,FKKD,30.0,24.0,100.7,260,05
2016-12-29,17:00,FKKD,29.0,24.0,100.8,260,04
2016-12-29,18:00,FKKD,28.0,25.0,100.8,290,03
2016-12-29,19:00,FKKD,27.0,25.0,100.9,000,00
2016-12-29,20:00,FKKD,27.0,25.0,101.0,000,00
2016-12-29,21:00,FKKD,26.0,26.0,101.1,000,00
2016-12-29,22:00,FKKD,26.0,25.0,101.0,000,00
2016-12-29,23:00,FKKD,26.0,26.0,101.1,180,02
2016-12-30,00:00,FKKD,26.0,26.0,101.1,000,00
2016-12-30,01:00,FKKD,26.0,26.0,101.0,120,01
2016-12-30,02:00,FKKD,26.0,26.0,101.0,000,00
2016-12-30,04:00,FKKD,26.0,26.0,101.1,070,02
2016-12-30,05:00,FKKD,26.0,25.0,101.1,080,02
2016-12-30,06:00,FKKD,26.0,25.0,101.2,000,00
2016-12-30,07:00,FKKD,26.0,25.0,101.2,140,01
2016-12-30,08:00,FKKD,28.0,26.0,101.2,000,00
2016-12-30,09:00,FKKD,29.0,25.0,101.2,260,01
2016-12-30,10:00,FKKD,30.0,25.0,101.2,030,02
2016-12-30,11:00,FKKD,32.0,24.0,101.1,290,03
2016-12-30,12:00,FKKD,32.0,24.0,101.0,000,00
2016-12-30,13:00,FKKD,32.0,24.0,100.9,000,00
2016-12-30,14:00,FKKD,32.0,24.0,100.8,270,05
2016-12-30,15:00,FKKD,32.0,24.0,100.8,260,06
2016-12-30,16:00,FKKD,31.0,24.0,100.7,260,06
2016-12-30,17:00,FKKD,30.0,25.0,100.8,260,03
2016-12-30,18:00,FKKD,29.0,25.0,100.8,260,02
2016-12-30,19:00,FKKD,28.0,25.0,100.9,280,01
2016-12-30,20:00,FKKD,27.0,25.0,101.0,000,00
2016-12-30,21:00,FKKD,26.0,25.0,101.0,000,00
2016-12-30,22:00,FKKD,26.0,25.0,101.0,300,01
2016-12-30,23:00,FKKD,26.0,25.0,101.0,000,00
2016-12-31,00:00,FKKD,26.0,25.0,101.0,000,00
2016-12-31,02:00,FKKD,26.0,25.0,101.0,000,00
2016-12-31,03:00,FKKD,26.0,25.0,101.0,000,00
2016-12-31,04:00,FKKD,26.0,25.0,101.0,000,00
2016-12-31,05:00,FKKD,25.0,24.0,101.0,000,00
2016-12-31,06:00,FKKD,26.0,25.0,101.1,000,00
2016-12-31,07:00,FKKD,26.0,25.0,101.1,000,00
2016-12-31,08:00,FKKD,28.0,26.0,101.2,110,01
2016-12-31,09:00,FKKD,29.0,25.0,101.2,030,01
2016-12-31,10:00,FKKD,31.0,25.0,101.1,090,01
2016-12-31,11:00,FKKD,32.0,25.0,101.0,190,03
2016-12-31,12:00,FKKD,33.0,25.0,100.9,190,02
2016-12-31,13:00,FKKD,33.0,24.0,100.8,190,02
2016-12-31,14:00,FKKD,33.0,25.0,100.7,230,05
2016-12-31,15:00,FKKD,32.0,25.0,100.7,250,08
2016-12-31,16:00,FKKD,30.0,25.0,100.7,260,07
2016-12-31,17:00,FKKD,30.0,25.0,100.7,280,05
2016-12-31,18:00,FKKD,29.0,25.0,100.8,280,05
2016-12-31,19:00,FKKD,29.0,26.0,100.9,280,05
2016-12-31,20:00,FKKD,29.0,25.0,101.0,240,02
2016-12-31,21:00,FKKD,27.0,26.0,101.0,000,00
2016-12-31,22:00,FKKD,27.0,26.0,101.1,240,01
2016-12-31,23:00,FKKD,27.0,26.0,101.0,000,00
